username,urls,post_dates,display_picture_relative_url,captions,n_likes,n_comments,n_hashtags,n_characters,n_words,n_emojis,n_mentions,is_video
justinbieber,https://www.instagram.com/p/Bhij_ayjcPp,1523685655,./imgs/Bhij_ayjcPp.png,Fav @gretavanfleet,3070854,25162,0,18,2,0,0,False
justinbieber,https://www.instagram.com/p/uPtejeAvqm,1413531429,./imgs/uPtejeAvqm.png,nan,809670,28559,0,0,0,0,0,True
justinbieber,https://www.instagram.com/p/Yx06fGgvqF,1367431538,./imgs/Yx06fGgvqF.png,Turkey what's good,990531,76787,0,18,3,0,0,False
justinbieber,https://www.instagram.com/p/BIVb2tbh2dw,1469558091,./imgs/BIVb2tbh2dw.png,Thank you. Stream #coldwater on @Spotify now,1182679,20023,1,44,7,0,0,False
justinbieber,https://www.instagram.com/p/buK33_Avhu,1373751284,./imgs/buK33_Avhu.png,I want all of you,881757,41203,0,17,5,0,0,False
justinbieber,https://www.instagram.com/p/CZuIQuRLqx_,1644332855,./imgs/CZuIQuRLqx_.png,The justice tour is right around the corner,1658154,11568,0,43,8,0,0,False
justinbieber,https://www.instagram.com/p/CL86HdOHYAf,1614763984,./imgs/CL86HdOHYAf.png,Birthday gift love em.,2088635,10208,0,22,4,0,0,False
justinbieber,https://www.instagram.com/p/l0V8-Dgvvy,1395433256,./imgs/l0V8-Dgvvy.png,Congrats @khalil and @lilza,680182,7598,0,27,4,0,0,False
justinbieber,https://www.instagram.com/p/COdOU5xnqZW,1620143289,./imgs/COdOU5xnqZW.png,"@21savage @djkhaled they say time is money but money can’t make no Time

📷: @rorykramer",1347972,4351,0,87,15,1,0,False
justinbieber,https://www.instagram.com/p/B97Gz8KHblr,1584638922,./imgs/B97Gz8KHblr.png,#seasons is on @youtube . Hope this journey helps,599366,4764,1,49,9,0,0,True
justinbieber,https://www.instagram.com/p/Q-hMJ7gviG,1350677535,./imgs/Q-hMJ7gviG.png,Who do we got to the right of me,420847,14069,0,32,9,0,0,False
justinbieber,https://www.instagram.com/p/CUtJvTzDTDV,1633562688,./imgs/CUtJvTzDTDV.png,nan,1687640,23641,0,0,0,0,0,True
justinbieber,https://www.instagram.com/p/CDR7qPGHvin,1596142083,./imgs/CDR7qPGHvin.png,nan,732794,1772,0,0,0,0,0,False
justinbieber,https://www.instagram.com/p/75FmeGgvmv,1442837096,./imgs/75FmeGgvmv.png,Haha Diplo getting his stretch on.. Lol idk why this is so funny.. Diplo u know u don't ball,777126,5922,0,92,19,0,0,False
justinbieber,https://www.instagram.com/p/P4n-MIgvql,1348332281,./imgs/P4n-MIgvql.png,nan,409974,8062,0,0,0,0,0,False
justinbieber,https://www.instagram.com/p/CSKKZqxl73A,1628093631,./imgs/CSKKZqxl73A.png,nan,853707,10829,0,0,0,0,0,False
justinbieber,https://www.instagram.com/p/nFDi5NAvno,1398141514,./imgs/nFDi5NAvno.png,nan,698471,8995,0,0,0,0,0,False
justinbieber,https://www.instagram.com/p/Rd4znZgvro,1351730110,./imgs/Rd4znZgvro.png,Bought myself a gift today,326897,6065,0,26,5,0,0,False
justinbieber,https://www.instagram.com/p/CO81Oa8HL6z,1621203871,./imgs/CO81Oa8HL6z.png,@meanwaltergene,1185305,6721,0,15,1,0,0,False
justinbieber,https://www.instagram.com/p/-PTGaRgvqX,1447877338,./imgs/-PTGaRgvqX.png,Thank you Parris for the sick dance vids,1219820,8707,0,40,8,0,0,False
justinbieber,https://www.instagram.com/p/_VtjL9AvrE,1450240015,./imgs/_VtjL9AvrE.png,"Smiles are contagious, don't be afraid to smile they don't want you to be happy",1687781,26377,0,79,15,0,0,False
justinbieber,https://www.instagram.com/p/B8MqfD0H2t1,1580932921,./imgs/B8MqfD0H2t1.png,And the announcement... my new single #intentions feat @quavohuncho out with our new video this Friday February 7th,487949,3379,1,115,18,0,0,False
justinbieber,https://www.instagram.com/p/5xGrwYgvpA,1438274260,./imgs/5xGrwYgvpA.png,What Do You Mean? @rubyrose #29Days,1007647,16629,1,35,6,0,0,False
justinbieber,https://www.instagram.com/p/BGSldbwgvmf,1465167496,./imgs/BGSldbwgvmf.png,We got ourselves a fiaash,829937,12544,0,25,5,0,0,True
justinbieber,https://www.instagram.com/p/Sgxl0AAvlH,1353974469,./imgs/Sgxl0AAvlH.png,Wow.. This is cray.,347017,21177,0,19,4,0,0,False
justinbieber,https://www.instagram.com/p/B7mgZp4n9RT,1579652566,./imgs/B7mgZp4n9RT.png,Justin ZUKIE @zukie_art,787584,3408,0,23,3,0,0,False
justinbieber,https://www.instagram.com/p/SjQQNKgvqy,1354057653,./imgs/SjQQNKgvqy.png,@yeshuathegudwin the man,277334,3279,0,24,3,0,0,False
justinbieber,https://www.instagram.com/p/BBTbC7Xgvhw,1454458172,./imgs/BBTbC7Xgvhw.png,nan,1477758,15997,0,0,0,0,0,False
justinbieber,https://www.instagram.com/p/BFD3hs6Avl_,1462526168,./imgs/BFD3hs6Avl_.png,nan,1761859,44611,0,0,0,0,0,False
justinbieber,https://www.instagram.com/p/CCDVFzLnYgx,1593504686,./imgs/CCDVFzLnYgx.png,nan,412890,4232,0,0,0,0,0,True
justinbieber,https://www.instagram.com/p/B7KF43CnBBe,1578699158,./imgs/B7KF43CnBBe.png,Follow my sisters! Allie and jazzy on tik tok,1033108,5554,0,45,9,0,0,True
justinbieber,https://www.instagram.com/p/BBrepQdAvvX,1455265365,./imgs/BBrepQdAvvX.png,nan,1372251,36403,0,0,0,0,0,True
justinbieber,https://www.instagram.com/p/iPtCR5gvr7,1387761393,./imgs/iPtCR5gvr7.png,#believemovie #bieberchristmas #christmasday,602529,7306,3,44,3,0,0,False
justinbieber,https://www.instagram.com/p/BGCgtwlgvjk,1464628138,./imgs/BGCgtwlgvjk.png,Right,1398744,16850,0,5,1,0,0,False
justinbieber,https://www.instagram.com/p/CDKkA8XH8So,1595894806,./imgs/CDKkA8XH8So.png,nan,417581,2270,0,0,0,0,0,False
justinbieber,https://www.instagram.com/p/CNnXALknSfj,1618335899,./imgs/CNnXALknSfj.png,@gq @ryanmcginleystudios @karlawelchstylist @brittsully,1137167,4835,0,55,4,0,0,False
justinbieber,https://www.instagram.com/p/Jys7Q,1312915517,./imgs/Jys7Q.png,Eye of the tiger babyyyyyyyyyyyyyy,146946,2851,0,34,5,0,0,False
justinbieber,https://www.instagram.com/p/B_oOrioHK_9,1588300319,./imgs/B_oOrioHK_9.png,10 am pst tomorrow,791834,5530,0,18,4,0,0,False
justinbieber,https://www.instagram.com/p/CKhIA4BHh61,1611684460,./imgs/CKhIA4BHh61.png,"Tryna find that deeeeeep pocket... so fun using our potential and watching it blossom. So grateful for the gifts god has given me, my hope is to grow into all that God has for me in all areas of my life. First and foremost my relationship with my incredible wife. What a blessing to have the opportunity to grow. God uses our potential to unlock our purpose! Go out there today and maximize your potential and watch fulfillment in your heart start to grow.!",708517,6137,0,457,84,0,0,True
justinbieber,https://www.instagram.com/p/BVF4ZynDDv8,1496953475,./imgs/BVF4ZynDDv8.png,#2U tomorrow @marthahunt,1395655,14931,1,24,3,0,0,True
justinbieber,https://www.instagram.com/p/9ZB2F1gvvx,1446056352,./imgs/9ZB2F1gvvx.png,Track 4 #purposealbum,688101,3857,1,21,3,0,0,False
justinbieber,https://www.instagram.com/p/BG5QW5mAvqi,1466465055,./imgs/BG5QW5mAvqi.png,nan,1095919,22769,0,0,0,0,0,True
justinbieber,https://www.instagram.com/p/ocN39bgvj2,1401066165,./imgs/ocN39bgvj2.png,God's creation,817516,9888,0,14,2,0,0,False
justinbieber,https://www.instagram.com/p/BAKq6R1AvvH,1452017016,./imgs/BAKq6R1AvvH.png,Best environment to write music other than right after a heartbreak,1656844,18590,0,67,11,0,0,False
justinbieber,https://www.instagram.com/p/4gYrXhgvvN,1435565785,./imgs/4gYrXhgvvN.png,Smiles,1003340,8366,0,6,1,0,0,False
justinbieber,https://www.instagram.com/p/bSFGE5Avnz,1372808731,./imgs/bSFGE5Avnz.png,"Oh no Patricks back ""you going to jail now"" hahaa",560910,9798,0,49,10,0,0,False
justinbieber,https://www.instagram.com/p/Qfq5sbgvrT,1349642440,./imgs/Qfq5sbgvrT.png,Real,386687,7600,0,4,1,0,0,False
justinbieber,https://www.instagram.com/p/BV1uBR4DDzm,1498558644,./imgs/BV1uBR4DDzm.png,Can't believe photos like this can be shot on iPhone,2069111,19350,0,52,10,0,0,False
justinbieber,https://www.instagram.com/p/BFp9AKZgvp4,1463804107,./imgs/BFp9AKZgvp4.png,Me and bae,1396264,15013,0,10,3,0,1,False
justinbieber,https://www.instagram.com/p/CLhhYQ8HhWt,1613845045,./imgs/CLhhYQ8HhWt.png,Last night was the best night of my life with my favorite people on the planet. Thank you for enabling me to live out my dreams. Everyone who has supported me and does support me thank you i love you.,1674260,8954,0,200,40,0,0,False
justinbieber,https://www.instagram.com/p/CCmpC0NHbbT,1594689483,./imgs/CCmpC0NHbbT.png,Miss u fam,4163536,13690,0,10,3,0,0,False
justinbieber,https://www.instagram.com/p/BRcVgBHDBuS,1489116993,./imgs/BRcVgBHDBuS.png,Let's hug each other more,2092350,17712,0,25,5,0,0,False
justinbieber,https://www.instagram.com/p/2NCK3MgvpF,1430621483,./imgs/2NCK3MgvpF.png,Let's go champ @floydmayweather,1748086,65493,0,31,4,0,1,False
justinbieber,https://www.instagram.com/p/CEnnL9qnIm3,1599017031,./imgs/CEnnL9qnIm3.png,nan,2144537,5172,0,0,0,0,0,False
justinbieber,https://www.instagram.com/p/CLZ90lSH6VM,1613591521,./imgs/CLZ90lSH6VM.png,@drewhouse is a community. A place where you belong. :),481747,1549,0,55,10,0,0,False
justinbieber,https://www.instagram.com/p/fPk4TsAvpv,1381314666,./imgs/fPk4TsAvpv.png,Me and my trainer,1075048,40893,0,17,4,0,0,False
justinbieber,https://www.instagram.com/p/xAyO93Avlw,1419473057,./imgs/xAyO93Avlw.png,Merry Christmas,930432,19995,0,15,2,0,0,False
justinbieber,https://www.instagram.com/p/BWmBGLAjjdO,1500179258,./imgs/BWmBGLAjjdO.png,He was like no way,1920994,23647,0,18,5,0,0,True
justinbieber,https://www.instagram.com/p/xh-AeWgvis,1420586526,./imgs/xh-AeWgvis.png,@mertalas #calvinklein #2015 #mycalvins,1303645,34529,3,39,4,0,0,False
justinbieber,https://www.instagram.com/p/CRjon1eHn_d,1626800853,./imgs/CRjon1eHn_d.png,You are the apple of Gods eye! He adores you. He wants the best for you. He is with you. He never left you and he never will .,843654,7646,0,126,29,0,0,False
justinbieber,https://www.instagram.com/p/CTPhK_8BOb7,1630420850,./imgs/CTPhK_8BOb7.png,🎥: @joetermini,1015991,8610,0,14,2,1,0,True
justinbieber,https://www.instagram.com/p/B_xg0exH44X,1588611881,./imgs/B_xg0exH44X.png,4 days until #stuckwithu @arianagrande,482101,2618,1,38,5,0,0,True
justinbieber,https://www.instagram.com/p/BE-E556Avkv,1462331855,./imgs/BE-E556Avkv.png,12 mercer,1049321,13163,0,9,2,0,0,False
justinbieber,https://www.instagram.com/p/BUKrcyoDXz6,1494966972,./imgs/BUKrcyoDXz6.png,nan,2338182,112289,0,0,0,0,0,True
justinbieber,https://www.instagram.com/p/VHgey,1321860311,./imgs/VHgey.png,nan,123081,1667,0,0,0,0,0,False
justinbieber,https://www.instagram.com/p/BCmLatEAvgg,1457234996,./imgs/BCmLatEAvgg.png,nan,1225258,12583,0,0,0,0,0,False
justinbieber,https://www.instagram.com/p/VgLoxMgvk4,1360397021,./imgs/VgLoxMgvk4.png,Night,771305,19850,0,5,1,0,0,False
justinbieber,https://www.instagram.com/p/mltkl7gvgG,1397089807,./imgs/mltkl7gvgG.png,It was about that time ♛,1271909,38784,0,24,6,0,0,False
justinbieber,https://www.instagram.com/p/hsl_hnAvjX,1386583296,./imgs/hsl_hnAvjX.png,Back in the studio with @poobear,637709,6156,0,32,6,0,0,False
justinbieber,https://www.instagram.com/p/3s-Nm9gvog,1433840634,./imgs/3s-Nm9gvog.png,nan,1154299,16969,0,0,0,0,0,False
justinbieber,https://www.instagram.com/p/CWlu0tsPE2s,1637608631,./imgs/CWlu0tsPE2s.png,"To my beloved birthday squish. My heart belongs to you. My eyes belong to you, my lips belong to you. I am yours. I am so blessed to be yours. You are my forever. Life has never made more sense until you became my wife. I will never stop loving you, I will never stop holding you, and I will never stop protecting you. You my queen are more than enough for me and I will spend everyday making you feel like the queen that you are. As your grandma would say in her Portuguese accent “happy bursday baby” love you until the end of time and then after that. :)",8962085,51013,0,557,111,0,0,False
justinbieber,https://www.instagram.com/p/9jKDKnAvrx,1446396198,./imgs/9jKDKnAvrx.png,Today. #IllShowYou #PURPOSE preorder for the song.,1071844,48655,2,50,7,0,0,True
justinbieber,https://www.instagram.com/p/CNdUS7anpbA,1617998935,./imgs/CNdUS7anpbA.png,"If its not you its not anyone 

📷: @rorykramer",1050728,9479,0,46,9,1,1,False
justinbieber,https://www.instagram.com/p/p-m2KTAvma,1404367592,./imgs/p-m2KTAvma.png,#beliebersunite,943391,16830,1,15,1,0,0,False
justinbieber,https://www.instagram.com/p/BY-F9eNjhME,1505282082,./imgs/BY-F9eNjhME.png,nan,2233387,41156,0,0,0,0,0,False
justinbieber,https://www.instagram.com/p/CGaXzKBnOP_,1602867723,./imgs/CGaXzKBnOP_.png,Jacob thank you for being such a huge part of this story! You brought the story to life and there couldn’t be anyone cooler to do it!! Thanks bro,3739707,18697,0,145,29,0,1,False
justinbieber,https://www.instagram.com/p/wAEbx1gvge,1417301561,./imgs/wAEbx1gvge.png,nan,756377,18261,0,0,0,0,0,False
justinbieber,https://www.instagram.com/p/990FKuAvg0,1447290649,./imgs/990FKuAvg0.png,I heard u. 3rd Staples added for Fri and Chicago & Houston next week. On sale 10am local tomorrow :) #PURPOSE http://smarturl.it/EveningWithJB,549399,11494,1,142,22,0,0,False
justinbieber,https://www.instagram.com/p/CRU6Gr5nErg,1626306702,./imgs/CRU6Gr5nErg.png,📷: @evanpaterakis,1540589,3074,0,17,2,1,0,False
justinbieber,https://www.instagram.com/p/CFAYqVPnQZb,1599848276,./imgs/CFAYqVPnQZb.png,My lil niece is my new obsession,3451313,10563,0,32,7,0,0,False
justinbieber,https://www.instagram.com/p/7D9oOegvl8,1441054531,./imgs/7D9oOegvl8.png,nan,1380887,26309,0,0,0,0,0,False
justinbieber,https://www.instagram.com/p/I2gtE,1311998731,./imgs/I2gtE.png,Night....,136340,3052,0,9,1,0,0,False
justinbieber,https://www.instagram.com/p/CI_enrAngI9,1608407780,./imgs/CI_enrAngI9.png,The fight to stop racism is far from over. It is deeply systematically ingrained in our society. Let’s be the voice of this generation and fight for those who are marginalized and overlooked.,815662,4410,0,191,33,0,0,False
justinbieber,https://www.instagram.com/p/ePBVF7Avk6,1379148544,./imgs/ePBVF7Avk6.png,nan,834423,16755,0,0,0,0,0,False
justinbieber,https://www.instagram.com/p/B3eOAABn9sE,1570784548,./imgs/B3eOAABn9sE.png,nan,771756,1845,0,0,0,0,0,False
justinbieber,https://www.instagram.com/p/B5WQ9sXnNej,1574812634,./imgs/B5WQ9sXnNej.png,nan,1365853,5988,0,0,0,0,0,False
justinbieber,https://www.instagram.com/p/6xGBusAvln,1440421400,./imgs/6xGBusAvln.png,This is a MAJOR story @larrykingnow. What Do You Mean? #4days :),621063,4128,1,64,12,0,0,True
justinbieber,https://www.instagram.com/p/pZRr4egvqS,1403114984,./imgs/pZRr4egvqS.png,Throwback,947597,22682,0,9,1,0,0,False
justinbieber,https://www.instagram.com/p/ZmCLFugvpM,1369183320,./imgs/ZmCLFugvpM.png,This chick thinks she's a model,737792,15443,0,31,6,0,0,False
justinbieber,https://www.instagram.com/p/-xLCRiAvvY,1449013960,./imgs/-xLCRiAvvY.png,nan,901046,4618,0,0,0,0,0,False
justinbieber,https://www.instagram.com/p/COVlcZkHuzj,1619886974,./imgs/COVlcZkHuzj.png,Love you guys,3291529,42602,0,13,3,0,0,False
justinbieber,https://www.instagram.com/p/BXyJoZvjyIt,1502733870,./imgs/BXyJoZvjyIt.png,nan,761862,4852,0,0,0,0,0,False
justinbieber,https://www.instagram.com/p/aoa2X2Avns,1371410850,./imgs/aoa2X2Avns.png,nan,796299,49546,0,0,0,0,0,False
justinbieber,https://www.instagram.com/p/-FUW63Avpt,1447542453,./imgs/-FUW63Avpt.png,#PURPOSETheMovement #Purpose thank you for helping me find mine again. Love you and praying for Everyone around the world that we live with peace love and joy.,919797,11440,2,159,27,0,0,True
justinbieber,https://www.instagram.com/p/rvBMTNAvo2,1408139501,./imgs/rvBMTNAvo2.png,For some reason I really wanted to do this,755998,32392,0,42,9,0,0,True
justinbieber,https://www.instagram.com/p/CC_s3Txn-cY,1595530346,./imgs/CC_s3Txn-cY.png,New world tour dates for 2021. Looking forward to seeing you all when it is safe. Presented by @tmobile,1421625,45345,0,103,19,0,0,False
justinbieber,https://www.instagram.com/p/CXe6iP2vhtP,1639527374,./imgs/CXe6iP2vhtP.png,@drewhouse,1205594,2280,0,10,1,0,0,False
justinbieber,https://www.instagram.com/p/BW4PYctjE-p,1500790728,./imgs/BW4PYctjE-p.png,nan,2500199,36641,0,0,0,0,0,False
justinbieber,https://www.instagram.com/p/2SAGmJgvqq,1430788172,./imgs/2SAGmJgvqq.png,(via @shots),1357016,24081,0,12,2,0,0,False
justinbieber,https://www.instagram.com/p/CRcCGpFHSvU,1626545777,./imgs/CRcCGpFHSvU.png,@ryangood24 📷: @evanpaterakis,1195818,2993,0,29,3,1,0,False
justinbieber,https://www.instagram.com/p/B8QM-v9H_R3,1581051697,./imgs/B8QM-v9H_R3.png,#INTENTIONS OUT NOW. @quavohuncho,398527,4104,1,33,4,0,0,True
justinbieber,https://www.instagram.com/p/fZp-bCAvl-,1381652882,./imgs/fZp-bCAvl-.png,You're all that matters to me,648027,17540,0,29,6,0,0,False
justinbieber,https://www.instagram.com/p/BWAv8ZRjkqD,1498928751,./imgs/BWAv8ZRjkqD.png,nan,1299024,18109,0,0,0,0,0,True
justinbieber,https://www.instagram.com/p/B5Gz1NyH5cF,1574294044,./imgs/B5Gz1NyH5cF.png,The drew house @drewhouse,845105,2024,0,25,4,0,0,False
justinbieber,https://www.instagram.com/p/BEhMeZvAvnI,1461362746,./imgs/BEhMeZvAvnI.png,#cutepic,1371512,7952,1,8,1,0,0,False
justinbieber,https://www.instagram.com/p/B1GF9a1HH_y,1565680140,./imgs/B1GF9a1HH_y.png,nan,1061320,11047,0,0,0,0,0,True
justinbieber,https://www.instagram.com/p/r_GjxvAvs_,1408679186,./imgs/r_GjxvAvs_.png,Nae Nae,691665,19085,0,7,2,0,0,True
justinbieber,https://www.instagram.com/p/iHqV6HgvqI,1387491546,./imgs/iHqV6HgvqI.png,#journals #4days #sundayatmidnight,477680,3255,3,34,3,0,0,False
justinbieber,https://www.instagram.com/p/BFJxQstAvht,1462724210,./imgs/BFJxQstAvht.png,nan,1371862,15564,0,0,0,0,0,False
justinbieber,https://www.instagram.com/p/67Kh8eAvvB,1440759305,./imgs/67Kh8eAvvB.png,It has always been about us. I love you. Here we go. #whatdoyoumean #5 minutes #mybeliebers,716792,18422,3,91,16,0,0,True
justinbieber,https://www.instagram.com/p/nR2zvIgvmu,1398571044,./imgs/nR2zvIgvmu.png,follow my soundcloud it's  sirbizzle for random songs if u like good music,654556,22523,0,74,13,0,0,False
justinbieber,https://www.instagram.com/p/tMNho1gvh-,1411266530,./imgs/tMNho1gvh-.png,Fishin @theworldshero,1041571,15383,0,21,2,0,0,False
justinbieber,https://www.instagram.com/p/6Z7iQ9gvpX,1439644147,./imgs/6Z7iQ9gvpX.png,What Do You Mean? The legend @tonyhawk #13Days,571838,2676,1,46,8,0,0,True
justinbieber,https://www.instagram.com/p/mHjxHkgvq3,1396078033,./imgs/mHjxHkgvq3.png,"Catch up. I'm too far ahead. 
The younger generation gets it ♛",989462,30737,0,62,12,0,0,False
justinbieber,https://www.instagram.com/p/tRpg6mgvqh,1411448976,./imgs/tRpg6mgvqh.png,I see u drizzyy great show brotha,737038,9752,0,33,7,0,0,True
justinbieber,https://www.instagram.com/p/BIj8Fm9hy9t,1470044752,./imgs/BIj8Fm9hy9t.png,nan,1139161,67316,0,0,0,0,0,True
justinbieber,https://www.instagram.com/p/mqG1yrgvkM,1397237272,./imgs/mqG1yrgvkM.png,nan,1119357,40791,0,0,0,0,0,False
justinbieber,https://www.instagram.com/p/B_5kS5Hn8DX,1588882102,./imgs/B_5kS5Hn8DX.png,Tonight. #stuckwithu.,589396,5990,1,21,2,0,0,True
justinbieber,https://www.instagram.com/p/BJCDllpho3w,1471055317,./imgs/BJCDllpho3w.png,nan,1221100,19627,0,0,0,0,0,False
justinbieber,https://www.instagram.com/p/CBHAQiUn1MV,1591480428,./imgs/CBHAQiUn1MV.png,nan,1538801,21038,0,0,0,0,0,False
justinbieber,https://www.instagram.com/p/B-L5wnDHlgk,1585202342,./imgs/B-L5wnDHlgk.png,nan,1471807,6777,0,0,0,0,0,False
justinbieber,https://www.instagram.com/p/6udjP5gvh-,1440333070,./imgs/6udjP5gvh-.png,I told he was excited. What do you mean? @benstiller #5days,624431,3101,1,59,11,0,0,True
justinbieber,https://www.instagram.com/p/B-M7mE4HBZc,1585236883,./imgs/B-M7mE4HBZc.png,nan,232392,1066,0,0,0,0,0,True
justinbieber,https://www.instagram.com/p/CMQ1Fuenyzm,1615432437,./imgs/CMQ1Fuenyzm.png,JUSTICE 3/19,1239932,12411,0,12,2,0,9,False
justinbieber,https://www.instagram.com/p/B8h6aaXHfz1,1581645915,./imgs/B8h6aaXHfz1.png,3 hours to go. #CHANGES,400881,1879,1,23,5,0,0,False
justinbieber,https://www.instagram.com/p/CKFw--FnxsD,1610766218,./imgs/CKFw--FnxsD.png,📷: @rorykramer,2123855,13551,0,14,2,1,0,False
justinbieber,https://www.instagram.com/p/63cdodAvlR,1440634489,./imgs/63cdodAvlR.png,Only @mileycyrus. Lol. It's true. I'm performing on the #vmas!! #bieberisback :),831093,21670,2,80,12,0,0,False
justinbieber,https://www.instagram.com/p/CUF8upMP66B,1632247213,./imgs/CUF8upMP66B.png,📸: @rorykramer,2131686,6143,0,14,2,1,0,False
justinbieber,https://www.instagram.com/p/BXTYR3MDEkz,1501701362,./imgs/BXTYR3MDEkz.png,nan,1648479,22969,0,0,0,0,0,False
justinbieber,https://www.instagram.com/p/CNtH_Q5nTVH,1618529452,./imgs/CNtH_Q5nTVH.png,"@usher 

🎥: @rorykramer",1449038,11271,0,23,3,1,0,True
justinbieber,https://www.instagram.com/p/fbql7GAvkR,1381720315,./imgs/fbql7GAvkR.png,"Me and poo bear wrote ""all that matters""  for my #beliebers #musicmondays",533852,15968,2,73,12,0,0,True
justinbieber,https://www.instagram.com/p/BIYXCyDBNAv,1469656232,./imgs/BIYXCyDBNAv.png,nan,1460376,30430,0,0,0,0,0,False
justinbieber,https://www.instagram.com/p/CXhT9QaPyXa,1639607812,./imgs/CXhT9QaPyXa.png,"Copped my first NFT’s , let’s see what we can do as a community , http://www.inbetweeners.io",705499,3515,0,92,16,0,0,False
justinbieber,https://www.instagram.com/p/CL85XC5nunv,1614763587,./imgs/CL85XC5nunv.png,📷: @rorykramer,3345115,16752,0,14,2,1,0,False
justinbieber,https://www.instagram.com/p/IqD1Q,1311792403,./imgs/IqD1Q.png,Swag swagg,158441,2844,0,10,2,0,0,False
justinbieber,https://www.instagram.com/p/Q1cMukgvrk,1350372929,./imgs/Q1cMukgvrk.png,#believetour,368711,6702,1,12,1,0,0,False
justinbieber,https://www.instagram.com/p/ytttoBgvos,1423128120,./imgs/ytttoBgvos.png,Not about what you do but who u do it with. Love these guys!,1134607,20363,0,60,14,0,0,False
justinbieber,https://www.instagram.com/p/-xTqjfgvtI,1449018485,./imgs/-xTqjfgvtI.png,nan,779863,2132,0,0,0,0,0,False
justinbieber,https://www.instagram.com/p/BHvFVkvBmjX,1468271217,./imgs/BHvFVkvBmjX.png,nan,1859057,32729,0,0,0,0,0,False
justinbieber,https://www.instagram.com/p/q73Q25Avtd,1406423020,./imgs/q73Q25Avtd.png,Me and @cristiano gettin ready for the season,1396604,66073,0,45,8,0,0,False
justinbieber,https://www.instagram.com/p/hWzc2hAviP,1385852154,./imgs/hWzc2hAviP.png,Lets be honest,834043,18565,0,14,3,0,0,False
justinbieber,https://www.instagram.com/p/B3ePZoOHzI4,1570785283,./imgs/B3ePZoOHzI4.png,Home vibes,660906,1907,0,10,2,0,0,False
justinbieber,https://www.instagram.com/p/69DPZ_AvgY,1440822592,./imgs/69DPZ_AvgY.png,Funniest thing I've ever seen. Love u for making it,890043,72696,0,51,10,0,0,False
justinbieber,https://www.instagram.com/p/CS0Kejivu1J,1629502957,./imgs/CS0Kejivu1J.png,📷: @rorykramer,1849081,6337,0,14,2,1,0,False
justinbieber,https://www.instagram.com/p/BYGuf6tDrFT,1503424288,./imgs/BYGuf6tDrFT.png,nan,1475542,18360,0,0,0,0,0,False
justinbieber,https://www.instagram.com/p/CC7YtsAnEPM,1595385564,./imgs/CC7YtsAnEPM.png,LOVE YOU GUYS SO MUCH! I KNOW TIMES ARE HARD! WE ARE IN THIS TOGETHER,2359020,24690,0,69,15,0,0,False
justinbieber,https://www.instagram.com/p/8f_Td2gvpl,1444142417,./imgs/8f_Td2gvpl.png,nan,877568,5558,0,0,0,0,0,False
justinbieber,https://www.instagram.com/p/B9J8aV1HCs7,1582989140,./imgs/B9J8aV1HCs7.png,@calvinklein #mycalvins #dealwithit,3441740,23192,2,35,3,0,0,False
justinbieber,https://www.instagram.com/p/BU2Zdm6jDPZ,1496433937,./imgs/BU2Zdm6jDPZ.png,nan,2405543,47811,0,0,0,0,0,False
justinbieber,https://www.instagram.com/p/CDCi_cFHHVB,1595625833,./imgs/CDCi_cFHHVB.png,nan,2496181,12655,0,0,0,0,0,False
justinbieber,https://www.instagram.com/p/BDaXN2tgvlw,1458986013,./imgs/BDaXN2tgvlw.png,The best,1722617,21257,0,8,2,0,2,False
justinbieber,https://www.instagram.com/p/B8x5J4vHqfI,1582182126,./imgs/B8x5J4vHqfI.png,#latelatebieber @latelateshow,1546856,4806,1,29,2,0,0,False
justinbieber,https://www.instagram.com/p/BHDCjBsh0dD,1466793359,./imgs/BHDCjBsh0dD.png,Paris fashion week catchin the #purposetour swag  eh @jerrylorenzo ?,1072646,6787,1,68,10,0,0,False
justinbieber,https://www.instagram.com/p/BF_7MSAAvsi,1464541356,./imgs/BF_7MSAAvsi.png,Miss my little brother Posty @postmalone,1393161,24569,0,40,6,0,1,False
justinbieber,https://www.instagram.com/p/Rl4z39gvgx,1351998542,./imgs/Rl4z39gvgx.png,nan,449390,18222,0,0,0,0,0,False
justinbieber,https://www.instagram.com/p/sTDKIGgvrL,1409348492,./imgs/sTDKIGgvrL.png,#fam,997715,11537,1,4,1,0,0,False
justinbieber,https://www.instagram.com/p/CJIJWsYnBVB,1608698658,./imgs/CJIJWsYnBVB.png,When u nod your head yes but you wanna say no JustinBieberNYE.com @tmobile @momenthouse 🎥 : @rorykramer,1430187,13956,0,103,17,1,0,True
justinbieber,https://www.instagram.com/p/rLqBYzAvqq,1406952948,./imgs/rLqBYzAvqq.png,But the vision is clear,824566,10152,0,23,5,0,0,False
justinbieber,https://www.instagram.com/p/cgwU_,1325128192,./imgs/cgwU_.png,Chillin with the homeys,148037,2729,0,23,4,0,0,False
justinbieber,https://www.instagram.com/p/CCxFObinqdf,1595039802,./imgs/CCxFObinqdf.png,nan,1744071,14741,0,0,0,0,0,False
justinbieber,https://www.instagram.com/p/BUwqwYjD-B6,1496241677,./imgs/BUwqwYjD-B6.png,nan,1937665,33141,0,0,0,0,0,False
justinbieber,https://www.instagram.com/p/CWEVZaxhCjg,1636488004,./imgs/CWEVZaxhCjg.png,Love you my brother @usher,1169354,3932,0,26,5,0,0,False
justinbieber,https://www.instagram.com/p/-SmGclAvsS,1447987963,./imgs/-SmGclAvsS.png,I'm back on @jimmyfallon tonight with our #secrethandshake 👋🏻👌🏻👋🏻👊🏻👉🏻✋🏻👋🏻👊🏻✋🏻👏🏻👊🏻👋🏻,1153316,5758,1,83,9,24,0,False
justinbieber,https://www.instagram.com/p/CIOhViBHxS-,1606765037,./imgs/CIOhViBHxS-.png,nan,1382349,5772,0,0,0,0,0,False
justinbieber,https://www.instagram.com/p/BDKTnfLgvoj,1458447255,./imgs/BDKTnfLgvoj.png,Me and the big man on campus,1969480,20753,0,28,7,0,0,False
justinbieber,https://www.instagram.com/p/CIqg408HrAw,1607704326,./imgs/CIqg408HrAw.png,nan,1269881,7255,0,0,0,0,0,False
justinbieber,https://www.instagram.com/p/BRVbg6XDIGU,1488885265,./imgs/BRVbg6XDIGU.png,nan,1833954,11525,0,0,0,0,0,False
justinbieber,https://www.instagram.com/p/CDwzoctHbNd,1597178062,./imgs/CDwzoctHbNd.png,nan,571817,2276,0,0,0,0,0,False
justinbieber,https://www.instagram.com/p/B79MEFbnDEC,1580413728,./imgs/B79MEFbnDEC.png,WE ALL HAVE OUR OWN UNIQUE RELATIONSHIP WITH GOD! EVERYONE HAS ACCESS TO HIM! Oh and btw @binniner stay woke. 👀,1694183,8196,0,111,21,1,0,True
justinbieber,https://www.instagram.com/p/CHQ53V-HGOI,1604697522,./imgs/CHQ53V-HGOI.png,nan,2861722,21673,0,0,0,0,0,False
justinbieber,https://www.instagram.com/p/6nFtcygvlN,1440085689,./imgs/6nFtcygvlN.png,What Do You Mean? @theellenshow #8days she has always been there for me. Love Ellen. See you soon.,728748,3071,1,98,18,0,0,False
justinbieber,https://www.instagram.com/p/BRU0__uDunV,1488865073,./imgs/BRU0__uDunV.png,nan,2347645,23941,0,0,0,0,0,False
justinbieber,https://www.instagram.com/p/8n_tJGAvsA,1444411063,./imgs/8n_tJGAvsA.png,#5weeks #PURPOSE,821388,5029,2,16,2,0,0,False
justinbieber,https://www.instagram.com/p/BFg8RKjAvrG,1463501733,./imgs/BFg8RKjAvrG.png,What a beast,1313469,9127,0,12,3,0,0,False
justinbieber,https://www.instagram.com/p/TmzQDqgvnb,1356324149,./imgs/TmzQDqgvnb.png,With my luv,757664,26738,0,11,3,0,0,False
justinbieber,https://www.instagram.com/p/BRfldW7j6uz,1489226023,./imgs/BRfldW7j6uz.png,nan,2744610,46015,0,0,0,0,0,False
justinbieber,https://www.instagram.com/p/BCRkG5Bgvo-,1456543298,./imgs/BCRkG5Bgvo-.png,Scariest photo I've ever taken and I shaved,2254208,106269,0,43,8,0,0,False
justinbieber,https://www.instagram.com/p/r8PWB9gvr5,1408583129,./imgs/r8PWB9gvr5.png,nan,843278,45734,0,0,0,0,0,True
justinbieber,https://www.instagram.com/p/meGKs8Avjc,1396834266,./imgs/meGKs8Avjc.png,♛,868433,13177,0,1,1,0,0,False
justinbieber,https://www.instagram.com/p/IqO3M,1311795101,./imgs/IqO3M.png,Higher than the clouds,159874,2359,0,22,4,0,0,False
justinbieber,https://www.instagram.com/p/CQsmrttHYm_,1624954343,./imgs/CQsmrttHYm_.png,Truth about you and your circumstance,774338,7623,0,37,6,0,0,False
justinbieber,https://www.instagram.com/p/-kgnDogvrB,1448589064,./imgs/-kgnDogvrB.png,Tree of life,948737,4274,0,12,3,0,0,False
justinbieber,https://www.instagram.com/p/CAWE__InqBy,1589838747,./imgs/CAWE__InqBy.png,Thank you @arianagrande @scooterbraun  @allisonjamiekaye @sb_projects and everyone else involved in making this happen WE ARE A TEAM! AND WE ALL DID OUR PART!,1754207,16851,0,158,24,0,0,False
justinbieber,https://www.instagram.com/p/CWYlBQoj5y8,1637167354,./imgs/CWYlBQoj5y8.png,😳🤯🥶🙏🔥 @austonmatthews X @mapleleafs,503682,1964,0,35,4,5,0,True
justinbieber,https://www.instagram.com/p/Wh-pY-AvhZ,1362604803,./imgs/Wh-pY-AvhZ.png,Chaz or should I call him by his real name Charles,507814,13112,0,50,11,0,0,False
justinbieber,https://www.instagram.com/p/BFM8ki6gvoV,1462830803,./imgs/BFM8ki6gvoV.png,nan,908063,6807,0,0,0,0,0,False
justinbieber,https://www.instagram.com/p/BURR8e8DGTo,1495188481,./imgs/BURR8e8DGTo.png,"Just watched Harry styles carpool karaoke!! Hilarious! Also congrats on the album, it sounds great !",2546928,73672,0,100,16,0,0,False
justinbieber,https://www.instagram.com/p/BGqfrMygvt6,1465969770,./imgs/BGqfrMygvt6.png,nan,1041159,3700,0,0,0,0,0,False
justinbieber,https://www.instagram.com/p/Zj2Ynngvgu,1369110031,./imgs/Zj2Ynngvgu.png,CB what's up,1203157,52154,0,12,3,0,0,False
justinbieber,https://www.instagram.com/p/l86fmNgvup,1395720850,./imgs/l86fmNgvup.png,Bet.,907355,16883,0,4,1,0,0,False
justinbieber,https://www.instagram.com/p/CYUhzB4vojd,1641326344,./imgs/CYUhzB4vojd.png,Love u guys so much,1024807,4020,0,19,5,0,0,False
justinbieber,https://www.instagram.com/p/B6vpq6mHfZl,1577811958,./imgs/B6vpq6mHfZl.png,Seasons. #2020. Full Trailer on @youtube now,693342,6530,1,44,7,0,0,True
justinbieber,https://www.instagram.com/p/BBY5S7qgvgM,1454641804,./imgs/BBY5S7qgvgM.png,Esther and Phil,1252446,7633,0,15,3,0,0,True
justinbieber,https://www.instagram.com/p/8f_CjugvpI,1444142279,./imgs/8f_CjugvpI.png,nan,967768,12425,0,0,0,0,0,False
justinbieber,https://www.instagram.com/p/77-FQ-gvhZ,1442933817,./imgs/77-FQ-gvhZ.png,nan,901728,17178,0,0,0,0,0,True
justinbieber,https://www.instagram.com/p/bwn-QRgvn_,1373833650,./imgs/bwn-QRgvn_.png,Would u turn up with me and @maejorali ??,716138,21901,0,41,9,0,0,False
justinbieber,https://www.instagram.com/p/qw6vWCAvr0,1406055744,./imgs/qw6vWCAvr0.png,nan,1129211,40083,0,0,0,0,0,False
justinbieber,https://www.instagram.com/p/JYX1g,1312526128,./imgs/JYX1g.png,Rockin the high socks like an la kid. Now all I need to do is start sayin hella,125602,2587,0,79,18,0,0,False
justinbieber,https://www.instagram.com/p/BBeYGEGAvkm,1454825724,./imgs/BBeYGEGAvkm.png,She loving the crew,1978318,27071,0,19,4,0,10,False
justinbieber,https://www.instagram.com/p/nkJAC8gvsr,1399184562,./imgs/nkJAC8gvsr.png,@yoventura @kyliejenner,1048365,38741,0,23,2,0,0,False
justinbieber,https://www.instagram.com/p/rJCrHqAvtK,1406865210,./imgs/rJCrHqAvtK.png,@davidguetta and @khalil,826133,15326,0,24,3,0,0,False
justinbieber,https://www.instagram.com/p/0ROAGfAvm_,1426466937,./imgs/0ROAGfAvm_.png,nan,1159575,40086,0,0,0,0,0,False
justinbieber,https://www.instagram.com/p/CEadm28nyG2,1598575801,./imgs/CEadm28nyG2.png,Lessgooo almost there!! Go check out my brother @c.syresmith new album drops at midnight,1464496,5488,0,88,14,0,0,False
justinbieber,https://www.instagram.com/p/7ZPx7TAvmG,1441768691,./imgs/7ZPx7TAvmG.png,Me and T-bear  from the lake,1051249,6622,0,28,6,0,0,False
justinbieber,https://www.instagram.com/p/oeqdjlgvra,1401148262,./imgs/oeqdjlgvra.png,Baby Ollie. The drop is higher than it looks.. @khalil could of Ollie'd the shit out of it though lol,811714,21153,0,101,20,0,0,True
justinbieber,https://www.instagram.com/p/BEhhKy2AvtS,1461373595,./imgs/BEhhKy2AvtS.png,nan,1537866,25082,0,0,0,0,0,False
justinbieber,https://www.instagram.com/p/CGXwQoMnbl8,1602779884,./imgs/CGXwQoMnbl8.png,Tonight @itsbennyblanco #Lonely,1304195,5488,1,31,3,0,0,False
justinbieber,https://www.instagram.com/p/BGHgDx1gvrY,1464795566,./imgs/BGHgDx1gvrY.png,The picture to the right is not a photo I drew this perfect  masterpiece in only 7 minutes I know it looks like I must have spent days even months but know this beautiful art piece only took minutes. The strokes that I used while drawing this were tough but nothing amazing comes easy.. This piece will go for 2 mil at least,1006228,16100,0,324,63,0,1,False
justinbieber,https://www.instagram.com/p/7bhA-EAvvB,1441844836,./imgs/7bhA-EAvvB.png,Dad ur the best!! And I know u don't want anyone seeing this but I had to post it,743626,6099,0,81,19,0,0,True
justinbieber,https://www.instagram.com/p/8g3grhgviP,1444171885,./imgs/8g3grhgviP.png,Gravity is working against me (via @camcorderapp),913115,12647,0,49,7,0,0,True
justinbieber,https://www.instagram.com/p/qTKiKWAvkY,1405057391,./imgs/qTKiKWAvkY.png,Dinner for 2 ;),1013872,85432,0,15,4,0,0,False
justinbieber,https://www.instagram.com/p/78jTwFAvrZ,1442953334,./imgs/78jTwFAvrZ.png,evil Jb,1355350,47398,0,7,2,0,0,False
justinbieber,https://www.instagram.com/p/iu72c_AvgJ,1388809348,./imgs/iu72c_AvgJ.png,nan,908835,29186,0,0,0,0,0,False
justinbieber,https://www.instagram.com/p/BazA4oNjU0V,1509205289,./imgs/BazA4oNjU0V.png,nan,1463285,21043,0,0,0,0,0,False
justinbieber,https://www.instagram.com/p/BvwsX_UnKOQ,1554224584,./imgs/BvwsX_UnKOQ.png,"There’s always gonna be people offended, there’s also people who don’t take jokes very well, I am a prankster and it was APRIL FOOLS. I didn’t at all mean to be insensitive to people who can’t have children. A lot of people I know, their first go to prank on April fools is telling their parents they are pregnant to get a big reaction. But I will apologize anyway and take responsibility and say sorry to people who were offended. I truly don’t want anyone to be hurt by a  prank.. it’s like when I shoved cake in my little sisters face for her birthday expecting her to laugh but she cried. You sometimes just don’t know what will hurt someone’s feelings not to compare pregnancy with cake in the face but it’s just to paint the picture of not knowing what will offend. Some might have laughed but some were offended .. I think With pranks u sometimes have to roll that dice. #prankster #dennisthemenace #sorry #truly",3057374,72635,4,919,168,0,0,False
justinbieber,https://www.instagram.com/p/U4-530gvr_,1359081722,./imgs/U4-530gvr_.png,After show kiss with mom,752459,22275,0,24,5,0,0,False
justinbieber,https://www.instagram.com/p/Vk9I-wAvq7,1360557193,./imgs/Vk9I-wAvq7.png,Me and jaxo,709387,21580,0,11,3,0,0,False
justinbieber,https://www.instagram.com/p/BF2dcfZAvu1,1464223770,./imgs/BF2dcfZAvu1.png,@martingarrix,1766328,22984,0,13,1,0,0,False
justinbieber,https://www.instagram.com/p/CC_JyghHWVe,1595511957,./imgs/CC_JyghHWVe.png,me and the great one.,1440351,8817,0,21,5,0,0,False
justinbieber,https://www.instagram.com/p/B6Hbc3vH7VQ,1576462300,./imgs/B6Hbc3vH7VQ.png,@drewhouse,378266,823,0,10,1,0,0,False
justinbieber,https://www.instagram.com/p/uXJubdAvnd,1413781120,./imgs/uXJubdAvnd.png,nan,803859,41464,0,0,0,0,0,True
justinbieber,https://www.instagram.com/p/CGC-tCNHyBv,1602082867,./imgs/CGC-tCNHyBv.png,2nd take 10/13 #JBxCrocs @crocs,673802,5619,1,31,5,0,0,True
justinbieber,https://www.instagram.com/p/hIYJI1Avis,1385368075,./imgs/hIYJI1Avis.png,Know you ain't a model you should let me take some pics tho,848851,24032,0,59,13,0,0,False
justinbieber,https://www.instagram.com/p/hIUsVMgvhG,1385366266,./imgs/hIUsVMgvhG.png,"#Rollercoaster is now available on iTunes. If you got it then upload a screenshot and tag #Rollercoaster and I will search, find and like your picture ;)",594571,5949,2,153,27,0,0,False
justinbieber,https://www.instagram.com/p/b8J5TLAvvk,1374220534,./imgs/b8J5TLAvvk.png,nan,855478,18019,0,0,0,0,0,False
justinbieber,https://www.instagram.com/p/B7hrCDqHjzN,1579490367,./imgs/B7hrCDqHjzN.png,@hiclasspizza,1983258,6478,0,13,1,0,0,False
justinbieber,https://www.instagram.com/p/B3a8QmmHQbB,1570674584,./imgs/B3a8QmmHQbB.png,Find me. I’m the only lit one with a headband,1423408,11029,0,45,10,0,0,False
justinbieber,https://www.instagram.com/p/B5G0DqYnyVK,1574294162,./imgs/B5G0DqYnyVK.png,nan,664042,2097,0,0,0,0,0,False
justinbieber,https://www.instagram.com/p/P3XLHLgvrE,1348289919,./imgs/P3XLHLgvrE.png,"""If I could take take away the pain and put a smile on your face, baby I would, baby I would"" - me",362596,12053,0,98,23,0,0,False
justinbieber,https://www.instagram.com/p/CEh-Zw6HGGN,1598827876,./imgs/CEh-Zw6HGGN.png,Mine @haileybieber,4114369,19961,0,18,2,0,0,False
justinbieber,https://www.instagram.com/p/B6do-TmH8JV,1577207587,./imgs/B6do-TmH8JV.png,#BIEBER2020 super-trailer on youtube now,2525802,78917,1,40,5,0,0,False
justinbieber,https://www.instagram.com/p/PxPyZBAviN,1348084720,./imgs/PxPyZBAviN.png,Im playing hide and go seek,238704,5022,0,27,6,0,0,False
justinbieber,https://www.instagram.com/p/BCZIlIkgvnD,1456797301,./imgs/BCZIlIkgvnD.png,nan,1456143,48060,0,0,0,0,0,True
justinbieber,https://www.instagram.com/p/rc1h2vAvtr,1407529407,./imgs/rc1h2vAvtr.png,shorty loves the way that i floss out,690639,27717,0,37,8,0,0,True
justinbieber,https://www.instagram.com/p/B7VYLO1HDL3,1579077828,./imgs/B7VYLO1HDL3.png,nan,424848,2145,0,0,0,0,0,False
justinbieber,https://www.instagram.com/p/R8W-mvgvun,1352752556,./imgs/R8W-mvgvun.png,Hidden,267147,3406,0,6,1,0,0,False
justinbieber,https://www.instagram.com/p/hh1uczAvrm,1386222446,./imgs/hh1uczAvrm.png,Gave my little buddy a pencil,1061964,32853,0,29,6,0,0,False
justinbieber,https://www.instagram.com/p/3HLYKAAvqO,1432572468,./imgs/3HLYKAAvqO.png,nan,864044,12382,0,0,0,0,0,True
justinbieber,https://www.instagram.com/p/d1BghOAvmq,1378276223,./imgs/d1BghOAvmq.png,Shahada poobear u are too funny,451717,4351,0,31,6,0,0,True
justinbieber,https://www.instagram.com/p/B26DzY8nUck,1569571243,./imgs/B26DzY8nUck.png,@nathangroff,1431957,6090,0,12,1,0,0,False
justinbieber,https://www.instagram.com/p/B481GD_nib3,1573959162,./imgs/B481GD_nib3.png,Win or lose I am ride or die @mapleleafs,379770,1723,0,40,9,0,0,False
justinbieber,https://www.instagram.com/p/8n5nwRgvvS,1444407873,./imgs/8n5nwRgvvS.png,#purpose #5weeks,571030,2673,2,16,2,0,0,False
justinbieber,https://www.instagram.com/p/-EaEq0gviJ,1447511895,./imgs/-EaEq0gviJ.png,#purpose,673691,5600,1,8,1,0,0,True
justinbieber,https://www.instagram.com/p/CJjb4_eH7w3,1609614309,./imgs/CJjb4_eH7w3.png,😋,7978317,32047,0,1,1,1,0,False
justinbieber,https://www.instagram.com/p/BD8Z_UugvsM,1460128317,./imgs/BD8Z_UugvsM.png,nan,1804715,31912,0,0,0,0,0,False
justinbieber,https://www.instagram.com/p/CFije1bnB3R,1600994800,./imgs/CFije1bnB3R.png,This is horrible. No justice smh,616342,5814,0,32,6,0,0,False
justinbieber,https://www.instagram.com/p/BTPJkuvjnGr,1492969500,./imgs/BTPJkuvjnGr.png,nan,1545977,15158,0,0,0,0,0,False
justinbieber,https://www.instagram.com/p/Zy1hWSgvi5,1369612894,./imgs/Zy1hWSgvi5.png,nan,712133,37779,0,0,0,0,0,False
justinbieber,https://www.instagram.com/p/2re8N0AvmJ,1431643201,./imgs/2re8N0AvmJ.png,Lol I died at the end my head literally hit the camera IOHAWK,1112174,49663,0,61,13,0,0,True
justinbieber,https://www.instagram.com/p/-zyY2YAvhd,1449101701,./imgs/-zyY2YAvhd.png,nan,1226815,13376,0,0,0,0,0,False
justinbieber,https://www.instagram.com/p/zNktAkAvnZ,1424197138,./imgs/zNktAkAvnZ.png,Happy birthday Ed !,1374518,50481,0,19,4,0,0,False
justinbieber,https://www.instagram.com/p/CMXcQnqHck5,1615654300,./imgs/CMXcQnqHck5.png,"Creating Atmospheres like this give me so much joy. LOVE YOU GUYS!!

📷: @rorykramer",1299905,2801,0,83,14,1,0,False
justinbieber,https://www.instagram.com/p/CQ1IseYH7BJ,1625240610,./imgs/CQ1IseYH7BJ.png,U know what this means 📷: @rorykramer,960252,4457,0,37,7,1,0,False
justinbieber,https://www.instagram.com/p/aebWLwgvgM,1371075567,./imgs/aebWLwgvgM.png,Sorry but I had to beat big bro @frandalaybay on 2K13... Who's next?,473475,12038,0,68,13,0,0,False
justinbieber,https://www.instagram.com/p/B4I71ninjlH,1572217867,./imgs/B4I71ninjlH.png,"Bonafide stallion, ain’t in no Stable no you stay on the run.",728726,3641,0,61,12,0,0,False
justinbieber,https://www.instagram.com/p/jtAHxKAviD,1390891962,./imgs/jtAHxKAviD.png,Blunt,725050,45430,0,5,1,0,0,True
justinbieber,https://www.instagram.com/p/CRxKWl-Hpy4,1627254745,./imgs/CRxKWl-Hpy4.png,📸: @josephjshaw,786059,2187,0,15,2,1,0,False
justinbieber,https://www.instagram.com/p/CO4NqPiHrj0,1621048909,./imgs/CO4NqPiHrj0.png,nan,2023029,18146,0,0,0,0,0,False
justinbieber,https://www.instagram.com/p/BDrOIfHgvuY,1459551676,./imgs/BDrOIfHgvuY.png,nan,1909586,22730,0,0,0,0,0,False
justinbieber,https://www.instagram.com/p/CMR_B-unyT8,1615471204,./imgs/CMR_B-unyT8.png,Dropping my second collab with @Crocs and @drewhouse on 3.16.21. You know I rock my Crocs with socks so this time they're included 🐊🧦 #JBxCrocs,1420661,7227,1,143,25,2,0,False
justinbieber,https://www.instagram.com/p/CEPsSKAnLa4,1598214397,./imgs/CEPsSKAnLa4.png,Happy Birthday Kobe 🙌 🌹🧸🎉✝️,1646363,4927,0,27,5,5,0,False
justinbieber,https://www.instagram.com/p/B8hMpJdH5fT,1581621918,./imgs/B8hMpJdH5fT.png,Watching the news I couldn’t imagine how scary it would be if a new disease was effecting my wife and my family and friends. China we stand with you as a collective humanity and have made a donation to support. Whether it be this or the fires of Australia we all need to be there for eachother. Shout out to my friend @kriswu for the conversation.,1466473,13330,0,347,66,0,0,False
justinbieber,https://www.instagram.com/p/01z70Tgvjm,1427694785,./imgs/01z70Tgvjm.png,Where are you nowwwwww,1058019,37910,0,22,4,0,0,True
justinbieber,https://www.instagram.com/p/CSpDi7HBmTJ,1629130248,./imgs/CSpDi7HBmTJ.png,“You were there for me when i was actin selfish and you prayed for me when i was out of faith”,1818282,14343,0,94,21,0,0,True
justinbieber,https://www.instagram.com/p/CNIWqAIHX1T,1617295529,./imgs/CNIWqAIHX1T.png,"Tapped in w @thekidlaroi 

📷: @rorykramer",1632892,6575,0,41,6,1,0,False
justinbieber,https://www.instagram.com/p/fEFEfdgvtF,1380928890,./imgs/fEFEfdgvtF.png,nan,659925,32108,0,0,0,0,0,False
justinbieber,https://www.instagram.com/p/CRRjcdyHe8g,1626194244,./imgs/CRRjcdyHe8g.png,🎥: @rorykramer  x @evanpaterakis,1009965,9709,0,32,4,1,0,True
justinbieber,https://www.instagram.com/p/CUqIUW0vbdj,1633461248,./imgs/CUqIUW0vbdj.png,@uno @drewhouse 📷: @joetermini,775866,1710,0,30,4,1,0,False
justinbieber,https://www.instagram.com/p/BEymn8EgvoQ,1461946881,./imgs/BEymn8EgvoQ.png,Spending the day listening to #views congrats drake you did it again...if you haven't got it yet go download #views,1399045,11566,2,115,20,0,0,False
justinbieber,https://www.instagram.com/p/BATuWuLAviB,1452320812,./imgs/BATuWuLAviB.png,nan,1160261,21465,0,0,0,0,0,True
justinbieber,https://www.instagram.com/p/Bu0VXDpHSxf,1552199252,./imgs/Bu0VXDpHSxf.png,Just wanted to keep you guys updated a little bit hopefully what I’m going through will resonate with you guys.  Been struggling a lot. Just feeling super disconnected and weird.. I always bounce back so I’m not worried just wanted to reach out and ask for your guys to pray for me. God is faithful and ur prayers really work thanks .. the most human season I’ve ever been in facing my stuff head on..,4806533,103569,0,401,75,0,0,False
justinbieber,https://www.instagram.com/p/WCpeDMgvps,1361553512,./imgs/WCpeDMgvps.png,No one can touch my kicks,654924,25529,0,25,6,0,0,False
justinbieber,https://www.instagram.com/p/RUZkahAvmf,1351411740,./imgs/RUZkahAvmf.png,nan,373873,7116,0,0,0,0,0,False
justinbieber,https://www.instagram.com/p/fVmWJ9Avi4,1381516762,./imgs/fVmWJ9Avi4.png,"Friends "" all that matters """,466227,12816,0,28,6,0,0,True
justinbieber,https://www.instagram.com/p/ahpsR,1324494583,./imgs/ahpsR.png,Who does that,117920,2936,0,13,3,0,0,False
justinbieber,https://www.instagram.com/p/S_DkYPAvlj,1354990527,./imgs/S_DkYPAvlj.png,@liltwist @beimaejor they can't catch us,442033,6003,0,40,6,0,0,False
justinbieber,https://www.instagram.com/p/8Y44D1gvhy,1443904166,./imgs/8Y44D1gvhy.png,Me and the champ @floydmayweather on an adventure (via @camcorderapp),761380,4821,0,69,10,0,0,True
justinbieber,https://www.instagram.com/p/Od042,1317229378,./imgs/Od042.png,Me and my Lil sis at waffle house,221000,6382,0,33,8,0,0,False
justinbieber,https://www.instagram.com/p/BAIfJw_Avs1,1451943743,./imgs/BAIfJw_Avs1.png,nan,2011036,30198,0,0,0,0,0,False
justinbieber,https://www.instagram.com/p/682YThAvs_,1440815849,./imgs/682YThAvs_.png,Dad @jeremybieber is why I love you. Can't stop watching this its so funny,534636,3107,0,74,14,0,0,True
justinbieber,https://www.instagram.com/p/CRhwef0HhQJ,1626737862,./imgs/CRhwef0HhQJ.png,@drewhouse @sterlsdooeemadeyogrillz,561149,1300,0,35,2,0,0,False
justinbieber,https://www.instagram.com/p/pHieo1gvsk,1402519809,./imgs/pHieo1gvsk.png,Me and my art piece from Kaws thanks @scooterbraun ;),1143070,27434,0,53,10,0,0,False
justinbieber,https://www.instagram.com/p/BY7YdgwDzqH,1505191118,./imgs/BY7YdgwDzqH.png,nan,1913886,102977,0,0,0,0,0,False
justinbieber,https://www.instagram.com/p/B9HgWrOHaqM,1582907321,./imgs/B9HgWrOHaqM.png,long flights!,1801649,4507,0,13,2,0,0,False
justinbieber,https://www.instagram.com/p/Bx8NdycHomq,1558905999,./imgs/Bx8NdycHomq.png,New nickname for her every day today she’s my goo goo ❤️,6120219,38617,0,56,12,1,0,False
justinbieber,https://www.instagram.com/p/CS9hugZHae6,1629817137,./imgs/CS9hugZHae6.png,nan,1349379,7292,0,0,0,0,0,False
justinbieber,https://www.instagram.com/p/l8MQddgvuK,1395696608,./imgs/l8MQddgvuK.png,"Love it when we're ""lovey dovey""",1036959,43716,0,32,6,0,0,False
justinbieber,https://www.instagram.com/p/BILzw4NhTd-,1469235082,./imgs/BILzw4NhTd-.png,Swirv sandwich,1679953,23508,0,14,2,0,0,False
justinbieber,https://www.instagram.com/p/BFpYQHVgvkm,1463784839,./imgs/BFpYQHVgvkm.png,nan,1753746,50951,0,0,0,0,0,False
justinbieber,https://www.instagram.com/p/BWzL7tODPxR,1500621147,./imgs/BWzL7tODPxR.png,Shoutout to the coolest kid on the planet,3084779,45933,0,41,8,0,0,False
justinbieber,https://www.instagram.com/p/BGVWXY1gvp4,1465260246,./imgs/BGVWXY1gvp4.png,Moms and k,1330503,14025,0,10,3,0,2,False
justinbieber,https://www.instagram.com/p/bvSJDhgviI,1373788649,./imgs/bvSJDhgviI.png,Thank you lord for my fans,758430,12232,0,26,6,0,0,False
justinbieber,https://www.instagram.com/p/COdUwh4nIPg,1620146697,./imgs/COdUwh4nIPg.png,Trying to find the pocket shoutout to my wife Hailey the ultimate hypewife,527554,3468,0,74,13,0,0,True
justinbieber,https://www.instagram.com/p/SzUtBHAvtq,1354596857,./imgs/SzUtBHAvtq.png,Ladies first,405702,7987,0,12,2,0,0,False
justinbieber,https://www.instagram.com/p/BD1uoSeAvqq,1459904258,./imgs/BD1uoSeAvqq.png,nan,1486072,16504,0,0,0,0,0,False
justinbieber,https://www.instagram.com/p/BwRGMlFHHg9,1555311864,./imgs/BwRGMlFHHg9.png,nan,4428669,15950,0,0,0,0,2,False
justinbieber,https://www.instagram.com/p/B3eNYxVnGEl,1570784256,./imgs/B3eNYxVnGEl.png,nan,471257,1639,0,0,0,0,0,True
justinbieber,https://www.instagram.com/p/BGqfxyYgvuK,1465969824,./imgs/BGqfxyYgvuK.png,nan,1264544,7720,0,0,0,0,0,False
justinbieber,https://www.instagram.com/p/BYbuIMcD9Ca,1504128736,./imgs/BYbuIMcD9Ca.png,So proud of his guy and his show he's launching  on MTV called #daretolive,3035925,41404,1,74,14,0,0,False
justinbieber,https://www.instagram.com/p/BYmMAP2Dj7M,1504479944,./imgs/BYmMAP2Dj7M.png,Shoutout tmills,1953983,64488,0,15,2,0,0,False
justinbieber,https://www.instagram.com/p/CRwombVHq3g,1627237049,./imgs/CRwombVHq3g.png,This was the moment I dusted @pinksweats in foosball lol 📸: @rorykramer,783302,3073,0,71,12,1,0,False
justinbieber,https://www.instagram.com/p/BBUUYbQgvtB,1454488233,./imgs/BBUUYbQgvtB.png,nan,1984562,82049,0,0,0,0,0,False
justinbieber,https://www.instagram.com/p/erdq2Rgvte,1380102927,./imgs/erdq2Rgvte.png,Funniest cry,511030,9507,0,12,2,0,0,True
justinbieber,https://www.instagram.com/p/JrUwN,1312792862,./imgs/JrUwN.png,Iceeeee,125761,2300,0,7,1,0,0,False
justinbieber,https://www.instagram.com/p/BU5gfq4D-CC,1496538287,./imgs/BU5gfq4D-CC.png,nan,2760893,24084,0,0,0,0,0,False
justinbieber,https://www.instagram.com/p/oXpSXngvs3,1400912765,./imgs/oXpSXngvs3.png,I'm not perfect but God is.,934450,13841,0,27,6,0,0,False
justinbieber,https://www.instagram.com/p/az28aPgvnj,1371794679,./imgs/az28aPgvnj.png,@maejorali @djtayjames crew,837686,17148,0,27,3,0,0,False
justinbieber,https://www.instagram.com/p/CVnyYwAv1To,1635530125,./imgs/CVnyYwAv1To.png,nan,849938,2634,0,0,0,0,0,False
justinbieber,https://www.instagram.com/p/6U8ZJGAvpj,1439476825,./imgs/6U8ZJGAvpj.png,What Do You Mean? Lol @meghan_trainor #15Days. Feel better Meghan,682625,4164,1,65,10,0,0,False
justinbieber,https://www.instagram.com/p/BALN_qzgvia,1452035411,./imgs/BALN_qzgvia.png,nan,1055644,11857,0,0,0,0,0,True
justinbieber,https://www.instagram.com/p/cQbVxMAvrP,1374900768,./imgs/cQbVxMAvrP.png,nan,838920,40164,0,0,0,0,0,False
justinbieber,https://www.instagram.com/p/B5d1cuSnvSB,1575066644,./imgs/B5d1cuSnvSB.png,Watching the prince of Egypt with my wife such nostalgia,2491725,11854,0,56,10,0,0,False
justinbieber,https://www.instagram.com/p/YCmaG,1323390624,./imgs/YCmaG.png,Obey your parents ,137906,2928,0,18,3,0,0,False
justinbieber,https://www.instagram.com/p/CUvMC1zP5HM,1633630974,./imgs/CUvMC1zP5HM.png,📷 :  @rorykramer,2806235,15313,0,16,3,1,0,False
justinbieber,https://www.instagram.com/p/-ZSVi7Avin,1448212482,./imgs/-ZSVi7Avin.png,Amas,1746003,48499,0,4,1,0,0,False
justinbieber,https://www.instagram.com/p/BRvddw1DRVd,1489758703,./imgs/BRvddw1DRVd.png,nan,2133799,19444,0,0,0,0,0,False
justinbieber,https://www.instagram.com/p/CHoR8TWHqEp,1605481898,./imgs/CHoR8TWHqEp.png,Hey you! Did you know that you are special? Did you know that when God see’s you he smiles? Be encouraged this Sunday knowing that you were designed for GREATNESS! You are forgiven and you are loved! Wow,2010241,14465,0,203,38,0,0,False
justinbieber,https://www.instagram.com/p/v5A2_Igvlc,1417064806,./imgs/v5A2_Igvlc.png,nan,1046550,43135,0,0,0,0,0,False
justinbieber,https://www.instagram.com/p/BEzDFEtAvtA,1461961800,./imgs/BEzDFEtAvtA.png,nan,1254535,13896,0,0,0,0,0,True
justinbieber,https://www.instagram.com/p/CE0LuZLHrkk,1599438840,./imgs/CE0LuZLHrkk.png,I came from a small town in Stratford Ontario Canada. I didn’t have material things and was never motivated by money or fame I just loved music. But as I became a teenager I let my insecurities and frustrations dictate what I put my value in. My values slowly started to change. Ego and power started to takeover and my relationships suffered because of it.  I truly desire healthy relationships. I want to be motivated by truth and love. I want to be aware of my blind spots and learn from them! I want to walk in the plans God has for me and not try and do it on my own! I want to give up my selfish desires daily so I can be a good husband and future dad! I’m grateful that I can walk with Jesus as he leads the way.,3726299,34380,0,719,144,0,0,False
justinbieber,https://www.instagram.com/p/5IU4KWAvgy,1436905970,./imgs/5IU4KWAvgy.png,Where r ü now that i need ü,1205849,23419,0,27,8,0,0,False
justinbieber,https://www.instagram.com/p/7h5ZPJgvgI,1442058944,./imgs/7h5ZPJgvgI.png,nan,1218198,13760,0,0,0,0,0,False
justinbieber,https://www.instagram.com/p/Bag3oplDp8s,1508596460,./imgs/Bag3oplDp8s.png,nan,3666765,118430,0,0,0,0,0,False
justinbieber,https://www.instagram.com/p/n2Eu8lgvgj,1399786305,./imgs/n2Eu8lgvgj.png,#lovethesupport #cougarfans #swirv,938397,11665,3,34,3,0,0,False
justinbieber,https://www.instagram.com/p/0vriLQAvqf,1427489054,./imgs/0vriLQAvqf.png,The kids gotta eat too,1451189,40434,0,22,5,0,1,False
justinbieber,https://www.instagram.com/p/hfoXQUgvgL,1386148331,./imgs/hfoXQUgvgL.png,Skate,713638,19015,0,5,1,0,0,True
justinbieber,https://www.instagram.com/p/--HhsvAvs-,1449448328,./imgs/--HhsvAvs-.png,Me and Dan compelled by the music,1282002,10880,0,33,7,0,1,False
justinbieber,https://www.instagram.com/p/luMnpSAvjD,1395227036,./imgs/luMnpSAvjD.png,Best music I've ever made ♛,775765,8926,0,27,6,0,0,False
justinbieber,https://www.instagram.com/p/BGCeb9WAvtD,1464626943,./imgs/BGCeb9WAvtD.png,nan,1083304,3961,0,0,0,0,0,False
justinbieber,https://www.instagram.com/p/CGTEdczHHid,1602622703,./imgs/CGTEdczHHid.png,"Whole crew is lounging, celebrating everyday no more public housing. - BIGGIE",2108102,12339,0,77,12,0,0,False
justinbieber,https://www.instagram.com/p/-Ef-biAvu3,1447514989,./imgs/-Ef-biAvu3.png,#purposethemovement #illshowyou,883409,14027,2,31,2,0,0,True
justinbieber,https://www.instagram.com/p/BE9JkiTgvtq,1462300747,./imgs/BE9JkiTgvtq.png,nan,1483049,18581,0,0,0,0,0,False
justinbieber,https://www.instagram.com/p/CWJlDM0htdX,1636663983,./imgs/CWJlDM0htdX.png,@drewhouse,617349,1377,0,10,1,0,0,False
justinbieber,https://www.instagram.com/p/BEwYDvtgvoV,1461872136,./imgs/BEwYDvtgvoV.png,Would love to talk about this because it's another moment to point to God. When I said on the 7th day it was a reference to say that on the 7th day he rested giving us a template and example letting us know how important rest is. People love to twist what was meant for good and maybe it was my fault by not explaining my thought correctly. You can think the worst about me but never ever want people to think I compare myself to The MOST HIGH,1156876,34689,0,443,89,0,0,False
justinbieber,https://www.instagram.com/p/BX2_K3XDZ7A,1502896157,./imgs/BX2_K3XDZ7A.png,nan,2445197,57457,0,0,0,0,0,False
justinbieber,https://www.instagram.com/p/CWCTXYPPbed,1636419830,./imgs/CWCTXYPPbed.png,📷: @rorykramer,1506999,5121,0,14,2,1,0,False
justinbieber,https://www.instagram.com/p/CA5trRhncZx,1591034478,./imgs/CA5trRhncZx.png,@dovneon,719026,3078,0,8,1,0,0,False
justinbieber,https://www.instagram.com/p/CAJ4ZREHzEa,1589429485,./imgs/CAJ4ZREHzEa.png,Limited number of #StuckwithU CDs signed by me and @arianagrande for 24 hours starting now. All proceeds to @1strcf shop.justinbiebermusic.com,640905,3533,1,142,20,0,0,False
justinbieber,https://www.instagram.com/p/YNeXO,1323475549,./imgs/YNeXO.png,Hola ,139041,3643,0,5,1,0,0,False
justinbieber,https://www.instagram.com/p/kGRZEbAvrS,1391739877,./imgs/kGRZEbAvrS.png,#turnt lol,794200,49469,1,10,2,0,0,True
justinbieber,https://www.instagram.com/p/BD_ctmjAvlk,1460230408,./imgs/BD_ctmjAvlk.png,nan,1332780,39483,0,0,0,0,0,True
justinbieber,https://www.instagram.com/p/m325kkgvkE,1397698677,./imgs/m325kkgvkE.png,Why are you so burnt @kylemassey,661301,21118,0,32,6,0,0,True
justinbieber,https://www.instagram.com/p/CKqZ8QFH12O,1611995652,./imgs/CKqZ8QFH12O.png,Love you boys @ldubzs @johnny @joshgudwin,971726,5976,0,41,6,0,0,False
justinbieber,https://www.instagram.com/p/8ygyrPgvlY,1444763954,./imgs/8ygyrPgvlY.png,Y'all better not come to my studio with that fake shit -drake (calm down it's just a drake line lol),999982,11556,0,100,20,0,0,False
justinbieber,https://www.instagram.com/p/CDnSHvVn633,1596858538,./imgs/CDnSHvVn633.png,🔥🔥🔥🔥🔥🔥🔥🔥🔥@mapleleafs,375618,1670,0,20,1,9,0,True
justinbieber,https://www.instagram.com/p/66GG_1AvpQ,1440723433,./imgs/66GG_1AvpQ.png,10 hours to go Worldwide! The amazing @britneyspears is excited! :) #whatdoyoumean u ready??? #1day #whatdoyoumean,776210,7010,3,114,16,0,0,False
justinbieber,https://www.instagram.com/p/hvWia1gvv7,1386675856,./imgs/hvWia1gvv7.png,Let's make #pray4philippines trend ;),822453,21821,1,37,5,0,0,True
justinbieber,https://www.instagram.com/p/BRlRpFoDFMy,1489416960,./imgs/BRlRpFoDFMy.png,nan,1838522,15042,0,0,0,0,0,False
justinbieber,https://www.instagram.com/p/4GX5_OgvjR,1434692966,./imgs/4GX5_OgvjR.png,Start with nothing leave with something #music,1433840,38187,1,46,7,0,0,False
justinbieber,https://www.instagram.com/p/BHwEFkeBtkI,1468304116,./imgs/BHwEFkeBtkI.png,nan,1558955,16303,0,0,0,0,0,False
justinbieber,https://www.instagram.com/p/sIp4ijAvhu,1408999696,./imgs/sIp4ijAvhu.png,(via @shots),906463,12046,0,12,2,0,0,False
justinbieber,https://www.instagram.com/p/I1S2N,1311982444,./imgs/I1S2N.png,nan,181034,6102,0,0,0,0,0,False
justinbieber,https://www.instagram.com/p/aHtqghAviQ,1370313418,./imgs/aHtqghAviQ.png,Game 7,642133,13752,0,6,2,0,0,False
justinbieber,https://www.instagram.com/p/CH3gpY8HdPr,1605992938,./imgs/CH3gpY8HdPr.png,@churchome,289881,1553,0,10,1,0,0,True
justinbieber,https://www.instagram.com/p/CFZ9wy2HRLX,1600706588,./imgs/CFZ9wy2HRLX.png,Cross tween tween,1232299,5748,0,17,3,0,0,False
justinbieber,https://www.instagram.com/p/BTt5H5Qj0EW,1494001063,./imgs/BTt5H5Qj0EW.png,nan,2381809,47568,0,0,0,0,0,True
justinbieber,https://www.instagram.com/p/iXobLFAvsS,1388027411,./imgs/iXobLFAvsS.png,Snowy christmas,1010635,28552,0,15,2,0,0,False
justinbieber,https://www.instagram.com/p/CG8K2moH_d7,1604001786,./imgs/CG8K2moH_d7.png,Tomorrow #JBNextChapter @youtube,1180840,8344,1,32,3,0,0,False
justinbieber,https://www.instagram.com/p/WNUnkmgvqt,1361911679,./imgs/WNUnkmgvqt.png,Chillin in London with the boys @ryanbutler and @coreyg650,669591,15521,0,58,9,0,0,False
justinbieber,https://www.instagram.com/p/B1pMsgIHQAz,1566857996,./imgs/B1pMsgIHQAz.png,🔥🔥🔥🔥🔥,2705012,25220,0,5,1,5,0,False
justinbieber,https://www.instagram.com/p/BENH7ctAvqN,1460689274,./imgs/BENH7ctAvqN.png,nan,1538656,19593,0,0,0,0,0,False
justinbieber,https://www.instagram.com/p/CKzIn9PnVoG,1612288562,./imgs/CKzIn9PnVoG.png,"Good morning beautiful people, today is new day, a fresh start. Let’s create together, laugh together, cry together, sing together, dance together. Life is worth living even when it feels uncertain and even tho COVID ruined our plans. God is in control and he is obsessed with everything about us",1203645,7821,0,296,50,0,0,False
justinbieber,https://www.instagram.com/p/9czl9qAvpK,1446183097,./imgs/9czl9qAvpK.png,you're a great interviewer diego @awkwardpuppets @camcorderapp #deletedscene,800279,9860,1,76,8,0,0,True
justinbieber,https://www.instagram.com/p/dbOOx8AvqW,1377410478,./imgs/dbOOx8AvqW.png,Back in the studio,1061558,72597,0,18,4,0,0,False
justinbieber,https://www.instagram.com/p/BU9ZvtyDpe9,1496668966,./imgs/BU9ZvtyDpe9.png,nan,2573437,49050,0,0,0,0,0,False
justinbieber,https://www.instagram.com/p/PmqkO,1318171142,./imgs/PmqkO.png,I think I'm gonna go golfing today.,110626,1359,0,35,7,0,0,False
justinbieber,https://www.instagram.com/p/_N3UVegvsJ,1449976701,./imgs/_N3UVegvsJ.png,Playing poker with sour patch kids,1581665,25423,0,34,6,0,0,False
justinbieber,https://www.instagram.com/p/2SG41aAvl-,1430791729,./imgs/2SG41aAvl-.png,Me and the queen,1321055,38659,0,16,4,0,0,False
justinbieber,https://www.instagram.com/p/CLe3ZXfHErv,1613755925,./imgs/CLe3ZXfHErv.png,"I know a lot of people feel like God is too far away, or he doesnt have time for us, or that he is angry with us. I dont believe that is true. I believe he is a forgiving gracious God that welcomes us back in to his arms every time we mess up.",509653,5199,0,243,54,0,0,False
justinbieber,https://www.instagram.com/p/VKNe4Vgvjr,1359659791,./imgs/VKNe4Vgvjr.png,What do u think,379954,9937,0,15,4,0,0,False
justinbieber,https://www.instagram.com/p/B4snvIdnpH1,1573415287,./imgs/B4snvIdnpH1.png,BAY BIEBER,2306256,8597,0,10,2,0,0,False
justinbieber,https://www.instagram.com/p/COQGubwnpPW,1619703107,./imgs/COQGubwnpPW.png,Is is unreal @austonmatthews,461247,2097,0,28,4,0,0,True
justinbieber,https://www.instagram.com/p/q0Nl3ZgvlO,1406166291,./imgs/q0Nl3ZgvlO.png,nan,615551,25610,0,0,0,0,0,True
justinbieber,https://www.instagram.com/p/BFpr59_AvpM,1463795144,./imgs/BFpr59_AvpM.png,🇧🇷,1492790,94989,0,2,1,0,0,False
justinbieber,https://www.instagram.com/p/SqRcZ,1320388661,./imgs/SqRcZ.png,@jadensmith that new swag hat son,163931,3531,0,33,6,0,0,False
justinbieber,https://www.instagram.com/p/fP-W76Avks,1381328025,./imgs/fP-W76Avks.png,nan,805837,20459,0,0,0,0,0,False
justinbieber,https://www.instagram.com/p/8n5DzDAvtu,1444407578,./imgs/8n5DzDAvtu.png,#purpose #5weeks,699999,6893,2,16,2,0,0,False
justinbieber,https://www.instagram.com/p/-khn54gvtU,1448589595,./imgs/-khn54gvtU.png,6am this morning,1079888,5965,0,16,3,0,0,False
justinbieber,https://www.instagram.com/p/B8j0Ho7nCiF,1581709724,./imgs/B8j0Ho7nCiF.png,#CHANGES TOUR ON SALE NOW 😁. Happy Valentine’s Day. @kehlani @c.syresmith . Tickets at https://www.justinbiebermusic.com/,636414,4128,1,121,15,1,0,False
justinbieber,https://www.instagram.com/p/aV46j,1324413465,./imgs/aV46j.png,Does this kid really think he can jack our swaghats and get away without consequences @officialjaden ? Nope,136879,2103,0,107,18,0,0,False
justinbieber,https://www.instagram.com/p/CJU7WN3H1vJ,1609127485,./imgs/CJU7WN3H1vJ.png,Feeling so blessed for this opportunity to perform this New Years. Excited to celebrate with you all www.Justinbiebernye.com 📷:@rorykramer,2208466,10017,0,138,19,1,0,False
justinbieber,https://www.instagram.com/p/B9kYv0BnjmZ,1583876667,./imgs/B9kYv0BnjmZ.png,nan,302827,1251,0,0,0,0,0,True
justinbieber,https://www.instagram.com/p/n7ZRUWAvmX,1399964844,./imgs/n7ZRUWAvmX.png,It's official me and @selfmaderyan are partners! #WestCoastCustoms,1040716,21652,1,66,8,0,0,False
justinbieber,https://www.instagram.com/p/CKZeHaEnhzO,1611427415,./imgs/CKZeHaEnhzO.png,"Would not be the man I am today without this man right here @ryangood24 .. thank you for being my brother and my best friend. 
📷: @rorykramer",1502973,4831,0,141,27,1,0,False
justinbieber,https://www.instagram.com/p/B3SyVj9nKqD,1570400946,./imgs/B3SyVj9nKqD.png,1989 italian comics @drewhouse,696518,1757,0,30,4,0,0,False
justinbieber,https://www.instagram.com/p/b0E4ZPAvu6,1373949469,./imgs/b0E4ZPAvu6.png,Is that 2chainz or @ryanbutler #hahaturnup,629638,10345,1,42,6,0,0,False
justinbieber,https://www.instagram.com/p/BaXOtKajG6D,1508273011,./imgs/BaXOtKajG6D.png,nan,4118302,136490,0,0,0,0,0,False
justinbieber,https://www.instagram.com/p/qkk5PfAvsO,1405641637,./imgs/qkk5PfAvsO.png,Pushin it,774459,7771,0,9,2,0,0,False
justinbieber,https://www.instagram.com/p/B-zmrkBnAPN,1586534540,./imgs/B-zmrkBnAPN.png,Habitual nature video up on my youtube,853638,10906,0,38,7,0,0,True
justinbieber,https://www.instagram.com/p/BYKLPZyj9RH,1503540020,./imgs/BYKLPZyj9RH.png,nan,1698923,44123,0,0,0,0,0,True
justinbieber,https://www.instagram.com/p/BUcYViXjqYH,1495560931,./imgs/BUcYViXjqYH.png,nan,2972133,81670,0,0,0,0,0,False
justinbieber,https://www.instagram.com/p/CR1zCBEnFq6,1627410290,./imgs/CR1zCBEnFq6.png,The boys and them pulled up. 📷: @rorykramer,730422,2227,0,43,8,1,0,False
justinbieber,https://www.instagram.com/p/CXatgVBoFeQ,1639386325,./imgs/CXatgVBoFeQ.png,LOVE MY FAMILY. 📷: @rorykramer,974980,3388,0,30,5,1,0,False
justinbieber,https://www.instagram.com/p/je6XyRAvrg,1390419185,./imgs/je6XyRAvrg.png,This is how I get to enjoy the beach. :(,907100,69554,0,40,10,0,0,False
justinbieber,https://www.instagram.com/p/B6v2dzfnTyW,1577818640,./imgs/B6v2dzfnTyW.png,Check out the trailer on youtube nowww,1705980,5111,0,38,7,0,0,False
justinbieber,https://www.instagram.com/p/B8hnfKwn1bR,1581635992,./imgs/B8hnfKwn1bR.png,"Thank you Jesus for your forgiveness! Thank you Jesus that when I was lost you found me, thank you that you brought be from death to life! Thank you that once I was blind but now I see! Thank you for giving your life up on the cross so that I could have ETERNAL LIFE!  TRUE LIFE on earth and life ABUNDANTLY! Thank you for the promises you have for me! Thank you that I am protected from the hidden traps of my enemy!! I am honored to serve you all the days of my life!",1165744,14992,0,469,96,0,0,False
justinbieber,https://www.instagram.com/p/sAlTCqgvoU,1408728856,./imgs/sAlTCqgvoU.png,nan,1168597,38237,0,0,0,0,0,False
justinbieber,https://www.instagram.com/p/-Pbok6gvpr,1447881812,./imgs/-Pbok6gvpr.png,Love yourself,981247,32650,0,13,2,0,0,True
justinbieber,https://www.instagram.com/p/CO8258vHedR,1621204751,./imgs/CO8258vHedR.png,📷: @rorykramer,556075,1356,0,14,2,1,0,False
justinbieber,https://www.instagram.com/p/CFQ4-MYHKSL,1600402123,./imgs/CFQ4-MYHKSL.png,#HOLY out now with @chancetherapper. The new era begins. We made a movie @colinseyes @ryandestiny @wilmervalderrama,1490336,25848,1,115,16,0,0,True
justinbieber,https://www.instagram.com/p/B38oJO5nhKt,1571804888,./imgs/B38oJO5nhKt.png,📸: @Burakdogansoysal seen on @natureismetal account..,2287734,50013,0,53,6,1,0,False
justinbieber,https://www.instagram.com/p/BC6xDANgvpf,1457925814,./imgs/BC6xDANgvpf.png,Let's go Portland,2380330,112014,0,17,3,0,0,False
justinbieber,https://www.instagram.com/p/YNdYi,1323475454,./imgs/YNdYi.png,@officialjaden sup bro,113891,1709,0,22,3,0,0,False
justinbieber,https://www.instagram.com/p/CJMHd3MHtbh,1608831849,./imgs/CJMHd3MHtbh.png,This life is a rollercoaster. All of the ups and downs can seem to leave us unsettled. Often times because bad things have happened in our lives we live with an expectation that things are just gonna go sour on us. What if we switched our mindset from expecting the worst to expecting the best. What if this holiday and year we decide to look for the wonder that is all around us. Say things like “man it sucks this happened but at least i have ______. Gratitude and hopefulness are two things i’m going to get myself for christmas.,3342079,25044,0,532,100,0,0,False
justinbieber,https://www.instagram.com/p/B6l74PwHtC8,1577485934,./imgs/B6l74PwHtC8.png,We're making a a change one lid at a time. Thanks @timhortons,821743,7271,0,61,12,0,0,False
justinbieber,https://www.instagram.com/p/6bFz2qgvhe,1439683089,./imgs/6bFz2qgvhe.png,Thanks @austinmahone 13 days,953247,19678,0,28,4,0,0,False
justinbieber,https://www.instagram.com/p/BQ85m4qDYJ2,1488062182,./imgs/BQ85m4qDYJ2.png,nan,3853266,118985,0,0,0,0,0,False
justinbieber,https://www.instagram.com/p/BV3N7WIj00A,1498608927,./imgs/BV3N7WIj00A.png,nan,1871627,56087,0,0,0,0,0,True
justinbieber,https://www.instagram.com/p/CEtA6uinYng,1599198316,./imgs/CEtA6uinYng.png,@champagnepapi anytime. @djkhaled #POPSTAR video out now,3477724,45586,1,56,7,0,0,True
justinbieber,https://www.instagram.com/p/B5WRACPHjWA,1574812653,./imgs/B5WRACPHjWA.png,@jadellebh got the ice on lock,760544,3197,0,30,6,0,1,False
justinbieber,https://www.instagram.com/p/BDJtczTgvrR,1458427244,./imgs/BDJtczTgvrR.png,nan,1341390,17481,0,0,0,0,0,True
justinbieber,https://www.instagram.com/p/B6oC7i7HMj-,1577556740,./imgs/B6oC7i7HMj-.png,December 31 noon ... January 3... #2020,662892,3019,1,39,7,0,0,False
justinbieber,https://www.instagram.com/p/BHNeydthoMp,1467143710,./imgs/BHNeydthoMp.png,The face you make when you play a stand up bass,1355512,23139,0,47,11,0,0,False
justinbieber,https://www.instagram.com/p/qncYlogvs2,1405737839,./imgs/qncYlogvs2.png,nan,822981,13275,0,0,0,0,0,False
justinbieber,https://www.instagram.com/p/BCyqKBWAvpR,1457653766,./imgs/BCyqKBWAvpR.png,nan,1399681,13443,0,0,0,0,0,False
justinbieber,https://www.instagram.com/p/_kZnebAvmr,1450732881,./imgs/_kZnebAvmr.png,Merry Christmas,1731241,40934,0,15,2,0,0,False
justinbieber,https://www.instagram.com/p/BH8mYT-BOuI,1468724748,./imgs/BH8mYT-BOuI.png,nan,1793990,29461,0,0,0,0,0,False
justinbieber,https://www.instagram.com/p/CHwoPesHI51,1605762025,./imgs/CHwoPesHI51.png,nan,1770806,10191,0,0,0,0,0,False
justinbieber,https://www.instagram.com/p/CKhzTb7H7a7,1611706959,./imgs/CKhzTb7H7a7.png,📷: @rorykramer,1310438,5570,0,14,2,1,0,False
justinbieber,https://www.instagram.com/p/WVvISegvqo,1362194014,./imgs/WVvISegvqo.png,nan,627763,35042,0,0,0,0,0,False
justinbieber,https://www.instagram.com/p/BTSUPZ5j9hN,1493075756,./imgs/BTSUPZ5j9hN.png,Friday,1380730,28323,0,6,1,0,0,False
justinbieber,https://www.instagram.com/p/J0WJj,1312938935,./imgs/J0WJj.png,Scooters ginger ale comin soon,117774,1165,0,30,5,0,0,False
justinbieber,https://www.instagram.com/p/BzWrPOKn1vC,1561941507,./imgs/BzWrPOKn1vC.png,Roman crushing it,2005584,16234,0,17,3,0,0,False
justinbieber,https://www.instagram.com/p/BR5gNmOjsjS,1490095688,./imgs/BR5gNmOjsjS.png,nan,1942497,35468,0,0,0,0,0,True
justinbieber,https://www.instagram.com/p/CFF4O-InDPS,1600032642,./imgs/CFF4O-InDPS.png,2 years today @haileybieber .. xoxo 😘,3111617,15784,0,37,7,1,0,True
justinbieber,https://www.instagram.com/p/rD1rPIgvpo,1406690623,./imgs/rD1rPIgvpo.png,Me and @richie_akiva switched hats ♛,845974,13572,0,36,6,0,0,False
justinbieber,https://www.instagram.com/p/bvSn4nAvig,1373788902,./imgs/bvSn4nAvig.png,#justinbieberfans,720621,9126,1,17,1,0,0,False
justinbieber,https://www.instagram.com/p/B3Q8vioHLpr,1570339293,./imgs/B3Q8vioHLpr.png,I don’t know why you looked superimposed in this photo but u do.. anyways I love you @poobear,573697,1279,0,93,18,0,0,False
justinbieber,https://www.instagram.com/p/PcEfCEAvo_,1347374151,./imgs/PcEfCEAvo_.png,Loo how many people showed up for my show lol Jk,231640,3906,0,48,11,0,0,False
justinbieber,https://www.instagram.com/p/Ca2iDkiD08c,1646762361,./imgs/Ca2iDkiD08c.png,Take me as I am 🎥: @evanpaterakis,458751,6024,0,33,7,1,0,True
justinbieber,https://www.instagram.com/p/BSOHxppjBC5,1490787519,./imgs/BSOHxppjBC5.png,nan,3701256,176618,0,0,0,0,0,False
justinbieber,https://www.instagram.com/p/B-M7Jemna9e,1585236753,./imgs/B-M7Jemna9e.png,nan,350609,2940,0,0,0,0,0,True
justinbieber,https://www.instagram.com/p/Yeb_N,1323577992,./imgs/Yeb_N.png,Look at my pet,111846,1948,0,14,4,0,0,False
justinbieber,https://www.instagram.com/p/BEeNoMKgvkM,1461262687,./imgs/BEeNoMKgvkM.png,No words can describe my gratitude,1486083,52326,0,34,6,0,0,False
justinbieber,https://www.instagram.com/p/7B3f22Avvh,1440984208,./imgs/7B3f22Avvh.png,The #whatdoyoumean music video goes live right after the #vmas. Enjoy the show,841775,26090,2,78,13,0,0,True
justinbieber,https://www.instagram.com/p/BHiWSp3BmcM,1467843898,./imgs/BHiWSp3BmcM.png,#wetheband,787415,3246,1,10,1,0,0,True
justinbieber,https://www.instagram.com/p/B-5m9zHHYty,1586735993,./imgs/B-5m9zHHYty.png,Love u babe,2996683,13844,0,11,3,0,0,False
justinbieber,https://www.instagram.com/p/lrnYpsAvuT,1395140406,./imgs/lrnYpsAvuT.png,Catch me if you can ♛,944507,18645,0,21,6,0,0,False
justinbieber,https://www.instagram.com/p/B4I0Du0nQ11,1572213788,./imgs/B4I0Du0nQ11.png,Home sweet home!,897393,4086,0,16,3,0,0,False
justinbieber,https://www.instagram.com/p/h-uXJ_Avm9,1387191663,./imgs/h-uXJ_Avm9.png,♛,729761,13734,0,1,1,0,0,False
justinbieber,https://www.instagram.com/p/B9UcrP0HzpS,1583341600,./imgs/B9UcrP0HzpS.png,#changesthemovement continues. #comearoundme . Thank you to the entire dance community,558954,2318,2,86,11,0,0,False
justinbieber,https://www.instagram.com/p/o1wsYzAvnN,1401923281,./imgs/o1wsYzAvnN.png,nan,720168,37642,0,0,0,0,0,False
justinbieber,https://www.instagram.com/p/BVYqx6wDckg,1497583867,./imgs/BVYqx6wDckg.png,"I look back at a lot of things in my life, mistakes, insecurities, and although I have felt I've wasted a lot of time it also makes me want to be better faster! For me personally I want to work everyday to be BETTER AT 70",2009233,31738,0,221,46,0,0,False
justinbieber,https://www.instagram.com/p/62e1EVAvge,1440602175,./imgs/62e1EVAvge.png,What Do You Mean? @flagaline #2days,691790,2742,1,35,6,0,0,False
justinbieber,https://www.instagram.com/p/BUxv6ypjvTL,1496277938,./imgs/BUxv6ypjvTL.png,nan,1369346,16201,0,0,0,0,0,False
justinbieber,https://www.instagram.com/p/gfRk7Hgvm5,1383988901,./imgs/gfRk7Hgvm5.png,Love u lil buddy,782180,10446,0,16,4,0,0,False
justinbieber,https://www.instagram.com/p/x2NdqZAvsQ,1421265718,./imgs/x2NdqZAvsQ.png,Photoshop lol,1765815,148801,0,13,2,0,0,False
justinbieber,https://www.instagram.com/p/CIG6jfanBnF,1606509823,./imgs/CIG6jfanBnF.png,🥰🥰 @c.syresmith and @caradelevingne 🔥🔥,1184104,6101,0,38,5,4,0,False
justinbieber,https://www.instagram.com/p/v-ghffAvpp,1417249179,./imgs/v-ghffAvpp.png,Gonna miss u Laura 😩 but more so your breakfast #kidding #maybe,1185919,40043,2,63,12,1,0,False
justinbieber,https://www.instagram.com/p/VsKIUdgvhM,1360798884,./imgs/VsKIUdgvhM.png,Me and jaxo,719645,16543,0,11,3,0,0,False
justinbieber,https://www.instagram.com/p/CUs325KBd7u,1633553302,./imgs/CUs325KBd7u.png,@uno @drewhouse,459911,2564,0,15,2,0,0,True
justinbieber,https://www.instagram.com/p/91sOaQgvl0,1447018095,./imgs/91sOaQgvl0.png,#preorderPURPOSE,992030,7546,1,16,1,0,0,False
justinbieber,https://www.instagram.com/p/aWzrJ,1324418766,./imgs/aWzrJ.png,I met the old justin today. He was a real prick,255648,12288,0,47,11,0,0,False
justinbieber,https://www.instagram.com/p/7HNWcYgvpF,1441163437,./imgs/7HNWcYgvpF.png,nan,1225107,11458,0,0,0,0,0,False
justinbieber,https://www.instagram.com/p/BVutGLMjRKr,1498323279,./imgs/BVutGLMjRKr.png,@Jerrylorenzo,1189731,8532,0,13,1,0,0,False
justinbieber,https://www.instagram.com/p/6iGxDbAvj7,1439918471,./imgs/6iGxDbAvj7.png,They know. Big news on @todayshow. #10days #whatdoyoumean? Also #WhereAreUNowVMA,663798,27406,3,80,10,0,0,True
justinbieber,https://www.instagram.com/p/okS20Dgvur,1401337213,./imgs/okS20Dgvur.png,Thanks Sheckler for having me and kalfanzo sk8 at ur park ♛,1114052,18573,0,59,12,0,0,False
justinbieber,https://www.instagram.com/p/BkIQqtIjQmE,1529245560,./imgs/BkIQqtIjQmE.png,nan,4505011,58015,0,0,0,0,0,False
justinbieber,https://www.instagram.com/p/sI9zb9gvgN,1409010140,./imgs/sI9zb9gvgN.png,All I see is the top,814923,7116,0,20,6,0,0,False
justinbieber,https://www.instagram.com/p/trsMbkAviF,1412322796,./imgs/trsMbkAviF.png,Til next time Paris,1100567,18555,0,19,4,0,0,False
justinbieber,https://www.instagram.com/p/1Tf4rFgvqD,1428690906,./imgs/1Tf4rFgvqD.png,nan,1227970,38473,0,0,0,0,0,False
justinbieber,https://www.instagram.com/p/B6_NWBNH3gH,1578334188,./imgs/B6_NWBNH3gH.png,@scooterbraun Love these. #yummy,677029,5079,1,32,4,0,0,True
justinbieber,https://www.instagram.com/p/a4qGSQgvjN,1371955716,./imgs/a4qGSQgvjN.png,And iiiiiii will always love u @scooterbraun bromance is okay,940784,75324,0,61,10,0,0,True
justinbieber,https://www.instagram.com/p/5z9aIAAvpO,1438370061,./imgs/5z9aIAAvpO.png,What Do You Mean? James Corden #28Days,692909,9177,1,38,7,0,0,True
justinbieber,https://www.instagram.com/p/RlgBPdgvoB,1351985545,./imgs/RlgBPdgvoB.png,nan,403139,13179,0,0,0,0,0,False
justinbieber,https://www.instagram.com/p/4GWMQIAvhy,1434692067,./imgs/4GWMQIAvhy.png,Boys are back in town,1115407,12050,0,21,5,0,0,False
justinbieber,https://www.instagram.com/p/CUF9PoYvnMg,1632247483,./imgs/CUF9PoYvnMg.png,📸: @rorykramer,3204691,11134,0,14,2,1,0,False
justinbieber,https://www.instagram.com/p/CPD5ng1nrDh,1621441054,./imgs/CPD5ng1nrDh.png,"My beautiful GodDaughter Jiselle and Godson lil Jas.. i love you two so much, so lucky to be in your life!",3053824,12241,0,106,21,0,0,False
justinbieber,https://www.instagram.com/p/CLM2UcDHM51,1613151380,./imgs/CLM2UcDHM51.png,"@simplegospel

📷: @rorykramer",596492,1562,0,29,3,1,0,False
justinbieber,https://www.instagram.com/p/9LaxCNgvnl,1445599656,./imgs/9LaxCNgvnl.png,nan,785213,9408,0,0,0,0,0,False
justinbieber,https://www.instagram.com/p/BzXhDU5n3A0,1561969756,./imgs/BzXhDU5n3A0.png,nan,1050347,18788,0,0,0,0,0,True
justinbieber,https://www.instagram.com/p/B5OWF3HnnMi,1574546887,./imgs/B5OWF3HnnMi.png,FIT GAME STRONG,1908998,8411,0,15,3,0,0,False
justinbieber,https://www.instagram.com/p/CaQLvyjvDy8,1645475533,./imgs/CaQLvyjvDy8.png,📷: @rorykramer,1204586,6233,0,14,2,1,0,False
justinbieber,https://www.instagram.com/p/n4UpJpgvoi,1399861755,./imgs/n4UpJpgvoi.png,"My mom has taught me how to love, forgive and believe. She is my everything ♛",1611385,35744,0,77,16,0,0,False
justinbieber,https://www.instagram.com/p/CDK4JvRncVL,1595905363,./imgs/CDK4JvRncVL.png,Like this photo if you want the changes bear hoodie,904087,6072,0,51,10,0,0,False
justinbieber,https://www.instagram.com/p/8QEwiGAvmq,1443608406,./imgs/8QEwiGAvmq.png,Me And @rorykramer,1134192,16502,0,18,3,0,0,False
justinbieber,https://www.instagram.com/p/qfWosDAvkS,1405466389,./imgs/qfWosDAvkS.png,Kill or be killed #easymoneysniper @theworldshero,774671,8092,1,49,6,0,0,False
justinbieber,https://www.instagram.com/p/BFpyRTqgvk_,1463798481,./imgs/BFpyRTqgvk_.png,My friend @madisonbeer has a bigger nose than me who agrees,1052985,22528,0,59,11,0,0,True
justinbieber,https://www.instagram.com/p/tdyqHuAvlc,1411856423,./imgs/tdyqHuAvlc.png,nan,1202760,29589,0,0,0,0,0,False
justinbieber,https://www.instagram.com/p/-pgS47gvkj,1448756671,./imgs/-pgS47gvkj.png,nan,1600917,21449,0,0,0,0,0,False
justinbieber,https://www.instagram.com/p/vTQbmnAvgp,1415797902,./imgs/vTQbmnAvgp.png,Cute little coffee cup,737983,29542,0,22,4,0,0,True
justinbieber,https://www.instagram.com/p/-JwVA2Avux,1447691335,./imgs/-JwVA2Avux.png,Favorite song? #PURPOSE,1084508,110506,1,23,3,0,0,False
justinbieber,https://www.instagram.com/p/UdGbAwgvv3,1358146140,./imgs/UdGbAwgvv3.png,Pizza and murder solving shows,433515,15169,0,30,5,0,0,False
justinbieber,https://www.instagram.com/p/zmKotmgvqJ,1425022332,./imgs/zmKotmgvqJ.png,nan,1336756,201146,0,0,0,0,0,False
justinbieber,https://www.instagram.com/p/nKnbLRgvsc,1398328098,./imgs/nKnbLRgvsc.png,Harajuku,1050560,25098,0,8,1,0,0,False
justinbieber,https://www.instagram.com/p/-Ay_sSAvko,1447390744,./imgs/-Ay_sSAvko.png,#PURPOSE now on @spotify worldwide,583222,4906,1,34,5,0,0,False
justinbieber,https://www.instagram.com/p/CDu7IoOnmKC,1597114887,./imgs/CDu7IoOnmKC.png,Love you @baybieber,825631,3398,0,19,3,0,0,False
justinbieber,https://www.instagram.com/p/B_QXuG5nsB8,1587499752,./imgs/B_QXuG5nsB8.png,This is good stuff thanks @richwilkersonjr,669882,9014,0,42,6,0,1,False
justinbieber,https://www.instagram.com/p/BIFBwQEhvEk,1469007536,./imgs/BIFBwQEhvEk.png,Love you brother man,1577117,10619,0,20,4,0,1,False
justinbieber,https://www.instagram.com/p/BR1rZTujAWy,1489967333,./imgs/BR1rZTujAWy.png,Billy Madison,2324735,19590,0,13,2,0,0,False
justinbieber,https://www.instagram.com/p/qfbSkvAvrm,1405468830,./imgs/qfbSkvAvrm.png,nope lmao (via @shots),904224,17360,0,22,4,0,0,False
justinbieber,https://www.instagram.com/p/R4FMIFgvvW,1352609012,./imgs/R4FMIFgvvW.png,Night,528987,24562,0,5,1,0,0,False
justinbieber,https://www.instagram.com/p/ROErLjAvs_,1351199456,./imgs/ROErLjAvs_.png,#throwbackthursday,524314,19338,1,18,1,0,0,False
justinbieber,https://www.instagram.com/p/CQtXBdXHnyP,1624979687,./imgs/CQtXBdXHnyP.png,nan,1514156,8016,0,0,0,0,0,False
justinbieber,https://www.instagram.com/p/TlzIJ-Avsm,1356290530,./imgs/TlzIJ-Avsm.png,nan,572500,21020,0,0,0,0,0,False
justinbieber,https://www.instagram.com/p/CQL1SQAnnDZ,1623854702,./imgs/CQL1SQAnnDZ.png,@champagnepapi @chromeheartsofficial 📷: @rorykramer,1281933,7803,0,51,4,1,0,False
justinbieber,https://www.instagram.com/p/BAeJBlfgvsT,1452670339,./imgs/BAeJBlfgvsT.png,nan,1335889,6662,0,0,0,0,0,False
justinbieber,https://www.instagram.com/p/VzYYJzgvns,1361041235,./imgs/VzYYJzgvns.png,"Put my bro to sleep (with a chokehold) last night,  JK he fell asleep in my arms but sometimes big bros gotta put their Lil bros in headlocks",808146,36044,0,141,28,0,0,False
justinbieber,https://www.instagram.com/p/4NgG8CAvgx,1434932147,./imgs/4NgG8CAvgx.png,Hands up @kaskade it was a pleasure sharing the stage with u,922914,4701,0,60,12,0,0,False
justinbieber,https://www.instagram.com/p/B22RjccnqNk,1569444234,./imgs/B22RjccnqNk.png,@goldteethgod,2405235,19079,0,13,1,0,0,False
justinbieber,https://www.instagram.com/p/BVF6Ko7DMuO,1496954399,./imgs/BVF6Ko7DMuO.png,#2U tomorrow @jastookes,1046902,7499,1,23,3,0,0,True
justinbieber,https://www.instagram.com/p/MYlzb,1315362395,./imgs/MYlzb.png,2pacs back,139629,2268,0,10,2,0,0,False
justinbieber,https://www.instagram.com/p/CF8OXFin1Yd,1601856141,./imgs/CF8OXFin1Yd.png,"My ❤️
📷: @490tx",5630801,16909,0,15,4,2,1,False
justinbieber,https://www.instagram.com/p/_47RRAgvoI,1451421614,./imgs/_47RRAgvoI.png,I love you with all of my heart pops,1814328,30083,0,36,9,0,1,False
justinbieber,https://www.instagram.com/p/rSODvEAvg2,1407173168,./imgs/rSODvEAvg2.png,nan,990943,29593,0,0,0,0,0,False
justinbieber,https://www.instagram.com/p/5AC7PGgvna,1436628123,./imgs/5AC7PGgvna.png,Hey I Deleted the photo of my butt on Instagram not because I thought it was bad but someone close to me's daughter follows me and she was embarrassed that she saw my butt and I totally wasn't thinking in that aspect. And I felt awful that she felt bad. To anyone I may have offended I'm so sorry. It was completely pure hearted as a joke but didn't take in account there are littles following me!!! Love u guys,1143266,32595,0,411,80,0,0,False
justinbieber,https://www.instagram.com/p/CJANnoBnV7V,1608432421,./imgs/CJANnoBnV7V.png,"Lil rehearsal vibes.. 

www.Justinbiebernye.com📷: @rorykramer",1199831,4914,0,61,5,1,0,False
justinbieber,https://www.instagram.com/p/B8ogQ43HN9p,1581867148,./imgs/B8ogQ43HN9p.png,Good morning,1274618,17289,0,12,2,0,0,True
justinbieber,https://www.instagram.com/p/BjkxK0-jn9X,1528054641,./imgs/BjkxK0-jn9X.png,nan,3779761,42404,0,0,0,0,0,False
justinbieber,https://www.instagram.com/p/BlvmZYWDPKW,1532713059,./imgs/BlvmZYWDPKW.png,no brainer video out now,2255573,53952,0,24,5,0,0,False
justinbieber,https://www.instagram.com/p/B9E2ftEHkSF,1582818266,./imgs/B9E2ftEHkSF.png,I love these nights,2188085,7444,0,19,4,0,0,False
justinbieber,https://www.instagram.com/p/CKSz01inVqc,1611203916,./imgs/CKSz01inVqc.png,"That long hair got me tangled up. 

@evanpaterakis",1504085,7731,0,50,8,0,0,False
justinbieber,https://www.instagram.com/p/oN35rmAvti,1400584883,./imgs/oN35rmAvti.png,"I think she foreign, I think she foreign",1113931,31124,0,40,8,0,0,False
justinbieber,https://www.instagram.com/p/CQ2Fow8ndN7,1625272561,./imgs/CQ2Fow8ndN7.png,nan,633678,1502,0,0,0,0,0,False
justinbieber,https://www.instagram.com/p/4GDATMAvnp,1434682007,./imgs/4GDATMAvnp.png,When two or more come together,1049765,8315,0,30,6,0,0,False
justinbieber,https://www.instagram.com/p/CJm8dw2H5z0,1609732051,./imgs/CJm8dw2H5z0.png,@jaxonbieber comin with the sauce,1507791,4641,0,33,5,0,0,False
justinbieber,https://www.instagram.com/p/BYq2LJwDfv9,1504636271,./imgs/BYq2LJwDfv9.png,nan,1374278,52175,0,0,0,0,0,False
justinbieber,https://www.instagram.com/p/CFVUMmsH7ps,1600550578,./imgs/CFVUMmsH7ps.png,nan,2218210,13709,0,0,0,0,0,False
justinbieber,https://www.instagram.com/p/YNa9b,1323475227,./imgs/YNa9b.png,Real gs drop in 30 foot drops,110828,738,0,29,7,0,0,False
justinbieber,https://www.instagram.com/p/B2s_G0In9w_,1569132573,./imgs/B2s_G0In9w_.png,Congrats @kaws on the new installation in Melbourne!,721163,2785,0,52,8,0,0,False
justinbieber,https://www.instagram.com/p/CLNuHDXH1XF,1613180631,./imgs/CLNuHDXH1XF.png,📷 @rorykramer,1465503,9644,0,13,2,1,0,False
justinbieber,https://www.instagram.com/p/Ca5ZALzvUNq,1646858214,./imgs/Ca5ZALzvUNq.png,📷: @rorykramer,2328626,4822,0,14,2,1,0,False
justinbieber,https://www.instagram.com/p/_LPkWAAvu-,1449888752,./imgs/_LPkWAAvu-.png,nan,1092897,31876,0,0,0,0,0,True
justinbieber,https://www.instagram.com/p/WV13vggvkB,1362197548,./imgs/WV13vggvkB.png,chaz is the man,532148,23919,0,15,4,0,0,False
justinbieber,https://www.instagram.com/p/93C7Jcgvmr,1447063551,./imgs/93C7Jcgvmr.png,13-Nov,853581,14860,0,11,2,0,0,True
justinbieber,https://www.instagram.com/p/PVS38fgvgy,1347146814,./imgs/PVS38fgvgy.png,This is a meal of a champion,298054,8036,0,28,7,0,0,False
justinbieber,https://www.instagram.com/p/idEyxGAvnf,1388210057,./imgs/idEyxGAvnf.png,How could I not @Khalil,915803,30136,0,23,5,0,0,False
justinbieber,https://www.instagram.com/p/RgKprAgvvt,1351806576,./imgs/RgKprAgvvt.png,In the gym @beimaejor making hits and gettin ripped,367582,6951,0,51,9,0,0,False
justinbieber,https://www.instagram.com/p/dG_5gvAvpR,1376731875,./imgs/dG_5gvAvpR.png,Chilling with the boys @kevinhart4real and J,375428,38786,0,44,7,0,0,False
justinbieber,https://www.instagram.com/p/BFXFSXjgvg1,1463170917,./imgs/BFXFSXjgvg1.png,nan,1761803,30096,0,0,0,0,0,False
justinbieber,https://www.instagram.com/p/cm2BN6gvnB,1375652953,./imgs/cm2BN6gvnB.png,This is chaz,635198,11543,0,12,3,0,0,True
justinbieber,https://www.instagram.com/p/b8KUiMAvv4,1374220757,./imgs/b8KUiMAvv4.png,nan,815087,18390,0,0,0,0,0,False
justinbieber,https://www.instagram.com/p/CNgRjTknijj,1618098160,./imgs/CNgRjTknijj.png,The boy can’t stop @austonmatthews,740711,2300,0,34,5,0,0,False
justinbieber,https://www.instagram.com/p/2WfR7ZgvtK,1430938735,./imgs/2WfR7ZgvtK.png,nan,1387696,19726,0,0,0,0,0,False
justinbieber,https://www.instagram.com/p/B6_Qz0hHWAv,1578335769,./imgs/B6_Qz0hHWAv.png,#yummy,647966,4990,1,6,1,0,0,False
justinbieber,https://www.instagram.com/p/B-50z9HHk-x,1586743252,./imgs/B-50z9HHk-x.png,My best friend,4155286,22723,0,14,3,0,0,False
justinbieber,https://www.instagram.com/p/B_eC1BfHIIF,1587958560,./imgs/B_eC1BfHIIF.png,MY FAMILY,1814651,9855,0,9,2,0,0,False
justinbieber,https://www.instagram.com/p/BhE4hd8jeEv,1522689787,./imgs/BhE4hd8jeEv.png,nan,3853129,48419,0,0,0,0,0,False
justinbieber,https://www.instagram.com/p/BZUYpZpD_GY,1506030077,./imgs/BZUYpZpD_GY.png,nan,2849429,46675,0,0,0,0,0,False
justinbieber,https://www.instagram.com/p/COViU6Wnkjj,1619885339,./imgs/COViU6Wnkjj.png,Love you uncle puff. This world is better because you are in it.,2086213,8773,0,64,13,0,0,False
justinbieber,https://www.instagram.com/p/BcRaJh3DTSA,1512372652,./imgs/BcRaJh3DTSA.png,I️ love continuing to get to know my father I️ love working through hard things to get to the good things.. relationships are worth fighting for especially with family!! Love you forever and always daddy!,3004513,39905,0,204,35,0,0,False
justinbieber,https://www.instagram.com/p/VQsj_AAvhN,1359877412,./imgs/VQsj_AAvhN.png,the criminal @theworldshero,398140,4175,0,27,3,0,0,False
justinbieber,https://www.instagram.com/p/B8eLX1inuz2,1581520589,./imgs/B8eLX1inuz2.png,2 days until the #CHANGES album,531672,3348,1,31,6,0,0,False
justinbieber,https://www.instagram.com/p/CWYopaZvio-,1637169186,./imgs/CWYopaZvio-.png,Love to see it @kanyewest @champagnepapi,1668845,6241,0,40,6,0,0,False
justinbieber,https://www.instagram.com/p/XpYYrjgvqR,1365000662,./imgs/XpYYrjgvqR.png,nan,691560,30886,0,0,0,0,0,False
justinbieber,https://www.instagram.com/p/pmUIyQAvtn,1403552477,./imgs/pmUIyQAvtn.png,@johnny is an emoji,722148,12159,0,19,4,0,0,False
justinbieber,https://www.instagram.com/p/CSab0IihInv,1628639664,./imgs/CSab0IihInv.png,everybody needs somebody,1870914,20417,0,24,3,0,0,True
justinbieber,https://www.instagram.com/p/pzc8B3Avqm,1403993299,./imgs/pzc8B3Avqm.png,Had to reverse yam it in the BET celeb basketball game lmao,1020499,18548,0,59,12,0,0,False
justinbieber,https://www.instagram.com/p/CKotp-kHO9s,1611938879,./imgs/CKotp-kHO9s.png,nan,512634,4585,0,0,0,0,0,False
justinbieber,https://www.instagram.com/p/8J4LJOAvrS,1443400481,./imgs/8J4LJOAvrS.png,I feel like I look like a real skater here,1146612,18865,0,42,10,0,0,False
justinbieber,https://www.instagram.com/p/BhuGJqsDNkX,1524072664,./imgs/BhuGJqsDNkX.png,nan,3186566,52851,0,0,0,0,0,False
justinbieber,https://www.instagram.com/p/oWx8spAvtY,1400883752,./imgs/oWx8spAvtY.png,Hôtel du Cap,1557045,62787,0,12,3,0,0,False
justinbieber,https://www.instagram.com/p/Wk_7Tbgvgz,1362706137,./imgs/Wk_7Tbgvgz.png,Look at this freak,564738,14275,0,18,4,0,0,False
justinbieber,https://www.instagram.com/p/CLv5e5Onp9G,1614327444,./imgs/CLv5e5Onp9G.png,🍁,855733,3220,0,1,1,1,0,False
justinbieber,https://www.instagram.com/p/B-qjSZUnGEw,1586230774,./imgs/B-qjSZUnGEw.png,... officially lost my mind,1351269,45517,0,27,5,0,0,True
justinbieber,https://www.instagram.com/p/0RNqvwgvmd,1426466762,./imgs/0RNqvwgvmd.png,nan,1018331,16999,0,0,0,0,0,False
justinbieber,https://www.instagram.com/p/CKRhazBHTvK,1611160711,./imgs/CKRhazBHTvK.png,📷: @rorykramer,1008774,4252,0,14,2,1,0,False
justinbieber,https://www.instagram.com/p/6Kx7M2gvp9,1439135792,./imgs/6Kx7M2gvp9.png,19 Days,655257,7103,0,7,2,0,0,False
justinbieber,https://www.instagram.com/p/B_QA4e5nzas,1587487778,./imgs/B_QA4e5nzas.png,TORONTO,558665,2211,0,7,1,0,0,False
justinbieber,https://www.instagram.com/p/B-MKEZInDSg,1585210914,./imgs/B-MKEZInDSg.png,Good job guys going to bed.. gonna post more when I wake up,347676,2124,0,59,13,0,0,True
justinbieber,https://www.instagram.com/p/COgcsCAnj4d,1620251482,./imgs/COgcsCAnj4d.png,"CONGRATS AGAIN @harv AND @felishafury ! What a blessing it is to have you two in my life.

📷: @rorykramer",1426851,4814,0,105,20,1,0,False
justinbieber,https://www.instagram.com/p/BgC6xoCjZF1,1520476376,./imgs/BgC6xoCjZF1.png,nan,2005659,18400,0,0,0,0,0,False
justinbieber,https://www.instagram.com/p/BHb57C6huCu,1467627698,./imgs/BHb57C6huCu.png,nan,975533,16092,0,0,0,0,0,False
justinbieber,https://www.instagram.com/p/mZQsUtgvqp,1396672012,./imgs/mZQsUtgvqp.png,♛,1291749,81204,0,1,1,0,0,False
justinbieber,https://www.instagram.com/p/B_kPoZOHSmp,1588166599,./imgs/B_kPoZOHSmp.png,nan,2987610,12958,0,0,0,0,0,False
justinbieber,https://www.instagram.com/p/luSZE9gvoQ,1395230063,./imgs/luSZE9gvoQ.png,Girls be in the the club like OMG this is my song!!!!! Lol,790672,65190,0,58,13,0,0,True
justinbieber,https://www.instagram.com/p/B2kaaUYnN89,1568844977,./imgs/B2kaaUYnN89.png,This is a guided prayer. Find a comfortable position and enjoy this experience,559380,6199,0,78,13,0,0,True
justinbieber,https://www.instagram.com/p/BAKg7tegvpQ,1452011785,./imgs/BAKg7tegvpQ.png,for all my tree huggers,1715959,20651,0,23,5,0,0,False
justinbieber,https://www.instagram.com/p/CKoxd9jHyAw,1611941016,./imgs/CKoxd9jHyAw.png,"Potential is key to our purpose!! There’s fulfillment  in perfecting a craft, skill, or a any form of art. Enjoy your day today guys love you.",637545,6024,0,142,26,0,0,True
justinbieber,https://www.instagram.com/p/6-8WPKAvkw,1440886087,./imgs/6-8WPKAvkw.png,1 day til #vmas,957375,5189,1,15,4,0,0,False
justinbieber,https://www.instagram.com/p/CV6Kip6hFRx,1636146769,./imgs/CV6Kip6hFRx.png,@buffmonster,728018,1872,0,12,1,0,0,False
justinbieber,https://www.instagram.com/p/J0Uos,1312938546,./imgs/J0Uos.png,Eating sushi with some caveman to my right,138373,2251,0,42,8,0,0,False
justinbieber,https://www.instagram.com/p/rdONXkgvlX,1407542346,./imgs/rdONXkgvlX.png,Procrastinating in the gym haha,775851,109644,0,31,5,0,0,True
justinbieber,https://www.instagram.com/p/B6SS0aonI1W,1576826890,./imgs/B6SS0aonI1W.png,nan,349943,1302,0,0,0,0,0,True
justinbieber,https://www.instagram.com/p/B-M8WlCnXMz,1585237279,./imgs/B-M8WlCnXMz.png,nan,239626,1368,0,0,0,0,0,True
justinbieber,https://www.instagram.com/p/BGJa-HRgvqX,1464860007,./imgs/BGJa-HRgvqX.png,nan,1238870,7356,0,0,0,0,0,False
justinbieber,https://www.instagram.com/p/BE_YL-0AvnQ,1462375519,./imgs/BE_YL-0AvnQ.png,Today and tomorrow #12mercer,1022829,15095,1,28,4,0,0,False
justinbieber,https://www.instagram.com/p/CTfeBq8Hbe4,1630956047,./imgs/CTfeBq8Hbe4.png,📸: @rorykramer,975367,4126,0,14,2,1,0,False
justinbieber,https://www.instagram.com/p/B-FQHHGnsCQ,1584979322,./imgs/B-FQHHGnsCQ.png,#ETA from #ChangesTheMovement out now,747380,5537,2,37,5,0,0,True
justinbieber,https://www.instagram.com/p/B_Og156HorF,1587437425,./imgs/B_Og156HorF.png,@oskietheposkie,579233,2947,0,15,1,0,0,False
justinbieber,https://www.instagram.com/p/TRJNlGgvm9,1355597466,./imgs/TRJNlGgvm9.png,I know it's not Thursday but lets throwback to when I got the batmomobile from my bro @selfmaderyan,487992,7965,0,99,18,0,0,False
justinbieber,https://www.instagram.com/p/jVFu0vAvkS,1390089597,./imgs/jVFu0vAvkS.png,$,995720,52331,0,1,1,0,0,False
justinbieber,https://www.instagram.com/p/CSsbXUpHUBF,1629243376,./imgs/CSsbXUpHUBF.png,📸: @rorykramer,1170224,5681,0,14,2,1,0,False
justinbieber,https://www.instagram.com/p/e4T6vugvqc,1380534022,./imgs/e4T6vugvqc.png,Wow blessed,668764,7148,0,11,2,0,0,False
justinbieber,https://www.instagram.com/p/BEykJkRgvhu,1461945584,./imgs/BEykJkRgvhu.png,Sometimes it's hard to do the right thing when the pressures coming down like lightning,1373038,15015,0,87,15,0,0,False
justinbieber,https://www.instagram.com/p/g8zwLugvqZ,1384979897,./imgs/g8zwLugvqZ.png,nan,968726,22357,0,0,0,0,0,False
justinbieber,https://www.instagram.com/p/CIn1f42H1CG,1607614469,./imgs/CIn1f42H1CG.png,nan,698075,1898,0,0,0,0,0,False
justinbieber,https://www.instagram.com/p/B6Havg7nAJT,1576461936,./imgs/B6Havg7nAJT.png,nan,294346,744,0,0,0,0,0,True
justinbieber,https://www.instagram.com/p/BGp6Qw0gviz,1465950154,./imgs/BGp6Qw0gviz.png,nan,1096190,15927,0,0,0,0,0,False
justinbieber,https://www.instagram.com/p/BC3WzyOgvjh,1457811394,./imgs/BC3WzyOgvjh.png,nan,1602569,19781,0,0,0,0,1,False
justinbieber,https://www.instagram.com/p/TMoSwjgvjG,1355445989,./imgs/TMoSwjgvjG.png,2chainz,356554,5742,0,7,1,0,0,False
justinbieber,https://www.instagram.com/p/VsJubSAvgl,1360798672,./imgs/VsJubSAvgl.png,Me and gramma :),635652,8581,0,16,4,0,0,False
justinbieber,https://www.instagram.com/p/B1hF2bpnREA,1566585972,./imgs/B1hF2bpnREA.png,I’m getting a cat tomorrow and The name will be sushi 🍣 !!! Thanks guys! I can call her sooosh Magooosh and I’m very happy about it. I can also  in a baby voice call her TOOSHIEEE BUM BUM or . Shooshi wowl .. read it outloud how it’s spelt . Also sushi Poo.. or just TUNA,1476735,26672,0,271,57,1,0,False
justinbieber,https://www.instagram.com/p/CXjJMP8FW8_,1639669276,./imgs/CXjJMP8FW8_.png,@gianpiero so excited to join the inbetweeners community,732643,4609,0,56,8,0,0,False
justinbieber,https://www.instagram.com/p/TpuEk4Avju,1356422097,./imgs/TpuEk4Avju.png,Chaz sleeping like a baby,477579,11446,0,25,5,0,0,False
justinbieber,https://www.instagram.com/p/BAv1nJbgviu,1453264141,./imgs/BAv1nJbgviu.png,Move of the century 😂😂😂😂😂,1599557,54325,0,25,5,5,0,True
justinbieber,https://www.instagram.com/p/Qyo12gAvk_,1350278894,./imgs/Qyo12gAvk_.png,Me,374923,14623,0,2,1,0,0,False
justinbieber,https://www.instagram.com/p/Bz9JKKQHbpA,1563232263,./imgs/Bz9JKKQHbpA.png,nan,1761297,17380,0,0,0,0,0,False
justinbieber,https://www.instagram.com/p/B8VOgu4nV-n,1581220324,./imgs/B8VOgu4nV-n.png,Make sure to watch the live tv debut of the great Mustachio tonight on @nbcsnl . I will be there to support him as well.,500047,5032,0,120,25,0,0,True
justinbieber,https://www.instagram.com/p/BGdqFg8Avtx,1465539020,./imgs/BGdqFg8Avtx.png,nan,1617720,32684,0,0,0,0,0,False
justinbieber,https://www.instagram.com/p/789GZAAvmn,1442966856,./imgs/789GZAAvmn.png,nan,815433,29128,0,0,0,0,0,False
justinbieber,https://www.instagram.com/p/whS-21Avsj,1418416485,./imgs/whS-21Avsj.png,Had to hit the game winner today at the gym,780648,21794,0,43,10,0,0,True
justinbieber,https://www.instagram.com/p/g825JqgvvP,1384981544,./imgs/g825JqgvvP.png,Me and my bros @crazykhalil and @maejorali,763240,11560,0,42,7,0,0,False
justinbieber,https://www.instagram.com/p/BWOskX0j80f,1499396744,./imgs/BWOskX0j80f.png,ITS LIT,1887233,18125,0,7,2,0,0,True
justinbieber,https://www.instagram.com/p/BXTvUYOj0tv,1501713441,./imgs/BXTvUYOj0tv.png,YOU WILL CHANGE THE WORLD @breannayde,1222972,13506,0,37,6,0,0,False
justinbieber,https://www.instagram.com/p/3Uu9NSgvv9,1433027329,./imgs/3Uu9NSgvv9.png,Look who's Layin on my lap,930941,7831,0,26,6,0,0,False
justinbieber,https://www.instagram.com/p/CRb1TGuH4Gi,1626539064,./imgs/CRb1TGuH4Gi.png,@ldubzs 📷: @evanpaterakis,646776,1810,0,25,3,1,0,False
justinbieber,https://www.instagram.com/p/RGtj7Cgvm6,1350952457,./imgs/RGtj7Cgvm6.png,Boyz night,321979,4352,0,10,2,0,0,False
justinbieber,https://www.instagram.com/p/B-NsXirHNqq,1585262453,./imgs/B-NsXirHNqq.png,nan,230710,1088,0,0,0,0,0,True
justinbieber,https://www.instagram.com/p/4iCSTVAvhc,1435621155,./imgs/4iCSTVAvhc.png,nan,1198964,25626,0,0,0,0,0,False
justinbieber,https://www.instagram.com/p/oOXh_MAvmP,1400601466,./imgs/oOXh_MAvmP.png,Cannes ♛,1277346,52676,0,8,2,0,0,False
justinbieber,https://www.instagram.com/p/CRpU_6zntv1,1626991891,./imgs/CRpU_6zntv1.png,Planning something really cool 😘😘😘,1965199,6640,0,34,5,3,0,False
justinbieber,https://www.instagram.com/p/-553V_Avl7,1449306948,./imgs/-553V_Avl7.png,Laughter is contagious,1285224,10712,0,22,3,0,1,False
justinbieber,https://www.instagram.com/p/Ca0fb47PhFU,1646693815,./imgs/Ca0fb47PhFU.png,@rorykramer,1323351,5363,0,11,1,0,0,False
justinbieber,https://www.instagram.com/p/ByRmhR4nuRp,1559623778,./imgs/ByRmhR4nuRp.png,nan,2155938,20701,0,0,0,0,1,False
justinbieber,https://www.instagram.com/p/CTFkGTCFHfS,1630086816,./imgs/CTFkGTCFHfS.png,📸: @rorykramer,1032972,4821,0,14,2,1,0,False
justinbieber,https://www.instagram.com/p/BWA0csgjeYg,1498931113,./imgs/BWA0csgjeYg.png,nan,1650653,13113,0,0,0,0,0,False
justinbieber,https://www.instagram.com/p/jfyzoJAvoq,1390448774,./imgs/jfyzoJAvoq.png,Just crossin my bro @mackmaineymcmb ♛,929119,60497,0,37,6,0,0,True
justinbieber,https://www.instagram.com/p/B6tSWj4nWpM,1577732598,./imgs/B6tSWj4nWpM.png,Tomorrow,486760,2991,0,8,1,0,0,False
justinbieber,https://www.instagram.com/p/wlAQkWAvki,1418540886,./imgs/wlAQkWAvki.png,nan,965889,20174,0,0,0,0,0,False
justinbieber,https://www.instagram.com/p/eXtMCTAvll,1379439974,./imgs/eXtMCTAvll.png,nan,509952,11848,0,0,0,0,0,True
justinbieber,https://www.instagram.com/p/84hBzfAvtB,1444965404,./imgs/84hBzfAvtB.png,18 new songs... #preorderpurpose,838224,14944,1,32,4,0,0,False
justinbieber,https://www.instagram.com/p/CDwZ2LiHxEE,1597164543,./imgs/CDwZ2LiHxEE.png,I CANT EVEN BELIEVE YOU ARE REAL,3418322,26264,0,32,7,0,0,False
justinbieber,https://www.instagram.com/p/wVA2vPAvvj,1418004328,./imgs/wVA2vPAvvj.png,nan,1344214,133069,0,0,0,0,0,False
justinbieber,https://www.instagram.com/p/B8wZEq7nFBJ,1582131813,./imgs/B8wZEq7nFBJ.png,EPISODE 8 of #justinbieberseasons out now on @youtube . Only 2 left to go. #changes,916766,5370,2,83,15,0,0,True
justinbieber,https://www.instagram.com/p/a1j6qrgvlf,1371851812,./imgs/a1j6qrgvlf.png,Too much traffic,900053,32712,0,16,3,0,0,True
justinbieber,https://www.instagram.com/p/l-X24fgvnD,1395769799,./imgs/l-X24fgvnD.png,##♛,1239335,67916,2,3,1,0,0,False
justinbieber,https://www.instagram.com/p/BAN-AMOAvky,1452127690,./imgs/BAN-AMOAvky.png,nan,1391299,6814,0,0,0,0,0,False
justinbieber,https://www.instagram.com/p/i1qWIZgvrI,1389035052,./imgs/i1qWIZgvrI.png,#karma,929301,32123,1,6,1,0,0,False
justinbieber,https://www.instagram.com/p/iu7p-Jgvv3,1388809246,./imgs/iu7p-Jgvv3.png,Studio with kid cudi,985299,29766,0,20,4,0,0,False
justinbieber,https://www.instagram.com/p/BIJlwUAhagJ,1469160628,./imgs/BIJlwUAhagJ.png,nan,1734718,61043,0,0,0,0,0,False
justinbieber,https://www.instagram.com/p/6fJzCyAvix,1439819397,./imgs/6fJzCyAvix.png,11 Days,581388,4570,0,7,2,0,0,False
justinbieber,https://www.instagram.com/p/PchfBngvpO,1347389356,./imgs/PchfBngvpO.png,Scarybiebs,372689,13660,0,10,1,0,0,False
justinbieber,https://www.instagram.com/p/BDJwd9XAvho,1458428827,./imgs/BDJwd9XAvho.png,Feels,3877942,1051126,0,5,1,0,0,False
justinbieber,https://www.instagram.com/p/-2EazTAvqV,1449178263,./imgs/-2EazTAvqV.png,Back in Asia,836370,9124,0,12,3,0,0,False
justinbieber,https://www.instagram.com/p/BFm1DQuAvpT,1463699275,./imgs/BFm1DQuAvpT.png,nan,1617688,13227,0,0,0,0,0,False
justinbieber,https://www.instagram.com/p/f_0qJEgvgi,1382933552,./imgs/f_0qJEgvgi.png,Guess what #recovery,853698,69854,1,20,3,0,0,True
justinbieber,https://www.instagram.com/p/66G-2Tgvqt,1440723890,./imgs/66G-2Tgvqt.png,Almost time. #whatdoyoumean #lyricvideo @shecks get excited. It's about the music again,700951,26459,2,87,12,0,0,True
justinbieber,https://www.instagram.com/p/CW5_UJFpXuH,1638288366,./imgs/CW5_UJFpXuH.png,It’s fashion darling. @balenciaga,3073727,28511,0,33,4,0,0,False
justinbieber,https://www.instagram.com/p/-xcnHpAvsZ,1449023175,./imgs/-xcnHpAvsZ.png,nan,865315,3664,0,0,0,0,0,False
justinbieber,https://www.instagram.com/p/CSuKeYjl5AY,1629301629,./imgs/CSuKeYjl5AY.png,nan,1282573,7913,0,0,0,0,0,False
justinbieber,https://www.instagram.com/p/CIlfU0OHnwJ,1607535735,./imgs/CIlfU0OHnwJ.png,glizzy tucked,1724475,9578,0,13,2,0,0,False
justinbieber,https://www.instagram.com/p/CMBlACsnHDV,1614920874,./imgs/CMBlACsnHDV.png,Hold On out now 🏍 video on my YouTube,1884158,27374,0,37,9,1,2,True
justinbieber,https://www.instagram.com/p/B9H2vQ8nAya,1582919192,./imgs/B9H2vQ8nAya.png,Here we go. As promised teamed up with my friend and choreographer @nickdemoura to make a visual album to #Changes. #ChangesTheMovement starts next week every Monday and Wednesday noon est on my YouTube every week. Thank you to the entire dance community.,700975,5138,2,255,42,0,0,True
justinbieber,https://www.instagram.com/p/ZgV5B,1324071136,./imgs/ZgV5B.png,Boys trip,157957,2526,0,9,2,0,0,False
justinbieber,https://www.instagram.com/p/CD6stA3HcbY,1597510109,./imgs/CD6stA3HcbY.png,When your boy just can’t find the pocket 🤦🏻‍♂️hah ... just couldn’t find the bagggg,1389907,6731,0,83,15,3,0,True
justinbieber,https://www.instagram.com/p/BzAGqcOHRdB,1561184134,./imgs/BzAGqcOHRdB.png,Studio mode,3486708,29416,0,11,2,0,0,False
justinbieber,https://www.instagram.com/p/BAAo7NLgvtY,1451680431,./imgs/BAAo7NLgvtY.png,My night,1797057,26497,0,8,2,0,1,False
justinbieber,https://www.instagram.com/p/B89A36CHxPn,1582555272,./imgs/B89A36CHxPn.png,Thank you. #changes,549335,5381,1,19,3,0,0,False
justinbieber,https://www.instagram.com/p/CIdrfBlHCL4,1607273674,./imgs/CIdrfBlHCL4.png,Someone needs to hear this.,1264374,13331,0,27,5,0,0,False
justinbieber,https://www.instagram.com/p/RYkmofgvjd,1351551744,./imgs/RYkmofgvjd.png,This is why I got my owl tat lol,289325,8559,0,32,9,0,0,False
justinbieber,https://www.instagram.com/p/CNxlW-sHNSO,1618678970,./imgs/CNxlW-sHNSO.png,Thanks for having us @quavohuncho,1336352,3839,0,33,5,0,0,False
justinbieber,https://www.instagram.com/p/3HKerkgvoA,1432571997,./imgs/3HKerkgvoA.png,A little jazz night,774524,21034,0,19,4,0,0,True
justinbieber,https://www.instagram.com/p/nRy2L7AvgT,1398568967,./imgs/nRy2L7AvgT.png,@theworldshero with the cover art @khalil page me and @poobear with the vocals,614030,8567,0,78,13,0,0,False
justinbieber,https://www.instagram.com/p/BBeU2iSgvv-,1454824024,./imgs/BBeU2iSgvv-.png,Life is like a box of chocolates,2177953,47328,0,32,7,0,1,False
justinbieber,https://www.instagram.com/p/2rckt4AviM,1431641960,./imgs/2rckt4AviM.png,@official_iohawk,882234,12743,0,16,1,0,0,True
justinbieber,https://www.instagram.com/p/B6JLK0zF5ax,1576520932,./imgs/B6JLK0zF5ax.png,"GOOD MORNING HERE IS A GUIDED PRAYER TO START YOUR DAY,! FIND A COMFY POSITION AND ENJOY! @churchome @judahsmith",184048,955,0,112,19,0,0,True
justinbieber,https://www.instagram.com/p/aIVcPdAvlM,1370334273,./imgs/aIVcPdAvlM.png,"Heartbreaker 
#Justinbiebernewsingle",667175,36102,1,36,2,0,0,False
justinbieber,https://www.instagram.com/p/PSofjlAvln,1347057486,./imgs/PSofjlAvln.png,nan,328495,14907,0,0,0,0,0,False
justinbieber,https://www.instagram.com/p/BTIV_-rDi9r,1492741134,./imgs/BTIV_-rDi9r.png,I love this man @richwilkersonjr .. he has a heart of gold and what he's doing in Miami is amazing! Check out #vouschurch if you are in Miami !!,2094989,16437,1,144,29,0,0,False
justinbieber,https://www.instagram.com/p/z4EpdKAviC,1425623172,./imgs/z4EpdKAviC.png,Great birthday ♛ and I'm not fat it's the angle,1283666,55714,0,47,10,0,0,False
justinbieber,https://www.instagram.com/p/B8U3LDznw23,1581208062,./imgs/B8U3LDznw23.png,IF MUSTASHIO / FLEXTIN HAD A BABY,748614,5344,0,33,7,0,0,True
justinbieber,https://www.instagram.com/p/BUUp9aMjIqn,1495301735,./imgs/BUUp9aMjIqn.png,There he is @maejor,1356643,20194,0,19,4,0,0,False
justinbieber,https://www.instagram.com/p/BupgNHMn4VS,1551835839,./imgs/BupgNHMn4VS.png,"Love you to pieces Unc snoop,",3881796,19132,0,29,6,0,0,False
justinbieber,https://www.instagram.com/p/piDQCtgvry,1403409406,./imgs/piDQCtgvry.png,Studio with my producer @julkeyz,956150,16706,0,32,5,0,0,False
justinbieber,https://www.instagram.com/p/6xEhd8gvir,1440420611,./imgs/6xEhd8gvir.png,Thanks @jasonderulo. I think @dankanter was in that crowd. What Do You Mean? #4days,645326,4593,1,83,14,0,0,True
justinbieber,https://www.instagram.com/p/91uW6ogvrS,1447019214,./imgs/91uW6ogvrS.png,nan,1207100,22886,0,0,0,0,0,False
justinbieber,https://www.instagram.com/p/CDRoS4SHoc6,1596131953,./imgs/CDRoS4SHoc6.png,This is my view during date night. Wtf. I’m so blessed,2306447,15161,0,54,11,0,0,True
justinbieber,https://www.instagram.com/p/RkYbA,1319670870,./imgs/RkYbA.png,Ryan growing out the beard,104387,1276,0,26,5,0,0,False
justinbieber,https://www.instagram.com/p/xNAa_2Avj4,1419883149,./imgs/xNAa_2Avj4.png,Look at the lady to the left she's like wtf is going on,1271695,58844,0,55,13,0,0,False
justinbieber,https://www.instagram.com/p/BIQtiI7hG8A,1469399587,./imgs/BIQtiI7hG8A.png,nan,1428759,51086,0,0,0,0,0,False
justinbieber,https://www.instagram.com/p/CSsbV0gnMCo,1629243363,./imgs/CSsbV0gnMCo.png,📸: @rorykramer,863798,4013,0,14,2,1,0,False
justinbieber,https://www.instagram.com/p/CJSND8RHQao,1609036295,./imgs/CJSND8RHQao.png,"NYE is going to be wild, come vibe with me as we bring in 2021 www.justinbiebernye.com 🎥: @rorykramer",1671448,8841,0,101,18,1,1,True
justinbieber,https://www.instagram.com/p/3ytUXVgvpM,1434033103,./imgs/3ytUXVgvpM.png,#calvinkleinlive,1099527,8527,1,16,1,0,0,False
justinbieber,https://www.instagram.com/p/_N_ujHgvsZ,1449981110,./imgs/_N_ujHgvsZ.png,Listening to @poobear the most talented person on the planet besides me 😜😜😜 I kid I kid but seriously 🤗,1485304,16246,0,103,20,4,0,False
justinbieber,https://www.instagram.com/p/-En_TFAviV,1447519191,./imgs/-En_TFAviV.png,#PurposeTheMovement #loveyourself,888066,18066,2,33,2,0,0,True
justinbieber,https://www.instagram.com/p/CKWw0eFnFuh,1611336558,./imgs/CKWw0eFnFuh.png,📷: @rorykramer,884431,3734,0,14,2,1,0,False
justinbieber,https://www.instagram.com/p/6hyUMQgvky,1439907749,./imgs/6hyUMQgvky.png,10 Days. Also #WhereAreUNowVMA,544119,6515,1,30,4,0,0,False
justinbieber,https://www.instagram.com/p/g3X7VQAvr1,1384797536,./imgs/g3X7VQAvr1.png,Thank u. Love u,546962,10469,0,15,4,0,0,False
justinbieber,https://www.instagram.com/p/CO82pZhnEKe,1621204616,./imgs/CO82pZhnEKe.png,When @djtayjames says put your hands up you put yo mutha fuckin hands up HAPPY Bday bro love you,515924,1406,0,96,19,0,0,False
justinbieber,https://www.instagram.com/p/CFZ973AncdB,1600706679,./imgs/CFZ973AncdB.png,I know we believe in god and I know god believes in us,1989282,14522,0,54,13,0,0,False
justinbieber,https://www.instagram.com/p/9LWenfgvhf,1445597408,./imgs/9LWenfgvhf.png,Sorry,691163,6389,0,5,1,0,0,False
justinbieber,https://www.instagram.com/p/BXTuzD5DXzJ,1501713168,./imgs/BXTuzD5DXzJ.png,This guy @coreyharper #legend sick guitar player!! Check him out,1116736,5624,1,64,10,0,0,False
justinbieber,https://www.instagram.com/p/CMsEyawH2Eo,1616346637,./imgs/CMsEyawH2Eo.png,📷: @rorykramer,2724453,19493,0,14,2,1,0,False
justinbieber,https://www.instagram.com/p/CapsZmUvgAZ,1646331513,./imgs/CapsZmUvgAZ.png,📷: @rorykramer,549424,2055,0,14,2,1,0,False
justinbieber,https://www.instagram.com/p/B279TDaH4tZ,1569634941,./imgs/B279TDaH4tZ.png,Best fwiends,1268018,5464,0,12,2,0,0,False
justinbieber,https://www.instagram.com/p/B8FQO7fHtNZ,1580684277,./imgs/B8FQO7fHtNZ.png,nan,341872,610,0,0,0,0,0,False
justinbieber,https://www.instagram.com/p/B3iiCONHYEJ,1570929270,./imgs/B3iiCONHYEJ.png,nan,593067,1374,0,0,0,0,0,False
justinbieber,https://www.instagram.com/p/COiZuhgHoWb,1620317038,./imgs/COiZuhgHoWb.png,"Gods perfection, goodness, love for us doesn’t change just because we lost faith. He welcomes us back to him with open arms as the same perfect father he’s always been",814909,7005,0,167,30,0,0,False
justinbieber,https://www.instagram.com/p/BY_jiJNjJJW,1505331141,./imgs/BY_jiJNjJJW.png,nan,831713,2998,0,0,0,0,0,False
justinbieber,https://www.instagram.com/p/BRz2kTbjUex,1489906082,./imgs/BRz2kTbjUex.png,nan,1484802,13181,0,0,0,0,0,False
justinbieber,https://www.instagram.com/p/efnWr,1325728211,./imgs/efnWr.png,Was in the O.C lookin for Seth and Summer. Turns out it was all a bunch of bs,146046,2811,0,77,18,0,0,False
justinbieber,https://www.instagram.com/p/UuVb42gvhu,1358724437,./imgs/UuVb42gvhu.png,Me and the homey R Kelly,587953,14291,0,24,6,0,0,False
justinbieber,https://www.instagram.com/p/rxSgCjAvh8,1408215685,./imgs/rxSgCjAvh8.png,Girl let me love you plenty @maejorali Hahahahah,900431,56762,0,48,8,0,0,True
justinbieber,https://www.instagram.com/p/CGs8cztnpdG,1603491022,./imgs/CGs8cztnpdG.png,Less than two weeks left. I hope that each and every one of you who can will get out there and vote in this election. Vote early and in person to make sure your voice is heard. Got questions? All the state specific info you need on early voting options at votewith.us or @theearlyvote,568110,6381,0,284,54,0,0,True
justinbieber,https://www.instagram.com/p/pB9gP0gvqv,1402332651,./imgs/pB9gP0gvqv.png,nan,928409,30129,0,0,0,0,0,False
justinbieber,https://www.instagram.com/p/BAk63HDgvs9,1452897794,./imgs/BAk63HDgvs9.png,Sweet dreams 😂,2419958,219578,0,14,3,1,0,False
justinbieber,https://www.instagram.com/p/BXT34NdDgbi,1501717929,./imgs/BXT34NdDgbi.png,nan,1769244,96260,0,0,0,0,0,False
justinbieber,https://www.instagram.com/p/6XVklRgvqy,1439557134,./imgs/6XVklRgvqy.png,What Do You Mean? @alanis thank you :) #canadians #14Days,767210,12058,2,57,10,0,0,True
justinbieber,https://www.instagram.com/p/COZKsC5ncij,1620007164,./imgs/COZKsC5ncij.png,Love you @ldubzs,1083426,3020,0,16,3,0,0,False
justinbieber,https://www.instagram.com/p/BAsd9zwAvv1,1453151080,./imgs/BAsd9zwAvv1.png,nan,1797386,39614,0,0,0,0,0,False
justinbieber,https://www.instagram.com/p/CFXXbSnn0S2,1600619402,./imgs/CFXXbSnn0S2.png,#Holy out now and #1 in the world. Thank you. Thank you to my friend @kirkfranklin for the choir at the end. Happy Sunday,678065,6039,2,121,24,0,1,True
justinbieber,https://www.instagram.com/p/BctX9TXjhDo,1513311027,./imgs/BctX9TXjhDo.png,Illest thing I’ve seen is the supreme leg sleeves and ur right Kelly it was maaadd WAVY,1339241,16225,0,87,17,0,0,False
justinbieber,https://www.instagram.com/p/BA-8Drqgvl5,1453770837,./imgs/BA-8Drqgvl5.png,nan,1662823,27252,0,0,0,0,0,False
justinbieber,https://www.instagram.com/p/02FOAvAvji,1427703846,./imgs/02FOAvAvji.png,Late nights in Miami,1456625,24594,0,20,4,0,0,False
justinbieber,https://www.instagram.com/p/6ub8obgvvR,1440332229,./imgs/6ub8obgvvR.png,It's a beautiful Sunday and my friend @joelhouston and the @hillsongunited family know we got #5days until #whatdoyoumean :),695198,3561,2,124,19,0,0,False
justinbieber,https://www.instagram.com/p/b8IouxAvuw,1374219874,./imgs/b8IouxAvuw.png,nan,833462,16666,0,0,0,0,0,False
justinbieber,https://www.instagram.com/p/3UzoEiAvoV,1433029777,./imgs/3UzoEiAvoV.png,What a MUFFIN,1007525,11983,0,13,3,0,0,False
justinbieber,https://www.instagram.com/p/B8PPHGkHP8d,1581019233,./imgs/B8PPHGkHP8d.png,nan,665362,2095,0,0,0,0,0,False
justinbieber,https://www.instagram.com/p/-k_w46gvvi,1448605398,./imgs/-k_w46gvvi.png,nan,1317086,17522,0,0,0,0,0,False
justinbieber,https://www.instagram.com/p/BzfEYgHnmU4,1562223126,./imgs/BzfEYgHnmU4.png,updated my stickers again,1238153,20905,0,25,4,0,0,False
justinbieber,https://www.instagram.com/p/BWUIRXVDF4N,1499579040,./imgs/BWUIRXVDF4N.png,nan,2783454,90893,0,0,0,0,0,False
justinbieber,https://www.instagram.com/p/qXLC49gvgK,1405191877,./imgs/qXLC49gvgK.png,nan,947650,29185,0,0,0,0,0,False
justinbieber,https://www.instagram.com/p/BFCIsRfgvkf,1462468059,./imgs/BFCIsRfgvkf.png,Let's be honest scooter I was rain dancing all over you nice try tho and a big fuck you to all the basketball playing trolls online saying i have bad form first of all I'm not a basketball player I'm a singer lol second of All I'll work on my form ;),1170377,33088,0,250,52,0,0,True
justinbieber,https://www.instagram.com/p/CAn6CEXHEBI,1590436977,./imgs/CAn6CEXHEBI.png,nan,926203,5305,0,0,0,0,0,False
justinbieber,https://www.instagram.com/p/PfHVnoAvjR,1347476310,./imgs/PfHVnoAvjR.png,Stash life,431941,12525,0,10,2,0,0,False
justinbieber,https://www.instagram.com/p/-Ouf8cAvlO,1447858148,./imgs/-Ouf8cAvlO.png,@iamhalsey,1033996,22997,0,10,1,0,0,False
justinbieber,https://www.instagram.com/p/CIuW0SUH-cx,1607833264,./imgs/CIuW0SUH-cx.png,About that time again. ❄️❄️🎄❤️,3218082,12044,0,30,5,4,0,False
justinbieber,https://www.instagram.com/p/TC3lRjgvpI,1355118461,./imgs/TC3lRjgvpI.png,Night to to all my ladies all around the world,546606,32961,0,46,10,0,0,False
justinbieber,https://www.instagram.com/p/p5KlCqAvmy,1404185000,./imgs/p5KlCqAvmy.png,My next Kaws art piece,797771,10939,0,22,5,0,0,False
justinbieber,https://www.instagram.com/p/Tvdh1WgvsZ,1356614750,./imgs/Tvdh1WgvsZ.png,Relaxing,484828,23032,0,8,1,0,0,False
justinbieber,https://www.instagram.com/p/B8AP_tHHm9L,1580516380,./imgs/B8AP_tHHm9L.png,nan,496762,1133,0,0,0,0,0,False
justinbieber,https://www.instagram.com/p/sTnoZ6gvkU,1409367614,./imgs/sTnoZ6gvkU.png,nan,1044334,21959,0,0,0,0,0,False
justinbieber,https://www.instagram.com/p/B477XTMn0c3,1573928894,./imgs/B477XTMn0c3.png,nan,435404,1704,0,0,0,0,0,False
justinbieber,https://www.instagram.com/p/B6HaHsYHfu1,1576461602,./imgs/B6HaHsYHfu1.png,@drewhouse,720868,1143,0,10,1,0,0,False
justinbieber,https://www.instagram.com/p/B53KyhIlpov,1575916729,./imgs/B53KyhIlpov.png,"GOOD MORNING HERE IS A GUIDED PRAYER TO START YOUR DAY,! FIND A COMFY POSITION AND ENJOY! @churchome @judahsmith",248027,2180,0,112,19,0,0,True
justinbieber,https://www.instagram.com/p/B8t1sHTHEdt,1582046092,./imgs/B8t1sHTHEdt.png,Thank you,569574,4088,0,9,2,0,0,False
justinbieber,https://www.instagram.com/p/0W7zdUAvgz,1426658723,./imgs/0W7zdUAvgz.png,nan,1011212,43564,0,0,0,0,0,True
justinbieber,https://www.instagram.com/p/cs9x3GgvrK,1375858348,./imgs/cs9x3GgvrK.png,@justinbieber,1082311,98309,0,13,1,0,0,False
justinbieber,https://www.instagram.com/p/Z07KEWgvr_,1369682958,./imgs/Z07KEWgvr_.png,Golf wang,931177,54618,0,9,2,0,0,False
justinbieber,https://www.instagram.com/p/RNM0uVgvi8,1351170174,./imgs/RNM0uVgvi8.png,JB,444649,14847,0,2,1,0,0,False
justinbieber,https://www.instagram.com/p/CAd_IQ8nEIF,1590104105,./imgs/CAd_IQ8nEIF.png,nan,5366841,88560,0,0,0,0,0,False
justinbieber,https://www.instagram.com/p/ssQq-YAvo7,1410194437,./imgs/ssQq-YAvo7.png,nan,769507,18235,0,0,0,0,0,True
justinbieber,https://www.instagram.com/p/Bxhr01unQ11,1558015947,./imgs/Bxhr01unQ11.png,Video Friday ... tomorrow,1330953,10843,0,25,4,0,0,False
justinbieber,https://www.instagram.com/p/jVINEngvn8,1390090893,./imgs/jVINEngvn8.png,Ahhhhhhhhhhhh,705510,19827,0,13,1,0,0,True
justinbieber,https://www.instagram.com/p/99wAdYAvpS,1447288514,./imgs/99wAdYAvpS.png,nan,1366213,15474,0,0,0,0,0,False
justinbieber,https://www.instagram.com/p/9omzOHgvoX,1446579044,./imgs/9omzOHgvoX.png,What a beautiful family inside and out happy birthday Ken,1289267,13190,0,57,10,0,0,False
justinbieber,https://www.instagram.com/p/6kfV0bAvrV,1439998464,./imgs/6kfV0bAvrV.png,9 Days,550830,4029,0,6,2,0,0,False
justinbieber,https://www.instagram.com/p/CDoOqPQnbrm,1596890242,./imgs/CDoOqPQnbrm.png,"Woke up this morning feeling heavy, but as I take a morning walk to reflect on my life, I am reminded of Gods love for me. As I walk toward him he holds me tighter and tighter. He reminds me how he loves me. He reminds me he calls me by name. He reminds me that no matter how alone, scared, or unworthy I feel I am his and he’s proud of me. Jesus you have never failed me. I’m following you lead the way...",1525693,10812,0,406,85,0,0,False
justinbieber,https://www.instagram.com/p/Pjo2IEgvpM,1347628096,./imgs/Pjo2IEgvpM.png,Sick,333103,22946,0,4,1,0,0,False
justinbieber,https://www.instagram.com/p/CasFyRcBW2Y,1646411992,./imgs/CasFyRcBW2Y.png,"Attention video out now, on youtube with @omah_lay , shout out @colinseyes on the 🎥, and @harv on production",1405788,12193,0,108,19,1,0,True
justinbieber,https://www.instagram.com/p/B62CDmBn7Ua,1578026044,./imgs/B62CDmBn7Ua.png,@gianpiero,644697,3846,0,10,1,0,0,False
justinbieber,https://www.instagram.com/p/QvP4LvAvlm,1350165142,./imgs/QvP4LvAvlm.png,Trukfit,344106,6769,0,7,1,0,0,False
justinbieber,https://www.instagram.com/p/CSiPwhth_Me,1628901842,./imgs/CSiPwhth_Me.png,ESSENCE REMIX OUT NOW @wizkidayo @temsbaby,2514419,46428,0,42,6,0,0,True
justinbieber,https://www.instagram.com/p/frG9M,1326087829,./imgs/frG9M.png,Not a game,195022,5390,0,10,3,0,0,False
justinbieber,https://www.instagram.com/p/PtAgZaAvnz,1347942491,./imgs/PtAgZaAvnz.png,@alfredoflores Almost #bustime,326818,4915,1,30,3,0,0,False
justinbieber,https://www.instagram.com/p/cm3kMrAvps,1375653764,./imgs/cm3kMrAvps.png,nan,762376,20515,0,0,0,0,0,False
justinbieber,https://www.instagram.com/p/BGSlp1egvm1,1465167598,./imgs/BGSlp1egvm1.png,Good morning beautiful,926979,18529,0,22,3,0,0,True
justinbieber,https://www.instagram.com/p/eTfC1ngvos,1379298341,./imgs/eTfC1ngvos.png,It's water,509706,8829,0,10,2,0,0,True
justinbieber,https://www.instagram.com/p/CbNmjmkLVKg,1647536409,./imgs/CbNmjmkLVKg.png,📷: @rorykramer,1638370,6703,0,14,2,1,0,False
justinbieber,https://www.instagram.com/p/CMUz7Xmn7jK,1615566046,./imgs/CMUz7Xmn7jK.png,"Baby, you are my best friend, my favorite part of my day and literally the coolest person i know

📷: @rorykramer",2920336,9092,0,112,21,1,0,False
justinbieber,https://www.instagram.com/p/BHSRC5thPeH,1467304277,./imgs/BHSRC5thPeH.png,Miami,743838,7943,0,5,1,0,0,False
justinbieber,https://www.instagram.com/p/BGCfG8ogvvG,1464627295,./imgs/BGCfG8ogvvG.png,nan,1230056,5684,0,0,0,0,0,False
justinbieber,https://www.instagram.com/p/CCxE8I3nEuk,1595039652,./imgs/CCxE8I3nEuk.png,nan,1326323,6887,0,0,0,0,0,False
justinbieber,https://www.instagram.com/p/BwlJXR6nkd3,1555984613,./imgs/BwlJXR6nkd3.png,This is my bean,5527724,36112,0,15,4,0,0,False
justinbieber,https://www.instagram.com/p/gvYT26Avs8,1384529302,./imgs/gvYT26Avs8.png,When u get tickets to #believemovie you might get a gift next week. #newmusic #Alone,637076,13198,3,84,15,0,0,False
justinbieber,https://www.instagram.com/p/e7cDFfgvjk,1380638947,./imgs/e7cDFfgvjk.png,Watching workaholics,658261,11974,0,20,2,0,0,False
justinbieber,https://www.instagram.com/p/CDM2K9iHmqU,1595971434,./imgs/CDM2K9iHmqU.png,"Go checkout the album changes, it’s really special to me. :)",866989,3875,0,60,11,0,0,False
justinbieber,https://www.instagram.com/p/gvXdGGgvru,1384528853,./imgs/gvXdGGgvru.png,The #BelieveMovie trailer today at 10am pst on yahoo movies. Presale tix start today and get access to a new song from #journals,732878,12475,2,128,23,0,0,False
justinbieber,https://www.instagram.com/p/-OVHxjAvv1,1447844843,./imgs/-OVHxjAvv1.png,On my way. Love the dedication. Thank u. See you soon @todayshow . #biebertoday,889776,5193,1,79,14,0,0,False
justinbieber,https://www.instagram.com/p/8f-01ggvoz,1444142166,./imgs/8f-01ggvoz.png,nan,873249,6535,0,0,0,0,0,False
justinbieber,https://www.instagram.com/p/B68QNA5nWUH,1578234813,./imgs/B68QNA5nWUH.png,#yummy official video out now @youtube,3244025,35447,1,38,6,0,0,True
justinbieber,https://www.instagram.com/p/B3a8cFgHdUi,1570674678,./imgs/B3a8cFgHdUi.png,I’ve been bleaching my hair way longer these guys out here,954976,2976,0,58,11,0,0,False
justinbieber,https://www.instagram.com/p/a5WTHegvnY,1371978890,./imgs/a5WTHegvnY.png,I let him borrow my shirt lol,721530,14626,0,29,7,0,0,False
justinbieber,https://www.instagram.com/p/CEkym9IHtUa,1598922356,./imgs/CEkym9IHtUa.png,nan,4418034,21833,0,0,0,0,0,False
justinbieber,https://www.instagram.com/p/fLPyECgvih,1381169387,./imgs/fLPyECgvih.png,nan,685261,17088,0,0,0,0,0,False
justinbieber,https://www.instagram.com/p/QMJqjRAvlv,1348987480,./imgs/QMJqjRAvlv.png,Great show. Getting better for tomorrow's show !!!! Love u,463909,23943,0,58,10,0,0,False
justinbieber,https://www.instagram.com/p/BHOJ_jBBm8L,1467166361,./imgs/BHOJ_jBBm8L.png,nan,1359086,46223,0,0,0,0,0,True
justinbieber,https://www.instagram.com/p/9LODPCgvk7,1445592989,./imgs/9LODPCgvk7.png,Sorry,675368,3414,0,5,1,0,0,True
justinbieber,https://www.instagram.com/p/BfecrppD5j7,1519252638,./imgs/BfecrppD5j7.png,I,5415501,96050,0,1,1,0,0,False
justinbieber,https://www.instagram.com/p/-kUmirgviu,1448582768,./imgs/-kUmirgviu.png,Hell find a way to rescue u,1426505,31770,0,27,7,0,0,False
justinbieber,https://www.instagram.com/p/CF3GVxinzlv,1601684164,./imgs/CF3GVxinzlv.png,Feels like all our lives have changed.,1653472,9909,0,38,7,0,0,False
justinbieber,https://www.instagram.com/p/rX9x3EAvu3,1407365960,./imgs/rX9x3EAvu3.png,#fwis @adidasneolabel,789550,11925,1,21,2,0,0,False
justinbieber,https://www.instagram.com/p/btdkSMAvul,1373727531,./imgs/btdkSMAvul.png,Dream big,1119280,28637,0,9,2,0,0,False
justinbieber,https://www.instagram.com/p/9LW3GXAvh1,1445597608,./imgs/9LW3GXAvh1.png,nan,708299,4956,0,0,0,0,0,False
justinbieber,https://www.instagram.com/p/0lcSNmgvgs,1427145514,./imgs/0lcSNmgvgs.png,Today is randomly national puppy day,1191616,24624,0,36,6,0,1,False
justinbieber,https://www.instagram.com/p/B7POVRPH0b7,1578871341,./imgs/B7POVRPH0b7.png,nan,769498,5054,0,0,0,0,0,False
justinbieber,https://www.instagram.com/p/CGY3z4WnSEB,1602817397,./imgs/CGY3z4WnSEB.png,#lonely @drewhouse,2345492,15612,1,18,2,0,1,False
justinbieber,https://www.instagram.com/p/b2O_HMAvqu,1374021876,./imgs/b2O_HMAvqu.png,Sunset is unbelievable,848065,14223,0,22,3,0,0,False
justinbieber,https://www.instagram.com/p/7i5W1hAvjb,1442092479,./imgs/7i5W1hAvjb.png,@justinbieber,1079282,11786,0,13,1,0,0,False
justinbieber,https://www.instagram.com/p/euSW7,1325809416,./imgs/euSW7.png,Angelic O.J,131183,2724,0,11,2,0,0,False
justinbieber,https://www.instagram.com/p/6-6ZQmgvgU,1440885063,./imgs/6-6ZQmgvgU.png,Vmas tomorrow #whatdoyoumean,772916,5064,1,28,3,0,0,True
justinbieber,https://www.instagram.com/p/jYeFTDAvsm,1390203027,./imgs/jYeFTDAvsm.png,nan,821013,14587,0,0,0,0,0,False
justinbieber,https://www.instagram.com/p/nKJSWXgvns,1398312297,./imgs/nKJSWXgvns.png,Love your neighbor as yourself. And btw your neighbor isn't just the one next door ;) #wordsofencouragement ♛,1051503,32036,1,109,18,0,0,False
justinbieber,https://www.instagram.com/p/BV16kRCDRBE,1498565222,./imgs/BV16kRCDRBE.png,Favorite song,1095090,15274,0,13,2,0,0,False
justinbieber,https://www.instagram.com/p/2NZ3hlgvhx,1430633908,./imgs/2NZ3hlgvhx.png,nan,1395074,32047,0,0,0,0,0,False
justinbieber,https://www.instagram.com/p/739NLTgvpC,1442799140,./imgs/739NLTgvpC.png,🎥🎥@rorykramer,1018883,8737,0,13,1,2,0,False
justinbieber,https://www.instagram.com/p/BHGwL38B2AE,1466917950,./imgs/BHGwL38B2AE.png,People like the tour merch,1562390,20782,0,26,5,0,0,False
justinbieber,https://www.instagram.com/p/B7h5AGEntFg,1579497691,./imgs/B7h5AGEntFg.png,"I don't post this to prove anything, or to try and make people believe I love my wife, I simply think it's an honoring thing to do, publicly acknowledging your significant other!  Its like we're all okay with acknowledging an achievement or award, but think there has to be something shady about saying something publicly about the one you love. I have nothing to prove by saying I love my wife. I just think there is power in putting ur wife on a pedestal! I like to make my wife feel special and valued, Ive done a lot of cool things but I dont think anything comes close to as cool as that",1978468,27015,0,592,113,0,0,False
justinbieber,https://www.instagram.com/p/ue1_xsgvk5,1414039212,./imgs/ue1_xsgvk5.png,Come to our grand opening ♛,559074,16174,0,27,6,0,0,False
justinbieber,https://www.instagram.com/p/BUwqSgkDrUc,1496241432,./imgs/BUwqSgkDrUc.png,nan,1418092,12098,0,0,0,0,0,False
justinbieber,https://www.instagram.com/p/ylVBBXAvk8,1422846736,./imgs/ylVBBXAvk8.png,#bullseye #tombrady #Superbowl,966984,24557,3,30,3,0,0,True
justinbieber,https://www.instagram.com/p/B2y9tHTnT2G,1569333261,./imgs/B2y9tHTnT2G.png,Drinking another mans chocolate milk that’s disrespectful I would never do that that’s not the kind of person I am,1344397,13596,0,114,20,0,0,True
justinbieber,https://www.instagram.com/p/CGQaV69H3Df,1602533512,./imgs/CGQaV69H3Df.png,📷 : @rorykramer,1908499,10204,0,15,3,1,0,False
justinbieber,https://www.instagram.com/p/CFJBt0SnFh4,1600138312,./imgs/CFJBt0SnFh4.png,Sorry @maejor @jblazeofficial and Roy bird @rorykramer,553642,2887,0,54,7,0,0,True
justinbieber,https://www.instagram.com/p/CKosQ5rnAcl,1611938156,./imgs/CKosQ5rnAcl.png,"All that matters 

🎥: @rorykramer",2182726,22631,0,33,5,1,0,True
justinbieber,https://www.instagram.com/p/BCb0l18gvtN,1456887485,./imgs/BCb0l18gvtN.png,nan,1438778,15084,0,0,0,0,0,False
justinbieber,https://www.instagram.com/p/CRF5-GDnmGs,1625803732,./imgs/CRF5-GDnmGs.png,STAY OUT NOW @thekidlaroi,2461731,27836,0,25,4,0,1,True
justinbieber,https://www.instagram.com/p/CDNWDznHLBq,1595988152,./imgs/CDNWDznHLBq.png,@austonmatthews,1016012,2860,0,15,1,0,0,False
justinbieber,https://www.instagram.com/p/B8mN95Pno6e,1581790385,./imgs/B8mN95Pno6e.png,Thank you last night to @spotify for the #houseofchanges,2482760,8270,1,56,9,0,0,False
justinbieber,https://www.instagram.com/p/COLG5FXn1jF,1619535411,./imgs/COLG5FXn1jF.png,nan,814301,8308,0,0,0,0,0,False
justinbieber,https://www.instagram.com/p/-EyGJWgvpf,1447524490,./imgs/-EyGJWgvpf.png,#PURPOSETheMovement #NoSense @travisscott,765337,5542,2,41,3,0,0,True
justinbieber,https://www.instagram.com/p/IVTb6,1311444140,./imgs/IVTb6.png,Everyone meet Rodel.,190136,4602,0,20,3,0,0,False
justinbieber,https://www.instagram.com/p/BRCVhDxD3oV,1488244586,./imgs/BRCVhDxD3oV.png,Tap out scooter,1678067,29727,0,15,3,0,0,True
justinbieber,https://www.instagram.com/p/COgyBoMnVTn,1620262669,./imgs/COgyBoMnVTn.png,📷: @rorykramer,566355,2867,0,14,2,1,0,False
justinbieber,https://www.instagram.com/p/B7PUzk1HOt6,1578874735,./imgs/B7PUzk1HOt6.png,Nothing better than wifey and I at a @mapleleafs game! Go leafs go,2418830,7214,0,66,13,0,0,False
justinbieber,https://www.instagram.com/p/BzybWoGn_Kv,1562872703,./imgs/BzybWoGn_Kv.png,@billieeilish so proud of you. Remix,4659673,36710,0,36,6,0,0,False
justinbieber,https://www.instagram.com/p/CHq2dXbn6Bi,1605568152,./imgs/CHq2dXbn6Bi.png,nan,1853911,6147,0,0,0,0,2,False
justinbieber,https://www.instagram.com/p/d0Fckbgvuu,1378244733,./imgs/d0Fckbgvuu.png,Haha,857756,26514,0,4,1,0,0,False
justinbieber,https://www.instagram.com/p/CJ9OBcBnrNq,1610479453,./imgs/CJ9OBcBnrNq.png,@domowaka comin with the type of sauce you only get on a bbq 🔥🔥 @drewhouse,735932,1918,0,74,15,2,0,False
justinbieber,https://www.instagram.com/p/CC_1ohHnUsK,1595534944,./imgs/CC_1ohHnUsK.png,Hi I’m MR PAWS .,1104607,5757,0,16,5,0,0,False
justinbieber,https://www.instagram.com/p/CWV3gQYJmpw,1637076312,./imgs/CWV3gQYJmpw.png,📷: @rorykramer,1270382,7070,0,14,2,1,0,False
justinbieber,https://www.instagram.com/p/RRyX3DAvk1,1351324080,./imgs/RRyX3DAvk1.png,.,345773,3248,0,1,1,0,0,False
justinbieber,https://www.instagram.com/p/CN0yvn2HIKk,1618786651,./imgs/CN0yvn2HIKk.png,🥰🥰🥰,6010649,28698,0,3,1,3,0,False
justinbieber,https://www.instagram.com/p/B7ElsieH4Ya,1578514491,./imgs/B7ElsieH4Ya.png,@buffmonster @takashipom @drewhouse,725431,2125,0,35,3,0,0,False
justinbieber,https://www.instagram.com/p/CUxnlkuhBuy,1633712523,./imgs/CUxnlkuhBuy.png,👻👻👻👻👻,611534,3919,0,5,1,5,0,False
justinbieber,https://www.instagram.com/p/BBIzB0_gvgs,1454101647,./imgs/BBIzB0_gvgs.png,Richies model face is priceless,1489887,12688,0,31,5,0,1,False
justinbieber,https://www.instagram.com/p/B0Z5ZQ7HJt6,1564197106,./imgs/B0Z5ZQ7HJt6.png,New language to be taught in a school near you @maejor,509623,2503,0,54,11,0,0,True
justinbieber,https://www.instagram.com/p/CRb156GHcGG,1626539381,./imgs/CRb156GHcGG.png,📷: @evanpaterakis,950240,2856,0,17,2,1,0,False
justinbieber,https://www.instagram.com/p/BEj4cKaAvoS,1461452905,./imgs/BEj4cKaAvoS.png,nan,1651206,29987,0,0,0,0,0,False
justinbieber,https://www.instagram.com/p/BEEqyT1AvmQ,1460405559,./imgs/BEEqyT1AvmQ.png,Purpose tour! What's yours,1368307,14949,0,26,4,0,0,False
justinbieber,https://www.instagram.com/p/CGD_u4onvkh,1602116908,./imgs/CGD_u4onvkh.png,nan,1257131,4770,0,0,0,0,0,False
justinbieber,https://www.instagram.com/p/CK4yuOHH3iE,1612478406,./imgs/CK4yuOHH3iE.png,📷: @rorykramer,935843,3240,0,14,2,1,0,False
justinbieber,https://www.instagram.com/p/CAtCZJwHChA,1590609132,./imgs/CAtCZJwHChA.png,"Then Jesus was led up by the Spirit into the wilderness to be tempted by the devil. And after fasting forty days and forty nights, he was hungry. And the tempter came and said to him, “If you are the Son of God, command these stones to become loaves of bread.” But he answered, “It is written, “‘Man shall not live by bread alone, but by every word that comes from the mouth of God.’”",2249611,16780,0,384,75,0,0,False
justinbieber,https://www.instagram.com/p/hyEsfxAvmd,1386767165,./imgs/hyEsfxAvmd.png,Watching kick ass 2,666491,10964,0,19,4,0,0,False
justinbieber,https://www.instagram.com/p/CQ1IqfUnact,1625240594,./imgs/CQ1IqfUnact.png,nan,973402,3836,0,0,0,0,0,False
justinbieber,https://www.instagram.com/p/n4IcodgvjT,1399855361,./imgs/n4IcodgvjT.png,And u know I got dat . ♛ . (via @shots),1018018,14733,0,39,11,0,0,False
justinbieber,https://www.instagram.com/p/BGZxwjMgvhI,1465408825,./imgs/BGZxwjMgvhI.png,Don't mind waking up to this at all,1034639,6607,0,35,8,0,0,False
justinbieber,https://www.instagram.com/p/COluY1AnmYV,1620428534,./imgs/COluY1AnmYV.png,📷: @rorykramer,811253,3080,0,14,2,1,0,False
justinbieber,https://www.instagram.com/p/B8uNBRdHvy3,1582058341,./imgs/B8uNBRdHvy3.png,Getting ready for tour!! Have you got ur tickets??,953414,13596,0,50,9,0,0,True
justinbieber,https://www.instagram.com/p/MYlhm,1315362336,./imgs/MYlhm.png,Chillin with 2pac,134970,1937,0,17,3,0,0,False
justinbieber,https://www.instagram.com/p/BFCWBU4Avjj,1462475047,./imgs/BFCWBU4Avjj.png,nan,1385592,13380,0,0,0,0,0,False
justinbieber,https://www.instagram.com/p/B6zOwZinScE,1577932039,./imgs/B6zOwZinScE.png,Friday January 3 #yummy,420428,1228,1,23,4,0,0,False
justinbieber,https://www.instagram.com/p/5006pTgvhC,1438399163,./imgs/5006pTgvhC.png,MY SINGLE WHAT DO YOU MEAN IS COMING OUT STAY TUNED!! #fanart #aug28,883751,12168,2,68,13,0,0,False
justinbieber,https://www.instagram.com/p/ZMKAk,1323917001,./imgs/ZMKAk.png,Bieber Lil b voice,173919,4136,0,18,4,0,0,False
justinbieber,https://www.instagram.com/p/CK2i45znWpO,1612402996,./imgs/CK2i45znWpO.png,📷: @rorykramer,863859,4202,0,14,2,1,0,False
justinbieber,https://www.instagram.com/p/B-MHv9Ene2s,1585209705,./imgs/B-MHv9Ene2s.png,#comearoundmechallenge #tiktok,255091,1178,2,30,2,0,0,True
justinbieber,https://www.instagram.com/p/6_H2XfAvse,1440892117,./imgs/6_H2XfAvse.png,I look fat in this picture,1400029,43187,0,26,6,0,0,False
justinbieber,https://www.instagram.com/p/CNQWi5BH_96,1617563907,./imgs/CNQWi5BH_96.png,"Happy Easter, Jesus rose from the Dead. @simplegospel is dropping these limited JESUS ROSE FROM THE DEAD HOODIES, T’S, AND SHORTS AVAILABLE NOW BUT NOT FOR LONG.",1648636,7035,0,161,27,0,0,False
justinbieber,https://www.instagram.com/p/hkjAyVAvlX,1386313298,./imgs/hkjAyVAvlX.png,Rip,803080,12491,0,3,1,0,0,False
justinbieber,https://www.instagram.com/p/c5a8X,1325256563,./imgs/c5a8X.png,Dad rockin a #swaghat,124434,1783,1,21,4,0,0,False
justinbieber,https://www.instagram.com/p/CFcdkiwnmFl,1600790460,./imgs/CFcdkiwnmFl.png,My brother @colinseyes. Honored to make this with you. Holy BTS up now,699295,4262,0,70,13,0,0,True
justinbieber,https://www.instagram.com/p/B0J2KbCnLqy,1563658511,./imgs/B0J2KbCnLqy.png,nan,975969,3121,0,0,0,0,0,False
justinbieber,https://www.instagram.com/p/BDydzI7gvpy,1459794770,./imgs/BDydzI7gvpy.png,nan,1450539,10934,0,0,0,0,0,False
justinbieber,https://www.instagram.com/p/r59rfZAvhA,1408506759,./imgs/r59rfZAvhA.png,@poobear,576561,6862,0,8,1,0,0,True
justinbieber,https://www.instagram.com/p/CFQfiAIn1LN,1600388749,./imgs/CFQfiAIn1LN.png,Thank you for using ur platform to have important discussions about things that truly matter! Proud and honored to be your friend @c.syresmith I learn so much from you,1131577,3060,0,167,29,0,0,False
justinbieber,https://www.instagram.com/p/CMnMnSjn63x,1616182968,./imgs/CMnMnSjn63x.png,nan,2323125,10143,0,0,0,0,2,False
justinbieber,https://www.instagram.com/p/B4v3EtGHDgN,1573523992,./imgs/B4v3EtGHDgN.png,nan,375927,1262,0,0,0,0,0,False
justinbieber,https://www.instagram.com/p/CITlT4PHzvh,1606934893,./imgs/CITlT4PHzvh.png,nan,805830,6279,0,0,0,0,0,False
justinbieber,https://www.instagram.com/p/yiZWTjgvus,1422748344,./imgs/yiZWTjgvus.png,nan,1644886,50680,0,0,0,0,0,False
justinbieber,https://www.instagram.com/p/BBBqY79Avn6,1453862237,./imgs/BBBqY79Avn6.png,My great grandpa swaggin ,1455667,22175,0,25,4,0,0,False
justinbieber,https://www.instagram.com/p/BJB9S4PBy_L,1471052018,./imgs/BJB9S4PBy_L.png,nan,1630142,41006,0,0,0,0,0,False
justinbieber,https://www.instagram.com/p/B_kPs3QnLVf,1588166636,./imgs/B_kPs3QnLVf.png,nan,2078304,7562,0,0,0,0,0,False
justinbieber,https://www.instagram.com/p/8zWt7VAvgm,1444792227,./imgs/8zWt7VAvgm.png,Thank you @brooklynprojectsla for the love!! If you guys wanna find the exclusive stuff checkout their stuff.,969635,5625,0,109,17,0,1,False
justinbieber,https://www.instagram.com/p/-cKjVBAvqi,1448309064,./imgs/-cKjVBAvqi.png,He is living water thurst no more,1434296,17847,0,33,7,0,1,False
justinbieber,https://www.instagram.com/p/BHAoelUAvja,1466712582,./imgs/BHAoelUAvja.png,nan,1186766,5155,0,0,0,0,0,False
justinbieber,https://www.instagram.com/p/B9SMDaDneNK,1583265823,./imgs/B9SMDaDneNK.png,nan,391614,2424,0,0,0,0,0,True
justinbieber,https://www.instagram.com/p/B50mt29F1Ic,1575830722,./imgs/B50mt29F1Ic.png,"GOOD MORNING HERE IS A GUIDED PRAYER TO START YOUR DAY,! FIND A COMFY POSITION AND ENJOY! @churchome @judahsmith",235084,1730,0,112,19,0,0,True
justinbieber,https://www.instagram.com/p/CbDW-XLp-55,1647192695,./imgs/CbDW-XLp-55.png,📷 : @rorykramer,1726955,7010,0,15,3,1,0,False
justinbieber,https://www.instagram.com/p/B-gKjT5H_MT,1585882235,./imgs/B-gKjT5H_MT.png,Our fav @billieeilish,3534826,20146,0,21,3,0,0,False
justinbieber,https://www.instagram.com/p/BIJncKsBn3W,1469161512,./imgs/BIJncKsBn3W.png,New single #coldwater out now. @majorlazer @momomoyouth,937855,29426,1,55,7,0,0,False
justinbieber,https://www.instagram.com/p/hCDsIUgvlg,1385156025,./imgs/hCDsIUgvlg.png,nan,639500,5529,0,0,0,0,0,False
justinbieber,https://www.instagram.com/p/6sjQ_Dgvn8,1440268957,./imgs/6sjQ_Dgvn8.png,Thanks @elvisduran. See u Monday. @elvisduranshow what do you mean? @z100newyork #6days,646078,2355,1,87,12,0,0,False
justinbieber,https://www.instagram.com/p/BuoydgDn9Uo,1551811856,./imgs/BuoydgDn9Uo.png,nan,2484945,11531,0,0,0,0,1,False
justinbieber,https://www.instagram.com/p/BVkuYbGDvRr,1497988408,./imgs/BVkuYbGDvRr.png,nan,2109374,14744,0,0,0,0,0,False
justinbieber,https://www.instagram.com/p/CDKZmN3Htpy,1595889344,./imgs/CDKZmN3Htpy.png,nan,938150,4984,0,0,0,0,0,False
justinbieber,https://www.instagram.com/p/lp-ucDgvmq,1395085534,./imgs/lp-ucDgvmq.png,Been in the studio for over 24 hours (via @shots),1024298,31718,0,49,10,0,0,False
justinbieber,https://www.instagram.com/p/4_8V1sAvo4,1436624671,./imgs/4_8V1sAvo4.png,#mynurse @micahcravalho lol thanks for watching out for me GOT MY WISDOM teeth out and haven't slept!! @thehundreds where you at @richwilkersonjr,1110111,9938,1,145,22,0,0,False
justinbieber,https://www.instagram.com/p/CSC6-VHBOVU,1627850662,./imgs/CSC6-VHBOVU.png,nan,941283,13738,0,0,0,0,0,False
justinbieber,https://www.instagram.com/p/BY_lcIUj2no,1505332141,./imgs/BY_lcIUj2no.png,nan,896741,3812,0,0,0,0,0,False
justinbieber,https://www.instagram.com/p/CJXf_30HXHO,1609213847,./imgs/CJXf_30HXHO.png,Bet that money on baby bet she won’t leave me oh no. 📹: @rorykramer_,1376281,6337,0,68,14,1,6,True
justinbieber,https://www.instagram.com/p/qk9qKqgvlk,1405654621,./imgs/qk9qKqgvlk.png,nan,1321005,99966,0,0,0,0,0,False
justinbieber,https://www.instagram.com/p/BFHlJMPAvr7,1462650748,./imgs/BFHlJMPAvr7.png,nan,1316393,9049,0,0,0,0,0,False
justinbieber,https://www.instagram.com/p/B9UvNJWHXNp,1583351315,./imgs/B9UvNJWHXNp.png,nan,925818,2616,0,0,0,0,0,False
justinbieber,https://www.instagram.com/p/BZAViwgDO78,1505357361,./imgs/BZAViwgDO78.png,nan,734550,8825,0,0,0,0,0,False
justinbieber,https://www.instagram.com/p/YYddt,1323547595,./imgs/YYddt.png,nan,128444,1830,0,0,0,0,0,False
justinbieber,https://www.instagram.com/p/R6orRcAvkW,1352694726,./imgs/R6orRcAvkW.png,Poppy for Remembrance Day,467752,12096,0,25,4,0,0,False
justinbieber,https://www.instagram.com/p/CUvLtrtvnKY,1633630801,./imgs/CUvLtrtvnKY.png,📷: @rorykramer,1589780,7241,0,14,2,1,0,False
justinbieber,https://www.instagram.com/p/hNydyIAvj-,1385549648,./imgs/hNydyIAvj-.png,I'm turnt,754472,19938,0,9,2,0,0,False
justinbieber,https://www.instagram.com/p/Sgw1wkAvki,1353974075,./imgs/Sgw1wkAvki.png,"Knock knock who der Houdini disappear got green John deer more green Paul Pierce ahh"" @kinggoldchains",483709,15421,0,101,16,0,0,False
justinbieber,https://www.instagram.com/p/B8Xa7ClnwX3,1581293861,./imgs/B8Xa7ClnwX3.png,"If you want make a video of yourself talking about the changes you have endured in this past season or the changes you are about to endure! How are you going to adapt to those changes, accept those changes, and move forward with LOVE! Tag me @justinbieber on twitter and we can keep the conversation going! WERE IN THIS TOGETHER! #yourchange",707749,4025,1,341,61,0,0,False
justinbieber,https://www.instagram.com/p/7nTGYdgvrG,1442240193,./imgs/7nTGYdgvrG.png,#pray,1114222,20327,1,5,1,0,0,False
justinbieber,https://www.instagram.com/p/tGYrQGgvjs,1411071049,./imgs/tGYrQGgvjs.png,Sunflowers,720307,5499,0,10,1,0,0,False
justinbieber,https://www.instagram.com/p/BEzzRKdgvrx,1461987065,./imgs/BEzzRKdgvrx.png,nan,1647609,105437,0,0,0,0,0,False
justinbieber,https://www.instagram.com/p/8tikt-AvvQ,1444597116,./imgs/8tikt-AvvQ.png,It it too late to say I'm sorry now? @nickdemoura,872982,27659,0,49,10,0,0,True
justinbieber,https://www.instagram.com/p/CQlPSwpnaZN,1624707199,./imgs/CQlPSwpnaZN.png,nan,1258366,4926,0,0,0,0,0,False
justinbieber,https://www.instagram.com/p/BX4AWgwDn8-,1502930331,./imgs/BX4AWgwDn8-.png,nan,2223300,38330,0,0,0,0,0,False
justinbieber,https://www.instagram.com/p/stgWO3Avvi,1410236211,./imgs/stgWO3Avvi.png,Most devoted musician alive @poobear,693719,6731,0,36,5,0,0,False
justinbieber,https://www.instagram.com/p/CRU6YJXHPiC,1626306845,./imgs/CRU6YJXHPiC.png,FaceTiming @giveon as he does his @thekidlaroi impression after the show 📷: @evanpaterakis,901815,2244,0,90,13,1,0,False
justinbieber,https://www.instagram.com/p/BHcsFJNhkeS,1467653995,./imgs/BHcsFJNhkeS.png,Thank you Miami,1059265,25464,0,15,3,0,0,True
justinbieber,https://www.instagram.com/p/B0R14ZUn3c3,1563926799,./imgs/B0R14ZUn3c3.png,nan,4146109,54923,0,0,0,0,0,False
justinbieber,https://www.instagram.com/p/BxSqqm2nhuo,1557512035,./imgs/BxSqqm2nhuo.png,nan,2356706,23571,0,0,0,0,0,True
justinbieber,https://www.instagram.com/p/U4_GCFgvsY,1359081822,./imgs/U4_GCFgvsY.png,1 sec,704095,21038,0,5,2,0,0,False
justinbieber,https://www.instagram.com/p/CRKdLzJHxRT,1625955996,./imgs/CRKdLzJHxRT.png,Last night was crazy!!📸: @rorykramer,1482585,8623,0,36,5,1,0,False
justinbieber,https://www.instagram.com/p/CTNgklHhAXf,1630353402,./imgs/CTNgklHhAXf.png,Cornhole champions 📷: @rorykramer,2014424,5708,0,33,4,1,0,False
justinbieber,https://www.instagram.com/p/CDryG0-H0sS,1597009490,./imgs/CDryG0-H0sS.png,"LETS CONTINUE TO SUPPORT AND FIGHT FOR OUR BLACK BROTHERS AND SISTERS WHO ARE SO OBVIOUSLY MARGINALIZED,  PROFILED, BELITTLED, SILENCED AND MURDERED BEFORE OUR OWN EYES.",894039,7011,0,169,26,0,0,False
justinbieber,https://www.instagram.com/p/lyuUEigvs6,1395378919,./imgs/lyuUEigvs6.png,♛ he did it again,1318302,61627,0,17,5,0,0,False
justinbieber,https://www.instagram.com/p/BRHRDuvlSc1,1488410021,./imgs/BRHRDuvlSc1.png,nan,2006955,26375,0,0,0,0,0,False
justinbieber,https://www.instagram.com/p/CO3ROK4nWDI,1621017222,./imgs/CO3ROK4nWDI.png,@drewhouse,516202,2108,0,10,1,0,0,False
justinbieber,https://www.instagram.com/p/CGQad6hnQc2,1602533578,./imgs/CGQad6hnQc2.png,Honored to be on this journey with you boys. Thank you for teaching me so much @harv @nickdemoura @jblazeofficial @djtayjames,939496,2971,0,125,20,0,0,False
justinbieber,https://www.instagram.com/p/CZuIZWlrX7Y,1644332925,./imgs/CZuIZWlrX7Y.png,Who’s ready,713178,6111,0,11,2,0,0,False
justinbieber,https://www.instagram.com/p/B8unB5mHrJb,1582071960,./imgs/B8unB5mHrJb.png,Back with @j_corden for some #carpoolkaraoke tonight @latelateshow,1642772,4793,1,66,8,0,0,False
justinbieber,https://www.instagram.com/p/Bz1GZCXnE_V,1562962587,./imgs/Bz1GZCXnE_V.png,nan,1773563,14472,0,0,0,0,0,True
justinbieber,https://www.instagram.com/p/Bwsdwp6nWcF,1556230188,./imgs/Bwsdwp6nWcF.png,nan,1817738,3615,0,0,0,0,0,False
justinbieber,https://www.instagram.com/p/BW6OqaIjipx,1500857459,./imgs/BW6OqaIjipx.png,nan,2832243,36844,0,0,0,0,0,False
justinbieber,https://www.instagram.com/p/BUMwPlHjsni,1495036594,./imgs/BUMwPlHjsni.png,nan,1697072,34484,0,0,0,0,0,True
justinbieber,https://www.instagram.com/p/CLpL8vrn82K,1614102302,./imgs/CLpL8vrn82K.png,nan,462074,6685,0,0,0,0,0,True
justinbieber,https://www.instagram.com/p/BDydo9zAvpi,1459794687,./imgs/BDydo9zAvpi.png,nan,1243191,8548,0,0,0,0,0,False
justinbieber,https://www.instagram.com/p/whSdlDAvr7,1418416212,./imgs/whSdlDAvr7.png,@thepatricknilsson quit touchin my butt,740987,9349,0,39,5,0,0,False
justinbieber,https://www.instagram.com/p/6fNcoaAvr0,1439821310,./imgs/6fNcoaAvr0.png,What Do You Mean? @shecks #11Days,911937,18686,1,33,6,0,0,False
justinbieber,https://www.instagram.com/p/BRcVignjTfD,1489117014,./imgs/BRcVignjTfD.png,Everyone needs to just hug more,2006921,25320,0,31,6,0,0,False
justinbieber,https://www.instagram.com/p/BFAqgrmAvlE,1462418681,./imgs/BFAqgrmAvlE.png,I had a blast crossing you up,1131020,11423,0,29,7,0,0,False
justinbieber,https://www.instagram.com/p/B87B6OfHKis,1582488721,./imgs/B87B6OfHKis.png,nan,1310163,13501,0,0,0,0,0,True
justinbieber,https://www.instagram.com/p/s89GhvAvn8,1410754603,./imgs/s89GhvAvn8.png,Painted my shoes it was fun,833650,14326,0,27,6,0,0,False
justinbieber,https://www.instagram.com/p/b0U3Z3gvuD,1373957850,./imgs/b0U3Z3gvuD.png,"thank you for always standing by my side ,",1088686,43102,0,42,9,0,0,False
justinbieber,https://www.instagram.com/p/CDAtIlEnvWI,1595564042,./imgs/CDAtIlEnvWI.png,nan,652797,2435,0,0,0,0,0,False
justinbieber,https://www.instagram.com/p/CCXfj-LHYaa,1594181213,./imgs/CCXfj-LHYaa.png,Seal-o Green,1273438,18087,0,12,2,0,0,True
justinbieber,https://www.instagram.com/p/BDydufOAvpv,1459794732,./imgs/BDydufOAvpv.png,nan,1290297,4881,0,0,0,0,0,False
justinbieber,https://www.instagram.com/p/qp_cpTAvpD,1405823331,./imgs/qp_cpTAvpD.png,nan,735545,15846,0,0,0,0,0,False
justinbieber,https://www.instagram.com/p/SZtc29gvii,1353737417,./imgs/SZtc29gvii.png,Me and Chaz chillin getting tired gettin some cereal and passing out,421723,11259,0,68,12,0,0,False
justinbieber,https://www.instagram.com/p/SnKue,1320357859,./imgs/SnKue.png,Sup bigg,105620,1038,0,8,2,0,0,False
justinbieber,https://www.instagram.com/p/CLndm5en-wj,1614044394,./imgs/CLndm5en-wj.png,"If you want, peep my Spotify piece we did on youtube",2222648,11337,0,52,11,0,0,False
justinbieber,https://www.instagram.com/p/B8APyh1nn0V,1580516272,./imgs/B8APyh1nn0V.png,👀 @drewhouse,420959,721,0,12,2,1,0,False
justinbieber,https://www.instagram.com/p/7xD_-vgvkO,1442567820,./imgs/7xD_-vgvkO.png,Had fun last night man!! Love you @martingarrix,1276414,11089,0,47,8,0,0,False
justinbieber,https://www.instagram.com/p/BG7avGKAvtm,1466537605,./imgs/BG7avGKAvtm.png,nan,697566,4862,0,0,0,0,0,True
justinbieber,https://www.instagram.com/p/BY9bBvRD1JE,1505259573,./imgs/BY9bBvRD1JE.png,Let's help others. #handinhand,808329,13197,1,30,4,0,0,False
justinbieber,https://www.instagram.com/p/qigp75gvne,1405572306,./imgs/qigp75gvne.png,♛ me and my team,906015,10750,0,16,5,0,0,False
justinbieber,https://www.instagram.com/p/CRPNHAYnRRK,1626115340,./imgs/CRPNHAYnRRK.png,nan,984151,2587,0,0,0,0,0,False
justinbieber,https://www.instagram.com/p/CLaAbO6HGmF,1613592887,./imgs/CLaAbO6HGmF.png,More goodies,684278,3188,0,12,2,0,0,False
justinbieber,https://www.instagram.com/p/R7PxO,1319915660,./imgs/R7PxO.png,I #believe,177959,5928,1,10,2,0,0,False
justinbieber,https://www.instagram.com/p/2HLSsYgvvq,1430424940,./imgs/2HLSsYgvvq.png,nan,1596613,104983,0,0,0,0,1,False
justinbieber,https://www.instagram.com/p/CTXZ-gKFp3L,1630685489,./imgs/CTXZ-gKFp3L.png,Jesus rose,964198,5274,0,10,2,0,0,False
justinbieber,https://www.instagram.com/p/BC3pG1CAvhW,1457820987,./imgs/BC3pG1CAvhW.png,nan,2392174,66702,0,0,0,0,1,False
justinbieber,https://www.instagram.com/p/BEvM6UCgvmj,1461832737,./imgs/BEvM6UCgvmj.png,nan,1248890,5544,0,0,0,0,0,False
justinbieber,https://www.instagram.com/p/B-LjOSiHvHd,1585190676,./imgs/B-LjOSiHvHd.png,#comearoundmechallenge @jblazeofficial @nickdemoura @_cjsalvador @j.rabon music by @maejor @poobear,519732,3578,1,99,9,0,0,True
justinbieber,https://www.instagram.com/p/BTKJemdDfCo,1492801678,./imgs/BTKJemdDfCo.png,nan,1913070,23703,0,0,0,0,0,False
justinbieber,https://www.instagram.com/p/ZIgQ13gvjY,1368192463,./imgs/ZIgQ13gvjY.png,God is good,854771,33417,0,11,3,0,0,False
justinbieber,https://www.instagram.com/p/B9E6Y7envT3,1582820349,./imgs/B9E6Y7envT3.png,Have you guys had a chance to see the big finale of the docu series on @youtube ? #justinbieberseasons,643671,3074,1,102,19,0,0,True
justinbieber,https://www.instagram.com/p/r-2mCpAvjH,1408670816,./imgs/r-2mCpAvjH.png,nan,647595,10680,0,0,0,0,0,True
justinbieber,https://www.instagram.com/p/BhPbZN5jE9u,1523043614,./imgs/BhPbZN5jE9u.png,Congrats @poobear happy birthday hard to face reality out now !!!,1857319,34302,0,65,11,0,0,False
justinbieber,https://www.instagram.com/p/BWFNSStDnzs,1499078353,./imgs/BWFNSStDnzs.png,nan,2601610,41471,0,0,0,0,0,False
justinbieber,https://www.instagram.com/p/bDbI9lgvj2,1372316972,./imgs/bDbI9lgvj2.png,Ryan's drunk as piss,663323,17677,0,20,4,0,0,False
justinbieber,https://www.instagram.com/p/jU8D4bgvkY,1390084527,./imgs/jU8D4bgvkY.png,nan,716343,21879,0,0,0,0,0,True
justinbieber,https://www.instagram.com/p/-Pd47SAvts,1447882995,./imgs/-Pd47SAvts.png,#Wcw Candice,936801,36469,1,12,2,0,0,False
justinbieber,https://www.instagram.com/p/BGprBipAvh0,1465942165,./imgs/BGprBipAvh0.png,nan,1046980,6777,0,0,0,0,0,False
justinbieber,https://www.instagram.com/p/CRb0OytHUr8,1626538504,./imgs/CRb0OytHUr8.png,📷: @evanpaterakis,1383652,5855,0,17,2,1,0,False
justinbieber,https://www.instagram.com/p/8Vk5MIAvtk,1443793026,./imgs/8Vk5MIAvtk.png,nan,902106,7300,0,0,0,0,0,False
justinbieber,https://www.instagram.com/p/e7OgqVAvjL,1380631850,./imgs/e7OgqVAvjL.png,Love you beliebers,1005425,58208,0,18,3,0,0,False
justinbieber,https://www.instagram.com/p/uoJ7hvAvnK,1414351653,./imgs/uoJ7hvAvnK.png,nan,762144,18318,0,0,0,0,0,False
justinbieber,https://www.instagram.com/p/BQRS_c8Bzrr,1486599095,./imgs/BQRS_c8Bzrr.png,nan,1330987,12610,0,0,0,0,0,False
justinbieber,https://www.instagram.com/p/CDNHhSmHQpy,1595980529,./imgs/CDNHhSmHQpy.png,nan,1359665,5695,0,0,0,0,0,False
justinbieber,https://www.instagram.com/p/Vm0vQfgvur,1360619896,./imgs/Vm0vQfgvur.png,nan,616209,12548,0,0,0,0,0,False
justinbieber,https://www.instagram.com/p/Ca2gP4PJ7cu,1646761350,./imgs/Ca2gP4PJ7cu.png,Night 2 tonight in la. 💙💙💙❤️❤️🌈🌈🌈🙏🍄🥰🥰🥰 📷: @evanpaterakis,1097097,4824,0,56,8,14,0,False
justinbieber,https://www.instagram.com/p/B-dpFkBHy1v,1585797581,./imgs/B-dpFkBHy1v.png,Love you!!,3317382,45005,0,10,2,0,0,False
justinbieber,https://www.instagram.com/p/B32kaa9HUD3,1571601605,./imgs/B32kaa9HUD3.png,“SAVE OUR FRIEND” MY @KAWS INSPIRED PUMPKIN,880155,4975,0,43,7,0,0,False
justinbieber,https://www.instagram.com/p/anWZbFAvvG,1371374962,./imgs/anWZbFAvvG.png,Laid back in the maybach,879157,39794,0,24,5,0,0,False
justinbieber,https://www.instagram.com/p/CPBtUxpnN__,1621367689,./imgs/CPBtUxpnN__.png,"Playing the drums is so therapeutic for me, I’m not the greatest drummer in the world bu i have a good time doing it!",513430,5164,0,117,24,0,0,True
justinbieber,https://www.instagram.com/p/BUws82mDGqo,1496242828,./imgs/BUws82mDGqo.png,nan,1761231,31489,0,0,0,0,0,False
justinbieber,https://www.instagram.com/p/CJZjurDHyqr,1609282874,./imgs/CJZjurDHyqr.png,Just to be close to you. 📷: @mattkomo,1879085,6624,0,37,8,1,0,False
justinbieber,https://www.instagram.com/p/6-769rAvjs,1440885864,./imgs/6-769rAvjs.png,nan,899218,4151,0,0,0,0,0,False
justinbieber,https://www.instagram.com/p/vH_CwnAvmQ,1415419686,./imgs/vH_CwnAvmQ.png,(via @shots),966959,42459,0,12,2,0,0,False
justinbieber,https://www.instagram.com/p/j0plFpAvg6,1391148579,./imgs/j0plFpAvg6.png,"I have the greatest Dad in the world. He's taught me how to love, learn, and stay true to myself. I will forever be grateful because he was my superehero #batman",898885,32298,1,161,31,0,0,False
justinbieber,https://www.instagram.com/p/0V_o3WAvoY,1426627179,./imgs/0V_o3WAvoY.png,Ducati on a Tuesday,1099994,17343,0,19,4,0,0,False
justinbieber,https://www.instagram.com/p/CSX2nfqlY5Z,1628553021,./imgs/CSX2nfqlY5Z.png,@drewhouse - welcome home,916616,3358,0,25,4,0,1,False
justinbieber,https://www.instagram.com/p/BY_jm2YD2wv,1505331180,./imgs/BY_jm2YD2wv.png,nan,942642,4874,0,0,0,0,0,False
justinbieber,https://www.instagram.com/p/n4GKbEAvvT,1399854163,./imgs/n4GKbEAvvT.png,She told me to give her a kiss on the cheek and she turned lol #cheeky,1272630,113046,1,70,16,0,0,False
justinbieber,https://www.instagram.com/p/B2G2yyKn_pd,1567853146,./imgs/B2G2yyKn_pd.png,nan,2318113,14768,0,0,0,0,0,False
justinbieber,https://www.instagram.com/p/mlxHPbgvk8,1397091663,./imgs/mlxHPbgvk8.png,nan,1389178,101510,0,0,0,0,0,False
justinbieber,https://www.instagram.com/p/CGK69_KHDHN,1602349291,./imgs/CGK69_KHDHN.png,🥶🥶🥶 @takashipom @drewhouse,1861431,3920,0,26,3,3,1,False
justinbieber,https://www.instagram.com/p/CR2EOgDHzec,1627419305,./imgs/CR2EOgDHzec.png,Fam. 📷: @rorykramer,2306456,7453,0,19,3,1,0,False
justinbieber,https://www.instagram.com/p/B3LCnVeH-bF,1570141125,./imgs/B3LCnVeH-bF.png,"One thing I have never been is a quitter! When I set my mind to something I do it, no ands ifs or buts... I challenge myself not for anyone else but for myself to be the best at everything I do.. be the best you can be!! IN ALL AREAS OF YOUR LIFE",703292,5574,0,246,54,0,0,True
justinbieber,https://www.instagram.com/p/B68WszOH_2N,1578238194,./imgs/B68WszOH_2N.png,nan,1247072,3344,0,0,0,0,0,False
justinbieber,https://www.instagram.com/p/BzUYjhzHh1X,1561864603,./imgs/BzUYjhzHh1X.png,These are the moments I live for.. alone time with you refreshes my soul. You are so out of my league and I’m okay with that! You are mine and I am yours #foreverandever #tilthewheelsfalloff,7642235,60808,2,190,35,0,0,False
justinbieber,https://www.instagram.com/p/71LDbPgvpt,1442705737,./imgs/71LDbPgvpt.png,nan,1132543,9635,0,0,0,0,0,False
justinbieber,https://www.instagram.com/p/CHvcqmpHqR6,1605722401,./imgs/CHvcqmpHqR6.png,Friday. #MONSTER with @ShawnMendes,1601342,13992,1,34,4,0,0,False
justinbieber,https://www.instagram.com/p/CNksXBkHVDc,1618246488,./imgs/CNksXBkHVDc.png,🎥: @rorykramer,524205,3331,0,14,2,1,0,True
justinbieber,https://www.instagram.com/p/CRPNbNWHKO0,1626115505,./imgs/CRPNbNWHKO0.png,nan,738732,3617,0,0,0,0,0,False
justinbieber,https://www.instagram.com/p/tDuAJIAvnF,1410981567,./imgs/tDuAJIAvnF.png,Hope u had a good bday  @ryanbutler,1292202,52599,0,35,7,0,0,False
justinbieber,https://www.instagram.com/p/hjK_DkAvsg,1386267146,./imgs/hjK_DkAvsg.png,nan,702657,12041,0,0,0,0,0,False
justinbieber,https://www.instagram.com/p/s50fIWAviG,1410649422,./imgs/s50fIWAviG.png,At the @HardRockHotelLV pool before heading over to see the Champ @floydmayweather (via @shots),909834,16970,0,95,14,0,2,False
justinbieber,https://www.instagram.com/p/COZ10o7HJvB,1620029779,./imgs/COZ10o7HJvB.png,📷: @rorykramer,1218227,3681,0,14,2,1,0,False
justinbieber,https://www.instagram.com/p/eTejVIgvn0,1379298083,./imgs/eTejVIgvn0.png,nan,630963,24480,0,0,0,0,0,True
justinbieber,https://www.instagram.com/p/d1C_Cogvnf,1378276997,./imgs/d1C_Cogvnf.png,Funny faces on yo $/&:&:@:,715143,35034,0,26,5,0,0,True
justinbieber,https://www.instagram.com/p/CR10yN8HXvH,1627411209,./imgs/CR10yN8HXvH.png,📷: @rorykramer,465129,2019,0,14,2,1,0,False
justinbieber,https://www.instagram.com/p/BVhiuWzjV2J,1497881633,./imgs/BVhiuWzjV2J.png,nan,1976160,18521,0,0,0,0,0,False
justinbieber,https://www.instagram.com/p/3HLA5DgvpI,1432572277,./imgs/3HLA5DgvpI.png,Jazzy,761878,9131,0,5,1,0,0,True
justinbieber,https://www.instagram.com/p/rxpSk2Avso,1408227633,./imgs/rxpSk2Avso.png,nan,693928,12982,0,0,0,0,0,False
justinbieber,https://www.instagram.com/p/ljNXdtgvgu,1394858329,./imgs/ljNXdtgvgu.png,nan,893194,28264,0,0,0,0,0,False
justinbieber,https://www.instagram.com/p/a-JIq,1324669409,./imgs/a-JIq.png,Me and the rugrats,209230,5833,0,18,4,0,0,False
justinbieber,https://www.instagram.com/p/W9aMkOgvpG,1363525216,./imgs/W9aMkOgvpG.png,L'arc de triomphe,704684,31820,0,17,3,0,0,False
justinbieber,https://www.instagram.com/p/h2EKpugvlH,1386901105,./imgs/h2EKpugvlH.png,Get my Artist to a million on insta @Maejorali,559685,5700,0,46,9,0,0,False
justinbieber,https://www.instagram.com/p/y53Fblgvov,1423535687,./imgs/y53Fblgvov.png,Dichotomy,1277025,35963,0,9,1,0,0,False
justinbieber,https://www.instagram.com/p/BXyJkYUj5Y5,1502733837,./imgs/BXyJkYUj5Y5.png,nan,776848,3977,0,0,0,0,0,False
justinbieber,https://www.instagram.com/p/BIYWTPlhxp4,1469655842,./imgs/BIYWTPlhxp4.png,Beverly Hills,1517937,18487,0,13,2,0,0,False
justinbieber,https://www.instagram.com/p/CM2mBTtnm3Y,1616699731,./imgs/CM2mBTtnm3Y.png,Let’s seee how it tastes @itsbennyblanco congrats on the albuM,421526,2102,0,62,10,0,0,True
justinbieber,https://www.instagram.com/p/BVfOIgGDFxf,1497803728,./imgs/BVfOIgGDFxf.png,If any one wants to get the better at 70 tattoo here's the stencil,1422062,19484,0,66,14,0,0,False
justinbieber,https://www.instagram.com/p/CDKz68Vn7Hi,1595903145,./imgs/CDKz68Vn7Hi.png,nan,659964,1955,0,0,0,0,0,False
justinbieber,https://www.instagram.com/p/CFzozTMnriQ,1601568014,./imgs/CFzozTMnriQ.png,Soon,1392840,10596,0,4,1,0,0,False
justinbieber,https://www.instagram.com/p/JMBXQ,1312325089,./imgs/JMBXQ.png,I got Kenneth to stand in the pinks line for me .. ,121088,1450,0,51,12,0,0,False
justinbieber,https://www.instagram.com/p/BTvLIvNjwwf,1494044061,./imgs/BTvLIvNjwwf.png,Slapped this guy mad hard,1634980,22337,0,25,5,0,0,True
justinbieber,https://www.instagram.com/p/n1efiMAvlX,1399766255,./imgs/n1efiMAvlX.png,#caughtmelookinfly,827845,15564,1,18,1,0,0,False
justinbieber,https://www.instagram.com/p/BA0S_1_AvrK,1453413765,./imgs/BA0S_1_AvrK.png,Rack em up ,1372388,7268,0,11,3,0,1,False
justinbieber,https://www.instagram.com/p/6OrSg-AviE,1439266531,./imgs/6OrSg-AviE.png,Hottest couple in the game,888132,16891,0,26,5,0,0,False
justinbieber,https://www.instagram.com/p/BVuOLZtDhSK,1498307069,./imgs/BVuOLZtDhSK.png,Love is beautiful cool seeing love like this,1996911,18405,0,44,8,0,2,False
justinbieber,https://www.instagram.com/p/CWHDdy-h64c,1636579266,./imgs/CWHDdy-h64c.png,@timhortons ❤️❤️🥺🥺🔥🔥,1285247,8046,0,20,2,6,0,False
justinbieber,https://www.instagram.com/p/CMX3dUWHXi0,1615668609,./imgs/CMX3dUWHXi0.png,"Album wrap celebration.. cant wait for you guys to heart this thinggggg 

🎥: @rorykramer",740719,8947,0,88,14,1,0,True
justinbieber,https://www.instagram.com/p/BAAorcQAvsn,1451680302,./imgs/BAAorcQAvsn.png,That party last night was awfully crazy I wish we taped it. Thank you @richie_akiva,1756508,17965,0,83,15,0,1,False
justinbieber,https://www.instagram.com/p/gZuX9cgvm_,1383802672,./imgs/gZuX9cgvm_.png,What I travel the world for ;),788967,8234,0,30,7,0,0,False
justinbieber,https://www.instagram.com/p/CVrDkbrvHFU,1635639797,./imgs/CVrDkbrvHFU.png,Baby you killed this. @britneyspears we love you,2862495,10855,0,48,8,0,0,False
justinbieber,https://www.instagram.com/p/hA8FpAAvjr,1385118485,./imgs/hA8FpAAvjr.png,nan,676238,6648,0,0,0,0,0,False
justinbieber,https://www.instagram.com/p/lZ_AC,1327745171,./imgs/lZ_AC.png,Wave goodbye to Cali ,135932,1435,0,21,4,0,0,False
justinbieber,https://www.instagram.com/p/UcRkWLgvr3,1358118429,./imgs/UcRkWLgvr3.png,What's beaut,556263,16976,0,12,2,0,0,False
justinbieber,https://www.instagram.com/p/BCb1NoDAvuK,1456887810,./imgs/BCb1NoDAvuK.png,nan,1270607,6948,0,0,0,0,3,False
justinbieber,https://www.instagram.com/p/CMkbBMGHb5u,1616089857,./imgs/CMkbBMGHb5u.png,"TONIGHT #Justice 

📷: @rorykramer",1493366,9109,1,33,4,1,0,False
justinbieber,https://www.instagram.com/p/5Kutw_Avti,1436986626,./imgs/5Kutw_Avti.png,nan,1602913,135312,0,0,0,0,0,False
justinbieber,https://www.instagram.com/p/B6TUBqXHpsh,1576861060,./imgs/B6TUBqXHpsh.png,"December 24, December 31, January 3 ... #2020",1237911,12163,1,45,8,0,0,False
justinbieber,https://www.instagram.com/p/BWAK5Jyj7Vs,1498909326,./imgs/BWAK5Jyj7Vs.png,nan,2726377,21982,0,0,0,0,0,False
justinbieber,https://www.instagram.com/p/B710TMPHSKi,1580166315,./imgs/B710TMPHSKi.png,#changethelogo,2291870,8242,1,14,1,0,0,False
justinbieber,https://www.instagram.com/p/agOduFAvqg,1371135921,./imgs/agOduFAvqg.png,@champagnepapi #drake @lastkingmm #mallymall @frandalaybay #franny me me Franny Mally mall at the cribo,827186,46712,3,103,14,0,0,False
justinbieber,https://www.instagram.com/p/BI-FNcphuWm,1470921950,./imgs/BI-FNcphuWm.png,nan,1463036,20568,0,0,0,0,0,False
justinbieber,https://www.instagram.com/p/X5Su11gvoK,1365534569,./imgs/X5Su11gvoK.png,@scrappy -50 @justinbieber -76 .. 2k champion,455603,7669,0,45,7,0,0,False
justinbieber,https://www.instagram.com/p/BRCW5AuD5q3,1488245307,./imgs/BRCW5AuD5q3.png,nan,2296998,28071,0,0,0,0,0,False
justinbieber,https://www.instagram.com/p/CVTDXxKDh4x,1634834411,./imgs/CVTDXxKDh4x.png,I was designed to love you,1221910,17812,0,26,6,0,0,True
justinbieber,https://www.instagram.com/p/mfMiRcAvjX,1396871159,./imgs/mfMiRcAvjX.png,Wymh,814314,30097,0,4,1,0,0,True
justinbieber,https://www.instagram.com/p/CHvbxk9Hw8V,1605721958,./imgs/CHvbxk9Hw8V.png,Happy holidays,1006751,15422,0,14,2,0,0,True
justinbieber,https://www.instagram.com/p/CRcCWjgnpjP,1626545908,./imgs/CRcCWjgnpjP.png,nan,1520662,9096,0,0,0,0,0,False
justinbieber,https://www.instagram.com/p/9KHu37Avtd,1445556122,./imgs/9KHu37Avtd.png,Is it too late?,774238,16309,0,15,4,0,0,True
justinbieber,https://www.instagram.com/p/B8fIUwpnOW6,1581552650,./imgs/B8fIUwpnOW6.png,#MyIntentions: Angela’s Story. Watch this incredible story of these 3 women in the Intentions video. Send me your story and intentions using #myintentions,238005,743,2,154,23,0,0,True
justinbieber,https://www.instagram.com/p/_NI7ZXgvtt,1449952379,./imgs/_NI7ZXgvtt.png,nan,800704,5181,0,0,0,0,0,False
justinbieber,https://www.instagram.com/p/CP9K5WVH7ZZ,1623362716,./imgs/CP9K5WVH7ZZ.png,See you in Vegas,984860,9281,0,16,4,0,2,False
justinbieber,https://www.instagram.com/p/iNftmlAvoh,1387687299,./imgs/iNftmlAvoh.png,#meandmyteam,838017,16433,1,12,1,0,0,False
justinbieber,https://www.instagram.com/p/CMmzRU1nt9Z,1616169681,./imgs/CMmzRU1nt9Z.png,JUSTICE,2340975,16389,0,7,1,0,0,False
justinbieber,https://www.instagram.com/p/Tvb_VjAvre,1356613943,./imgs/Tvb_VjAvre.png,Hey guys,507502,15001,0,8,2,0,0,False
justinbieber,https://www.instagram.com/p/8n_vUCgvsG,1444411081,./imgs/8n_vUCgvsG.png,#5weeks #PURPOSE,1056312,22339,2,16,2,0,0,False
justinbieber,https://www.instagram.com/p/qIWWaOAvvg,1404694488,./imgs/qIWWaOAvvg.png,♛,1067640,37802,0,1,1,0,0,False
justinbieber,https://www.instagram.com/p/CA6MJN_HSje,1591050452,./imgs/CA6MJN_HSje.png,"JUSTICE, JUSTICE, JUSTICE",673799,3458,0,25,3,0,0,False
justinbieber,https://www.instagram.com/p/gaTDp5Avu-,1383821905,./imgs/gaTDp5Avu-.png,Every place I have tagged has been approved I do not suggest tagging private property.. I still suck but i have fun doing it ;),974759,27763,0,127,25,0,0,False
justinbieber,https://www.instagram.com/p/q0NRGtAvk1,1406166121,./imgs/q0NRGtAvk1.png,nan,515181,12990,0,0,0,0,0,True
justinbieber,https://www.instagram.com/p/CDSTSkonWFN,1596154473,./imgs/CDSTSkonWFN.png,So relaxed on our roadtrip .. so grateful to be making these memories with the love of my life @haileybieber,4270181,15315,0,108,20,0,0,False
justinbieber,https://www.instagram.com/p/B6lrvA_nqyJ,1577477470,./imgs/B6lrvA_nqyJ.png,"@timhortons I know they could leak but it was easier to drink out of.. the coffe would come out better.. these new lids are uncomfortable on the mouth, and you get very little liquid each drink it's a damn outrage and needs to be changed back. Tbh it shouldn't be plastic find a way to be recyclable let's change the world 1 lid at a time",571849,8965,0,338,66,0,0,False
justinbieber,https://www.instagram.com/p/Bz9IccPneD0,1563231888,./imgs/Bz9IccPneD0.png,Smartest person I know! Love you Allison! Happy bday,1174096,5716,0,52,9,0,0,False
justinbieber,https://www.instagram.com/p/rjSpQMgvvz,1407745998,./imgs/rjSpQMgvvz.png,@khalil EP dropping soon,747923,12227,0,24,4,0,0,False
justinbieber,https://www.instagram.com/p/-3w-yzAvgZ,1449235181,./imgs/-3w-yzAvgZ.png,Kobe beef,1355671,19387,0,9,2,0,0,False
justinbieber,https://www.instagram.com/p/BGTHKSLAvjH,1465185165,./imgs/BGTHKSLAvjH.png,I don't know why I become a weirdo when I'm bored and alone I didn't even know my face could form in this way,1335472,87531,0,109,24,0,0,True
justinbieber,https://www.instagram.com/p/a1QYT2gvh-,1371841569,./imgs/a1QYT2gvh-.png,Off to somewhere,816861,27620,0,16,3,0,0,True
justinbieber,https://www.instagram.com/p/B-cgSuDg1cz,1585759445,./imgs/B-cgSuDg1cz.png,#ThatsWhatLoveIs from #ChangesTheMovement out now,618741,3995,2,49,5,0,0,True
justinbieber,https://www.instagram.com/p/BBvKa5igvqK,1455388980,./imgs/BBvKa5igvqK.png,Lil bro time,1637013,8792,0,12,3,0,0,False
justinbieber,https://www.instagram.com/p/CBlR8zfnKR5,1592496337,./imgs/CBlR8zfnKR5.png,"This is an action that can make change! In 2020, it’s time to take back the power. Join us as we work to register voters across the nation #MarchOnBallotBoxes @marchonballotboxes @headcountorg @blackvotersmtr mobbthevote.org",420976,2589,1,224,33,0,0,False
justinbieber,https://www.instagram.com/p/B6tScS5n1tW,1577732645,./imgs/B6tScS5n1tW.png,December 31 noon ... January 3... January 4 noon ... #2020,595924,3278,1,58,11,0,0,False
justinbieber,https://www.instagram.com/p/jnvN_Dgvui,1390715328,./imgs/jnvN_Dgvui.png,How could I not,768378,26448,0,15,4,0,0,True
justinbieber,https://www.instagram.com/p/BAs9GOqAvqi,1453167402,./imgs/BAs9GOqAvqi.png,I'm not the same as Michael even tho he hall of fame I'm all hall of faith put me on the wall of change ,1199944,35050,0,104,24,0,0,True
justinbieber,https://www.instagram.com/p/8nxPbBAvtq,1444403479,./imgs/8nxPbBAvtq.png,#retna #art #nov13,644770,1502,3,18,3,0,0,False
justinbieber,https://www.instagram.com/p/BG_aIh2gvrZ,1466671507,./imgs/BG_aIh2gvrZ.png,nan,1572774,15651,0,0,0,0,0,False
justinbieber,https://www.instagram.com/p/3WpA7LAvmh,1433091323,./imgs/3WpA7LAvmh.png,nan,617921,9286,0,0,0,0,0,False
justinbieber,https://www.instagram.com/p/n1lPAHAvg3,1399769790,./imgs/n1lPAHAvg3.png,Ridin down fairfax lol had a great time,845496,27708,0,39,8,0,0,True
justinbieber,https://www.instagram.com/p/RGzKzQgvr6,1350955397,./imgs/RGzKzQgvr6.png,"""Befo bennihanas it was canned goods"" 2chainz",253902,2554,0,45,7,0,0,False
justinbieber,https://www.instagram.com/p/CaptaKoPew-,1646332042,./imgs/CaptaKoPew-.png,📷: @evanpaterakis,615552,4392,0,17,2,1,0,False
justinbieber,https://www.instagram.com/p/d6GbnGAviZ,1378446576,./imgs/d6GbnGAviZ.png,This pesto is bomb,691674,40368,0,18,4,0,0,False
justinbieber,https://www.instagram.com/p/wSJYXqgvuQ,1417908134,./imgs/wSJYXqgvuQ.png,nan,1048275,29669,0,0,0,0,0,False
justinbieber,https://www.instagram.com/p/BUkfHBnDdiG,1495832918,./imgs/BUkfHBnDdiG.png,This guy @carllentz is my family! I love him so much,2383450,41869,0,52,11,0,0,False
justinbieber,https://www.instagram.com/p/hCaYRZgvmW,1385167921,./imgs/hCaYRZgvmW.png,#rollercoaster #musicmondays,666559,13529,2,28,2,0,0,False
justinbieber,https://www.instagram.com/p/f87ureAvgk,1382836596,./imgs/f87ureAvgk.png,Recovery,517868,17855,0,8,1,0,0,True
justinbieber,https://www.instagram.com/p/6-wWOnAvo_,1440879796,./imgs/6-wWOnAvo_.png,Hahahahaha,637495,4238,0,10,1,0,0,True
justinbieber,https://www.instagram.com/p/SRCZAcgvnC,1353446406,./imgs/SRCZAcgvnC.png,Ya I don't work at all lol,252933,18330,0,26,7,0,0,False
justinbieber,https://www.instagram.com/p/CO_ZqaOnETb,1621290083,./imgs/CO_ZqaOnETb.png,📷: @rorykramer,885327,3953,0,14,2,1,0,False
justinbieber,https://www.instagram.com/p/wMtJi4gvkB,1417725561,./imgs/wMtJi4gvkB.png,nan,850394,21670,0,0,0,0,0,False
justinbieber,https://www.instagram.com/p/kmY4r,1327528422,./imgs/kmY4r.png,Bestpictureevertakenonaniphoneswag,170218,3340,0,34,1,0,0,False
justinbieber,https://www.instagram.com/p/BHDDjiLh92b,1466793887,./imgs/BHDDjiLh92b.png,nan,850949,8749,0,0,0,0,0,False
justinbieber,https://www.instagram.com/p/Rvh9xcgvjY,1352322109,./imgs/Rvh9xcgvjY.png,nan,494613,19318,0,0,0,0,0,False
justinbieber,https://www.instagram.com/p/BGHudMDAvhp,1464803114,./imgs/BGHudMDAvhp.png,Friday @AppStore,1178722,33790,0,16,2,0,0,False
justinbieber,https://www.instagram.com/p/CRCHaWdnF39,1625676145,./imgs/CRCHaWdnF39.png,Luv u @nickdemoura 📷: @rorykramer,822619,2971,0,33,5,1,0,False
justinbieber,https://www.instagram.com/p/CI_Sn_unkKR,1608401491,./imgs/CI_Sn_unkKR.png,Don’t sell yourself short. You are nothing short of a miracle!,535908,4334,0,62,11,0,0,False
justinbieber,https://www.instagram.com/p/BC9rMTlgvvO,1458023407,./imgs/BC9rMTlgvvO.png,nan,1832767,35510,0,0,0,0,0,False
justinbieber,https://www.instagram.com/p/B4Dg4aMhYu9,1572037147,./imgs/B4Dg4aMhYu9.png,Favorite movie,302518,3785,0,14,2,0,0,True
justinbieber,https://www.instagram.com/p/b8GD8yAvsq,1374218524,./imgs/b8GD8yAvsq.png,Haha make sure you eat your vitamins,794717,45913,0,36,7,0,0,True
justinbieber,https://www.instagram.com/p/B3DVbWZHiJo,1569882473,./imgs/B3DVbWZHiJo.png,Got my self a lil wedding gift ... thanks @jadellebh,1831500,15545,0,52,10,0,1,False
justinbieber,https://www.instagram.com/p/2xE82dgvjv,1431830901,./imgs/2xE82dgvjv.png,Me and the boys. I love these guys,1372684,32561,0,34,8,0,0,False
justinbieber,https://www.instagram.com/p/8f-YKhAvn6,1444141931,./imgs/8f-YKhAvn6.png,nan,883884,4679,0,0,0,0,0,False
justinbieber,https://www.instagram.com/p/sOCCdSgvhM,1409180132,./imgs/sOCCdSgvhM.png,"#DontShoot @thegame ft. @richforever @iamdiddy @therealswizzz @myfabolouslife @hairweavekiller @yogottikom @wale @djkhaled @spitta_andretti @problem354 @tyrese @therealtank @ginuwine & @kingphara0h 
https://itunes.apple.com/us/album/dont-shoot-feat.-rick-ross/id913324810?ls=1

Proceeds go to http://www.gofundme.com/justiceformikebrown",604931,5221,1,336,23,0,0,False
justinbieber,https://www.instagram.com/p/CBOxnY8nU4b,1591741187,./imgs/CBOxnY8nU4b.png,@usher thank you,1759068,11484,0,16,3,0,0,False
justinbieber,https://www.instagram.com/p/c95FspAvow,1376426315,./imgs/c95FspAvow.png,Always give back.. ;),987969,51483,0,21,4,0,0,False
justinbieber,https://www.instagram.com/p/CH6nw5HHySH,1606097319,./imgs/CH6nw5HHySH.png,#Monster AMAs,1505055,7393,1,13,2,0,0,False
justinbieber,https://www.instagram.com/p/BGzuSKWgvt6,1466279419,./imgs/BGzuSKWgvt6.png,Love it,1876312,24365,0,7,2,0,0,False
justinbieber,https://www.instagram.com/p/_8x8TyAvl5,1451550941,./imgs/_8x8TyAvl5.png,@camcorderapp,1480498,36981,0,13,1,0,0,True
justinbieber,https://www.instagram.com/p/CHD7aupHtaw,1604262129,./imgs/CHD7aupHtaw.png,nan,3755226,13806,0,0,0,0,0,False
justinbieber,https://www.instagram.com/p/Bat6o7IDgMk,1509034243,./imgs/Bat6o7IDgMk.png,nan,2269584,27585,0,0,0,0,0,False
justinbieber,https://www.instagram.com/p/BIoAZyKBWFt,1470181232,./imgs/BIoAZyKBWFt.png,!!,1787852,37023,0,2,1,0,0,False
justinbieber,https://www.instagram.com/p/YeUQU,1323577410,./imgs/YeUQU.png,Is it you're death wish?,103433,600,0,24,5,0,0,False
justinbieber,https://www.instagram.com/p/CYcdYZpPAQ-,1641592464,./imgs/CYcdYZpPAQ-.png,📷: @rorykramer,2080264,26904,0,14,2,1,0,False
justinbieber,https://www.instagram.com/p/9ZB_UdAvgC,1446056428,./imgs/9ZB_UdAvgC.png,Track 5 #purposealbum @teddysphotos @itsbennyblanco,716121,5188,1,51,5,0,0,False
justinbieber,https://www.instagram.com/p/pxSlqGgvhu,1403920764,./imgs/pxSlqGgvhu.png,#dapump #enterthedragon #idontcaretobestrong #justwannalookstrong #trickem,1143527,36357,5,74,5,0,0,False
justinbieber,https://www.instagram.com/p/B6Ha5ihnRoE,1576462021,./imgs/B6Ha5ihnRoE.png,@drewhouse,342062,811,0,10,1,0,0,True
justinbieber,https://www.instagram.com/p/CIzhNdJH6KC,1608006485,./imgs/CIzhNdJH6KC.png,"If your reading this caption know this, whether you believe it or not you are valuable. Your life has a meaning and purpose. It may not feel like it but trust me don’t give up!",1380084,9946,0,176,35,0,0,False
justinbieber,https://www.instagram.com/p/fNX71JgvoS,1381240771,./imgs/fNX71JgvoS.png,Scooter acting like Rodney jerkins lol ... Rodney's a legend,528051,30899,0,60,10,0,0,True
justinbieber,https://www.instagram.com/p/4AT6gogvuc,1434489546,./imgs/4AT6gogvuc.png,@pdfclothing,1263882,19266,0,12,1,0,0,False
justinbieber,https://www.instagram.com/p/KdPYu,1313534108,./imgs/KdPYu.png,nan,139094,6145,0,0,0,0,0,False
justinbieber,https://www.instagram.com/p/6355G_Avki,1440649919,./imgs/6355G_Avki.png,@Rorykramer,607599,3990,0,11,1,0,0,True
justinbieber,https://www.instagram.com/p/-Kio2Pgvnu,1447717712,./imgs/-Kio2Pgvnu.png,📷 @chrisburkard,807433,4491,0,15,2,1,0,False
justinbieber,https://www.instagram.com/p/CU7x1-WgDCq,1634053445,./imgs/CU7x1-WgDCq.png,📷: @rorykramer,955851,3746,0,14,2,1,0,False
justinbieber,https://www.instagram.com/p/CATtCmsnasC,1589759077,./imgs/CATtCmsnasC.png,Trees need to be rooted to blossom. What are you rooted to? Is your life producing good fruit? Where is your power source? Like a tree we are connected to a source that gives us life. It’s up to us weather we acknowledge that or not. Faith shows the reality of what we hope for; it is the evidence of things we cannot see. Hebrews 11:1,1499703,9173,0,335,66,0,0,False
justinbieber,https://www.instagram.com/p/CC78Xz0n7Na,1595404259,./imgs/CC78Xz0n7Na.png,@_dr_woo_,1502903,8652,0,9,1,0,0,False
justinbieber,https://www.instagram.com/p/3yuajVgvrX,1434033678,./imgs/3yuajVgvrX.png,#calvinkleinlive,1215440,38892,1,16,1,0,0,False
justinbieber,https://www.instagram.com/p/nq-AqmgvtA,1399413681,./imgs/nq-AqmgvtA.png,♛,1014822,32514,0,1,1,0,0,False
justinbieber,https://www.instagram.com/p/CJtvW6tnXsK,1609960060,./imgs/CJtvW6tnXsK.png,nan,1026437,6730,0,0,0,0,0,False
justinbieber,https://www.instagram.com/p/tvdo9ngvrr,1412449384,./imgs/tvdo9ngvrr.png,Thank you lord for my blessing🌏,1117173,25034,0,31,6,1,0,False
justinbieber,https://www.instagram.com/p/B5oH4i7nlMl,1575411853,./imgs/B5oH4i7nlMl.png,I'm determined this holiday season to take ownership of all my shortcomings and work on them for myself and the ones I love! What is your goal?,660999,4396,0,143,27,0,0,False
justinbieber,https://www.instagram.com/p/B9RpFFhngQl,1583247509,./imgs/B9RpFFhngQl.png,Exclusive at @applemusic a nature video for #habitual . #CHANGES IS NOW 25 days straight #1 on the Apple Music world chart. Thank you,681358,5495,3,133,24,0,0,True
justinbieber,https://www.instagram.com/p/UalytYgvtF,1358061923,./imgs/UalytYgvtF.png,nan,547812,25680,0,0,0,0,0,False
justinbieber,https://www.instagram.com/p/9W6hI1AvpK,1445985401,./imgs/9W6hI1AvpK.png,Throwback they say they need a new bond it's my job to give it to em,1250286,35034,0,68,16,0,0,False
justinbieber,https://www.instagram.com/p/qXZUw-AvtC,1405199364,./imgs/qXZUw-AvtC.png,#Superbored,904626,45712,1,11,1,0,0,True
justinbieber,https://www.instagram.com/p/BDdFLpQgvlV,1459077221,./imgs/BDdFLpQgvlV.png,nan,1670163,37706,0,0,0,0,0,False
justinbieber,https://www.instagram.com/p/B9vMORXndhm,1584238944,./imgs/B9vMORXndhm.png,nan,1929920,12393,0,0,0,0,0,False
justinbieber,https://www.instagram.com/p/8g3M6hgvhu,1444171723,./imgs/8g3M6hgvhu.png,nan,1170619,10640,0,0,0,0,1,False
justinbieber,https://www.instagram.com/p/_NyTi2gvhw,1449974073,./imgs/_NyTi2gvhw.png,Hit her on the dm tell her come through :) @richforever,1084315,9681,0,55,11,0,0,True
justinbieber,https://www.instagram.com/p/CJuniwYH_IW,1609989517,./imgs/CJuniwYH_IW.png,the heights of the earth don’t even begin to measure up to how much the creator of this universe luvs u. u are his obsession and his deepest desire is your attention and affection.,1131319,6280,0,180,34,0,0,False
justinbieber,https://www.instagram.com/p/meN7_SAvvX,1396838340,./imgs/meN7_SAvvX.png,Wondering if she's too high maintenance,1117095,33238,0,39,6,0,0,False
justinbieber,https://www.instagram.com/p/SQ_nOfgvky,1353444949,./imgs/SQ_nOfgvky.png,Game face @djtayjames,243928,2032,0,21,3,0,0,False
justinbieber,https://www.instagram.com/p/7Vp7FPAvu1,1441648179,./imgs/7Vp7FPAvu1.png,nan,1286320,16722,0,0,0,0,0,False
justinbieber,https://www.instagram.com/p/COS1K0MnB6q,1619794555,./imgs/COS1K0MnB6q.png,Listening to Let it go with @21savage @djkhaled out now,2158028,17341,0,55,10,0,0,False
justinbieber,https://www.instagram.com/p/B6ohiC3H4jy,1577572809,./imgs/B6ohiC3H4jy.png,Like my wife always says.... I got good hands,682614,5416,0,45,9,0,0,True
justinbieber,https://www.instagram.com/p/l9CmiAAvk7,1395725101,./imgs/l9CmiAAvk7.png,Love!!!! @seunghyunjotattoos great job man ♛,1019163,17818,0,44,6,0,0,False
justinbieber,https://www.instagram.com/p/UK64-hAvo2,1357536114,./imgs/UK64-hAvo2.png,Show off ur ink,625441,40662,0,15,4,0,0,False
justinbieber,https://www.instagram.com/p/CPZk3XJnQvY,1622168372,./imgs/CPZk3XJnQvY.png,📸: @rorykramer,1320426,8346,0,14,2,1,0,False
justinbieber,https://www.instagram.com/p/f6wcuNgvh8,1382763572,./imgs/f6wcuNgvh8.png,Tomorrow night. #recovery #musicmondays,608097,8382,2,39,4,0,0,False
justinbieber,https://www.instagram.com/p/qkNBGtgvjl,1405629119,./imgs/qkNBGtgvjl.png,Have fun in life and don't take things so seriously. Be yourself no matter what people think. @khalil today was dope!!,707760,14330,0,118,21,0,0,True
justinbieber,https://www.instagram.com/p/hhzaMtgvp5,1386221231,./imgs/hhzaMtgvp5.png,"Miss u guys ""Shelly I miss your cheeks :)""",908411,9641,0,42,9,0,0,False
justinbieber,https://www.instagram.com/p/BDovDlvAviY,1459468274,./imgs/BDovDlvAviY.png,I'm serious about #mycalvins,1478500,34800,1,28,4,0,0,False
justinbieber,https://www.instagram.com/p/qKYXjBgvq4,1404762655,./imgs/qKYXjBgvq4.png,"Please don't judge me and I won't judge you, cuz things could get ugly before they get beautiful.",1014908,28987,0,97,18,0,0,False
justinbieber,https://www.instagram.com/p/B3a8iK6nKF2,1570674728,./imgs/B3a8iK6nKF2.png,Second grade bleach blonde hair settin trends early,1182961,3757,0,51,8,0,0,False
justinbieber,https://www.instagram.com/p/CMC4rxgHmRx,1614964560,./imgs/CMC4rxgHmRx.png,Oscar wants you to watch the hold on video !!!,2456057,17998,0,46,10,0,0,False
justinbieber,https://www.instagram.com/p/89qNnsAvg_,1445137992,./imgs/89qNnsAvg_.png,#sorry6days http://smarturl.it/JBPurpose,966122,14655,1,40,2,0,0,False
justinbieber,https://www.instagram.com/p/erc4MfgvtK,1380102512,./imgs/erc4MfgvtK.png,nan,884021,58929,0,0,0,0,0,True
justinbieber,https://www.instagram.com/p/CNF98HMHgWr,1617215476,./imgs/CNF98HMHgWr.png,nan,723049,9028,0,0,0,0,0,True
justinbieber,https://www.instagram.com/p/u30E3sAvhl,1414877066,./imgs/u30E3sAvhl.png,nan,1132034,63037,0,0,0,0,0,False
justinbieber,https://www.instagram.com/p/4X_jkLgvhD,1435284179,./imgs/4X_jkLgvhD.png,Love this guy,1393014,33002,0,13,3,0,0,False
justinbieber,https://www.instagram.com/p/eBXjuuAvoO,1378690436,./imgs/eBXjuuAvoO.png,nan,787047,31438,0,0,0,0,0,False
justinbieber,https://www.instagram.com/p/BZB9iGhjLh2,1505411881,./imgs/BZB9iGhjLh2.png,nan,2228941,54900,0,0,0,0,0,False
justinbieber,https://www.instagram.com/p/BJCAegrhwSp,1471053686,./imgs/BJCAegrhwSp.png,nan,1614481,28242,0,0,0,0,0,False
justinbieber,https://www.instagram.com/p/u0igloAvsF,1414767192,./imgs/u0igloAvsF.png,nan,1346097,56456,0,0,0,0,0,False
justinbieber,https://www.instagram.com/p/7CRjULAvrb,1440997868,./imgs/7CRjULAvrb.png,Lol,1219928,48984,0,3,1,0,0,False
justinbieber,https://www.instagram.com/p/BspWaOBnMFX,1547535736,./imgs/BspWaOBnMFX.png,Me and @brooklynbeckham dad,4746304,41994,0,27,4,0,0,False
justinbieber,https://www.instagram.com/p/ssOcY2gvlh,1410193269,./imgs/ssOcY2gvlh.png,Lol,663306,15868,0,3,1,0,0,True
justinbieber,https://www.instagram.com/p/BUwsGVmDtW8,1496242381,./imgs/BUwsGVmDtW8.png,nan,1128393,10205,0,0,0,0,0,False
justinbieber,https://www.instagram.com/p/yRwMB8Avj-,1422189893,./imgs/yRwMB8Avj-.png,#saintlaurent #givenchy #amishstyle,1509510,39559,3,35,3,0,2,False
justinbieber,https://www.instagram.com/p/CZzqd-LPQ8H,1644518561,./imgs/CZzqd-LPQ8H.png,@balenciaga,1412354,10432,0,11,1,0,0,False
justinbieber,https://www.instagram.com/p/zHF53tAvqU,1423979664,./imgs/zHF53tAvqU.png,with good people,1371198,37675,0,16,3,0,0,False
justinbieber,https://www.instagram.com/p/BcdajIxjzOA,1512775515,./imgs/BcdajIxjzOA.png,nan,910904,11634,0,0,0,0,0,False
justinbieber,https://www.instagram.com/p/rxok_pgvrb,1408227260,./imgs/rxok_pgvrb.png,@westcoastcustoms #westcoastcustoms @selfmaderyan,652653,3278,1,49,3,0,0,False
justinbieber,https://www.instagram.com/p/vq7F4QAvj-,1416592020,./imgs/vq7F4QAvj-.png,Miss my mom :(,1159282,60028,0,14,4,0,0,False
justinbieber,https://www.instagram.com/p/CFQ4R98H70K,1600401725,./imgs/CFQ4R98H70K.png,#HOLY OUT NOW @chancetherapper,2316889,11385,1,30,4,0,1,False
justinbieber,https://www.instagram.com/p/3aPnp-gvhT,1433212226,./imgs/3aPnp-gvhT.png,nan,1327619,24077,0,0,0,0,0,False
justinbieber,https://www.instagram.com/p/B8ks5A4nxTA,1581739489,./imgs/B8ks5A4nxTA.png,My forever valentine,2684249,12108,0,20,3,0,0,False
justinbieber,https://www.instagram.com/p/g1s3cSAvkP,1384741406,./imgs/g1s3cSAvkP.png,We all can help,728606,12638,0,15,4,0,0,False
justinbieber,https://www.instagram.com/p/8_7O93gvlA,1445214025,./imgs/8_7O93gvlA.png,nan,641596,6736,0,0,0,0,0,False
justinbieber,https://www.instagram.com/p/BHgCJ_eBvGu,1467766232,./imgs/BHgCJ_eBvGu.png,And we're off,945850,6904,0,13,3,0,0,True
justinbieber,https://www.instagram.com/p/i7q9Mggvly,1389236698,./imgs/i7q9Mggvly.png,nan,770977,27848,0,0,0,0,0,False
justinbieber,https://www.instagram.com/p/BxfdDL3nLn_,1557941091,./imgs/BxfdDL3nLn_.png,I don’t care music video out Frieday @teddysphotos ✍️ = @gianpiero,790540,5985,0,66,11,1,0,False
justinbieber,https://www.instagram.com/p/BRcVesajoBC,1489116982,./imgs/BRcVesajoBC.png,Let's hug each other more,1513006,10367,0,25,5,0,0,False
justinbieber,https://www.instagram.com/p/6m0bpMAvhu,1440076631,./imgs/6m0bpMAvhu.png,8 Days ... 8 Days @aplusk #whatdoyoumean?,590910,4192,1,41,7,0,0,True
justinbieber,https://www.instagram.com/p/B-L7GwnnXP5,1585203078,./imgs/B-L7GwnnXP5.png,nan,338517,1443,0,0,0,0,0,True
justinbieber,https://www.instagram.com/p/e0DSApAvjW,1380391082,./imgs/e0DSApAvjW.png,nan,723330,13066,0,0,0,0,0,False
justinbieber,https://www.instagram.com/p/cGJ57sAvsw,1374556083,./imgs/cGJ57sAvsw.png,Please Toronto Maple Leafs win the cup,684419,17774,0,38,7,0,0,True
justinbieber,https://www.instagram.com/p/CW4AE6uhMOb,1638221657,./imgs/CW4AE6uhMOb.png,@drewhouse denim,546505,1209,0,16,2,0,0,False
justinbieber,https://www.instagram.com/p/9EzO3OAvrS,1445377602,./imgs/9EzO3OAvrS.png,who's ready for sorry I know I Am ✈️✈️✈️✈️ @skrillex @bloodpop #3days,982796,48905,1,69,12,4,0,True
justinbieber,https://www.instagram.com/p/6fKtt-Avk8,1439819878,./imgs/6fKtt-Avk8.png,Thanks @torikelly. Love her voice so asked her to sing a little. Tori why do you never miss a note??! :) What Do You Mean in #11Days❗️❗️❗️❗️❗️❗️❗️,739596,8638,1,146,27,7,0,True
justinbieber,https://www.instagram.com/p/9ZjE46Avux,1446073775,./imgs/9ZjE46Avux.png,Track 16 #purposealbum @nas,562670,2532,1,27,4,0,0,False
justinbieber,https://www.instagram.com/p/T-jUN,1321185390,./imgs/T-jUN.png,Overlooking London,127972,2214,0,18,2,0,0,False
justinbieber,https://www.instagram.com/p/BHVLksoBimo,1467402071,./imgs/BHVLksoBimo.png,nan,851754,15064,0,0,0,0,0,False
justinbieber,https://www.instagram.com/p/9ZCLCJAvgZ,1446056523,./imgs/9ZCLCJAvgZ.png,Track 6 #purposealbum,745458,13469,1,21,3,0,0,False
justinbieber,https://www.instagram.com/p/BRvC5GSjSna,1489744771,./imgs/BRvC5GSjSna.png,Miss you Dennis,1937672,14948,0,15,3,0,0,False
justinbieber,https://www.instagram.com/p/BhuRJmsjDAt,1524078431,./imgs/BhuRJmsjDAt.png,Meet SKYLARK TYLARK (my alter ego) FT @bellathorne,2923918,32143,0,50,8,0,0,False
justinbieber,https://www.instagram.com/p/9KxSIlAvnx,1445577907,./imgs/9KxSIlAvnx.png,"#Sorry on @applemusic and @itunes now. Preorder Purpose and get What Do You Mean, the remix with @arianagrande, and #Sorry :) new music",619443,2909,2,135,23,0,0,False
justinbieber,https://www.instagram.com/p/y2y7hEgvpq,1423432845,./imgs/y2y7hEgvpq.png,nan,1535609,118236,0,0,0,0,0,False
justinbieber,https://www.instagram.com/p/B97Gwtbnfdm,1584638733,./imgs/B97Gwtbnfdm.png,Thank you,2336076,10748,0,9,2,0,0,False
justinbieber,https://www.instagram.com/p/xIzSAegvjk,1419742042,./imgs/xIzSAegvjk.png,Don't let your surroundings affect your beliefs,1275783,32853,0,47,7,0,0,False
justinbieber,https://www.instagram.com/p/BDB4tq-Avhe,1458164714,./imgs/BDB4tq-Avhe.png,"Bay Area #Airbnb. Thanks for hooking me up, @airbnb.",1317448,25122,1,52,9,0,0,False
justinbieber,https://www.instagram.com/p/CRuSXvlnDA8,1627158286,./imgs/CRuSXvlnDA8.png,"Who’s ready for the freedom experience tonight.
📷: @rorykramer",1927741,10120,0,62,9,1,0,False
justinbieber,https://www.instagram.com/p/BUxvKxJDB0-,1496277545,./imgs/BUxvKxJDB0-.png,I CHIPPED MY TOOTH,2559111,31806,0,18,4,0,0,False
justinbieber,https://www.instagram.com/p/CQRPn-5n-pl,1624036284,./imgs/CQRPn-5n-pl.png,nan,839995,3649,0,0,0,0,0,False
justinbieber,https://www.instagram.com/p/B6rZaj0n9lG,1577669192,./imgs/B6rZaj0n9lG.png,Friday,629267,3697,0,6,1,0,0,False
justinbieber,https://www.instagram.com/p/fNDTzigvjq,1381229957,./imgs/fNDTzigvjq.png,nan,690545,48815,0,0,0,0,0,True
justinbieber,https://www.instagram.com/p/9_78_5Avqg,1447361886,./imgs/9_78_5Avqg.png,Hyfr,1058171,23812,0,4,1,0,0,False
justinbieber,https://www.instagram.com/p/BhuyjvNjIOg,1524096002,./imgs/BhuyjvNjIOg.png,Drums will always be my first love,2669103,61174,0,34,7,0,0,True
justinbieber,https://www.instagram.com/p/CJcXNdRHrBJ,1609376974,./imgs/CJcXNdRHrBJ.png,Tomorrow we celebrate another year! Another one in the bag!  This life is long suffering but it’s worth it when you are living in your purpose. -📷: @rorykramer,1753779,6867,0,159,28,1,0,False
justinbieber,https://www.instagram.com/p/CJmUZcknXP-,1609711044,./imgs/CJmUZcknXP-.png,If it’s not u it’s not anyone. 🐻,2021397,8228,0,32,8,1,0,False
justinbieber,https://www.instagram.com/p/B2xhjNPH0PV,1569284862,./imgs/B2xhjNPH0PV.png,nan,817260,5782,0,0,0,0,0,True
justinbieber,https://www.instagram.com/p/BVLa12SD7kA,1497139303,./imgs/BVLa12SD7kA.png,nan,2581600,18490,0,0,0,0,0,False
justinbieber,https://www.instagram.com/p/CE2zak1Hrb_,1599526776,./imgs/CE2zak1Hrb_.png,nan,1818922,13759,0,0,0,0,0,True
justinbieber,https://www.instagram.com/p/BUQR_g-j4x7,1495154952,./imgs/BUQR_g-j4x7.png,Lil man stole my phone,1559970,18171,0,22,5,0,0,False
justinbieber,https://www.instagram.com/p/0QE2-UAvmC,1426428589,./imgs/0QE2-UAvmC.png,Night,1270013,40167,0,5,1,0,0,False
justinbieber,https://www.instagram.com/p/CEx1vfDHyD8,1599360206,./imgs/CEx1vfDHyD8.png,nan,2569318,13306,0,0,0,0,0,False
justinbieber,https://www.instagram.com/p/CQRQEDBnwmr,1624036514,./imgs/CQRQEDBnwmr.png,nan,1814168,5522,0,0,0,0,0,False
justinbieber,https://www.instagram.com/p/CNTRdnKno7E,1617661905,./imgs/CNTRdnKno7E.png,Go best fwend,5371512,21654,0,13,3,0,0,False
justinbieber,https://www.instagram.com/p/CQL0yxVns5f,1623854444,./imgs/CQL0yxVns5f.png,I’m afraid that ima fuck it up @thekidlaroi 📷: @rorykramer,2088157,9555,0,58,10,1,0,False
justinbieber,https://www.instagram.com/p/-5GWRggvu2,1449279938,./imgs/-5GWRggvu2.png,nan,1680549,36589,0,0,0,0,0,False
justinbieber,https://www.instagram.com/p/ZmC_HngvqX,1369183746,./imgs/ZmC_HngvqX.png,"""Time to die""",910774,40039,0,13,3,0,0,False
justinbieber,https://www.instagram.com/p/BBQ_gQsAvn2,1454376624,./imgs/BBQ_gQsAvn2.png,Ur all dusty at hockey and anyone who wants to try and dangle Me i'll let u know right now I will snipe top cheese and I'm going to the show  hahah #hockeyterms,1731874,36889,1,160,33,0,0,False
justinbieber,https://www.instagram.com/p/BAeHPv8gvqy,1452669407,./imgs/BAeHPv8gvqy.png,nan,1587139,14197,0,0,0,0,0,False
justinbieber,https://www.instagram.com/p/BxIW87Zn__4,1557166142,./imgs/BxIW87Zn__4.png,@teddysphotos,1126843,8552,0,13,1,0,0,False
justinbieber,https://www.instagram.com/p/gh6ZKrAvkC,1384077409,./imgs/gh6ZKrAvkC.png,I ain't all bad. #journals,615384,10207,1,26,5,0,0,False
justinbieber,https://www.instagram.com/p/COgxxvhn8PQ,1620262539,./imgs/COgxxvhn8PQ.png,📷: @rorykramer,597515,2013,0,14,2,1,0,False
justinbieber,https://www.instagram.com/p/CKW0h2wn-b8,1611338502,./imgs/CKW0h2wn-b8.png,nan,526193,5224,0,0,0,0,0,False
justinbieber,https://www.instagram.com/p/Bzt23oVHYLd,1562719357,./imgs/Bzt23oVHYLd.png,My lips get jealous of my arms cuz I can hold you with them,8506303,85754,0,59,14,0,0,False
justinbieber,https://www.instagram.com/p/B3iiPr2HdQe,1570929380,./imgs/B3iiPr2HdQe.png,nan,616577,1839,0,0,0,0,0,False
justinbieber,https://www.instagram.com/p/B3VTTRRHWae,1570485338,./imgs/B3VTTRRHWae.png,Even thugz get married,4673355,29066,0,22,4,0,0,False
justinbieber,https://www.instagram.com/p/B5iPMT2HLY5,1575214499,./imgs/B5iPMT2HLY5.png,"GOOD MORNING HERE IS A GUIDED PRAYER TO START YOUR DAY,! FIND A COMFY POSITION AND ENJOY! @churchome",281195,2354,0,100,18,0,0,True
justinbieber,https://www.instagram.com/p/CRrIaPWHP0O,1627052400,./imgs/CRrIaPWHP0O.png,nan,2913612,28198,0,0,0,0,0,False
justinbieber,https://www.instagram.com/p/CVrHV6gPKPq,1635641775,./imgs/CVrHV6gPKPq.png,It’s the bear necessities of life,2508566,14669,0,33,6,0,0,False
justinbieber,https://www.instagram.com/p/CJ5JdVNHKKY,1610342842,./imgs/CJ5JdVNHKKY.png,📷: @joetermini,1187676,4552,0,14,2,1,0,False
justinbieber,https://www.instagram.com/p/7JY5CjgvmR,1441236597,./imgs/7JY5CjgvmR.png,Check me out of Fallon tonight!!,964753,30614,0,32,6,0,0,True
justinbieber,https://www.instagram.com/p/B6zOajAnTNX,1577931860,./imgs/B6zOajAnTNX.png,Thank you,1378630,14503,0,9,2,0,0,False
justinbieber,https://www.instagram.com/p/CSZx8iUJeN8,1628617681,./imgs/CSZx8iUJeN8.png,nan,2052280,14175,0,0,0,0,0,False
justinbieber,https://www.instagram.com/p/g04jtzgvr-,1384713981,./imgs/g04jtzgvr-.png,You counting down to midnight with me? New song #PYD featuring @rkelly tonight at midnight. Get ready.,496009,4959,1,102,17,0,0,False
justinbieber,https://www.instagram.com/p/BJE9l2dBzfe,1471152837,./imgs/BJE9l2dBzfe.png,nan,1251014,54591,0,0,0,0,0,False
justinbieber,https://www.instagram.com/p/BADaVYDgvn8,1451773445,./imgs/BADaVYDgvn8.png,"Don't waste your time picking apart this photo. What you do shouldn't be decided by someone else's decisions. Spend more time focusing on who people are, and less on what they do unless it's directly affecting you!",1427335,30371,0,214,37,0,0,False
justinbieber,https://www.instagram.com/p/B0JxubpH9_x,1563656185,./imgs/B0JxubpH9_x.png,Thanks for supporting @drewhouse,993337,2632,0,32,4,0,0,False
justinbieber,https://www.instagram.com/p/BFpxUy0gvjL,1463797985,./imgs/BFpxUy0gvjL.png,nan,1252508,12895,0,0,0,0,1,False
justinbieber,https://www.instagram.com/p/BZFZRB6j_Hg,1505527085,./imgs/BZFZRB6j_Hg.png,nan,1077350,6476,0,0,0,0,0,False
justinbieber,https://www.instagram.com/p/CNyJRMHHGtM,1618697797,./imgs/CNyJRMHHGtM.png,"Right before I did a reverse dunk,  unfortunately it wasn’t caught on camera but it was crazy",1939085,5493,0,93,17,0,0,False
justinbieber,https://www.instagram.com/p/BTPK6d8D7qz,1492970202,./imgs/BTPK6d8D7qz.png,I LOVE THIS because it reminds me IM NOT EXACTLY WHERE I WANT TO BE BUT THANK GOD IM NOT WHERE I USED TO BE!! THE BEST IS YET TO COME DO YOU BELIEVE IT?,2634388,131550,0,152,35,0,0,False
justinbieber,https://www.instagram.com/p/CLuvkuXHyAn,1614288695,./imgs/CLuvkuXHyAn.png,Your boy,4523196,49154,0,8,2,0,0,False
justinbieber,https://www.instagram.com/p/ikw1nMAvlI,1388468030,./imgs/ikw1nMAvlI.png,Me and young kalfanito on the slopes,837157,55164,0,36,7,0,0,False
justinbieber,https://www.instagram.com/p/-mPlX_Avix,1448647246,./imgs/-mPlX_Avix.png,Black Friday Itunes Special,915733,7813,0,27,4,0,0,False
justinbieber,https://www.instagram.com/p/PSi3U,1317930726,./imgs/PSi3U.png,Beautiful day in brazil,110176,2627,0,23,4,0,0,False
justinbieber,https://www.instagram.com/p/B_d5VHTHUZ-,1587953580,./imgs/B_d5VHTHUZ-.png,nan,3017031,11523,0,0,0,0,0,False
justinbieber,https://www.instagram.com/p/BA5U7n-gvsG,1453582551,./imgs/BA5U7n-gvsG.png,What a boss ⬆️⬆️⬆️⬆️,2072044,20331,0,20,4,4,0,False
justinbieber,https://www.instagram.com/p/UYoay,1321437804,./imgs/UYoay.png,Legggo!!!,120614,2083,0,9,1,0,0,False
justinbieber,https://www.instagram.com/p/CLCYuSrnAP-,1612800319,./imgs/CLCYuSrnAP-.png,Love you @ryangood24,1085354,4554,0,20,3,0,0,False
justinbieber,https://www.instagram.com/p/BXyJmenjt6C,1502733854,./imgs/BXyJmenjt6C.png,nan,794419,4299,0,0,0,0,0,False
justinbieber,https://www.instagram.com/p/UXn6yTgvk4,1357962375,./imgs/UXn6yTgvk4.png,U been this close to a cheetah,546953,9886,0,30,7,0,0,False
justinbieber,https://www.instagram.com/p/BVxSUOdjQNr,1498409901,./imgs/BVxSUOdjQNr.png,nan,2395126,24963,0,0,0,0,0,False
justinbieber,https://www.instagram.com/p/bwSRG,1324871663,./imgs/bwSRG.png,Best boxer of all time . Period,109754,2185,0,31,7,0,0,False
justinbieber,https://www.instagram.com/p/CasHTwNJ_ed,1646412766,./imgs/CasHTwNJ_ed.png,HOLD ON!  SEE YOU TONIGHT GUYS 🎥 : @rorykramer,582904,4256,0,46,9,1,0,True
justinbieber,https://www.instagram.com/p/B-zgUKonEih,1586531256,./imgs/B-zgUKonEih.png,Thank you for all the amazing love and support of #intentions. Let’s make some intentions today to help others.,519550,5048,1,111,19,0,0,True
justinbieber,https://www.instagram.com/p/B7RFBW7n69G,1578933583,./imgs/B7RFBW7n69G.png,nan,488697,3138,0,0,0,0,0,True
justinbieber,https://www.instagram.com/p/BCmgVtwgvit,1457245965,./imgs/BCmgVtwgvit.png,"No bandwagon but Conor is a true champion, fights with style and finesse, all the respect to Nate but his style is terrible. Nate has crazy heart respect.",1327007,31283,0,154,28,0,0,True
justinbieber,https://www.instagram.com/p/mJh6wIgvmz,1396144173,./imgs/mJh6wIgvmz.png,♛,1171657,48254,0,1,1,0,0,False
justinbieber,https://www.instagram.com/p/WDxsVzAvjI,1361591378,./imgs/WDxsVzAvjI.png,Just my lips in focus you should kiss me if you notice,778108,67673,0,54,12,0,0,False
justinbieber,https://www.instagram.com/p/qKZU-jgvs7,1404763158,./imgs/qKZU-jgvs7.png,#meandmyteam @maejorali where u at,970309,19477,1,34,5,0,0,False
justinbieber,https://www.instagram.com/p/CWrDqklvXHY,1637787331,./imgs/CWrDqklvXHY.png,How r u real and why did you decide i was worthy to be your husband I’m shook everyday love u baby .,3989490,16709,0,100,23,0,0,False
justinbieber,https://www.instagram.com/p/z8VuysAvrb,1425766347,./imgs/z8VuysAvrb.png,Hard work. Dedication,1236760,49115,0,21,3,0,0,False
justinbieber,https://www.instagram.com/p/B5LkhVuHlnD,1574453825,./imgs/B5LkhVuHlnD.png,had to stop by @jadellebh for Hailey’s birthday gift flooded AP.. ONLY THE BEST FOR MY BOO,457897,4309,0,90,17,0,0,True
justinbieber,https://www.instagram.com/p/CKRhk7cneCZ,1611160794,./imgs/CKRhk7cneCZ.png,"Writing all the things I love about u 

📸: @rorykramer",1602658,9776,0,54,10,1,0,False
justinbieber,https://www.instagram.com/p/8n7UHFAvi_,1444408761,./imgs/8n7UHFAvi_.png,#purpose #5weeks,654603,4250,2,16,2,0,0,False
justinbieber,https://www.instagram.com/p/0lWpoqAvkt,1427142560,./imgs/0lWpoqAvkt.png,nan,1391853,32333,0,0,0,0,0,False
justinbieber,https://www.instagram.com/p/eTb2IGAvjP,1379296664,./imgs/eTb2IGAvjP.png,Me and jaxon swimming today,1049005,63388,0,27,5,0,0,True
justinbieber,https://www.instagram.com/p/hP9bXJgvth,1385622504,./imgs/hP9bXJgvth.png,#allthatmatters music video preview,748701,56497,1,35,4,0,0,True
justinbieber,https://www.instagram.com/p/B9sHMvwnIvG,1584135647,./imgs/B9sHMvwnIvG.png,super fresh super clean,1285025,6001,0,23,4,0,0,False
justinbieber,https://www.instagram.com/p/BDyqL-agvk5,1459801265,./imgs/BDyqL-agvk5.png,Congrats ken you look beautiful,1816107,58326,0,31,5,0,0,False
justinbieber,https://www.instagram.com/p/CMSVUXXnrTP,1615482889,./imgs/CMSVUXXnrTP.png,Thank you billboard i love these pix,2431007,18072,0,36,7,0,0,False
justinbieber,https://www.instagram.com/p/BGsgBf3gvpz,1466037061,./imgs/BGsgBf3gvpz.png,nan,731009,5977,0,0,0,0,0,False
justinbieber,https://www.instagram.com/p/fNGMOLAvl9,1381231468,./imgs/fNGMOLAvl9.png,nan,627676,13366,0,0,0,0,0,False
justinbieber,https://www.instagram.com/p/CUIy98zBmLd,1632342848,./imgs/CUIy98zBmLd.png,THE DREW HOUSE IS A PLACE WHERE YOU BELONG. A PLACE WHERE YOU CAN BE YOURSELF. A PLACE OF JOY AND LAUGHTER. A PLACE YOU FIT IN,465416,1643,0,126,27,0,0,True
justinbieber,https://www.instagram.com/p/WakWKAgvl4,1362356133,./imgs/WakWKAgvl4.png,"The funny moment when people believe I brought underage people to a club.. U think Will is letting his 14 year old in a club, I don't think so.. 2nd I love how the club wanted to give the press another reason to why we didn't stay at their weak ass club so they wouldn't look bad for me walking in and right back out..i said m ""worst bday"" but that was due to dummies pushing over my fans and being overly aggressive. Btw it wasn't the worst bday cuz all my friends from back home flew in I was just mad in the moment",541419,46268,0,517,105,0,0,False
justinbieber,https://www.instagram.com/p/tYisXBgvq3,1411680281,./imgs/tYisXBgvq3.png,nan,1113533,95881,0,0,0,0,0,False
justinbieber,https://www.instagram.com/p/BinGem8lGz_,1525985438,./imgs/BinGem8lGz_.png,I don’t wear clothes I wear outfits - Judah Smith,3419282,29478,0,49,10,0,0,False
justinbieber,https://www.instagram.com/p/BG-6yiugvoS,1466655074,./imgs/BG-6yiugvoS.png,📸 @shotbykyle,1690817,8078,0,13,2,1,1,False
justinbieber,https://www.instagram.com/p/29QkPbAvvY,1432239644,./imgs/29QkPbAvvY.png,I love you,1249470,50448,0,10,3,0,0,False
justinbieber,https://www.instagram.com/p/Bs2AT1On8Lt,1547960357,./imgs/Bs2AT1On8Lt.png,Jasper at prom,2123564,29892,0,14,3,0,0,False
justinbieber,https://www.instagram.com/p/BAH4RefAvuV,1451923359,./imgs/BAH4RefAvuV.png,Clutch,1379317,32521,0,6,1,0,0,True
justinbieber,https://www.instagram.com/p/CFZ6k3FnMtR,1600704918,./imgs/CFZ6k3FnMtR.png,#Holy performance version up on my YouTube,2521511,11116,1,42,7,0,0,False
justinbieber,https://www.instagram.com/p/_NOFSzAvqB,1449955082,./imgs/_NOFSzAvqB.png,@jeremybieber,1870348,20678,0,13,1,0,1,False
justinbieber,https://www.instagram.com/p/9Cwr6Igvob,1445309158,./imgs/9Cwr6Igvob.png,Me sonny and blood doing what we love most,797266,3659,0,42,9,0,0,False
justinbieber,https://www.instagram.com/p/am2PISgvsJ,1371358100,./imgs/am2PISgvsJ.png,#tuts,672315,9823,1,5,1,0,0,False
justinbieber,https://www.instagram.com/p/B7kNfjFnU-V,1579575544,./imgs/B7kNfjFnU-V.png,My bro @gianpiero,1176091,3095,0,17,3,0,0,False
justinbieber,https://www.instagram.com/p/4iNMkOAvkI,1435626875,./imgs/4iNMkOAvkI.png,nan,1061772,12429,0,0,0,0,0,False
justinbieber,https://www.instagram.com/p/COlw9XHHw8q,1620429882,./imgs/COlw9XHHw8q.png,@drewhouse,649956,2244,0,10,1,0,0,False
justinbieber,https://www.instagram.com/p/BUxv9BXjoGQ,1496277956,./imgs/BUxv9BXjoGQ.png,Opposite of Jim,1211236,29761,0,15,3,0,0,False
justinbieber,https://www.instagram.com/p/h2v2y,1326756475,./imgs/h2v2y.png,Road trip,123803,2129,0,9,2,0,0,False
justinbieber,https://www.instagram.com/p/BE1zwKVgvvu,1462054427,./imgs/BE1zwKVgvvu.png,nan,1782078,43068,0,0,0,0,0,False
justinbieber,https://www.instagram.com/p/BIGV35AACLt,1469051638,./imgs/BIGV35AACLt.png,nan,903447,12194,0,0,0,0,0,False
justinbieber,https://www.instagram.com/p/y7nw6Agvgw,1423594763,./imgs/y7nw6Agvgw.png,nan,1110575,35450,0,0,0,0,0,False
justinbieber,https://www.instagram.com/p/CARNmj1njyp,1589675485,./imgs/CARNmj1njyp.png,@oskietheposkie,905503,3916,0,15,1,0,0,False
justinbieber,https://www.instagram.com/p/BW_Tpw1jAmK,1501027848,./imgs/BW_Tpw1jAmK.png,Weird pics,1961576,61244,0,10,2,0,0,False
justinbieber,https://www.instagram.com/p/gaO-ncAvr6,1383819766,./imgs/gaO-ncAvr6.png,Everyone loves penguins,895590,17633,0,23,3,0,0,False
justinbieber,https://www.instagram.com/p/B658cqUnaLF,1578157339,./imgs/B658cqUnaLF.png,YUMMY OFFICIAL MUSIC VIDEO OUT NOW,1736214,18249,0,34,6,0,0,True
justinbieber,https://www.instagram.com/p/S2ksB,1320513625,./imgs/S2ksB.png,All black everything ,100127,2386,0,21,3,0,0,False
justinbieber,https://www.instagram.com/p/XLrDm,1322952297,./imgs/XLrDm.png,I love all of you guys so much!! #beliebers area amazing,171897,5938,1,56,11,0,0,False
justinbieber,https://www.instagram.com/p/BUQCo66joYa,1495146902,./imgs/BUQCo66joYa.png,nan,2105570,46097,0,0,0,0,0,False
justinbieber,https://www.instagram.com/p/YEFT1dAvmf,1365896630,./imgs/YEFT1dAvmf.png,Miss u guys,825578,20101,0,11,3,0,0,False
justinbieber,https://www.instagram.com/p/nIq-BmAvkC,1398262847,./imgs/nIq-BmAvkC.png,I am fashion,986964,36866,0,12,3,0,0,False
justinbieber,https://www.instagram.com/p/R-OT3bgvsN,1352815121,./imgs/R-OT3bgvsN.png,My view,328084,4342,0,7,2,0,0,False
justinbieber,https://www.instagram.com/p/TWU9hvgvlQ,1355771398,./imgs/TWU9hvgvlQ.png,Great pic,409879,8692,0,9,2,0,0,False
justinbieber,https://www.instagram.com/p/iXhqWgAvhW,1388023866,./imgs/iXhqWgAvhW.png,U smile,639050,40670,0,7,2,0,0,True
justinbieber,https://www.instagram.com/p/BE7CZ39gvq9,1462229881,./imgs/BE7CZ39gvq9.png,nan,1602950,25789,0,0,0,0,0,False
justinbieber,https://www.instagram.com/p/n5TLeQgvrT,1399894542,./imgs/n5TLeQgvrT.png,Me and @euroneverlies in the studio #ymcmb,933077,15450,1,42,7,0,0,False
justinbieber,https://www.instagram.com/p/WfnQY5gvnr,1362525430,./imgs/WfnQY5gvnr.png,I know I already posted this but I'm gonna put it up again to show love to my big bro Judah I love u Man U inspire me.. When u have a moment of weakness ask god to be with you and bring his peace. I know for a fact it helps. :),485538,11046,0,227,53,0,0,False
justinbieber,https://www.instagram.com/p/B6oC1R5nuTt,1577556689,./imgs/B6oC1R5nuTt.png,December 31... January 3... #2020,615755,5811,1,33,5,0,0,False
justinbieber,https://www.instagram.com/p/ci0_qBAvvO,1375518199,./imgs/ci0_qBAvvO.png,Catch me if u can,783435,13296,0,17,5,0,0,False
justinbieber,https://www.instagram.com/p/cgDWO1gvpV,1375425060,./imgs/cgDWO1gvpV.png,Art,696390,34335,0,3,1,0,0,False
justinbieber,https://www.instagram.com/p/g04Xo5gvru,1384713882,./imgs/g04Xo5gvru.png,Follow me @shots at http://shots.me/justinbieber,461999,4846,0,48,5,0,0,False
justinbieber,https://www.instagram.com/p/e5FoMCgvsC,1380560084,./imgs/e5FoMCgvsC.png,nan,903758,20983,0,0,0,0,0,False
justinbieber,https://www.instagram.com/p/CUePlo-rPqg,1633062407,./imgs/CUePlo-rPqg.png,Happy anniversary baby. Luv u k. To the moon.,6110939,25726,0,45,9,0,0,False
justinbieber,https://www.instagram.com/p/CH_ohsOHJCp,1606265490,./imgs/CH_ohsOHJCp.png,nan,2971415,20818,0,0,0,0,0,False
justinbieber,https://www.instagram.com/p/gKUI48gvsP,1383285601,./imgs/gKUI48gvsP.png,This is love,1230775,31278,0,12,3,0,0,False
justinbieber,https://www.instagram.com/p/q3cVVNAvrB,1406274683,./imgs/q3cVVNAvrB.png,Dream big,1038946,18513,0,9,2,0,0,False
justinbieber,https://www.instagram.com/p/BXTRB0UjEI-,1501697561,./imgs/BXTRB0UjEI-.png,2 games in a row I scored dandy penalty shots,1138501,10497,0,45,10,0,0,True
justinbieber,https://www.instagram.com/p/CEPqq7iHKCg,1598213551,./imgs/CEPqq7iHKCg.png,My baby niece iris .. scroll through and whiteness the most squishy cute gumdrop ever!! Love you @alaiabaldwin and @andrewaronow ! She’s so precious!,7096670,35364,0,149,24,0,0,False
justinbieber,https://www.instagram.com/p/BUKrC3ijyYb,1494966760,./imgs/BUKrC3ijyYb.png,nan,1476678,13274,0,0,0,0,0,False
justinbieber,https://www.instagram.com/p/B5CZ_tvneox,1574146281,./imgs/B5CZ_tvneox.png,Happy birthday Owen Wilson,985836,4559,0,26,4,0,0,False
justinbieber,https://www.instagram.com/p/HuUCA_gvoy,1330806413,./imgs/HuUCA_gvoy.png,Swag,307445,21394,0,4,1,0,0,False
justinbieber,https://www.instagram.com/p/98rCHVgvoi,1447252351,./imgs/98rCHVgvoi.png,First round of dates are up. Presale on Fahlo next week. #purposeworldtour http://www.justinbiebermusic.com/tour watch #bieberweek on @theellenshow today for more details,911807,45524,2,170,21,0,0,False
justinbieber,https://www.instagram.com/p/840hiPgvi5,1444975626,./imgs/840hiPgvi5.png,Long day but had to come and show love to my girl Karla!,892969,4582,0,56,13,0,0,False
justinbieber,https://www.instagram.com/p/B68Tn6qnzqo,1578236715,./imgs/B68Tn6qnzqo.png,"GOOD MORNING HERE IS A GUIDED PRAYER TO START YOUR DAY,! FIND A COMFY POSITION AND ENJOY! @churchome @chelseasmith",288282,1326,0,114,19,0,0,True
justinbieber,https://www.instagram.com/p/nIv6QXgvqX,1398265438,./imgs/nIv6QXgvqX.png,Visited a Japanese orphanage.. Love these kids!!,963296,46543,0,48,7,0,0,True
justinbieber,https://www.instagram.com/p/CVvie1_PeSV,1635790222,./imgs/CVvie1_PeSV.png,📷: @rorykramer,992463,3253,0,14,2,1,0,False
justinbieber,https://www.instagram.com/p/CL6snEEnDJo,1614689794,./imgs/CL6snEEnDJo.png,Luv u sweet gurl,4978760,20149,0,16,4,0,0,False
justinbieber,https://www.instagram.com/p/CEvQ-RQndqi,1599273820,./imgs/CEvQ-RQndqi.png,What a fun day.,2934700,9792,0,15,4,0,2,False
justinbieber,https://www.instagram.com/p/iPtKqwgvsK,1387761462,./imgs/iPtKqwgvsK.png,Complete my #journals on iTunes Tonight at Midnight. #bieberchristmas,509990,6191,2,69,9,0,0,False
justinbieber,https://www.instagram.com/p/CRO-ysfnvjU,1626107833,./imgs/CRO-ysfnvjU.png,@wetheband 📷: @rorykramer,987437,4123,0,25,3,1,0,False
justinbieber,https://www.instagram.com/p/BY-Jk4vjFxq,1505283978,./imgs/BY-Jk4vjFxq.png,nan,1201342,5301,0,0,0,0,0,False
justinbieber,https://www.instagram.com/p/B2xdjNHHuiV,1569282752,./imgs/B2xdjNHHuiV.png,nan,1329109,6412,0,0,0,0,0,False
justinbieber,https://www.instagram.com/p/BBx6_jlgvil,1455481555,./imgs/BBx6_jlgvil.png,nan,1665088,12569,0,0,0,0,0,False
justinbieber,https://www.instagram.com/p/CEXvhAcH9J2,1598484527,./imgs/CEXvhAcH9J2.png,Me and the bro @harryhudson,1405788,5831,0,27,5,0,0,False
justinbieber,https://www.instagram.com/p/9hM-_Ngvgz,1446330627,./imgs/9hM-_Ngvgz.png,This lady is a jellyfish haha homemade costume #dope,1022781,8627,1,52,9,0,0,False
justinbieber,https://www.instagram.com/p/CTAS8bFFvYc,1629910050,./imgs/CTAS8bFFvYc.png,nan,1884340,8178,0,0,0,0,0,False
justinbieber,https://www.instagram.com/p/tYiLpGgvp7,1411680013,./imgs/tYiLpGgvp7.png,Refect,726982,5470,0,6,1,0,0,False
justinbieber,https://www.instagram.com/p/g3ckXaAviv,1384799970,./imgs/g3ckXaAviv.png,Love to the #beliebers I met at the #allthatmatters shoot yesterday.,844535,11226,2,68,11,0,0,False
justinbieber,https://www.instagram.com/p/CUIVes-JaxS,1632327298,./imgs/CUIVes-JaxS.png,nan,619220,2054,0,0,0,0,0,False
justinbieber,https://www.instagram.com/p/9lkne-gvjH,1446477236,./imgs/9lkne-gvjH.png,New video on Vevo and YouTube now. #illshowyou #PURPOSE #nov13 @skrillex @rorykramer,869904,22752,3,84,12,0,0,True
justinbieber,https://www.instagram.com/p/Rb93Negvj0,1351665652,./imgs/Rb93Negvj0.png,nan,231461,14337,0,0,0,0,0,False
justinbieber,https://www.instagram.com/p/CQqFbQgnKwv,1624869797,./imgs/CQqFbQgnKwv.png,nan,1937191,9203,0,0,0,0,0,False
justinbieber,https://www.instagram.com/p/ucKz5vgvkY,1413949461,./imgs/ucKz5vgvkY.png,My dangles were unreal did u see that shot  I'm number 20 #dontfuckwithecanadian #dangles #20 #younggretzky #iceicebaby #uthoughtthiswasagame #imadethatpuckmybitch #iknewistillhadit,682734,23961,8,181,20,0,0,True
justinbieber,https://www.instagram.com/p/xIx3wyAvhX,1419741302,./imgs/xIx3wyAvhX.png,It was all a dream- Biggie,901734,7629,0,26,6,0,0,False
justinbieber,https://www.instagram.com/p/BUP2EhvD8sR,1495140313,./imgs/BUP2EhvD8sR.png,nan,2055755,31087,0,0,0,0,0,False
justinbieber,https://www.instagram.com/p/CUvPtSLvaSB,1633632895,./imgs/CUvPtSLvaSB.png,nan,814934,2705,0,0,0,0,0,False
justinbieber,https://www.instagram.com/p/CRnPB-pn4ua,1626921654,./imgs/CRnPB-pn4ua.png,Queen bean,1931419,7561,0,10,2,0,0,False
justinbieber,https://www.instagram.com/p/CBoInflH70X,1592592107,./imgs/CBoInflH70X.png,@nowhitesaviors,418713,2954,0,15,1,0,0,False
justinbieber,https://www.instagram.com/p/BDokABggvtE,1459462477,./imgs/BDokABggvtE.png,The boys,1650391,13647,0,8,2,0,0,False
justinbieber,https://www.instagram.com/p/BZmQnH8jxQX,1506629843,./imgs/BZmQnH8jxQX.png,nan,1715579,27932,0,0,0,0,0,False
justinbieber,https://www.instagram.com/p/63cVDdgvlG,1440634419,./imgs/63cVDdgvlG.png,Thanks @mileycyrus lol. #2days #whatdoyoumean oh and one more thing....,751021,8620,2,71,10,0,0,False
justinbieber,https://www.instagram.com/p/lrm1Bzgvtx,1395140114,./imgs/lrm1Bzgvtx.png,:) studio,977172,20045,0,9,2,0,0,False
justinbieber,https://www.instagram.com/p/BCyqccLAvpv,1457653916,./imgs/BCyqccLAvpv.png,nan,1558605,25373,0,0,0,0,0,False
justinbieber,https://www.instagram.com/p/RLB2VwAvuQ,1351097311,./imgs/RLB2VwAvuQ.png,#pacthehamster,442220,11337,1,14,1,0,0,False
justinbieber,https://www.instagram.com/p/6hyaeFgvlA,1439907800,./imgs/6hyaeFgvlA.png,Thanks @haileesteinfeld . What Do You Mean? #10Days,769784,8906,1,51,8,0,0,False
justinbieber,https://www.instagram.com/p/B6OUwlulNo_,1576693918,./imgs/B6OUwlulNo_.png,"GOOD MORNING HERE IS A GUIDED PRAYER TO START YOUR DAY,! FIND A COMFY POSITION AND ENJOY! @churchome @chelseasmith",194022,1191,0,114,19,0,0,True
justinbieber,https://www.instagram.com/p/tbueLFgvku,1411787119,./imgs/tbueLFgvku.png,nan,1090873,12560,0,0,0,0,0,False
justinbieber,https://www.instagram.com/p/BI6KE4yBwhJ,1470790284,./imgs/BI6KE4yBwhJ.png,@westcoastcustoms  @selfmaderyan #rollsroyce #ferrari  #coldwater #letmeloveyou,1681219,26506,4,79,6,0,0,False
justinbieber,https://www.instagram.com/p/fDPATQAvoD,1380900544,./imgs/fDPATQAvoD.png,nan,988328,50474,0,0,0,0,0,False
justinbieber,https://www.instagram.com/p/6Nu8UYAvsA,1439234892,./imgs/6Nu8UYAvsA.png,What Do You Mean? @littlemixofficial #18Days,945254,21393,1,44,6,0,0,False
justinbieber,https://www.instagram.com/p/5djMKcAvio,1437618117,./imgs/5djMKcAvio.png,nan,1420808,47579,0,0,0,0,0,False
justinbieber,https://www.instagram.com/p/CFFzo5zHW0a,1600030192,./imgs/CFFzo5zHW0a.png,Sunday funday,5292834,20949,0,13,2,0,1,False
justinbieber,https://www.instagram.com/p/B6wVNrBHBKW,1577834761,./imgs/B6wVNrBHBKW.png,Happy new year from the Bieber's,4372005,18929,0,32,6,0,0,False
justinbieber,https://www.instagram.com/p/SH1h-,1320017471,./imgs/SH1h-.png,Blue sky's ,102560,955,0,11,2,0,0,False
justinbieber,https://www.instagram.com/p/BVc0Z1BD7a0,1497723130,./imgs/BVc0Z1BD7a0.png,Purposetour,1524487,9861,0,11,1,0,2,False
justinbieber,https://www.instagram.com/p/3ceYdUgvmP,1433287075,./imgs/3ceYdUgvmP.png,nan,1005569,10701,0,0,0,0,0,False
justinbieber,https://www.instagram.com/p/BAfp4O5Aviw,1452721118,./imgs/BAfp4O5Aviw.png,For people who may think I have multiple instagram accounts I only have one !,1110447,9363,0,77,15,0,0,True
justinbieber,https://www.instagram.com/p/CD-aWrZnE5n,1597634571,./imgs/CD-aWrZnE5n.png,Me and my team,3107676,9168,0,14,4,0,7,False
justinbieber,https://www.instagram.com/p/Qx0ieAgvpF,1350251472,./imgs/Qx0ieAgvpF.png,Kiss me,365323,34362,0,7,2,0,0,False
justinbieber,https://www.instagram.com/p/hCPXirAvm_,1385162148,./imgs/hCPXirAvm_.png,Damn they caught me,1106831,33078,0,19,4,0,0,False
justinbieber,https://www.instagram.com/p/BHgDl2RBAF-,1467766985,./imgs/BHgDl2RBAF-.png,nan,1761417,12453,0,0,0,0,1,False
justinbieber,https://www.instagram.com/p/buKgzYAvg5,1373751095,./imgs/buKgzYAvg5.png,Me and my brother @theworldshero,766112,11392,0,32,5,0,0,False
justinbieber,https://www.instagram.com/p/CJ4ZQeJnxQy,1610317571,./imgs/CJ4ZQeJnxQy.png,nan,2834062,9781,0,0,0,0,0,False
justinbieber,https://www.instagram.com/p/RNJVKcgvgY,1351168343,./imgs/RNJVKcgvgY.png,When I can't sleep I ride up front with Harold my bus driver,231068,1534,0,60,13,0,0,False
justinbieber,https://www.instagram.com/p/BDb3fZ8gvo0,1459036488,./imgs/BDb3fZ8gvo0.png,"My soul breathing, I found my life when I laid it down",2114894,45028,0,54,12,0,0,False
justinbieber,https://www.instagram.com/p/BW6OwgUD8Wo,1500857509,./imgs/BW6OwgUD8Wo.png,nan,2343582,28023,0,0,0,0,0,False
justinbieber,https://www.instagram.com/p/CK2tRxDnIsg,1612408442,./imgs/CK2tRxDnIsg.png,"I see so much division with religion. What hurts me most is people aren’t being able to see Jesus for who he truly is. Loving, kind, accepting, forgiving NOT JUDGMENTAL OR SELF RIGHTEOUS. The savior of humanity is being overlooked because of how off putting religion and religious people are. Jesus saved my life not religion.",731097,10695,0,326,56,0,0,False
justinbieber,https://www.instagram.com/p/Z1FcaygvtF,1369688352,./imgs/Z1FcaygvtF.png,nan,665306,30102,0,0,0,0,0,False
justinbieber,https://www.instagram.com/p/CH6AcbyH1ba,1606076704,./imgs/CH6AcbyH1ba.png,My eyes are 4 you. My heart is 4 you. My soul is 4 you. My love is 4 you. I am Home wherever you are. You are my safe place. I am completely and utterly obsessed with who you are. My biggest dream is growing old with you. I can’t believe you are mine forever. HAPPY BIRTHDAY BABY,7442107,44410,0,279,59,0,0,False
justinbieber,https://www.instagram.com/p/CGneNuPn3wN,1603307294,./imgs/CGneNuPn3wN.png,"Some may say what good does it do to post “black lives matter...” I’ll tell you why.. I want everyone to know what matters to me. I want people to know what is heavy on my heart. I want people to know I haven’t forgotten. I want to use the platform i have to remind  people  that racism is evil and it is ingrained in our culture. I want my black brothers and sisters to feel supported, seen and valued. If this bothers you I just want you to know I’m not going to stop talking about it. Ever.",1209476,13630,0,493,99,0,0,False
justinbieber,https://www.instagram.com/p/B4iz4QwHjHM,1573086186,./imgs/B4iz4QwHjHM.png,Cat dad for life. @kittysushiandtuna,430958,2686,0,36,5,0,0,True
justinbieber,https://www.instagram.com/p/B6xBosIn1BA,1577858051,./imgs/B6xBosIn1BA.png,#2020 #yummy #jesusisking,3287936,9308,3,25,3,0,0,False
justinbieber,https://www.instagram.com/p/BHc-1liBCgd,1467663829,./imgs/BHc-1liBCgd.png,Not bad boys,1509092,28051,0,12,3,0,0,False
justinbieber,https://www.instagram.com/p/6Z7R9Egvo5,1439644014,./imgs/6Z7R9Egvo5.png,Thanks @christinaperri . What Do You Mean? #13Days :),737488,3679,1,53,9,0,0,False
justinbieber,https://www.instagram.com/p/Bx8N1_ZHN_-,1558906197,./imgs/Bx8N1_ZHN_-.png,Studio vibes.. with my studio chicka ..,4947433,28399,0,39,7,0,0,False
justinbieber,https://www.instagram.com/p/i1lS7FAvkw,1389032404,./imgs/i1lS7FAvkw.png,Love,743316,17737,0,4,1,0,0,False
justinbieber,https://www.instagram.com/p/ncgEr2gvs7,1398928223,./imgs/ncgEr2gvs7.png,#Fanart,1186925,32452,1,7,1,0,0,False
justinbieber,https://www.instagram.com/p/-up5Gcgvjg,1448929475,./imgs/-up5Gcgvjg.png,nan,989156,5530,0,0,0,0,0,False
justinbieber,https://www.instagram.com/p/hp9fcIAvqP,1386494952,./imgs/hp9fcIAvqP.png,God's wonders,749747,5604,0,13,2,0,0,False
justinbieber,https://www.instagram.com/p/B8fOKlIn2dw,1581555652,./imgs/B8fOKlIn2dw.png,Bizzle has entered the chat to tell you to wake up album changes drops in 2 days,588622,7146,0,80,17,0,0,True
justinbieber,https://www.instagram.com/p/RU_6E,1319485506,./imgs/RU_6E.png,nan,140469,2184,0,0,0,0,0,False
justinbieber,https://www.instagram.com/p/CGMFkptHoyE,1602388405,./imgs/CGMFkptHoyE.png,nan,643148,6750,0,0,0,0,0,False
justinbieber,https://www.instagram.com/p/CJWn-RQnr-Y,1609184436,./imgs/CJWn-RQnr-Y.png,📷: @alfredoflores,2722658,7972,0,17,2,1,0,False
justinbieber,https://www.instagram.com/p/BpvMn_cniVM,1541289586,./imgs/BpvMn_cniVM.png,I’m Canadian and normally don’t post about US politics but I respect these two handsome gentlemen way too much. So when asked to post by them I said yes. Everyone should have their voices heard and I hope this week everyone who can vote does and feels valued.,1496590,16625,0,259,48,0,0,True
justinbieber,https://www.instagram.com/p/CAlE2XaH2wu,1590341985,./imgs/CAlE2XaH2wu.png,"Everything around us points us to a maker, a creator, an architect, a designer! I am so grateful that the one who made it all loves me. Loves me so much that he came down to earth fully human, yet fully God making all things new by laying down his life on the cross! I am now forgiven! I can walk free from shame and condemnation! Thank you JESUS",1047925,8660,0,346,69,0,0,False
justinbieber,https://www.instagram.com/p/uR6FSEAvqO,1413605146,./imgs/uR6FSEAvqO.png,@hollywoodsports,840401,19190,0,16,1,0,0,False
justinbieber,https://www.instagram.com/p/6cQ6TDAvuH,1439722463,./imgs/6cQ6TDAvuH.png,Thanks @hilaryduff. #12Days #whatdoyoumean?,940221,5449,2,43,4,0,0,False
justinbieber,https://www.instagram.com/p/CAx_yOynKrH,1590775537,./imgs/CAx_yOynKrH.png,We are all created in Gods image,979861,5617,0,32,7,0,0,False
justinbieber,https://www.instagram.com/p/CVv3qlcBGFT,1635801360,./imgs/CVv3qlcBGFT.png,Checkout the podcast on marriage Hailey and I  did with Judah and Chels on Spotify,355331,2682,0,82,15,0,0,True
justinbieber,https://www.instagram.com/p/BXrkD4pD6pz,1502512845,./imgs/BXrkD4pD6pz.png,Ur adorable Jaden,2332359,36840,0,17,3,0,0,False
justinbieber,https://www.instagram.com/p/P5VpbBgvmc,1348356228,./imgs/P5VpbBgvmc.png,Crazy faceee,351360,10350,0,12,2,0,0,False
justinbieber,https://www.instagram.com/p/BBY7ZeWAvkE,1454642906,./imgs/BBY7ZeWAvkE.png,Can't make Esther too jealous,2010041,34723,0,29,5,0,0,False
justinbieber,https://www.instagram.com/p/llX7F9Avi6,1394930973,./imgs/llX7F9Avi6.png,Life is worth living again,839651,67361,0,26,5,0,0,True
justinbieber,https://www.instagram.com/p/B3eVAkHH5SB,1570788223,./imgs/B3eVAkHH5SB.png,Whoever wants to buy my home reach out,1425251,8335,0,38,8,0,0,False
justinbieber,https://www.instagram.com/p/BGuayODgvm5,1466101423,./imgs/BGuayODgvm5.png,fashion week Italy,1206100,9182,0,18,3,0,0,False
justinbieber,https://www.instagram.com/p/BV2kU75jwjo,1498587117,./imgs/BV2kU75jwjo.png,nan,1560412,25690,0,0,0,0,0,True
justinbieber,https://www.instagram.com/p/TR7enXgvus,1355623820,./imgs/TR7enXgvus.png,Don't believe me just watch,267914,4937,0,27,5,0,0,False
justinbieber,https://www.instagram.com/p/CC_11avnxu9,1595535050,./imgs/CC_11avnxu9.png,What an ass,638542,4430,0,11,3,0,0,False
justinbieber,https://www.instagram.com/p/CKkMACwnCL2,1611787016,./imgs/CKkMACwnCL2.png,📷: @rorykramer,1009351,5627,0,14,2,1,0,False
justinbieber,https://www.instagram.com/p/aHyjmQgvoo,1370315983,./imgs/aHyjmQgvoo.png,... Coming soon,572639,20378,0,15,3,0,0,False
justinbieber,https://www.instagram.com/p/CTFkUDGFapn,1630086928,./imgs/CTFkUDGFapn.png,📸: @rorykramer,2253288,11716,0,14,2,1,0,False
justinbieber,https://www.instagram.com/p/BXYoAWDDANd,1501877379,./imgs/BXYoAWDDANd.png,nan,2061090,19446,0,0,0,0,0,False
justinbieber,https://www.instagram.com/p/BEme1woAvuz,1461540147,./imgs/BEme1woAvuz.png,Bandz,1346674,13473,0,5,1,0,2,False
justinbieber,https://www.instagram.com/p/CVV9hbvvR3n,1634931983,./imgs/CVV9hbvvR3n.png,Back at it with @joshgudwin,1063756,3572,0,27,5,0,0,False
justinbieber,https://www.instagram.com/p/B7-NCp9nXQI,1580447722,./imgs/B7-NCp9nXQI.png,nan,1562030,5122,0,0,0,0,0,False
justinbieber,https://www.instagram.com/p/qRFcHEgvn1,1404987612,./imgs/qRFcHEgvn1.png,nan,1079932,27169,0,0,0,0,0,False
justinbieber,https://www.instagram.com/p/BzNyzWdnHxi,1561643526,./imgs/BzNyzWdnHxi.png,#DONTCHECKONME,1695613,32928,1,14,1,0,0,True
justinbieber,https://www.instagram.com/p/U45sSggvlB,1359078990,./imgs/U45sSggvlB.png,Swag,497707,13649,0,4,1,0,0,False
justinbieber,https://www.instagram.com/p/CMSrv7Ano_v,1615494649,./imgs/CMSrv7Ano_v.png,@burberry.erry @drewhouse,963279,2646,0,25,2,0,0,False
justinbieber,https://www.instagram.com/p/z8VqR3AvrU,1425766310,./imgs/z8VqR3AvrU.png,nan,1287082,40417,0,0,0,0,0,False
justinbieber,https://www.instagram.com/p/-EiPFkAvks,1447516174,./imgs/-EiPFkAvks.png,#purposethemovement #whatdoyoumean,941831,11740,2,34,2,0,0,True
justinbieber,https://www.instagram.com/p/CMkN1Cknxe0,1616083193,./imgs/CMkN1Cknxe0.png,Peaches video 9pm PST @danielcaesar @giveon,1070181,10883,0,43,6,0,1,True
justinbieber,https://www.instagram.com/p/CM5m14CHAtF,1616800734,./imgs/CM5m14CHAtF.png,Peep our vevo performance of hold on 🤷‍♂️😘😘,632703,4709,0,43,8,4,0,True
justinbieber,https://www.instagram.com/p/hgTnLVAvrd,1386171006,./imgs/hgTnLVAvrd.png,Sketchy and I lost my hat,619512,17606,0,25,6,0,0,True
justinbieber,https://www.instagram.com/p/67HV9rAvqZ,1440757634,./imgs/67HV9rAvqZ.png,2,511515,1066,0,1,1,0,0,False
justinbieber,https://www.instagram.com/p/BZwvsYHjY2T,1506981684,./imgs/BZwvsYHjY2T.png,nan,3179216,67105,0,0,0,0,0,False
justinbieber,https://www.instagram.com/p/CQTyOvYnAj7,1624121536,./imgs/CQTyOvYnAj7.png,"Checkout my boy @jacobtremblay in LUCA, this is my favorite movie of the year",1787960,7886,0,77,14,0,0,False
justinbieber,https://www.instagram.com/p/h2VlmXgvqa,1386910239,./imgs/h2VlmXgvqa.png,Always get up when u get knocked down,898917,83660,0,37,8,0,0,True
justinbieber,https://www.instagram.com/p/CEc6Rivn8C_,1598657939,./imgs/CEc6Rivn8C_.png,nan,2207019,21905,0,0,0,0,0,False
justinbieber,https://www.instagram.com/p/BUKp0eYjUJV,1494966118,./imgs/BUKp0eYjUJV.png,nan,2596434,39526,0,0,0,0,0,False
justinbieber,https://www.instagram.com/p/B7229eqHMFg,1580201264,./imgs/B7229eqHMFg.png,Love u tons bubz,4436757,16704,0,16,4,0,0,False
justinbieber,https://www.instagram.com/p/B7HljsDnC8y,1578615120,./imgs/B7HljsDnC8y.png,Let's get yummy number 1 stream it now!! And please buy on iTunes!!!!!!!! Follow me on tik tok,1070624,11595,0,94,18,0,0,True
justinbieber,https://www.instagram.com/p/BGJa-gzAvqY,1464860010,./imgs/BGJa-gzAvqY.png,nan,1422264,17352,0,0,0,0,0,False
justinbieber,https://www.instagram.com/p/BCuQTdhgviG,1457505994,./imgs/BCuQTdhgviG.png,John,1467663,25601,0,4,1,0,1,False
justinbieber,https://www.instagram.com/p/XfGHlSgvkC,1364655540,./imgs/XfGHlSgvkC.png,Kickin it with og,1121732,58942,0,17,4,0,0,False
justinbieber,https://www.instagram.com/p/pzvSm-AvsC,1404002921,./imgs/pzvSm-AvsC.png,Going ham in my kitchen lol @soundzgram on the beat. #nextalbum,876011,51180,1,63,11,0,0,True
justinbieber,https://www.instagram.com/p/B_AZvvvH2br,1586963983,./imgs/B_AZvvvH2br.png,I’m having a house party tonight on #DAVE. @daveonfxx @lildickygram,508179,3094,1,67,10,0,0,True
justinbieber,https://www.instagram.com/p/CPJAi3gH_ci,1621612458,./imgs/CPJAi3gH_ci.png,Me and @rorykramer playin some pool. 📷: @evanpaterakis,917664,3923,0,54,8,1,0,False
justinbieber,https://www.instagram.com/p/-aaozrgvtl,1448250388,./imgs/-aaozrgvtl.png,nan,1471107,27187,0,0,0,0,0,False
justinbieber,https://www.instagram.com/p/fLSe0HAvmB,1381170803,./imgs/fLSe0HAvmB.png,nan,692059,47048,0,0,0,0,0,True
justinbieber,https://www.instagram.com/p/nZoNi5gvs9,1398831827,./imgs/nZoNi5gvs9.png,NYC,883583,16666,0,3,1,0,0,False
justinbieber,https://www.instagram.com/p/JCNWs,1312161671,./imgs/JCNWs.png,Let me get some watermelon with captain crunch on top,131840,2615,0,53,10,0,0,False
justinbieber,https://www.instagram.com/p/CJ4OTeGnmtv,1610311829,./imgs/CJ4OTeGnmtv.png,L O V E dropped the O and the E and just kept the LV. - @bigsean,921145,2657,0,64,17,0,0,False
justinbieber,https://www.instagram.com/p/CRPNIXBHNXt,1626115351,./imgs/CRPNIXBHNXt.png,nan,862256,2304,0,0,0,0,0,False
justinbieber,https://www.instagram.com/p/CMARMYPHNWS,1614877178,./imgs/CMARMYPHNWS.png,Hold On video tonight 🏍,1536119,19702,0,23,5,1,1,True
justinbieber,https://www.instagram.com/p/CMGmcgjHSZi,1615089215,./imgs/CMGmcgjHSZi.png,"Baby gurl came down in a purpose tour t, and matched the drum set so i had to take a flick NOSTALGIAAAAAA",3345375,11016,0,105,22,0,0,False
justinbieber,https://www.instagram.com/p/jfT_O3AvtV,1390432616,./imgs/jfT_O3AvtV.png,Yep,724345,21381,0,3,1,0,0,True
justinbieber,https://www.instagram.com/p/BVhiwOXjVui,1497881648,./imgs/BVhiwOXjVui.png,Haha last night was a blas,1460808,13692,0,26,6,0,0,False
justinbieber,https://www.instagram.com/p/PSeo3Xgvtr,1347052319,./imgs/PSeo3Xgvtr.png,Crown,346981,14795,0,5,1,0,0,False
justinbieber,https://www.instagram.com/p/SqOCj,1320387867,./imgs/SqOCj.png,Fun day in NYC ,148180,2748,0,15,4,0,0,False
justinbieber,https://www.instagram.com/p/CScU1filfgO,1628703082,./imgs/CScU1filfgO.png,"Just as one storm passes, another storm comes.. it can be hard to trust god when our circumstances don’t seem fair or promising. I believe God will give you peace that surpasses your understanding .",861537,10606,0,198,35,0,0,False
justinbieber,https://www.instagram.com/p/P-WEWagvua,1348524221,./imgs/P-WEWagvua.png,Me and @ryangood24,394277,12954,0,18,3,0,0,False
justinbieber,https://www.instagram.com/p/CJXb11xnqcj,1609211630,./imgs/CJXb11xnqcj.png,📷: @rorykramer,1190020,4052,0,14,2,1,1,False
justinbieber,https://www.instagram.com/p/CLR5JrrHtBB,1613320658,./imgs/CLR5JrrHtBB.png,Happy valentines day. See you tonight :) #journalslive,779458,9432,1,54,8,0,0,True
justinbieber,https://www.instagram.com/p/W5Ruz2Avjj,1363386560,./imgs/W5Ruz2Avjj.png,If they brought this out to u would u eat it?,491405,53309,0,45,11,0,0,False
justinbieber,https://www.instagram.com/p/B-L7SY4H4Vu,1585203163,./imgs/B-L7SY4H4Vu.png,#comearoundmechallenge,291210,1542,1,22,1,0,0,True
justinbieber,https://www.instagram.com/p/y54YP7Avq2,1423536365,./imgs/y54YP7Avq2.png,#mycalvins,1267490,36749,1,10,1,0,0,False
justinbieber,https://www.instagram.com/p/UuwyvsAvkz,1358738780,./imgs/UuwyvsAvkz.png,U see me in the piano,487512,12958,0,21,6,0,0,False
justinbieber,https://www.instagram.com/p/pUn7A-gvrU,1402958870,./imgs/pUn7A-gvrU.png,Love u @alfredoflores been my brother since day 1 ♛,1027671,23688,0,51,10,0,0,False
justinbieber,https://www.instagram.com/p/3X_QJcAvod,1433136536,./imgs/3X_QJcAvod.png,nan,1301771,25475,0,0,0,0,0,False
justinbieber,https://www.instagram.com/p/rqGsc2Avhx,1407974614,./imgs/rqGsc2Avhx.png,@theworldshero is the peoples champion,576833,4638,0,38,5,0,0,True
justinbieber,https://www.instagram.com/p/CIn1i4qnP-K,1607614493,./imgs/CIn1i4qnP-K.png,nan,608172,2039,0,0,0,0,0,False
justinbieber,https://www.instagram.com/p/QgHik6gvny,1349657455,./imgs/QgHik6gvny.png,Where would I be,422637,12250,0,16,4,0,0,False
justinbieber,https://www.instagram.com/p/CQZPuOEHPH1,1624304770,./imgs/CQZPuOEHPH1.png,nan,5601038,36741,0,0,0,0,1,False
justinbieber,https://www.instagram.com/p/BcFz7vsFY0O,1511983517,./imgs/BcFz7vsFY0O.png,nan,2035047,39389,0,0,0,0,0,False
justinbieber,https://www.instagram.com/p/CPrA4jJH4BK,1622753487,./imgs/CPrA4jJH4BK.png,Photo dump... luv u guyzzz,1806362,9705,0,26,5,0,0,False
justinbieber,https://www.instagram.com/p/BGxkB0wAvkq,1466206933,./imgs/BGxkB0wAvkq.png,nan,1138201,15917,0,0,0,0,0,False
justinbieber,https://www.instagram.com/p/6XU5eoAvpq,1439556781,./imgs/6XU5eoAvpq.png,14 Days,615528,4013,0,7,2,0,0,False
justinbieber,https://www.instagram.com/p/B_pyPFTHdfc,1588352514,./imgs/B_pyPFTHdfc.png,"Here is the announcement. Very excited because we have finally done it. I’m releasing a new song #StuckwithU with my friend @ArianaGrande next Friday on May 8th 
Working with our family at @sb_projects and universal music group proceeds from the sales and streams of #StuckwithU will fund grants and scholarships for children of first responders who have been impacted by COVID-19 in partnership with the First Responders Children’s Foundation @1strcf

Check back later today for the instrumental so you can be a part of this",1820446,24590,2,525,85,0,0,False
justinbieber,https://www.instagram.com/p/B8r785gHb4U,1581982266,./imgs/B8r785gHb4U.png,"If you are on a faith journey and considering learning more about who Jesus really was and is, download  the church home app in the App Store",352939,2030,0,141,27,0,0,False
justinbieber,https://www.instagram.com/p/BGCe7XfgvuZ,1464627200,./imgs/BGCe7XfgvuZ.png,nan,1015811,3236,0,0,0,0,0,False
justinbieber,https://www.instagram.com/p/Qx1giMgvqF,1350251980,./imgs/Qx1giMgvqF.png,He's Canadian like me,298668,13669,0,21,4,0,0,False
justinbieber,https://www.instagram.com/p/B-M76oQnE1L,1585237047,./imgs/B-M76oQnE1L.png,nan,246006,1211,0,0,0,0,0,True
justinbieber,https://www.instagram.com/p/vEpmQ-AvgB,1415307780,./imgs/vEpmQ-AvgB.png,♛,1091796,48453,0,1,1,0,0,False
justinbieber,https://www.instagram.com/p/YNCnM,1323472918,./imgs/YNCnM.png,Flyer than the clouds,147829,2226,0,21,4,0,0,False
justinbieber,https://www.instagram.com/p/4iNS7iAvkT,1435626927,./imgs/4iNS7iAvkT.png,Where are you now video is finally here you know how to find it,918109,26420,0,63,14,0,0,True
justinbieber,https://www.instagram.com/p/_qE5cMgvuc,1450923345,./imgs/_qE5cMgvuc.png,nan,1656722,26702,0,0,0,0,0,False
justinbieber,https://www.instagram.com/p/BVAW2KgDaGf,1496768109,./imgs/BVAW2KgDaGf.png,nan,2457809,37427,0,0,0,0,0,False
justinbieber,https://www.instagram.com/p/8_6DJygviO,1445213404,./imgs/8_6DJygviO.png,nan,695021,6617,0,0,0,0,0,False
justinbieber,https://www.instagram.com/p/tN_apfAvot,1411326241,./imgs/tN_apfAvot.png,Smh so tired I woke up on the floor in my living room,915789,17462,0,53,13,0,0,False
justinbieber,https://www.instagram.com/p/a6bQaRAvpU,1372015043,./imgs/a6bQaRAvpU.png,#whyigottafallandcutmyneckbeforeaphotoshoot fun,626002,28986,1,47,2,0,0,True
justinbieber,https://www.instagram.com/p/CUszdzIBen6,1633550979,./imgs/CUszdzIBen6.png,The film OUr WORld showcases the struggles of coming together to put on a show in the heart of Beverly Hills during a pandemic. Hope you guys enjoy it! Thank you to @amazonprimevideo  @ratty @obb @sb_projects @nickdemoura @allisonjamiekaye @wetheband @ldubzs @rorykramer @jblazeofficial and the rest of the SQUAD,836231,3937,0,312,48,0,0,False
justinbieber,https://www.instagram.com/p/CVRQmsfMUSP,1634774216,./imgs/CVRQmsfMUSP.png,OSCAR BIEBER,2014133,9237,0,12,2,0,0,False
justinbieber,https://www.instagram.com/p/rK70IBgvuz,1406928722,./imgs/rK70IBgvuz.png,Can't complain,1049760,18262,0,14,2,0,0,False
justinbieber,https://www.instagram.com/p/BwscFIZHyfw,1556229307,./imgs/BwscFIZHyfw.png,nan,1526942,3945,0,0,0,0,0,False
justinbieber,https://www.instagram.com/p/BD11y53gvly,1459908015,./imgs/BD11y53gvly.png,I love panos,1355052,14043,0,12,3,0,0,False
justinbieber,https://www.instagram.com/p/dEUWD9AvvG,1376641931,./imgs/dEUWD9AvvG.png,In the studio making a smash with my bro @future,950711,28591,0,48,10,0,0,False
justinbieber,https://www.instagram.com/p/BGCmWyQgvjF,1464631095,./imgs/BGCmWyQgvjF.png,@flavorflav110 killing it in the pool on the #jetsurf #luxurywatertoys,992587,7875,2,70,10,0,0,True
justinbieber,https://www.instagram.com/p/B69Xa8cHLrK,1578272155,./imgs/B69Xa8cHLrK.png,@jblazeofficial,925058,3621,0,15,1,0,0,True
justinbieber,https://www.instagram.com/p/B7MiuujHI54,1578781741,./imgs/B7MiuujHI54.png,nan,3354678,35950,0,0,0,0,0,True
justinbieber,https://www.instagram.com/p/CVoZD2CvWK1,1635550401,./imgs/CVoZD2CvWK1.png,nan,2447204,8587,0,0,0,0,0,False
justinbieber,https://www.instagram.com/p/tRoz0uAvp4,1411448607,./imgs/tRoz0uAvp4.png,1st tennis lesson lol pretty bad.. Lol,816433,17827,0,38,7,0,0,True
justinbieber,https://www.instagram.com/p/BBqn6_LgviM,1455236675,./imgs/BBqn6_LgviM.png,nan,1690032,31083,0,0,0,0,0,False
justinbieber,https://www.instagram.com/p/CNnyESLnEI6,1618350088,./imgs/CNnyESLnEI6.png,Jesus is right here in our mess.,1314323,7844,0,32,7,0,0,False
justinbieber,https://www.instagram.com/p/BBx62q9AviG,1455481481,./imgs/BBx62q9AviG.png,nan,1183979,5676,0,0,0,0,1,False
justinbieber,https://www.instagram.com/p/BYbhh5ADhvE,1504122131,./imgs/BYbhh5ADhvE.png,I want to be more about these things every day,1186293,28876,0,46,10,0,0,False
justinbieber,https://www.instagram.com/p/gZuPWvAvm1,1383802602,./imgs/gZuPWvAvm1.png,Sometimes I get emotional. You guys bring it out of me thank u,942593,16799,0,62,13,0,0,False
justinbieber,https://www.instagram.com/p/B2xfWiJnRw9,1569283709,./imgs/B2xfWiJnRw9.png,Curious kitten new iPhone video is tight,806832,4149,0,40,7,0,0,True
justinbieber,https://www.instagram.com/p/Pf7wItAvqF,1347503791,./imgs/Pf7wItAvqF.png,Wow my eyes look too tired !!.. Night,330906,11481,0,37,8,0,0,False
justinbieber,https://www.instagram.com/p/pZUmPBgvvX,1403116511,./imgs/pZUmPBgvvX.png,#repost @soundzgram,566637,5330,1,19,2,0,0,False
justinbieber,https://www.instagram.com/p/sTEWPJgvtT,1409349115,./imgs/sTEWPJgvtT.png,nan,1087179,22013,0,0,0,0,0,False
justinbieber,https://www.instagram.com/p/B3eTI2eHowQ,1570787242,./imgs/B3eTI2eHowQ.png,I’ll sell it with all the furniture . MAKE AN OFFER,2100140,18455,0,51,11,0,0,False
justinbieber,https://www.instagram.com/p/BAsRboLAvly,1453144509,./imgs/BAsRboLAvly.png,Totally did not plan getting that on video.!!! Super random Adam sander living legend ,1704106,54499,0,86,14,0,0,True
justinbieber,https://www.instagram.com/p/di6p-_AvsH,1377668650,./imgs/di6p-_AvsH.png,Chillin with @djtayjames @blakekelly,837321,19525,0,36,4,0,0,False
justinbieber,https://www.instagram.com/p/CUF7dyaPSy5,1632246550,./imgs/CUF7dyaPSy5.png,nan,887592,5563,0,0,0,0,0,False
justinbieber,https://www.instagram.com/p/7IweXuAvqh,1441215407,./imgs/7IweXuAvqh.png,"Guyth I'm gonna be on fallon tonight, I'm performing with the roots! 👊",860494,7749,0,70,13,1,0,False
justinbieber,https://www.instagram.com/p/BDyfJX3Avs8,1459795477,./imgs/BDyfJX3Avs8.png,nan,1441739,10563,0,0,0,0,0,False
justinbieber,https://www.instagram.com/p/CW2Q951LJaY,1638163403,./imgs/CW2Q951LJaY.png,"We lost a real one, rest in paradise king. @virgilabloh ❤️",1130722,3041,0,58,11,1,0,False
justinbieber,https://www.instagram.com/p/BHDEOduB2k1,1466794239,./imgs/BHDEOduB2k1.png,Happy birthday @elysandraq,1142125,8614,0,26,3,0,0,False
justinbieber,https://www.instagram.com/p/CT0BflZFROO,1631645731,./imgs/CT0BflZFROO.png,This is the woman of my dreams 🥺🥺🥵🥵,6325111,46338,0,35,8,4,0,False
justinbieber,https://www.instagram.com/p/qs5dIJAvlB,1405920852,./imgs/qs5dIJAvlB.png,(via @shots),828919,16763,0,12,2,0,0,False
justinbieber,https://www.instagram.com/p/COthCV5nRGc,1620690003,./imgs/COthCV5nRGc.png,"Let it go video out now @21savage @djkhaled 

Video by @colinseyes",1109953,8601,0,66,11,0,0,True
justinbieber,https://www.instagram.com/p/CAjhgK7n02h,1590289898,./imgs/CAjhgK7n02h.png,In these streets,5527147,51760,0,16,3,0,0,False
justinbieber,https://www.instagram.com/p/CRxKTVxHWAR,1627254719,./imgs/CRxKTVxHWAR.png,📸: @josephjshaw,626254,1838,0,15,2,1,0,False
justinbieber,https://www.instagram.com/p/BTL2PICjQfX,1492858698,./imgs/BTL2PICjQfX.png,nan,1399934,16659,0,0,0,0,0,False
justinbieber,https://www.instagram.com/p/HfETQSgvgU,1330294849,./imgs/HfETQSgvgU.png,Bro sis love,243691,6489,0,12,3,0,0,False
justinbieber,https://www.instagram.com/p/-mW-Vmgvid,1448651121,./imgs/-mW-Vmgvid.png,#feargeneration #fog #fearofgod,1100965,9292,3,31,3,0,0,False
justinbieber,https://www.instagram.com/p/-kh0sdAvtw,1448589700,./imgs/-kh0sdAvtw.png,iPhone camera is ridiculous now,1130669,6837,0,31,5,0,0,False
justinbieber,https://www.instagram.com/p/lZ_wp,1327745241,./imgs/lZ_wp.png,I'm just reflecting,175264,6137,0,19,3,0,0,False
justinbieber,https://www.instagram.com/p/CMN_2G_HVwW,1615337413,./imgs/CMN_2G_HVwW.png,"Your boy

📷: @rorykramer",1116553,7048,0,24,4,1,0,False
justinbieber,https://www.instagram.com/p/ce4Gs,1325120408,./imgs/ce4Gs.png,#myview,110188,800,1,7,1,0,0,False
justinbieber,https://www.instagram.com/p/B7ldrZ0HSgw,1579617584,./imgs/B7ldrZ0HSgw.png,nan,1773247,10534,0,0,0,0,0,False
justinbieber,https://www.instagram.com/p/B8FQoQbnz0w,1580684484,./imgs/B8FQoQbnz0w.png,nan,331387,714,0,0,0,0,0,False
justinbieber,https://www.instagram.com/p/qivuaJgvmD,1405580207,./imgs/qivuaJgvmD.png,Coolin with @khalil my living room got the vibes,768386,5665,0,48,9,0,0,False
justinbieber,https://www.instagram.com/p/CJO1sJwnwf_,1608923192,./imgs/CJO1sJwnwf_.png,Me and my bro @joshmehl are dropping these today at 12 don’t miss out these things will go like hot cakes.. go to @simplegospel,1880292,6030,0,127,24,0,0,False
justinbieber,https://www.instagram.com/p/CPJ7BOaH6TP,1621643116,./imgs/CPJ7BOaH6TP.png,Teamwork makes the dream work 📷: @rorykramer,764759,4099,0,44,7,1,0,False
justinbieber,https://www.instagram.com/p/CWJHvESPx06,1636648614,./imgs/CWJHvESPx06.png,@drewhouse,724328,2111,0,10,1,0,0,False
justinbieber,https://www.instagram.com/p/B8UJNvGHYDA,1581183913,./imgs/B8UJNvGHYDA.png,RICARDO THE MUSTASHIO LOVES YOU,1386418,9079,0,31,5,0,0,False
justinbieber,https://www.instagram.com/p/Va5Ev1Avgq,1360219516,./imgs/Va5Ev1Avgq.png,Im all fancy Poppin S. PELLEGRINO,440241,12830,0,33,6,0,0,False
justinbieber,https://www.instagram.com/p/Xqq4zEAviT,1365043917,./imgs/Xqq4zEAviT.png,nan,533469,21921,0,0,0,0,0,False
justinbieber,https://www.instagram.com/p/CWBhOINPfo_,1636393540,./imgs/CWBhOINPfo_.png,📷: @rorykramer,1181312,3634,0,14,2,1,0,False
justinbieber,https://www.instagram.com/p/SR3OHHAvkO,1353474104,./imgs/SR3OHHAvkO.png,Good show tonight. zzz passing out,475529,16832,0,34,6,0,0,False
justinbieber,https://www.instagram.com/p/8_8WJGgvns,1445214608,./imgs/8_8WJGgvns.png,nan,714789,12247,0,0,0,0,0,False
justinbieber,https://www.instagram.com/p/CJAL78An96F,1608431539,./imgs/CJAL78An96F.png,"“It’s a big big world, its easy to get lost in it” - 📷: @rorykramer",1352536,7754,0,67,15,1,0,False
justinbieber,https://www.instagram.com/p/B0m0Ox0nyfb,1564630577,./imgs/B0m0Ox0nyfb.png,It ain’t worth it if you don’t work,3344547,31973,0,35,8,0,0,False
justinbieber,https://www.instagram.com/p/B23sd0LnwHJ,1569491924,./imgs/B23sd0LnwHJ.png,@davidloy,751151,2168,0,9,1,0,0,True
justinbieber,https://www.instagram.com/p/-xYMYlAvlo,1449020859,./imgs/-xYMYlAvlo.png,nan,1045330,11862,0,0,0,0,0,False
justinbieber,https://www.instagram.com/p/CNTyYJTHxOU,1617679162,./imgs/CNTyYJTHxOU.png,Wow baby iris u are a doll,4430567,12490,0,26,7,0,0,False
justinbieber,https://www.instagram.com/p/B7EDHDanft_,1578496475,./imgs/B7EDHDanft_.png,"GOOD MORNING HERE IS A GUIDED PRAYER TO START YOUR DAY,! FIND A COMFY POSITION AND ENJOY! @churchome @judahsmith",250786,1335,0,112,19,0,0,True
justinbieber,https://www.instagram.com/p/gHjumsgvpH,1383193111,./imgs/gHjumsgvpH.png,Getting better,652418,7563,0,14,2,0,0,False
justinbieber,https://www.instagram.com/p/BVhmpfrj5fi,1497883690,./imgs/BVhmpfrj5fi.png,"Mugshot #jailsnotacoolplacetobe, #notfun #neveragain",2521809,61030,3,52,4,0,0,False
justinbieber,https://www.instagram.com/p/sGaBq9gvuE,1408924274,./imgs/sGaBq9gvuE.png,#ogr,1002650,15210,1,4,1,0,0,False
justinbieber,https://www.instagram.com/p/7VrAJcgvhh,1441648745,./imgs/7VrAJcgvhh.png,Seek me and you will find me - God,1201506,15061,0,34,9,0,0,False
justinbieber,https://www.instagram.com/p/P2iD3,1318369632,./imgs/P2iD3.png,I found where I am on the globe,113351,4012,0,31,8,0,0,False
justinbieber,https://www.instagram.com/p/CUJFt7oPl1R,1632352589,./imgs/CUJFt7oPl1R.png,"@simplegospel 

“100% of our proceeds will be donated to a designated black-owned start up in Los Angeles, California.”",1057648,6189,0,119,18,0,0,False
justinbieber,https://www.instagram.com/p/gRpoCpgvqo,1383531747,./imgs/gRpoCpgvqo.png,Bad day is out,1041279,40514,0,14,4,0,0,False
justinbieber,https://www.instagram.com/p/aci3zbAvnF,1371012403,./imgs/aci3zbAvnF.png,Heartbreaker is on the Internet somewhere find it,676374,55305,0,49,8,0,0,False
justinbieber,https://www.instagram.com/p/6SboC1Avoh,1439392536,./imgs/6SboC1Avoh.png,16 Days,610502,5055,0,7,2,0,0,False
justinbieber,https://www.instagram.com/p/CTfeNDOndEx,1630956140,./imgs/CTfeNDOndEx.png,📸: @rorykramer,1253745,5278,0,14,2,1,0,False
justinbieber,https://www.instagram.com/p/B36MXitntbq,1571723217,./imgs/B36MXitntbq.png,😍😍😍😍 SEXY WIFEY ALERT 🚨 FAVORITE HUMAN EVER,5682778,35705,0,43,8,5,0,False
justinbieber,https://www.instagram.com/p/B8UgHaNHuSO,1581195920,./imgs/B8UgHaNHuSO.png,Vibes for the day,418025,1230,0,17,4,0,0,False
justinbieber,https://www.instagram.com/p/BRpjhBXDOgx,1489560549,./imgs/BRpjhBXDOgx.png,nan,1887309,14082,0,0,0,0,0,False
justinbieber,https://www.instagram.com/p/COZLx3Gnwij,1620007736,./imgs/COZLx3Gnwij.png,@djkhaled @21savage,2279844,9666,0,19,2,0,0,False
justinbieber,https://www.instagram.com/p/BUfs-mHjBuJ,1495672417,./imgs/BUfs-mHjBuJ.png,Cmon Judah u missed this smile,2060036,39015,0,30,6,0,0,False
justinbieber,https://www.instagram.com/p/lK8iQlgvu0,1394044198,./imgs/lK8iQlgvu0.png,#fishing (via @shots),1061986,31695,1,21,3,0,0,False
justinbieber,https://www.instagram.com/p/9ob1l5gvjz,1446573296,./imgs/9ob1l5gvjz.png,#Purpose track 7 @bigsean #nov13,636995,5561,2,32,5,0,0,True
justinbieber,https://www.instagram.com/p/-f64U_gvpJ,1448435065,./imgs/-f64U_gvpJ.png,nan,724160,5254,0,0,0,0,0,True
justinbieber,https://www.instagram.com/p/BAN91EHAvkZ,1452127598,./imgs/BAN91EHAvkZ.png,nan,1403111,5212,0,0,0,0,0,False
justinbieber,https://www.instagram.com/p/Ca0fQX6PmiM,1646693721,./imgs/Ca0fQX6PmiM.png,See yous guys tonight ❤️❤️❤️ 📷: @rorykramer,569824,2079,0,43,7,4,0,False
justinbieber,https://www.instagram.com/p/CF-7c9tn2Pt,1601946891,./imgs/CF-7c9tn2Pt.png,nan,1213000,5399,0,0,0,0,3,False
justinbieber,https://www.instagram.com/p/CLmmTZRnntT,1614015399,./imgs/CLmmTZRnntT.png,"Just a canadian and a couple of ausies.. @eddiebenjamin @thekidlaroi 

📷: @rorykramer",1365720,7589,0,85,12,1,0,False
justinbieber,https://www.instagram.com/p/W5JYcmAvnV,1363382183,./imgs/W5JYcmAvnV.png,"""They lovin the crew""",572723,7430,0,21,4,0,0,False
justinbieber,https://www.instagram.com/p/zBIay-gvqB,1423779656,./imgs/zBIay-gvqB.png,Straight out of sons of anarchy,1008850,18941,0,31,6,0,0,False
justinbieber,https://www.instagram.com/p/CTz6eQhloyJ,1631642050,./imgs/CTz6eQhloyJ.png,📸: @rorykramer,2128554,14338,0,14,2,1,0,False
justinbieber,https://www.instagram.com/p/BXyJq6CjJhR,1502733890,./imgs/BXyJq6CjJhR.png,nan,796455,4470,0,0,0,0,0,False
justinbieber,https://www.instagram.com/p/TuEw0QAvru,1356568211,./imgs/TuEw0QAvru.png,nan,640879,33205,0,0,0,0,0,False
justinbieber,https://www.instagram.com/p/BuoYSbXnufy,1551798134,./imgs/BuoYSbXnufy.png,drew new drop soon “ that dripppp”” head to toe drew drip with my wife’s balenciaga jacket oouuieeee,3929379,32082,0,100,18,0,0,False
justinbieber,https://www.instagram.com/p/CJmUID6neTv,1609710901,./imgs/CJmUID6neTv.png,Sleep with me here in the silence- go peep anyone video...,1078732,3737,0,58,11,0,0,False
justinbieber,https://www.instagram.com/p/eQQKpIgvkb,1379189877,./imgs/eQQKpIgvkb.png,nan,950921,28216,0,0,0,0,0,False
justinbieber,https://www.instagram.com/p/tGc8uagvqQ,1411073289,./imgs/tGc8uagvqQ.png,Lol chef bieber,1037652,61690,0,15,3,0,0,True
justinbieber,https://www.instagram.com/p/pIkhudAvl5,1402554437,./imgs/pIkhudAvl5.png,Lincoln Lawyer,872375,22859,0,14,2,0,0,False
justinbieber,https://www.instagram.com/p/1E36jkgvnt,1428200188,./imgs/1E36jkgvnt.png,nan,1310689,41604,0,0,0,0,0,False
justinbieber,https://www.instagram.com/p/CKRiECbHwmO,1611161405,./imgs/CKRiECbHwmO.png,@judahsmith @rorykramer @mattkomo @maejor,784441,7021,0,41,4,0,0,True
justinbieber,https://www.instagram.com/p/BGqpEB7gvtU,1465974692,./imgs/BGqpEB7gvtU.png,Let's spam and petition to shut this garbage website down,815584,12749,0,57,10,0,0,False
justinbieber,https://www.instagram.com/p/CIjC4j4HWV3,1607453714,./imgs/CIjC4j4HWV3.png,Sometimes the best thing to do when we feel discouraged is to actually encourage others. There’s something powerful about lifting people up even when you don’t feel like it.,711227,7701,0,173,29,0,0,False
justinbieber,https://www.instagram.com/p/THPhSAAvo-,1355265229,./imgs/THPhSAAvo-.png,Me and @beimaejor kickin it,332307,3911,0,27,5,0,0,False
justinbieber,https://www.instagram.com/p/BF0qQyBgvkB,1464163381,./imgs/BF0qQyBgvkB.png,Nights like these beat nights like those,1067972,3763,0,40,7,0,0,False
justinbieber,https://www.instagram.com/p/B_d6snonRl9,1587954316,./imgs/B_d6snonRl9.png,nan,2570523,11468,0,0,0,0,0,True
justinbieber,https://www.instagram.com/p/B64lpPVn2rB,1578111811,./imgs/B64lpPVn2rB.png,"This is a lie from the pits of hell, my pants will stay sagging",447169,4717,0,63,14,0,0,False
justinbieber,https://www.instagram.com/p/BGPsyb7gvoW,1465070675,./imgs/BGPsyb7gvoW.png,nan,783901,7531,0,0,0,0,0,False
justinbieber,https://www.instagram.com/p/BA3Nawmgvlm,1453511503,./imgs/BA3Nawmgvlm.png,nan,2053508,76008,0,0,0,0,0,False
justinbieber,https://www.instagram.com/p/B9Dl8LrnagJ,1582776069,./imgs/B9Dl8LrnagJ.png,FOLLOW ALONG AS WE PREPARE FOR TOUR LIFE!!,725364,5744,0,42,8,0,0,True
justinbieber,https://www.instagram.com/p/ImJ2h,1311720598,./imgs/ImJ2h.png,nan,245293,13259,0,0,0,0,0,False
justinbieber,https://www.instagram.com/p/CRb1PjCnrl1,1626539034,./imgs/CRb1PjCnrl1.png,nan,649102,1997,0,0,0,0,0,False
justinbieber,https://www.instagram.com/p/B5KCAeunOLd,1574402139,./imgs/B5KCAeunOLd.png,nan,685204,2524,0,0,0,0,0,False
justinbieber,https://www.instagram.com/p/B6TUL9eHwDR,1576861144,./imgs/B6TUL9eHwDR.png,"December 24, December 31, January 3 ... #2020",891765,7895,1,45,8,0,0,False
justinbieber,https://www.instagram.com/p/CSrtp1_J57t,1629219410,./imgs/CSrtp1_J57t.png,I love my squad @allisonjamiekaye @scooterbraun,1022340,3856,0,47,6,0,0,False
justinbieber,https://www.instagram.com/p/hcK9M4gvh4,1386032250,./imgs/hcK9M4gvh4.png,#allthatmattersmusicvideo http://vevo.ly/hMw5PX,786002,50943,1,47,2,0,0,False
justinbieber,https://www.instagram.com/p/ftc4iHgvgq,1382317107,./imgs/ftc4iHgvgq.png,Tonight at midnight hold tight comes out,659456,15033,0,40,7,0,0,False
justinbieber,https://www.instagram.com/p/BR2GnfFDr_N,1489981605,./imgs/BR2GnfFDr_N.png,nan,2007930,20598,0,0,0,0,0,False
justinbieber,https://www.instagram.com/p/CSo9zwDHgJE,1629127217,./imgs/CSo9zwDHgJE.png,Happy birthday bay.,1524659,5522,0,19,3,0,0,False
justinbieber,https://www.instagram.com/p/BWvlGQNj6Xh,1500500123,./imgs/BWvlGQNj6Xh.png,nan,2428830,39945,0,0,0,0,0,False
justinbieber,https://www.instagram.com/p/7_40egAvtR,1443065276,./imgs/7_40egAvtR.png,#TB to Ed Belfour !! #goleafsgo,852688,8388,2,31,6,0,0,False
justinbieber,https://www.instagram.com/p/RNKtFGAvhS,1351169063,./imgs/RNKtFGAvhS.png,U know the deal,257232,1484,0,15,4,0,0,False
justinbieber,https://www.instagram.com/p/sOZLE-gvjS,1409192262,./imgs/sOZLE-gvjS.png,nan,1122802,25698,0,0,0,0,0,False
justinbieber,https://www.instagram.com/p/BFm2GuhgvrZ,1463699828,./imgs/BFm2GuhgvrZ.png,nan,1728322,21445,0,0,0,0,0,False
justinbieber,https://www.instagram.com/p/rXsewaAvhw,1407356891,./imgs/rXsewaAvhw.png,I knew I was a damn tiger,1148963,44226,0,25,7,0,0,False
justinbieber,https://www.instagram.com/p/BDhj1kZAvu5,1459227511,./imgs/BDhj1kZAvu5.png,nan,1008542,10576,0,0,0,0,0,False
justinbieber,https://www.instagram.com/p/lZIf06Avt8,1394520232,./imgs/lZIf06Avt8.png,In the studio with @therealmikedean,997962,20369,0,35,5,0,0,False
justinbieber,https://www.instagram.com/p/Uah9X-gvqc,1358059914,./imgs/Uah9X-gvqc.png,Come on guys get off ur phones,424834,8904,0,30,7,0,0,False
justinbieber,https://www.instagram.com/p/CWeRJoSBtD8,1637358193,./imgs/CWeRJoSBtD8.png,@burberry.erry @drewhouse,574029,1484,0,25,2,0,0,False
justinbieber,https://www.instagram.com/p/6sHtaOAvl3,1440254510,./imgs/6sHtaOAvl3.png,Hahahaha. What Do You Mean? @kingbach @anwar #6days,863015,17619,1,51,8,0,0,True
justinbieber,https://www.instagram.com/p/cM5Qfwgvt2,1374782236,./imgs/cM5Qfwgvt2.png,Get ready Toronto !!!!!!,1039836,36548,0,24,4,0,0,False
justinbieber,https://www.instagram.com/p/CKU2p8nnBjb,1611272508,./imgs/CKU2p8nnBjb.png,The best part of my day 📷: @490tx,3606540,16038,0,33,8,1,0,False
justinbieber,https://www.instagram.com/p/91Q09Ngvl5,1447003731,./imgs/91Q09Ngvl5.png,Wanna argue all day makin love all night,959185,10784,0,40,8,0,0,False
justinbieber,https://www.instagram.com/p/BR5D-wcjGxZ,1490080886,./imgs/BR5D-wcjGxZ.png,nan,1578881,14583,0,0,0,0,0,False
justinbieber,https://www.instagram.com/p/66pYJGgvoq,1440741923,./imgs/66pYJGgvoq.png,5 hours #whatdoyoumean,624289,17832,1,22,3,0,0,False
justinbieber,https://www.instagram.com/p/B3a5xhPHnHw,1570673281,./imgs/B3a5xhPHnHw.png,Shoutout my boys Nolan and @jfaulhafer,1430154,4549,0,38,6,0,0,False
justinbieber,https://www.instagram.com/p/PU2IfFAvlE,1347131746,./imgs/PU2IfFAvlE.png,nan,220185,6362,0,0,0,0,0,False
justinbieber,https://www.instagram.com/p/CQZT_cuHlvA,1624307009,./imgs/CQZT_cuHlvA.png,nan,3752272,16075,0,0,0,0,0,False
justinbieber,https://www.instagram.com/p/B9Ucq13n2dS,1583341597,./imgs/B9Ucq13n2dS.png,The #changesthemovement continues. Today #intentions and #comearoundme on my @youtube,779810,3252,3,85,10,0,0,False
justinbieber,https://www.instagram.com/p/-EajD5Avjh,1447512144,./imgs/-EajD5Avjh.png,#purpose,679894,4177,1,8,1,0,0,True
justinbieber,https://www.instagram.com/p/9AA2U0AvgS,1445216969,./imgs/9AA2U0AvgS.png,@brooklynprojectsla,789200,2712,0,19,1,0,0,False
justinbieber,https://www.instagram.com/p/iT-wl0gvqt,1387904903,./imgs/iT-wl0gvqt.png,That's love. Thank you. #1 in over 50 countries. #journals. It's all about the music - http://smarturl.it/journals,616758,9834,2,114,17,0,0,False
justinbieber,https://www.instagram.com/p/56P30QAvos,1438581068,./imgs/56P30QAvos.png,Mini Ali off a 4 set,731858,7172,0,20,6,0,0,True
justinbieber,https://www.instagram.com/p/BH-4uZ6BvWW,1468801475,./imgs/BH-4uZ6BvWW.png,Got me,646814,4350,0,6,2,0,0,True
justinbieber,https://www.instagram.com/p/6EurxkgvrL,1438932766,./imgs/6EurxkgvrL.png,Lil bro showing me his karate on FaceTime,772166,5067,0,41,8,0,0,False
justinbieber,https://www.instagram.com/p/CO1NlienKDq,1620948207,./imgs/CO1NlienKDq.png,📷: @rorykramer,521538,1734,0,14,2,1,0,False
justinbieber,https://www.instagram.com/p/lvSuuDAvpu,1395263794,./imgs/lvSuuDAvpu.png,The champ @floydmayweather training to my music . Atta boy,655643,12021,0,58,10,0,0,True
justinbieber,https://www.instagram.com/p/t8nsi4gvsE,1412890863,./imgs/t8nsi4gvsE.png,Where is Goliath ;) #wheninrome,1009206,29126,1,31,5,0,0,False
justinbieber,https://www.instagram.com/p/PoOMP,1318185511,./imgs/PoOMP.png,Rain rain go away please come back never,109289,2096,0,40,8,0,0,False
justinbieber,https://www.instagram.com/p/BFsWkRMAvh1,1463884619,./imgs/BFsWkRMAvh1.png,This guy is one of the smartest kindest loving people that I know. And I'm happy to not only call him a friend but a brother @nickdemoura,1731165,16916,0,137,27,0,0,False
justinbieber,https://www.instagram.com/p/WCdhjcgvsE,1361547250,./imgs/WCdhjcgvsE.png,Jt killin that shhii in London !!!,497749,7061,0,34,7,0,0,False
justinbieber,https://www.instagram.com/p/62hEesgvlV,1440603350,./imgs/62hEesgvlV.png,LEGEND! @iamstevent #2days #whatdoyoumean 48 hours to go!,616008,2907,2,57,8,0,0,False
justinbieber,https://www.instagram.com/p/snne1jgvgg,1410038624,./imgs/snne1jgvgg.png,@theworldshero what did they expect? Go listen to Za (he's singing on the hook 2) on soundcloud now #twap #twapnow,604194,12216,2,114,20,0,0,False
justinbieber,https://www.instagram.com/p/W8HEtNgvkN,1363481636,./imgs/W8HEtNgvkN.png,Me with 72 winning over @djtayjames making me king 2k,457588,8229,0,53,10,0,0,False
justinbieber,https://www.instagram.com/p/BY-JJDljiWM,1505283750,./imgs/BY-JJDljiWM.png,nan,926194,3114,0,0,0,0,0,False
justinbieber,https://www.instagram.com/p/BdoOL5Gjip4,1515285615,./imgs/BdoOL5Gjip4.png,Wowzers,8562478,304481,0,7,1,0,0,False
justinbieber,https://www.instagram.com/p/bzQx-rgvgn,1373922154,./imgs/bzQx-rgvgn.png,She's ready to turn up,599951,31150,0,22,5,0,0,False
justinbieber,https://www.instagram.com/p/CMN46PZn21N,1615333777,./imgs/CMN46PZn21N.png,There’s no time i wanna make more time.,1691319,8513,0,39,8,0,0,False
justinbieber,https://www.instagram.com/p/tkVnWsgvnC,1412076077,./imgs/tkVnWsgvnC.png,Paris 🗼,1263721,45096,0,7,2,1,0,False
justinbieber,https://www.instagram.com/p/BI_BgV7hZEn,1470953562,./imgs/BI_BgV7hZEn.png,nan,1747560,51983,0,0,0,0,0,False
justinbieber,https://www.instagram.com/p/b0SPgSAvro,1373956474,./imgs/b0SPgSAvro.png,I do this only 4 u :),833683,19518,0,21,7,0,0,False
justinbieber,https://www.instagram.com/p/e5GSgVAvtD,1380560431,./imgs/e5GSgVAvtD.png,nan,799770,23455,0,0,0,0,0,False
justinbieber,https://www.instagram.com/p/BAXxvXUgvig,1452456805,./imgs/BAXxvXUgvig.png,My parter  @selfmaderyan and I have put in work to make sure we have the best customization in the game but there's far more that @westcoastcustoms to offer visit our website or visit the shop in Burbank details in bio !,1125609,29206,0,220,41,0,0,False
justinbieber,https://www.instagram.com/p/B8W3bNmHphn,1581275321,./imgs/B8W3bNmHphn.png,Just a thank you for the support MUSTASHIO and I love you,581834,8432,0,57,12,0,0,True
justinbieber,https://www.instagram.com/p/CRerrK5HG4A,1626634681,./imgs/CRerrK5HG4A.png,Love u @joshgudwin 📸: @evanpaterakis,1003856,3370,0,36,5,1,0,False
justinbieber,https://www.instagram.com/p/B_ObzyKHw3i,1587434787,./imgs/B_ObzyKHw3i.png,nan,836758,3105,0,0,0,0,0,False
justinbieber,https://www.instagram.com/p/B9ZwGctHHEP,1583519557,./imgs/B9ZwGctHHEP.png,"Almost a month ago, my pal sushi decided to run away, after weeks passing by Hailey and began to lose hope that our baby was gone :( yesterday we got a call that somebody found our baby.. it had made it Miles and miles away! He looks extremely skinny and has a very sad miow, he is home now safe and sound! Thank you god for protecting him!",2361724,11788,0,340,68,0,0,False
justinbieber,https://www.instagram.com/p/BUwsmrJDjXi,1496242646,./imgs/BUwsmrJDjXi.png,nan,2158865,54509,0,0,0,0,0,False
justinbieber,https://www.instagram.com/p/--Hef2gvs8,1449448302,./imgs/--Hef2gvs8.png,nan,1213215,8794,0,0,0,0,0,False
justinbieber,https://www.instagram.com/p/B9rq18qHHQ3,1584120780,./imgs/B9rq18qHHQ3.png,nan,2434779,11900,0,0,0,0,0,False
justinbieber,https://www.instagram.com/p/rsfwV9Avld,1408054862,./imgs/rsfwV9Avld.png,#Loungin,1193421,35769,1,8,1,0,0,False
justinbieber,https://www.instagram.com/p/WLYjMnAvoh,1361846631,./imgs/WLYjMnAvoh.png,Mi eht tseb,609400,26289,0,11,3,0,0,False
justinbieber,https://www.instagram.com/p/BX0wFRNj-9_,1502821138,./imgs/BX0wFRNj-9_.png,What a LEGEND. @shawnmendes,2826123,124785,0,27,4,0,0,False
justinbieber,https://www.instagram.com/p/foDC1JAvrd,1382135788,./imgs/foDC1JAvrd.png,"""That hold on tight, them lips won't let me go""",923246,29423,0,47,10,0,0,False
justinbieber,https://www.instagram.com/p/B4qNt_BHWY_,1573334538,./imgs/B4qNt_BHWY_.png,@westcoastcustoms,4045676,22604,0,17,1,0,0,False
justinbieber,https://www.instagram.com/p/CIOg_DunQAu,1606764853,./imgs/CIOg_DunQAu.png,🎨 @gianpiero,1218445,6243,0,12,2,1,0,False
justinbieber,https://www.instagram.com/p/BA8r7cFgvj-,1453695272,./imgs/BA8r7cFgvj-.png,nan,2126735,36694,0,0,0,0,0,False
justinbieber,https://www.instagram.com/p/Buwx-oZnmAe,1552080038,./imgs/Buwx-oZnmAe.png,nan,1662513,5530,0,0,0,0,0,False
justinbieber,https://www.instagram.com/p/BGu6Y0HAvoa,1466117992,./imgs/BGu6Y0HAvoa.png,#bieberbear,1148041,9555,1,11,1,0,0,False
justinbieber,https://www.instagram.com/p/BAGLktogvj2,1451866369,./imgs/BAGLktogvj2.png,nan,2390615,565285,0,0,0,0,1,False
justinbieber,https://www.instagram.com/p/g1s7-JgvkV,1384741443,./imgs/g1s7-JgvkV.png,Less than 3 hours to go,496873,5087,0,23,6,0,0,False
justinbieber,https://www.instagram.com/p/CSvIH7RBttb,1629334083,./imgs/CSvIH7RBttb.png,Don’t go Friday @skrillex @dontoliver,925624,7098,0,37,5,0,0,True
justinbieber,https://www.instagram.com/p/CRwoVDjnH7q,1627236907,./imgs/CRwoVDjnH7q.png,📸: @rorykramer,1571198,4788,0,14,2,1,0,False
justinbieber,https://www.instagram.com/p/3iT_wbgviw,1433482956,./imgs/3iT_wbgviw.png,nan,934930,16567,0,0,0,0,0,True
justinbieber,https://www.instagram.com/p/3w1fgSgvgt,1433970280,./imgs/3w1fgSgvgt.png,#twilight #jacob lol,961447,15180,2,20,3,0,0,False
justinbieber,https://www.instagram.com/p/az2vu9AvnZ,1371794575,./imgs/az2vu9AvnZ.png,Bros,770666,11290,0,4,1,0,0,False
justinbieber,https://www.instagram.com/p/CXDsQ7HFzul,1638613923,./imgs/CXDsQ7HFzul.png,@drewhouse,942889,4164,0,10,1,0,0,False
justinbieber,https://www.instagram.com/p/CBcIFYGHWmL,1592189174,./imgs/CBcIFYGHWmL.png,nan,3186568,23755,0,0,0,0,0,False
justinbieber,https://www.instagram.com/p/BXTWt3ADbE4,1501700543,./imgs/BXTWt3ADbE4.png,nan,1928191,27121,0,0,0,0,0,False
justinbieber,https://www.instagram.com/p/oibXPMAvjj,1401274564,./imgs/oibXPMAvjj.png,Me and @khalil and @theworldshero back in my blue room,856859,14742,0,54,10,0,0,False
justinbieber,https://www.instagram.com/p/CReq9pQH_N_,1626634308,./imgs/CReq9pQH_N_.png,📸: @evanpaterakis,1497943,4708,0,17,2,1,0,False
justinbieber,https://www.instagram.com/p/B7CtKnnnKgz,1578451299,./imgs/B7CtKnnnKgz.png,Yeah babe yeah babe yeah babe,1863912,8152,0,29,6,0,0,False
justinbieber,https://www.instagram.com/p/mOo-4ugvts,1396315649,./imgs/mOo-4ugvts.png,City bus ♛,1002014,26428,0,10,3,0,0,False
justinbieber,https://www.instagram.com/p/I6g0o,1312058258,./imgs/I6g0o.png,Welcome to Miami,126526,1892,0,16,3,0,0,False
justinbieber,https://www.instagram.com/p/B4IR3h7HQdp,1572195862,./imgs/B4IR3h7HQdp.png,@baybieber,1252114,5003,0,10,1,0,0,False
justinbieber,https://www.instagram.com/p/COON9t9n-c5,1619639783,./imgs/COON9t9n-c5.png,👀 @drewhouse,1266840,3133,0,12,2,1,0,False
justinbieber,https://www.instagram.com/p/9Mxc80AvnG,1445645104,./imgs/9Mxc80AvnG.png,When ur too tired for the world,952746,9491,0,31,7,0,0,False
justinbieber,https://www.instagram.com/p/B6tI3PFn1qM,1577728147,./imgs/B6tI3PFn1qM.png,"GOOD MORNING HERE IS A GUIDED PRAYER TO START YOUR DAY,! FIND A COMFY POSITION AND ENJOY! @churchome @judahsmith",249600,1090,0,112,19,0,0,True
justinbieber,https://www.instagram.com/p/CDKZXmcnDez,1595889224,./imgs/CDKZXmcnDez.png,nan,1775890,7725,0,0,0,0,0,False
justinbieber,https://www.instagram.com/p/-FYAmWgvg5,1447544367,./imgs/-FYAmWgvg5.png,You give me #purpose,1145594,26378,1,20,4,0,0,False
justinbieber,https://www.instagram.com/p/BAST8VwgvjF,1452273410,./imgs/BAST8VwgvjF.png,nan,1465751,10330,0,0,0,0,0,False
justinbieber,https://www.instagram.com/p/_4zTmNAvm5,1451417438,./imgs/_4zTmNAvm5.png,nan,1950586,58548,0,0,0,0,1,False
justinbieber,https://www.instagram.com/p/9lrI01gvgs,1446480654,./imgs/9lrI01gvgs.png,Once again teaching @chrisburkard what a real pic looks like,719236,2697,0,60,10,0,0,False
justinbieber,https://www.instagram.com/p/B2xFqhRHPWh,1569270229,./imgs/B2xFqhRHPWh.png,Big bro,622820,1942,0,7,2,0,0,False
justinbieber,https://www.instagram.com/p/BRdWBNljlaW,1489150820,./imgs/BRdWBNljlaW.png,nan,2061077,31404,0,0,0,0,0,False
justinbieber,https://www.instagram.com/p/0JA1erAvsx,1426191599,./imgs/0JA1erAvsx.png,nan,1427235,81336,0,0,0,0,0,False
justinbieber,https://www.instagram.com/p/COthUvwHbNs,1620690148,./imgs/COthUvwHbNs.png,Go stream heartbreak anniversary @giveon,1709447,10152,0,40,5,0,5,True
justinbieber,https://www.instagram.com/p/2XTJ0Agvip,1430965932,./imgs/2XTJ0Agvip.png,@Florido,1335373,45565,0,8,1,0,0,False
justinbieber,https://www.instagram.com/p/3wWuGAgvnj,1433954146,./imgs/3wWuGAgvnj.png,#wcw 😋,847127,29476,1,6,2,1,1,False
justinbieber,https://www.instagram.com/p/zEi4-QAvq3,1423894198,./imgs/zEi4-QAvq3.png,Love u @ryanbutler @johnny,1015024,16653,0,26,4,0,2,False
justinbieber,https://www.instagram.com/p/CLfhmlvn2-J,1613778053,./imgs/CLfhmlvn2-J.png,"Take me as i am. 

📷: @rorykramer",1420842,5486,0,33,7,1,0,False
justinbieber,https://www.instagram.com/p/b8I9rmAvvB,1374220045,./imgs/b8I9rmAvvB.png,#heartbreaker,1071895,61304,1,13,1,0,0,False
justinbieber,https://www.instagram.com/p/CV6J_uSBGMb,1636146482,./imgs/CV6J_uSBGMb.png,nan,546752,1663,0,0,0,0,0,False
justinbieber,https://www.instagram.com/p/CXjIJYzllTg,1639668728,./imgs/CXjIJYzllTg.png,gummy nft link in bio,743377,3056,0,21,5,0,0,False
justinbieber,https://www.instagram.com/p/p5KR45gvmZ,1404184843,./imgs/p5KR45gvmZ.png,#justkaws,830743,9914,1,9,1,0,0,False
justinbieber,https://www.instagram.com/p/B6ohtFAn88b,1577572885,./imgs/B6ohtFAn88b.png,nan,323419,1357,0,0,0,0,0,True
justinbieber,https://www.instagram.com/p/B4iyZ8anVHS,1573085337,./imgs/B4iyZ8anVHS.png,Follow my KITTY’S @kittysushiandtuna,966987,2682,0,36,4,0,0,False
justinbieber,https://www.instagram.com/p/BC1EmvAAvi6,1457734741,./imgs/BC1EmvAAvi6.png,nan,2059107,73547,0,0,0,0,0,False
justinbieber,https://www.instagram.com/p/CKz6HtqHYKj,1612314513,./imgs/CKz6HtqHYKj.png,📷: @rorykramer,607814,1996,0,14,2,1,0,False
justinbieber,https://www.instagram.com/p/iSixiNAvlw,1387856677,./imgs/iSixiNAvlw.png,Lil jazzy and I watching despicable me 2,931672,25538,0,40,8,0,0,False
justinbieber,https://www.instagram.com/p/iHqFYiAvpt,1387491410,./imgs/iHqFYiAvpt.png,#journals #4days,453455,3791,2,16,2,0,0,False
justinbieber,https://www.instagram.com/p/XbHrdTgvm_,1364522141,./imgs/XbHrdTgvm_.png,Night I love you.. And btw just cuz I'm not smiling doesn't mean im not happy. ;),836303,51762,0,81,17,0,0,False
justinbieber,https://www.instagram.com/p/CN1XH2pn2in,1618805723,./imgs/CN1XH2pn2in.png,Congrats @harv and @felishafury excited to watch you guys continue to walk in your purpose,1546112,4038,0,90,15,0,0,False
justinbieber,https://www.instagram.com/p/B-NqhFgHarX,1585261705,./imgs/B-NqhFgHarX.png,nan,267866,1513,0,0,0,0,0,True
justinbieber,https://www.instagram.com/p/B3atbiPnRH_,1570666809,./imgs/B3atbiPnRH_.png,Follow my CAT FAMILY @kittysushiandtuna,1715946,3845,0,39,5,0,0,False
justinbieber,https://www.instagram.com/p/BjX4kivjo49,1527622314,./imgs/BjX4kivjo49.png,Man crush Monday crap it’s Tuesday.....,2983451,37973,0,39,6,0,0,False
justinbieber,https://www.instagram.com/p/BfhOJe_DHsX,1519345682,./imgs/BfhOJe_DHsX.png,Congrats on ur wedding and ur new baby!! @jeremybieber,5719424,36830,0,54,9,0,0,False
justinbieber,https://www.instagram.com/p/BGERx2OgvhS,1464687416,./imgs/BGERx2OgvhS.png,Hahaha,1132254,11547,0,6,1,0,0,False
justinbieber,https://www.instagram.com/p/e5ArQKgvmD,1380557488,./imgs/e5ArQKgvmD.png,nan,961976,40719,0,0,0,0,0,False
justinbieber,https://www.instagram.com/p/CMQOA9zn6Pp,1615412098,./imgs/CMQOA9zn6Pp.png,nan,512723,3661,0,0,0,0,0,True
justinbieber,https://www.instagram.com/p/B-NppsInNSS,1585261064,./imgs/B-NppsInNSS.png,nan,263862,1448,0,0,0,0,0,True
justinbieber,https://www.instagram.com/p/BCrWHxAgvpi,1457408380,./imgs/BCrWHxAgvpi.png,Love this guy more than anything,1869740,37863,0,32,6,0,1,False
justinbieber,https://www.instagram.com/p/B6WgOzmHBeL,1576968122,./imgs/B6WgOzmHBeL.png,nan,2655468,11268,0,0,0,0,0,False
justinbieber,https://www.instagram.com/p/B8zOVSUnKX2,1582226784,./imgs/B8zOVSUnKX2.png,I love you from the depths of within,2952716,12777,0,36,8,0,0,False
justinbieber,https://www.instagram.com/p/BHgDPayhg6K,1467766801,./imgs/BHgDPayhg6K.png,nan,1452027,14722,0,0,0,0,0,False
justinbieber,https://www.instagram.com/p/f6wNUdgvhl,1382763446,./imgs/f6wNUdgvhl.png,Are you ready for another new song? Another #musicmonday? Tomorrow night at Midnight. #RECOVERY,595102,8981,2,95,14,0,0,False
justinbieber,https://www.instagram.com/p/B8mJnkXH4pl,1581788200,./imgs/B8mJnkXH4pl.png,Check out the new #changes snapchat filter. Yes it comes with mustachio. And yes I talked about it on my Instagram. #forever @postmalone @whoisclever,564372,2282,2,149,24,0,0,True
justinbieber,https://www.instagram.com/p/CKO_G-gnulV,1611076139,./imgs/CKO_G-gnulV.png,@stixxtaylor @harv @julesthewulf @djtayjames 🎥: @rorykramer,501809,5322,0,59,6,1,0,True
justinbieber,https://www.instagram.com/p/B6_RGhBHXGG,1578335952,./imgs/B6_RGhBHXGG.png,nan,1228333,9435,0,0,0,0,0,True
justinbieber,https://www.instagram.com/p/RqBHhugvn5,1352137115,./imgs/RqBHhugvn5.png,Me and @nickdemoura dance rehearsal get ready #watchout,531435,25970,1,55,8,0,0,False
justinbieber,https://www.instagram.com/p/BFwVO9wAvku,1464018138,./imgs/BFwVO9wAvku.png,"I don't know about these award shows.. No disrespect to anybody at any of the shows or the people running it. Nothing but love for you guys and your support. But I don't feel good when I'm there nor after. I try to think of it as a celebration but can't help feeling like people are rating and grading my performance. A lot of people in the audience there to be seem worried about how much camera time they will get or who they can network with. When I'm doing a regular show I feel they are there for the right reasons and to strictly have a good time! But these award shows seem so hollow. I get the premise is to award people for their accomplishments, but is it really? Because when I look in the audience I see a bunch of fake smiles so that when the camera hits them they look happy. Sure there are people truly proud of others so I don't want to knock them I'm just looking at the vast majority. I just think to myself if I'm living my purpose I want the reward to be fulfillment. I'm getting awarded for the things that I'm doing and not for who I am which is understandable I know it would probably be hard to calculate and award someone's spirit lol.  But When I do get these awards the temptation of putting my worth in what I do is so hard to fight!!!I am privileged and honored to be recognized by my peers in but  in these settings I can't feel the recognition. There's an authenticity missing that I crave! And I wonder does anybody else.. Sorry not sorry about grammar it's not my strong point",1276417,31631,0,1509,291,0,0,False
justinbieber,https://www.instagram.com/p/BFkwtd1gvun,1463629891,./imgs/BFkwtd1gvun.png,nan,1700625,25416,0,0,0,0,0,False
justinbieber,https://www.instagram.com/p/BVF6AdBjmIj,1496954316,./imgs/BVF6AdBjmIj.png,#2U tomorrow @hoskelsa,1084193,8141,1,22,3,0,0,True
justinbieber,https://www.instagram.com/p/fcKo_zAvvo,1381737117,./imgs/fcKo_zAvvo.png,Download all that matters on iTunes,645671,18548,0,35,6,0,0,True
justinbieber,https://www.instagram.com/p/a8u4nugvs6,1372092443,./imgs/a8u4nugvs6.png,Love,1015596,78675,0,4,1,0,0,False
justinbieber,https://www.instagram.com/p/CQRPgconcLo,1624036222,./imgs/CQRPgconcLo.png,OG SQUAD SCOOTER WHERE YOU AT!!,1200637,6506,0,31,6,0,0,False
justinbieber,https://www.instagram.com/p/xDbnYLAvp7,1419561862,./imgs/xDbnYLAvp7.png,"New jet for Christmas, and she's beautiful",1107653,34275,0,42,7,0,0,False
justinbieber,https://www.instagram.com/p/9g4BrNgvqA,1446319639,./imgs/9g4BrNgvqA.png,Family time,1024868,5943,0,11,2,0,4,False
justinbieber,https://www.instagram.com/p/BFHfXYgAvrb,1462647718,./imgs/BFHfXYgAvrb.png,Barclays night 2. #mycalvins @calvinklein,1215563,5468,1,41,5,0,0,False
justinbieber,https://www.instagram.com/p/9ZkZOOgvhO,1446074465,./imgs/9ZkZOOgvhO.png,Feet on fleek,790872,62269,0,13,3,0,0,False
justinbieber,https://www.instagram.com/p/6cOx61Avqm,1439721346,./imgs/6cOx61Avqm.png,12 Days,623479,3557,0,7,2,0,0,False
justinbieber,https://www.instagram.com/p/7kWbo1Avhk,1442141277,./imgs/7kWbo1Avhk.png,Diplo knows what I mean,1049534,6215,0,23,5,0,1,False
justinbieber,https://www.instagram.com/p/CKejmrhHRLP,1611598065,./imgs/CKejmrhHRLP.png,nan,668869,7896,0,0,0,0,0,False
justinbieber,https://www.instagram.com/p/fniyO,1326073794,./imgs/fniyO.png,That's why they call him money Mayweather,128279,2126,0,41,7,0,0,False
justinbieber,https://www.instagram.com/p/B9mYxlTHhCB,1583943553,./imgs/B9mYxlTHhCB.png,#SecondEmotion from #ChangesTheMovement out now,422099,2602,2,47,5,0,0,True
justinbieber,https://www.instagram.com/p/75rxt0AvsO,1442857111,./imgs/75rxt0AvsO.png,Happy birthday Bill Murray,745330,5807,0,26,4,0,0,False
justinbieber,https://www.instagram.com/p/y1dM0qgvku,1423387898,./imgs/y1dM0qgvku.png,♛,1270634,23761,0,1,1,0,0,False
justinbieber,https://www.instagram.com/p/CS7OByoFobk,1629739700,./imgs/CS7OByoFobk.png,📸: @evanpaterakis,822486,2323,0,17,2,1,0,False
justinbieber,https://www.instagram.com/p/btj9CwAvpO,1373730879,./imgs/btj9CwAvpO.png,My little Bieberettes..,812564,15885,0,23,3,0,0,False
justinbieber,https://www.instagram.com/p/bPwNwrAvgs,1372730675,./imgs/bPwNwrAvgs.png,nan,1152341,58133,0,0,0,0,0,False
justinbieber,https://www.instagram.com/p/COZ1oI1nSxz,1620029676,./imgs/COZ1oI1nSxz.png,"Behind the scenes with @jblazeofficial and @djtayjames

📷: @rorykramer",1823654,7106,0,70,9,1,0,False
justinbieber,https://www.instagram.com/p/BQRTGTQBi3x,1486599151,./imgs/BQRTGTQBi3x.png,nan,1603009,28545,0,0,0,0,0,False
justinbieber,https://www.instagram.com/p/5bAsvOAvtP,1437532925,./imgs/5bAsvOAvtP.png,nan,965503,16214,0,0,0,0,0,False
justinbieber,https://www.instagram.com/p/CLnV5UZHT9N,1614040351,./imgs/CLnV5UZHT9N.png,📷: @rorykramer,820425,2923,0,14,2,1,0,False
justinbieber,https://www.instagram.com/p/BTtvzk7jgb9,1493996178,./imgs/BTtvzk7jgb9.png,nan,1918138,15801,0,0,0,0,0,False
justinbieber,https://www.instagram.com/p/62-10_AvvE,1440618959,./imgs/62-10_AvvE.png,Throwback,1180931,27920,0,9,1,0,0,False
justinbieber,https://www.instagram.com/p/CJ7oEqen6Br,1610426002,./imgs/CJ7oEqen6Br.png,I walk with Jesus and where we are going isn’t important it’s who I’m with.,720630,6472,0,75,15,0,0,False
justinbieber,https://www.instagram.com/p/HjyCQTgvms,1330453045,./imgs/HjyCQTgvms.png,Good morning,338145,26554,0,12,2,0,0,False
justinbieber,https://www.instagram.com/p/-xMGB7AvhA,1449014515,./imgs/-xMGB7AvhA.png,Ridin dirty,876022,4798,0,11,2,0,0,False
justinbieber,https://www.instagram.com/p/d3qmEpgvpk,1378364873,./imgs/d3qmEpgvpk.png,nan,736232,24794,0,0,0,0,0,False
justinbieber,https://www.instagram.com/p/TNH3kiAvgP,1355462543,./imgs/TNH3kiAvgP.png,Acoustic album,444604,12947,0,14,2,0,0,False
justinbieber,https://www.instagram.com/p/CYG38GJrTTk,1640868190,./imgs/CYG38GJrTTk.png,I really believe this,834041,8997,0,21,4,0,0,False
justinbieber,https://www.instagram.com/p/iAUcJ_gvqJ,1387245182,./imgs/iAUcJ_gvqJ.png,nan,647566,8952,0,0,0,0,0,False
justinbieber,https://www.instagram.com/p/8WI4VHAvma,1443811893,./imgs/8WI4VHAvma.png,Check the interview complexmagazine.com,910487,10185,0,39,4,0,0,False
justinbieber,https://www.instagram.com/p/57YDQlgvn1,1438618910,./imgs/57YDQlgvn1.png,What Do You Mean? @kyliejenner #25Days,1081289,16459,1,38,6,0,0,False
justinbieber,https://www.instagram.com/p/TjyKdSAvgA,1356222916,./imgs/TjyKdSAvgA.png,Watchout,301467,2645,0,8,1,0,0,False
justinbieber,https://www.instagram.com/p/BIFDz8fhTp4,1469008614,./imgs/BIFDz8fhTp4.png,nan,1507734,19929,0,0,0,0,1,False
justinbieber,https://www.instagram.com/p/CDICYYtHRHs,1595810063,./imgs/CDICYYtHRHs.png,nan,1178756,5353,0,0,0,0,0,False
justinbieber,https://www.instagram.com/p/5EJiOIAvuq,1436765806,./imgs/5EJiOIAvuq.png,nan,1020572,19114,0,0,0,0,1,False
justinbieber,https://www.instagram.com/p/BFwEN_Sgvpb,1464009217,./imgs/BFwEN_Sgvpb.png,Alba,1607766,11309,0,4,1,0,0,False
justinbieber,https://www.instagram.com/p/CQqGsGeHYYi,1624870460,./imgs/CQqGsGeHYYi.png,@haileybieber thank you for being the sqishiest most lovable human on the face of the earth,3888047,17364,0,91,16,0,0,False
justinbieber,https://www.instagram.com/p/CCo-3xZHoHf,1594768035,./imgs/CCo-3xZHoHf.png,I still can’t believe u chose me @haileybieber !!,5996631,32626,0,49,9,0,0,False
justinbieber,https://www.instagram.com/p/hqEoeXgvga,1386498696,./imgs/hqEoeXgvga.png,#thestash #believemovie  #dirty,676014,14512,3,31,3,0,0,False
justinbieber,https://www.instagram.com/p/9KyqONAvpK,1445578628,./imgs/9KyqONAvpK.png,Had to. Love this guy. #Sorry,829847,11752,1,29,6,0,0,True
justinbieber,https://www.instagram.com/p/B_u89a5HuoA,1588525942,./imgs/B_u89a5HuoA.png,5 days #stuckwithu @arianagrande,476525,3432,1,32,4,0,0,True
justinbieber,https://www.instagram.com/p/5Vx__QAvgn,1437357446,./imgs/5Vx__QAvgn.png,nan,1223621,33078,0,0,0,0,0,False
justinbieber,https://www.instagram.com/p/-zr-NFAvo0,1449098337,./imgs/-zr-NFAvo0.png,nan,1302195,10586,0,0,0,0,0,False
justinbieber,https://www.instagram.com/p/-EduWygvqN,1447513809,./imgs/-EduWygvqN.png,#purposethemovement #markmywords dropping 13 dance music videos today from our short film. #Purpose,810082,9167,3,99,13,0,0,True
justinbieber,https://www.instagram.com/p/WsnpYUgvqC,1362961843,./imgs/WsnpYUgvqC.png,Young jb,1017142,60483,0,8,2,0,0,False
justinbieber,https://www.instagram.com/p/9QjFxhgvq8,1445771792,./imgs/9QjFxhgvq8.png,Kinda cool,1186174,11217,0,10,2,0,0,False
justinbieber,https://www.instagram.com/p/ahMGb,1324491658,./imgs/ahMGb.png,Finally we got people tryna be #real,104922,882,1,36,7,0,0,False
justinbieber,https://www.instagram.com/p/3wibzbAvrU,1433960288,./imgs/3wibzbAvrU.png,"Photo by: @francescocarrozzini 
@vogueitalia
@karlawelchstylist
@florido
#luomovogue",1126599,20622,1,84,7,0,0,False
justinbieber,https://www.instagram.com/p/CMcuAp9n_XL,1615831379,./imgs/CMcuAp9n_XL.png,My second collab with @crocs is dropping around the 🌎 tomorrow and it comes with socks #JBxCrocs @drewhouse,1220923,4584,1,107,18,1,0,False
justinbieber,https://www.instagram.com/p/RlDyD2gvrE,1351970740,./imgs/RlDyD2gvrE.png,Walking sleeping bag,481300,17420,0,20,3,0,0,False
justinbieber,https://www.instagram.com/p/4Il41UAvpz,1434767405,./imgs/4Il41UAvpz.png,Shoutout @virgilabloh & @off____white,963969,7365,0,37,4,0,0,False
justinbieber,https://www.instagram.com/p/6z--qugvqG,1440518368,./imgs/6z--qugvqG.png,3 Days left ain't right without my guy @cp3 . Good to see him playing a sport he might be good at. Lol. Thanks Chris. #whatdoyoumean in #3days,594062,2913,2,142,28,0,0,False
justinbieber,https://www.instagram.com/p/BY_WVYPD_W6,1505324221,./imgs/BY_WVYPD_W6.png,nan,962123,4978,0,0,0,0,0,False
justinbieber,https://www.instagram.com/p/BHv1skOhLkx,1468296571,./imgs/BHv1skOhLkx.png,nan,1341308,11744,0,0,0,0,0,False
justinbieber,https://www.instagram.com/p/B-L5vc2nXuD,1585202333,./imgs/B-L5vc2nXuD.png,nan,1272106,5271,0,0,0,0,0,False
justinbieber,https://www.instagram.com/p/BurudzEnXfP,1551910424,./imgs/BurudzEnXfP.png,nan,3714473,24870,0,0,0,0,0,False
justinbieber,https://www.instagram.com/p/B6oFGZpnJR9,1577557877,./imgs/B6oFGZpnJR9.png,December 31 noon... January 3... January 4 noon... #2020,635087,3854,1,56,9,0,0,False
justinbieber,https://www.instagram.com/p/7kQIfEgvnM,1442137974,./imgs/7kQIfEgvnM.png,#moneymayallday,985516,4763,1,15,1,0,0,False
justinbieber,https://www.instagram.com/p/rBqRmnAvv8,1406617537,./imgs/rBqRmnAvv8.png,Off 2 paradise,965133,13791,0,14,3,0,0,False
justinbieber,https://www.instagram.com/p/BUwvh5YDp8-,1496244180,./imgs/BUwvh5YDp8-.png,nan,1605069,91933,0,0,0,0,0,False
justinbieber,https://www.instagram.com/p/r40LM_gvrx,1408468221,./imgs/r40LM_gvrx.png,nan,837937,13094,0,0,0,0,0,False
justinbieber,https://www.instagram.com/p/B5qLnFLnuPh,1575481030,./imgs/B5qLnFLnuPh.png,"GOOD MORNING HERE IS A GUIDED PRAYER TO START YOUR DAY,! FIND A COMFY POSITION AND ENJOY! @churchome @judahsmith",194724,1122,0,112,19,0,0,True
justinbieber,https://www.instagram.com/p/BGFtE6ygvhP,1464735282,./imgs/BGFtE6ygvhP.png,My brothers @alfredoflores @nickdemoura,1349171,8706,0,39,4,0,2,False
justinbieber,https://www.instagram.com/p/nd-CdJAvp1,1398977488,./imgs/nd-CdJAvp1.png,Cheetah boy ran faster than my escalade to take a pic love this guy!!!,1143268,35010,0,70,14,0,0,False
justinbieber,https://www.instagram.com/p/rLDZwDAvq9,1406932701,./imgs/rLDZwDAvq9.png,Ye,615062,9100,0,2,1,0,0,True
justinbieber,https://www.instagram.com/p/Bvw0poeHwSd,1554228923,./imgs/Bvw0poeHwSd.png,"Happy birthday mama You are appreciated
When I was young, me and my mama had beef
Seventeen years old, kicked out on the streets
Though back at the time I never thought I'd see her face
Ain't a woman alive that could take my mama's place
Suspended from school, and scared to go home, I was a fool
With the big boys breakin' all the rules",3814476,26847,0,337,66,0,0,False
justinbieber,https://www.instagram.com/p/CMKprn8HZQz,1615225129,./imgs/CMKprn8HZQz.png,"Love this squad. 

📷:@rorykramer",1444054,4955,0,32,4,1,6,False
justinbieber,https://www.instagram.com/p/BqOFUdcHGuc,1542325839,./imgs/BqOFUdcHGuc.png,My prayers are with Corentin and his family. Corentin is the man behind the camera at Shots. He was hit by a car while crossing the street and the driver took off. He’s in critical condition with friends and family by his side. My heart is also with the Shots Family.,2706465,17838,0,267,51,0,0,False
justinbieber,https://www.instagram.com/p/UKaYFNgvnH,1357519067,./imgs/UKaYFNgvnH.png,Look at this bundle of joy.. I love her.,761872,27618,0,40,9,0,0,False
justinbieber,https://www.instagram.com/p/YQSSlBAvs5,1366306089,./imgs/YQSSlBAvs5.png,Channel,816122,78415,0,7,1,0,0,False
justinbieber,https://www.instagram.com/p/-A6hK9Avs7,1447394688,./imgs/-A6hK9Avs7.png,It's out! #Purpose,759630,6242,1,18,3,0,0,False
justinbieber,https://www.instagram.com/p/h0wuBfgvgE,1386857355,./imgs/h0wuBfgvgE.png,This Monday 12.16 #Journals #15songs,544540,7687,2,36,5,0,0,False
justinbieber,https://www.instagram.com/p/xAHnPjAvmA,1419450711,./imgs/xAHnPjAvmA.png,@Amadeuspbm,954374,20723,0,11,1,0,0,False
justinbieber,https://www.instagram.com/p/eTfjP7Avpd,1379298607,./imgs/eTfjP7Avpd.png,nan,625384,20100,0,0,0,0,0,True
justinbieber,https://www.instagram.com/p/B27yaylHiaK,1569629237,./imgs/B27yaylHiaK.png,My wife and I :) where it all began,8363179,78335,0,35,9,0,0,False
justinbieber,https://www.instagram.com/p/0Lf0Ulgvhs,1426274951,./imgs/0Lf0Ulgvhs.png,#BELIEBERS,1269134,51041,1,10,1,0,0,False
justinbieber,https://www.instagram.com/p/BcjBwwGjU1-,1512964052,./imgs/BcjBwwGjU1-.png,You got a friend in me Lil bro! Hit me on dm and we can chat!!! Love you buddy!!,2278506,89850,0,80,19,0,0,True
justinbieber,https://www.instagram.com/p/B7MjvVHnFrX,1578781901,./imgs/B7MjvVHnFrX.png,Me and wifey date day,6041683,20072,0,21,5,0,0,False
justinbieber,https://www.instagram.com/p/Rb74ENgvjF,1351664610,./imgs/Rb74ENgvjF.png,Me and dan,333273,4817,0,10,3,0,0,False
justinbieber,https://www.instagram.com/p/CGSN1EQHmCx,1602594060,./imgs/CGSN1EQHmCx.png,#JBxCrocs with @drewhouse available today at 12pm est,2329240,6458,1,53,8,0,1,False
justinbieber,https://www.instagram.com/p/BhCufzljB1x,1522617422,./imgs/BhCufzljB1x.png,Remember when i said easter isnt about bunnies... well i lied,4515462,84477,0,61,11,0,0,False
justinbieber,https://www.instagram.com/p/pyj-hngvuz,1403963435,./imgs/pyj-hngvuz.png,Fell asleep and missed everything #nowimupearly #smh,855115,42727,2,52,7,0,0,True
justinbieber,https://www.instagram.com/p/BW37zA9Da3Y,1500780460,./imgs/BW37zA9Da3Y.png,nan,2970069,67026,0,0,0,0,0,False
justinbieber,https://www.instagram.com/p/CRwn7BenWqO,1627236694,./imgs/CRwn7BenWqO.png,📸: @rorykramer,1107875,4476,0,14,2,1,0,False
justinbieber,https://www.instagram.com/p/B4I9twYHoel,1572218851,./imgs/B4I9twYHoel.png,................🎥👀🎶,1166055,10300,0,19,1,3,0,False
justinbieber,https://www.instagram.com/p/CAgb8ZFnBOu,1590186353,./imgs/CAgb8ZFnBOu.png,Family time,1314828,8190,0,11,2,0,0,True
justinbieber,https://www.instagram.com/p/B48LttqHMBl,1573937467,./imgs/B48LttqHMBl.png,My green machine,975663,2516,0,16,3,0,0,False
justinbieber,https://www.instagram.com/p/CATrrBOHaIP,1589758359,./imgs/CATrrBOHaIP.png,nan,1831729,9216,0,0,0,0,0,False
justinbieber,https://www.instagram.com/p/B6_QoDmnG6o,1578335672,./imgs/B6_QoDmnG6o.png,#yummy,1850689,8062,1,6,1,0,0,False
justinbieber,https://www.instagram.com/p/BWWgWRUDrj0,1499658772,./imgs/BWWgWRUDrj0.png,Nobody in the world as good at taking photos as @chrisburkard by the way send me the original photo Chris!!!,2190171,19002,0,108,20,0,0,False
justinbieber,https://www.instagram.com/p/BCcGjOMAvn_,1456896900,./imgs/BCcGjOMAvn_.png,nan,1804301,17741,0,0,0,0,0,False
justinbieber,https://www.instagram.com/p/B1f6MpMHm6_,1566546308,./imgs/B1f6MpMHm6_.png,nan,1958185,14026,0,0,0,0,0,False
justinbieber,https://www.instagram.com/p/BASUdAIgvj8,1452273677,./imgs/BASUdAIgvj8.png,nan,1542889,12679,0,0,0,0,0,False
justinbieber,https://www.instagram.com/p/B4dFWYwnf-I,1572893942,./imgs/B4dFWYwnf-I.png,"Took a road trip by myself to pray, think reflect.. time to get back to WIFEY 😍😍😍",2445748,15727,0,81,17,3,0,False
justinbieber,https://www.instagram.com/p/-A6atqgvs0,1447394635,./imgs/-A6atqgvs0.png,It's out! #Purpose,725616,4660,1,18,3,0,0,False
justinbieber,https://www.instagram.com/p/nIKx_bAvhV,1398245971,./imgs/nIKx_bAvhV.png,While in Japan I asked my driver to pull over for which I saw a beautiful shrine. I was mislead to think the Shrines were only a place of prayer. To anyone I have offended I am extremely sorry. I love you China and I love you Japan,635238,30575,0,231,48,0,0,False
justinbieber,https://www.instagram.com/p/ftc3TFgvgn,1382317097,./imgs/ftc3TFgvgn.png,nan,1022464,33011,0,0,0,0,0,False
justinbieber,https://www.instagram.com/p/qi0U8EAvpo,1405582620,./imgs/qi0U8EAvpo.png,Ash I see u in ur #Calvin's,683013,37438,1,27,7,0,0,False
justinbieber,https://www.instagram.com/p/B_kPp8NHszx,1588166612,./imgs/B_kPp8NHszx.png,nan,1895716,6662,0,0,0,0,0,False
justinbieber,https://www.instagram.com/p/ckl6t,1325146424,./imgs/ckl6t.png,What is it buddy,246259,6506,0,16,4,0,0,False
justinbieber,https://www.instagram.com/p/BHPxwdlhzBn,1467220764,./imgs/BHPxwdlhzBn.png,nan,1065988,16497,0,0,0,0,2,False
justinbieber,https://www.instagram.com/p/78RaVBgvpF,1442943951,./imgs/78RaVBgvpF.png,nan,1286899,30006,0,0,0,0,0,False
justinbieber,https://www.instagram.com/p/nWrhhBgvpB,1398732900,./imgs/nWrhhBgvpB.png,Signature Justin Bieber Buscemi @jonbuscemi :p,1123384,35977,0,46,6,0,0,False
justinbieber,https://www.instagram.com/p/CVN2ZimpyaH,1634659813,./imgs/CVN2ZimpyaH.png,📷: @rorykramer,1148672,4865,0,14,2,1,0,False
justinbieber,https://www.instagram.com/p/CQ1IogWHels,1625240578,./imgs/CQ1IogWHels.png,nan,945536,4402,0,0,0,0,0,False
justinbieber,https://www.instagram.com/p/CJ2Pwq4nC1t,1610245483,./imgs/CJ2Pwq4nC1t.png,Life with u is so much better,5378990,19290,0,29,7,0,0,False
justinbieber,https://www.instagram.com/p/CWEGJ2BDElt,1636480329,./imgs/CWEGJ2BDElt.png,"#BieberWAVE 11/18/21 6pm PT
Sign up at @thewavexr. Watch. Link in bio",552831,3917,1,69,12,0,0,True
justinbieber,https://www.instagram.com/p/739nCcAvp6,1442799352,./imgs/739nCcAvp6.png,Love at 1st sprite,888220,8901,0,18,4,0,0,False
justinbieber,https://www.instagram.com/p/WPj6EBgvoU,1361986804,./imgs/WPj6EBgvoU.png,But a fan did get me this hat so I'm glad I wore it :),675296,60011,0,54,15,0,0,False
justinbieber,https://www.instagram.com/p/BSy-059DKca,1492024341,./imgs/BSy-059DKca.png,nan,2339234,30289,0,0,0,0,0,False
justinbieber,https://www.instagram.com/p/UiXzxxAvoC,1358323028,./imgs/UiXzxxAvoC.png,nan,376592,15199,0,0,0,0,0,False
justinbieber,https://www.instagram.com/p/BCeYt-xgviC,1456973535,./imgs/BCeYt-xgviC.png,nan,1413154,40648,0,0,0,0,0,False
justinbieber,https://www.instagram.com/p/BEJegO1AvoQ,1460566892,./imgs/BEJegO1AvoQ.png,"I colored this 🔥 its dope Cuz I actually sat down for 30 min and finished I never can sit still for that long so it's an accomplishment, yes this took me 30 minutes haha I know I suck Don't judge me",1212764,50088,0,198,42,1,0,False
justinbieber,https://www.instagram.com/p/BXRVliwDJDx,1501632842,./imgs/BXRVliwDJDx.png,nan,2223420,38159,0,0,0,0,0,False
justinbieber,https://www.instagram.com/p/B-IoGkYnp4f,1585092422,./imgs/B-IoGkYnp4f.png,@buffmonster,703495,3132,0,12,1,0,0,False
justinbieber,https://www.instagram.com/p/rxm0J9gvoq,1408226335,./imgs/rxm0J9gvoq.png,riding dirty :))) (via @shots),799101,14994,0,30,5,0,0,False
justinbieber,https://www.instagram.com/p/BIE_JRuB6iO,1469006168,./imgs/BIE_JRuB6iO.png,Classic keezy,769704,3593,0,13,2,0,0,True
justinbieber,https://www.instagram.com/p/CSsbPYYn5BU,1629243311,./imgs/CSsbPYYn5BU.png,The boys and them @wetheband 📸: @rorykramer,702119,2469,0,43,7,1,0,False
justinbieber,https://www.instagram.com/p/2rcUzFgvh1,1431641829,./imgs/2rcUzFgvh1.png,Look what ur boy just got,835369,18397,0,25,6,0,0,True
justinbieber,https://www.instagram.com/p/B6_QiFPnOTx,1578335623,./imgs/B6_QiFPnOTx.png,#yummy,551670,2874,1,6,1,0,0,False
justinbieber,https://www.instagram.com/p/hljMb6gvnC,1386346948,./imgs/hljMb6gvnC.png,Ur a towel,652362,22686,0,10,3,0,0,False
justinbieber,https://www.instagram.com/p/CNf24eTHQnF,1618084177,./imgs/CNf24eTHQnF.png,My fur babies Oscar and Esther,2813027,16205,0,30,6,0,0,False
justinbieber,https://www.instagram.com/p/B9XPOhln_RM,1583435212,./imgs/B9XPOhln_RM.png,@drewhouse,613307,2127,0,10,1,0,0,False
justinbieber,https://www.instagram.com/p/CRrT84VnL7S,1627058451,./imgs/CRrT84VnL7S.png,@drewhouse,715198,2153,0,10,1,0,0,False
justinbieber,https://www.instagram.com/p/nRXaw9gvk-,1398554587,./imgs/nRXaw9gvk-.png,Was gonna wait to go to Central Park for when I proposed to my future wife but shit sometimes things change. ♛ I'll think of something more romantic.,1129932,59854,0,149,28,0,0,False
justinbieber,https://www.instagram.com/p/BFNA9ohAvhY,1462833105,./imgs/BFNA9ohAvhY.png,Eyes are the window to the soul,1935821,53384,0,31,7,0,0,False
justinbieber,https://www.instagram.com/p/BG7aZU-Avsu,1466537427,./imgs/BG7aZU-Avsu.png,nan,722515,5852,0,0,0,0,0,True
justinbieber,https://www.instagram.com/p/3fTloRgvv6,1433382079,./imgs/3fTloRgvv6.png,Action Jaxon,1146392,17866,0,12,2,0,0,False
justinbieber,https://www.instagram.com/p/BW4KpbEjYCY,1500788245,./imgs/BW4KpbEjYCY.png,nan,2132936,34398,0,0,0,0,0,False
justinbieber,https://www.instagram.com/p/BQ635XVjIy0,1487994176,./imgs/BQ635XVjIy0.png,Ballerina or nAw,1511622,44493,0,16,3,0,0,True
justinbieber,https://www.instagram.com/p/CDhU4BcHnQ-,1596658620,./imgs/CDhU4BcHnQ-.png,The moment @haileybieber my wife and I got baptized together! This was one of most special moments of my life. Confessing our love and trust in Jesus publicly with our friends and family.,4481807,34659,0,187,33,0,0,False
justinbieber,https://www.instagram.com/p/B-ueY0PnYB_,1586362471,./imgs/B-ueY0PnYB_.png,#Yummy @summerwalker remix from #ChangesTheMovement out now,578343,3721,2,59,7,0,0,True
justinbieber,https://www.instagram.com/p/COZ2J9_nYTm,1620029953,./imgs/COZ2J9_nYTm.png,Thank you for twisting me up @bri_unique25 📷 : @rorykramer,1013671,5023,0,58,10,1,0,False
justinbieber,https://www.instagram.com/p/gHjVebgvov,1383192905,./imgs/gHjVebgvov.png,I found a new hobby,662195,9752,0,19,5,0,0,False
justinbieber,https://www.instagram.com/p/yn8zF6gviC,1422934702,./imgs/yn8zF6gviC.png,Met this inspiring young lady Kilee! She is so special!,1332918,21002,0,55,10,0,0,False
justinbieber,https://www.instagram.com/p/-xlxU4Avrv,1449027977,./imgs/-xlxU4Avrv.png,nan,1075204,4786,0,0,0,0,0,False
justinbieber,https://www.instagram.com/p/BEwW23lgvld,1461871506,./imgs/BEwW23lgvld.png,nan,900853,11440,0,0,0,0,0,False
justinbieber,https://www.instagram.com/p/B3JA_b3Hi5j,1570073085,./imgs/B3JA_b3Hi5j.png,#leafsnation,557261,2927,1,12,1,0,0,False
justinbieber,https://www.instagram.com/p/CNqHFPHHSQU,1618428215,./imgs/CNqHFPHHSQU.png,📷: @rorykramer,746456,1859,0,14,2,1,0,False
justinbieber,https://www.instagram.com/p/63xuhhAvpV,1440645638,./imgs/63xuhhAvpV.png,What Do You Mean? @mileycyrus #2days see you Sunday #vmas,827171,9235,2,57,10,0,0,False
justinbieber,https://www.instagram.com/p/rEAW81gvo9,1406696224,./imgs/rEAW81gvo9.png,nan,835414,8211,0,0,0,0,0,False
justinbieber,https://www.instagram.com/p/BVaOYAMD93j,1497636083,./imgs/BVaOYAMD93j.png,Today is gonnna be better than yesterday,1370810,19333,0,40,7,0,0,False
justinbieber,https://www.instagram.com/p/W3gBv1gvol,1363326947,./imgs/W3gBv1gvol.png,My view,687547,13734,0,7,2,0,0,False
justinbieber,https://www.instagram.com/p/B5GsfEJnvz6,1574290192,./imgs/B5GsfEJnvz6.png,@drewhouse,513969,1526,0,10,1,0,0,False
justinbieber,https://www.instagram.com/p/BADVhwfgvrI,1451770925,./imgs/BADVhwfgvrI.png,@jazmynbieber,2124586,21715,0,13,1,0,1,False
justinbieber,https://www.instagram.com/p/CUvPzALP802,1633632942,./imgs/CUvPzALP802.png,nan,576492,2371,0,0,0,0,0,False
justinbieber,https://www.instagram.com/p/CWBhIcgPSGW,1636393494,./imgs/CWBhIcgPSGW.png,📷: @rorykramer,967179,2410,0,14,2,1,0,False
justinbieber,https://www.instagram.com/p/B9PTBHmnSu3,1583168797,./imgs/B9PTBHmnSu3.png,#ALLAROUNDME from #changesthemovement out now.,521043,2736,2,46,5,0,0,True
justinbieber,https://www.instagram.com/p/BwgdFcVnAOn,1555827181,./imgs/BwgdFcVnAOn.png,💧,1535957,10735,0,1,1,1,0,False
justinbieber,https://www.instagram.com/p/e0DfSJAvjz,1380391190,./imgs/e0DfSJAvjz.png,nan,797593,23559,0,0,0,0,0,False
justinbieber,https://www.instagram.com/p/bDcaJagvkr,1372317637,./imgs/bDcaJagvkr.png,Soon.. :p,751482,47947,0,9,2,0,0,False
justinbieber,https://www.instagram.com/p/6cOd_rAvqN,1439721183,./imgs/6cOd_rAvqN.png,What are those,589156,10836,0,14,3,0,0,True
justinbieber,https://www.instagram.com/p/B9HVwRknYwA,1582901773,./imgs/B9HVwRknYwA.png,It’s Friday,2251307,34070,0,11,2,0,0,True
justinbieber,https://www.instagram.com/p/krWp9cgvqQ,1392984151,./imgs/krWp9cgvqQ.png,Got my moms courage enough to get in the booth for the first time she sounds so good :),1078163,77531,0,87,19,0,0,True
justinbieber,https://www.instagram.com/p/BBbo2TNAvoA,1454733844,./imgs/BBbo2TNAvoA.png,Showing off the chin hairs,1605784,22894,0,26,5,0,0,False
justinbieber,https://www.instagram.com/p/9ZfYNIAvnt,1446071836,./imgs/9ZfYNIAvnt.png,Track 11 #purposealbum @skrillex @diplo,615835,4212,1,39,5,0,0,False
justinbieber,https://www.instagram.com/p/t879OvgvqS,1412901486,./imgs/t879OvgvqS.png,It's even better saying when in Rome when your actually in Rome #wheninrome,1090429,45569,1,75,13,0,0,False
justinbieber,https://www.instagram.com/p/B64XesKntcb,1578104385,./imgs/B64XesKntcb.png,Thanks for letting me have some space in Toronto @champagnepapi king 👑,1537590,4863,0,70,12,1,0,False
justinbieber,https://www.instagram.com/p/8WWGZ3gvhv,1443818824,./imgs/8WWGZ3gvhv.png,#6weeks #nov13,716675,9886,2,14,2,0,0,False
justinbieber,https://www.instagram.com/p/B9QStdHnZYu,1583202158,./imgs/B9QStdHnZYu.png,Me and my goo goo again,4134142,9273,0,23,6,0,0,False
justinbieber,https://www.instagram.com/p/_Syy4FgviW,1450142102,./imgs/_Syy4FgviW.png,nan,1419889,23919,0,0,0,0,0,False
justinbieber,https://www.instagram.com/p/8_8Uzrgvnp,1445214597,./imgs/8_8Uzrgvnp.png,nan,626323,5374,0,0,0,0,0,False
justinbieber,https://www.instagram.com/p/gwqv_YAvmY,1384572524,./imgs/gwqv_YAvmY.png,See the trailer. #believemovie http://bit.ly/BelieveTrailer,610573,5938,1,59,5,0,0,False
justinbieber,https://www.instagram.com/p/CNXz_o4nK1Z,1617814228,./imgs/CNXz_o4nK1Z.png,nan,1055849,4665,0,0,0,0,0,False
justinbieber,https://www.instagram.com/p/_Yqs2Rgvl2,1450339185,./imgs/_Yqs2Rgvl2.png,nan,1829249,114380,0,0,0,0,0,False
justinbieber,https://www.instagram.com/p/6IDiehAvkz,1439044364,./imgs/6IDiehAvkz.png,20 Days,665684,5716,0,7,2,0,0,False
justinbieber,https://www.instagram.com/p/7HNeaSAvpV,1441163502,./imgs/7HNeaSAvpV.png,nan,1084582,6268,0,0,0,0,0,False
justinbieber,https://www.instagram.com/p/d1oVtQAvkf,1378296581,./imgs/d1oVtQAvkf.png,Gonna sleep at the studio,897464,32693,0,25,5,0,0,False
justinbieber,https://www.instagram.com/p/BGtJdfDgvq3,1466058786,./imgs/BGtJdfDgvq3.png,nan,1436013,13299,0,0,0,0,0,False
justinbieber,https://www.instagram.com/p/fwXor9gvsa,1382415019,./imgs/fwXor9gvsa.png,Out now,596802,13239,0,7,2,0,0,False
justinbieber,https://www.instagram.com/p/65bdZGAvuD,1440701072,./imgs/65bdZGAvuD.png,#whatdoyoumean worldwide at 7am est! @jaxonbieber knows! Love you buddy,714649,15081,1,71,10,0,0,True
justinbieber,https://www.instagram.com/p/BAh1VgSgvgA,1452794234,./imgs/BAh1VgSgvgA.png,nan,1910359,58992,0,0,0,0,0,False
justinbieber,https://www.instagram.com/p/oeq7CGgvsD,1401148504,./imgs/oeq7CGgvsD.png,Runnin with @howuseeit who do u think is faster,1153195,25095,0,47,9,0,0,False
justinbieber,https://www.instagram.com/p/e_wb7bAvpA,1380783854,./imgs/e_wb7bAvpA.png,nan,745381,31819,0,0,0,0,0,False
justinbieber,https://www.instagram.com/p/UmH0qUgvr2,1358448864,./imgs/UmH0qUgvr2.png,nan,693587,30469,0,0,0,0,0,False
justinbieber,https://www.instagram.com/p/-FM6XQAvoW,1447538549,./imgs/-FM6XQAvoW.png,#PURPOSETheMovement #Children @skrillex,855798,9171,2,39,3,0,0,True
justinbieber,https://www.instagram.com/p/CAdeMIonQYW,1590086835,./imgs/CAdeMIonQYW.png,nan,704242,2193,0,0,0,0,0,False
justinbieber,https://www.instagram.com/p/B9KLSt3nrp4,1582997016,./imgs/B9KLSt3nrp4.png,#changesthemovement - a visual album. First two drop Monday. #birthdayweek #changes 😁,871849,6548,3,85,12,1,0,True
justinbieber,https://www.instagram.com/p/Ym77tbAvl4,1367066119,./imgs/Ym77tbAvl4.png,I dropped the O and the E and just kept the LV- Big Sean,969562,47531,0,56,14,0,0,False
justinbieber,https://www.instagram.com/p/CJaLFZUnY22,1609303545,./imgs/CJaLFZUnY22.png,"A whole new perspective of love 

📹: @rorykramer",1190008,8747,0,48,8,1,0,True
justinbieber,https://www.instagram.com/p/UXm2FsAvju,1357961812,./imgs/UXm2FsAvju.png,Why is this fun 2 u lol,755739,23906,0,23,7,0,0,False
justinbieber,https://www.instagram.com/p/BUwu6qHjHbE,1496243858,./imgs/BUwu6qHjHbE.png,nan,1594573,12354,0,0,0,0,0,False
justinbieber,https://www.instagram.com/p/8hE5nHAvoP,1444178905,./imgs/8hE5nHAvoP.png,nan,1352091,26305,0,0,0,0,0,False
justinbieber,https://www.instagram.com/p/56k-IGgvh3,1438592129,./imgs/56k-IGgvh3.png,Had fun tonight,1118516,11084,0,15,3,0,0,False
justinbieber,https://www.instagram.com/p/BGq9Dizgvox,1465985173,./imgs/BGq9Dizgvox.png,Calm mornings,1015789,11982,0,13,2,0,0,True
justinbieber,https://www.instagram.com/p/iD4LnwgvqU,1387364584,./imgs/iD4LnwgvqU.png,#confident music video coming soon,875346,22567,1,34,5,0,0,False
justinbieber,https://www.instagram.com/p/CQlAhkFnA8m,1624699455,./imgs/CQlAhkFnA8m.png,📸: @ryangood24,1663457,8247,0,14,2,1,0,False
justinbieber,https://www.instagram.com/p/CTiAHeRF69j,1631041089,./imgs/CTiAHeRF69j.png,nan,1119989,22757,0,0,0,0,2,True
justinbieber,https://www.instagram.com/p/sQa59JgvqC,1409260279,./imgs/sQa59JgvqC.png,nan,820248,17070,0,0,0,0,0,False
justinbieber,https://www.instagram.com/p/CWCTlTKPuBG,1636419944,./imgs/CWCTlTKPuBG.png,This is my brother @stixxtaylor . You such an amazing person! You inspire me everyday!,1127254,2569,0,86,15,0,0,False
justinbieber,https://www.instagram.com/p/CLinsbFnEnm,1613881910,./imgs/CLinsbFnEnm.png,Make you remember how to smile good @chancetherapper,3372400,9084,0,52,8,0,0,False
justinbieber,https://www.instagram.com/p/fMz1t2AvpX,1381221846,./imgs/fMz1t2AvpX.png,This shirt is hard...,684395,10555,0,21,4,0,0,False
justinbieber,https://www.instagram.com/p/d1EYzwAvoT,1378277732,./imgs/d1EYzwAvoT.png,Me and Terrell Owens,749853,8334,0,20,4,0,0,False
justinbieber,https://www.instagram.com/p/Ca0Wn-RPJdz,1646689195,./imgs/Ca0Wn-RPJdz.png,Love you dad,2296067,9402,0,12,3,0,0,False
justinbieber,https://www.instagram.com/p/CX51Z0dOqWx,1640430653,./imgs/CX51Z0dOqWx.png,"Merry Christmas, a few of my faves",894128,4760,0,34,7,0,0,False
justinbieber,https://www.instagram.com/p/BXZtksjjibZ,1501913853,./imgs/BXZtksjjibZ.png,nan,2012493,41423,0,0,0,0,0,False
justinbieber,https://www.instagram.com/p/CJigElhHaMX,1609582946,./imgs/CJigElhHaMX.png,"Love you little bro @jaxonbieber 

📷: me",1632560,4872,0,40,7,1,0,False
justinbieber,https://www.instagram.com/p/Q0OwtlAvpN,1350332329,./imgs/Q0OwtlAvpN.png,#bieberforcrystal,432516,9011,1,17,1,0,0,False
justinbieber,https://www.instagram.com/p/B8QKpM3niB2,1581050445,./imgs/B8QKpM3niB2.png,@quavohuncho 10 minutes,666869,1806,0,23,3,0,0,False
justinbieber,https://www.instagram.com/p/ci1V3DgvvY,1375518380,./imgs/ci1V3DgvvY.png,@selfmaderyan non touch me whips,811407,11497,0,32,5,0,0,False
justinbieber,https://www.instagram.com/p/CJ9ffhgnd51,1610488613,./imgs/CJ9ffhgnd51.png,Miss my brother @joetermini,976690,3449,0,27,4,0,0,False
justinbieber,https://www.instagram.com/p/CDR8Rsens4A,1596142407,./imgs/CDR8Rsens4A.png,@drewhouse,1090436,1732,0,10,1,0,0,False
justinbieber,https://www.instagram.com/p/B65485vHI3j,1578155501,./imgs/B65485vHI3j.png,30 minutes,970662,5294,0,10,2,0,0,True
justinbieber,https://www.instagram.com/p/qnkY1nAvpz,1405742035,./imgs/qnkY1nAvpz.png,Congrats again scooter and Yael,1007432,14772,0,31,5,0,0,False
justinbieber,https://www.instagram.com/p/CR1yKmHn8NX,1627409836,./imgs/CR1yKmHn8NX.png,Thank you to everyone who came and supported the freedom art experience last night! What a night. 📷: @rorykramer,877450,3013,0,112,19,1,0,False
justinbieber,https://www.instagram.com/p/Bci-7lQDdN5,1512962444,./imgs/Bci-7lQDdN5.png,nan,2170360,41573,0,0,0,0,0,True
justinbieber,https://www.instagram.com/p/7NAfnNgvvF,1441358023,./imgs/7NAfnNgvvF.png,nan,1205161,13904,0,0,0,0,0,False
justinbieber,https://www.instagram.com/p/BCcIIwPAvp-,1456897732,./imgs/BCcIIwPAvp-.png,Lol,2362462,65598,0,3,1,0,0,False
justinbieber,https://www.instagram.com/p/BXilkeCDKCF,1502211647,./imgs/BXilkeCDKCF.png,nan,1835577,17848,0,0,0,0,0,False
justinbieber,https://www.instagram.com/p/B9vL0SBHw_H,1584238731,./imgs/B9vL0SBHw_H.png,Hurry home babe I’m bored. (Might delete this soon),3407625,21222,0,51,9,0,0,False
justinbieber,https://www.instagram.com/p/Bwh541OHn4O,1555875836,./imgs/Bwh541OHn4O.png,"Dear god, please bless the Toronto maple leafs to win this game in Jesus name",762632,7327,0,77,15,0,0,False
justinbieber,https://www.instagram.com/p/nF-QW8gvpG,1398172296,./imgs/nF-QW8gvpG.png,Universal Japan thank you,1055538,29936,0,25,4,0,0,False
justinbieber,https://www.instagram.com/p/B5MbISwnASX,1574482420,./imgs/B5MbISwnASX.png,@crenshawskateclub @drewhouse,903287,3706,0,29,2,0,0,False
justinbieber,https://www.instagram.com/p/B6SQhAKHVv5,1576825676,./imgs/B6SQhAKHVv5.png,Merry Christmas @chrisdelia,492062,1994,0,27,3,0,0,True
justinbieber,https://www.instagram.com/p/B7y8sChHPNT,1580070050,./imgs/B7y8sChHPNT.png,It can't be. You always encouraged me mamba. Gave me me some of the best quotes that we smile about to this day.! Love you man!,5570904,18777,0,127,26,0,0,False
justinbieber,https://www.instagram.com/p/-FGPqzAvpo,1447535054,./imgs/-FGPqzAvpo.png,#PURPOSETheMovement #WhereAreUNow @diplo @Skrillex,863392,6303,2,50,4,0,0,True
justinbieber,https://www.instagram.com/p/6_a2YEgvu4,1440902079,./imgs/6_a2YEgvu4.png,Runaway love,1299254,33477,0,12,2,0,0,False
justinbieber,https://www.instagram.com/p/BH_mn8ahiST,1468825540,./imgs/BH_mn8ahiST.png,Cool guys,1422467,9376,0,9,2,0,1,False
justinbieber,https://www.instagram.com/p/dmj1LGgvrQ,1377790901,./imgs/dmj1LGgvrQ.png,Katt ur funny,563866,9720,0,13,3,0,0,False
justinbieber,https://www.instagram.com/p/BRCWFn5D0pO,1488244886,./imgs/BRCWFn5D0pO.png,nan,1441132,14055,0,0,0,0,0,False
justinbieber,https://www.instagram.com/p/BVvRxueDQTK,1498342510,./imgs/BVvRxueDQTK.png,nan,1903135,24436,0,0,0,0,0,False
justinbieber,https://www.instagram.com/p/BIYWlL2hwts,1469655989,./imgs/BIYWlL2hwts.png,nan,2099114,52936,0,0,0,0,0,False
justinbieber,https://www.instagram.com/p/kTiCHWgvj7,1392184810,./imgs/kTiCHWgvj7.png,Crew ♛,784623,26484,0,6,2,0,0,False
justinbieber,https://www.instagram.com/p/BJE9XK2hjCD,1471152717,./imgs/BJE9XK2hjCD.png,nan,1443223,51786,0,0,0,0,0,False
justinbieber,https://www.instagram.com/p/CRb1A_ZnzHI,1626538915,./imgs/CRb1A_ZnzHI.png,The RAT 📷: @evanpaterakis,951373,2384,0,25,4,1,0,False
justinbieber,https://www.instagram.com/p/CH-84aNnnLK,1606242608,./imgs/CH-84aNnnLK.png,"Please don’t mistake this as me being ungrateful, these are just my thoughts take em or leave em. Thank you to the people who fought for me to even have any noms",1176486,23248,0,161,32,0,0,False
justinbieber,https://www.instagram.com/p/B4v07ocHNHv,1573522869,./imgs/B4v07ocHNHv.png,@takashipom @drewhouse,344850,1019,0,22,2,0,0,False
justinbieber,https://www.instagram.com/p/CAzFN3YnXiW,1590811939,./imgs/CAzFN3YnXiW.png,nan,859087,5006,0,0,0,0,0,False
justinbieber,https://www.instagram.com/p/6P5q7Dgvg4,1439307625,./imgs/6P5q7Dgvg4.png,17 Days,626664,4657,0,7,2,0,0,False
justinbieber,https://www.instagram.com/p/nzstWegvvI,1399706600,./imgs/nzstWegvvI.png,@souljaboy sleepin like his mama just tucked him in lmao #dontfallasleeplikethatbru,787072,11598,1,83,11,0,0,False
justinbieber,https://www.instagram.com/p/UFjaQ0Avsq,1357356032,./imgs/UFjaQ0Avsq.png,nan,493290,28662,0,0,0,0,0,False
justinbieber,https://www.instagram.com/p/CFfZZxjnAAB,1600888852,./imgs/CFfZZxjnAAB.png,👀👀👀🔥🔥🔥🔥,1164984,5691,0,7,1,7,0,False
justinbieber,https://www.instagram.com/p/CNn3kA7nMva,1618352969,./imgs/CNn3kA7nMva.png,"Dont miss it in 30 minutes LIVE FROM PARIS WITH THE WETHEBAND

📷: @rorykramer",2156964,9433,0,77,14,1,0,False
justinbieber,https://www.instagram.com/p/BZAnmMRj6TF,1505366826,./imgs/BZAnmMRj6TF.png,This goes out to everyone who hates on my cropping skills F U #kidding,1040302,26004,1,70,14,0,0,False
justinbieber,https://www.instagram.com/p/B-pUyR3nte5,1586189607,./imgs/B-pUyR3nte5.png,#AtLeastForNow from #ChangesTheMovement out now,525246,3830,2,47,5,0,0,True
justinbieber,https://www.instagram.com/p/B0OUMRJHph6,1563808473,./imgs/B0OUMRJHph6.png,"Love you boys, I’m beyond grateful to walk this life with you!",2379731,12628,0,62,12,0,0,False
justinbieber,https://www.instagram.com/p/BBY5oq9Avg0,1454641982,./imgs/BBY5oq9Avg0.png,Look at Philips eyes,1688531,18509,0,20,4,0,0,False
justinbieber,https://www.instagram.com/p/BX4OaXEDbYm,1502937703,./imgs/BX4OaXEDbYm.png,Tomorrow,1103598,24658,0,8,1,0,0,False
justinbieber,https://www.instagram.com/p/SecDbQAvgz,1353896068,./imgs/SecDbQAvgz.png,"The pic of me and the Prime Minister was taken in a room in the arena where i was performing at that day. I walked straight from my meet and greet to him, if you ""Hayley"" expect me to have a change of clothes let a loan a suit at that specific time that's crazy, It wasn't like it was like I was going into his environment we were at a hockey arena. Wow am i ever white trash hayley peterson lol",332707,21547,0,395,82,0,0,False
justinbieber,https://www.instagram.com/p/CWMjDIkvKN0,1636763597,./imgs/CWMjDIkvKN0.png,@haileybieber x @drewhouse x @meanwaltergene 📷: @amberasaly,1728788,4686,0,59,7,1,0,False
justinbieber,https://www.instagram.com/p/BHNcq_oBmsK,1467142600,./imgs/BHNcq_oBmsK.png,What a beautiful guitar,1413252,15137,0,23,4,0,0,False
justinbieber,https://www.instagram.com/p/hkjHW9gvld,1386313352,./imgs/hkjHW9gvld.png,Boys where are the woman at? Lol,764866,7179,0,32,7,0,0,False
justinbieber,https://www.instagram.com/p/B785Ixsn1G0,1580403746,./imgs/B785Ixsn1G0.png,#getme @kehlani out now. #changes feb 14,329798,1200,2,40,7,0,0,True
justinbieber,https://www.instagram.com/p/a6bk0cgvp8,1372015211,./imgs/a6bk0cgvp8.png,#whyigottafallandcutmyneckbeforeaphotoshoot fun,765742,41455,1,47,2,0,0,True
justinbieber,https://www.instagram.com/p/_7Bmg8gvhQ,1451492042,./imgs/_7Bmg8gvhQ.png,Throwback,1686115,13149,0,9,1,0,0,False
justinbieber,https://www.instagram.com/p/5sABXXAviZ,1438102995,./imgs/5sABXXAviZ.png,#KnockKnockLive tonight at 9/8c on @FOXTV,1392217,35211,1,41,6,0,0,False
justinbieber,https://www.instagram.com/p/4ztze8gvvV,1436214396,./imgs/4ztze8gvvV.png,Met and hung out with the coolest married couples last night and then this happened,1330238,15325,0,83,15,0,0,False
justinbieber,https://www.instagram.com/p/4uh0t7gvjI,1436040343,./imgs/4uh0t7gvjI.png,Snapchat: Rickthesizzler,800277,18338,0,24,2,0,0,True
justinbieber,https://www.instagram.com/p/qk8VfJgvjZ,1405653927,./imgs/qk8VfJgvjZ.png,nan,930645,15308,0,0,0,0,0,False
justinbieber,https://www.instagram.com/p/BI79VLrBzrm,1470850710,./imgs/BI79VLrBzrm.png,My through the legs dangle didn't work #32,870143,16525,1,42,8,0,0,True
justinbieber,https://www.instagram.com/p/TSkW6,1320775683,./imgs/TSkW6.png,Hit the lights,147825,6270,0,14,3,0,0,False
justinbieber,https://www.instagram.com/p/9q209cgvry,1446654555,./imgs/9q209cgvry.png,Wcw Beyoncé,1046328,14451,0,11,2,0,0,False
justinbieber,https://www.instagram.com/p/KdO7N,1313534005,./imgs/KdO7N.png,Chic fil a my friend,134666,1945,0,20,5,0,0,False
justinbieber,https://www.instagram.com/p/Ib8vA,1311541267,./imgs/Ib8vA.png,Beautiful day in o,168098,2690,0,18,4,0,0,False
justinbieber,https://www.instagram.com/p/SUcSLnAvrT,1353560644,./imgs/SUcSLnAvrT.png,Bieber,518240,26410,0,6,1,0,0,False
justinbieber,https://www.instagram.com/p/B5MJgGcHLFX,1574473177,./imgs/B5MJgGcHLFX.png,Love you lil bro!,3537028,8653,0,17,4,0,0,False
justinbieber,https://www.instagram.com/p/zCCa23Avok,1423810065,./imgs/zCCa23Avok.png,@champagnepapi and it's just a mixtape.,1046353,18209,0,39,6,0,0,False
justinbieber,https://www.instagram.com/p/CUqGUv6DMJh,1633460222,./imgs/CUqGUv6DMJh.png,@uno @drewhouse 🎥: @joetermini,327991,1244,0,30,4,1,0,True
justinbieber,https://www.instagram.com/p/CJgDLAlHNyF,1609500686,./imgs/CJgDLAlHNyF.png,"Couldn’t be more honored to stand beside so many incredible people tonight thank you to all of you who put on this incredible show tonight my heart is full of hope for 2021

📷: @josephjshaw",2629499,6708,0,189,35,1,0,False
justinbieber,https://www.instagram.com/p/BHu0-iaBkA9,1468262639,./imgs/BHu0-iaBkA9.png,The guys,1350005,9427,0,8,2,0,2,False
justinbieber,https://www.instagram.com/p/B3QQZyHHoGJ,1570316046,./imgs/B3QQZyHHoGJ.png,Me and @johnny,1058004,4627,0,14,3,0,0,False
justinbieber,https://www.instagram.com/p/B5rDcNBn54p,1575510187,./imgs/B5rDcNBn54p.png,@zukie_art ❤️,514554,1396,0,13,2,1,0,False
justinbieber,https://www.instagram.com/p/CM6Koocnlzy,1616819465,./imgs/CM6Koocnlzy.png,this is everything.,543230,2703,0,19,3,0,0,False
justinbieber,https://www.instagram.com/p/B3eQwUoHij2,1570785993,./imgs/B3eQwUoHij2.png,"Home vibes, but I wanna sell it I think anyone interested?",1038508,8463,0,58,11,0,0,False
justinbieber,https://www.instagram.com/p/BUUMT4Kjx0d,1495286191,./imgs/BUUMT4Kjx0d.png,What an awesome man,2437652,38336,0,19,4,0,0,False
justinbieber,https://www.instagram.com/p/BWAz2moDzmS,1498930801,./imgs/BWAz2moDzmS.png,nan,1904600,11927,0,0,0,0,0,False
justinbieber,https://www.instagram.com/p/1Rtd7Ygvta,1428630918,./imgs/1Rtd7Ygvta.png,nan,1320416,58344,0,0,0,0,1,False
justinbieber,https://www.instagram.com/p/CEnnePnnj1r,1599017181,./imgs/CEnnePnnj1r.png,nan,1135919,4930,0,0,0,0,0,False
justinbieber,https://www.instagram.com/p/CWJkz9jBEy4,1636663858,./imgs/CWJkz9jBEy4.png,It’s just too much @haileybieber 🔥🔥🥺🥺❤️❤️,2009832,7977,0,41,6,6,0,False
justinbieber,https://www.instagram.com/p/B8rJdXfnlK3,1581955793,./imgs/B8rJdXfnlK3.png,nan,2176512,12667,0,0,0,0,0,False
justinbieber,https://www.instagram.com/p/BE0L3AWgvjR,1461999957,./imgs/BE0L3AWgvjR.png,Congrats,1790030,52090,0,8,1,0,0,False
justinbieber,https://www.instagram.com/p/9Q0rpEAvgb,1445781015,./imgs/9Q0rpEAvgb.png,nan,1349896,25068,0,0,0,0,0,False
justinbieber,https://www.instagram.com/p/Qabzx-Avo6,1349466755,./imgs/Qabzx-Avo6.png,nan,275120,4362,0,0,0,0,0,False
justinbieber,https://www.instagram.com/p/CR1yUS2n-D4,1627409916,./imgs/CR1yUS2n-D4.png,📷: @rorykramer,628135,2405,0,14,2,1,0,False
justinbieber,https://www.instagram.com/p/BHkQXtzBAL7,1467907903,./imgs/BHkQXtzBAL7.png,nan,1359146,22867,0,0,0,0,0,False
justinbieber,https://www.instagram.com/p/BTtu5wCD1ol,1493995704,./imgs/BTtu5wCD1ol.png,🇮🇱,2290710,35441,0,2,1,0,0,False
justinbieber,https://www.instagram.com/p/BR9Q-Wijc9d,1490221916,./imgs/BR9Q-Wijc9d.png,nan,2413736,25982,0,0,0,0,0,False
justinbieber,https://www.instagram.com/p/BY-JkB6jGna,1505283971,./imgs/BY-JkB6jGna.png,nan,1003121,3169,0,0,0,0,0,False
justinbieber,https://www.instagram.com/p/nq7Nn-AvpC,1399412214,./imgs/nq7Nn-AvpC.png,I guess everyone I get photo'd with is automatically my girlfriend. This is my only gf @moneyyaya :p .. Had fun at the fight lil one see u soon.!,1093960,27665,0,145,29,0,0,False
justinbieber,https://www.instagram.com/p/nh4N_Lgvnb,1399108654,./imgs/nh4N_Lgvnb.png,@maejorali @blakekelly,953779,16246,0,22,2,0,0,False
justinbieber,https://www.instagram.com/p/COmMoGYHSK2,1620444388,./imgs/COmMoGYHSK2.png,“Justin watch”,1782426,8426,0,14,2,0,0,False
justinbieber,https://www.instagram.com/p/UuZxkiAvnC,1358726711,./imgs/UuZxkiAvnC.png,My security looks like Steve Wilkos,385451,10904,0,35,6,0,0,False
justinbieber,https://www.instagram.com/p/BCRCsohAvvI,1456525781,./imgs/BCRCsohAvvI.png,Damn I was lit,1629457,16891,0,14,4,0,0,False
justinbieber,https://www.instagram.com/p/B-kv2v5HfIS,1586036010,./imgs/B-kv2v5HfIS.png,nan,1259260,3200,0,0,0,0,0,False
justinbieber,https://www.instagram.com/p/5VLlwhAvg7,1437337309,./imgs/5VLlwhAvg7.png,💯 @brooklynprojectsla,1135253,14115,0,21,2,1,0,False
justinbieber,https://www.instagram.com/p/B2-VgiaH1Ho,1569714743,./imgs/B2-VgiaH1Ho.png,Daaaaa bears,1171653,6152,0,12,2,0,0,False
justinbieber,https://www.instagram.com/p/SRAqOlgvlu,1353445498,./imgs/SRAqOlgvlu.png,nan,326116,7620,0,0,0,0,0,False
justinbieber,https://www.instagram.com/p/qRFGsYgvnm,1404987436,./imgs/qRFGsYgvnm.png,nan,1052111,21681,0,0,0,0,0,False
justinbieber,https://www.instagram.com/p/7S-yB1AvpH,1441558452,./imgs/7S-yB1AvpH.png,nan,1064784,9902,0,0,0,0,0,False
justinbieber,https://www.instagram.com/p/CAv-7gAnssR,1590707980,./imgs/CAv-7gAnssR.png,No lives matter until black lives matter,1538489,54833,0,40,7,0,0,False
justinbieber,https://www.instagram.com/p/BUwuhPJjgfa,1496243650,./imgs/BUwuhPJjgfa.png,nan,1698357,22882,0,0,0,0,0,False
justinbieber,https://www.instagram.com/p/6FkIBagvkU,1438960785,./imgs/6FkIBagvkU.png,What Do You Mean? @thefatjewish #21Days :),735307,17881,1,42,7,0,0,True
justinbieber,https://www.instagram.com/p/CRU6A_EndM-,1626306656,./imgs/CRU6A_EndM-.png,📷: @evanpaterakis,791673,1860,0,17,2,1,0,False
justinbieber,https://www.instagram.com/p/COb065enNhF,1620096414,./imgs/COb065enNhF.png,"Waiting for ol girl to figure out what she wants to wear, could be here all night folks wish me luck",2213390,13303,0,100,21,0,0,False
justinbieber,https://www.instagram.com/p/CO9AAvdH29s,1621209526,./imgs/CO9AAvdH29s.png,@Wetheband,711956,2336,0,10,1,0,0,False
justinbieber,https://www.instagram.com/p/RXoOD,1319512204,./imgs/RXoOD.png,Me @mrseankingston and Chuck Norris,129754,2155,0,35,5,0,0,False
justinbieber,https://www.instagram.com/p/CADiGKsHmmC,1589216482,./imgs/CADiGKsHmmC.png,It’s out! Thanks for sending in all the #stuckwithumom videos. Thousands of you did. Really special. Made this for you guys and all the amazing moms and one special dad. #stuckwithu Mother’s Day video is out now on my @youtube channel. Thanks,712262,3659,2,242,42,0,0,True
justinbieber,https://www.instagram.com/p/-xwxwHAvpu,1449033748,./imgs/-xwxwHAvpu.png,nan,966192,8079,0,0,0,0,0,False
justinbieber,https://www.instagram.com/p/S2VW0PAvhS,1354697863,./imgs/S2VW0PAvhS.png,nan,391243,9621,0,0,0,0,0,False
justinbieber,https://www.instagram.com/p/B23rm7LHu_6,1569491449,./imgs/B23rm7LHu_6.png,nan,1450184,6206,0,0,0,0,3,False
justinbieber,https://www.instagram.com/p/9Rw6L4gvlv,1445812592,./imgs/9Rw6L4gvlv.png,Thank you for putting this smile on my face,1255816,44792,0,43,9,0,0,False
justinbieber,https://www.instagram.com/p/CWeOM1KBhCn,1637356678,./imgs/CWeOM1KBhCn.png,“Lonely Christmas” 🌵❄️🎄🎅🏻@brysontiller @poobear,1718890,10483,0,47,4,5,0,True
justinbieber,https://www.instagram.com/p/mfCGMvAvpJ,1396865687,./imgs/mfCGMvAvpJ.png,Uncle Stunna luv. My first Bugatti ♛ #generosity,1039039,28172,1,48,8,0,0,False
justinbieber,https://www.instagram.com/p/9WFOFlAvoU,1445957458,./imgs/9WFOFlAvoU.png,Me and my ruby,1010179,12426,0,14,4,0,1,False
justinbieber,https://www.instagram.com/p/qlzBKDgvnd,1405682597,./imgs/qlzBKDgvnd.png,More ukulele,562049,4227,0,12,2,0,0,True
justinbieber,https://www.instagram.com/p/nIXyvjgvsO,1398252793,./imgs/nIXyvjgvsO.png,Singing Baby in Japan,812723,28818,0,21,4,0,0,True
justinbieber,https://www.instagram.com/p/paS3tpgvjg,1403149160,./imgs/paS3tpgvjg.png,Happy bday scoot,978028,14758,0,16,3,0,0,False
justinbieber,https://www.instagram.com/p/CWgcEb0P8op,1637431027,./imgs/CWgcEb0P8op.png,"I sit here and look at all of these photos and I’m reminded of how much I love you my precious little bro. I am so proud of you. I can’t believe you are 12 years old! You are such an amazing , sweet, handsome, special boy and I’m honored to be your big brother.",4959638,40883,0,261,55,0,0,False
justinbieber,https://www.instagram.com/p/hn5g3vAvof,1386425758,./imgs/hn5g3vAvof.png,1 more show :(,673071,5263,0,14,4,0,0,False
justinbieber,https://www.instagram.com/p/9eExW5AvsH,1446225658,./imgs/9eExW5AvsH.png,2 weeks away from #PURPOSE :),787326,22254,1,29,6,0,0,True
justinbieber,https://www.instagram.com/p/CIRPjHbHMv8,1606856375,./imgs/CIRPjHbHMv8.png,Always adore my time with you @theellenshow . Thank you for being so gracious and kind to me over the years . Love you so much. 🥰🥰,3858065,17062,0,130,27,2,0,False
justinbieber,https://www.instagram.com/p/CNxlb47HAoi,1618679010,./imgs/CNxlb47HAoi.png,@jackharlow teaching me how to stretch,925520,2919,0,38,6,0,0,False
justinbieber,https://www.instagram.com/p/BIdr2NfhHs_,1469834911,./imgs/BIdr2NfhHs_.png,nan,1537414,25658,0,0,0,0,0,False
justinbieber,https://www.instagram.com/p/BGVsmPbAvl0,1465271902,./imgs/BGVsmPbAvl0.png,nan,1006831,12419,0,0,0,0,0,True
justinbieber,https://www.instagram.com/p/xuQq8kgvvY,1420998964,./imgs/xuQq8kgvvY.png,Scarlett Johansson is soooo awesome,1072989,40248,0,35,5,0,0,False
justinbieber,https://www.instagram.com/p/5KttbygvrS,1436986099,./imgs/5KttbygvrS.png,nan,1172971,26665,0,0,0,0,0,False
justinbieber,https://www.instagram.com/p/R9Wj7,1319931144,./imgs/R9Wj7.png,Blurry ,159085,3919,0,7,1,0,0,False
justinbieber,https://www.instagram.com/p/BAfvBTqgvsE,1452723814,./imgs/BAfvBTqgvsE.png,nan,1132271,9393,0,0,0,0,0,True
justinbieber,https://www.instagram.com/p/BRU1k1Sj1-G,1488865374,./imgs/BRU1k1Sj1-G.png,nan,2449869,29728,0,0,0,0,0,False
justinbieber,https://www.instagram.com/p/BAdGaosAvrW,1452635417,./imgs/BAdGaosAvrW.png,Brought this amazing dude named Steven Kelly from the Tarmac on board because he swore he could sing what amazed me the most is he didn't blink one time,1066993,14706,0,152,29,0,0,True
justinbieber,https://www.instagram.com/p/e9cMGWgvhZ,1380706130,./imgs/e9cMGWgvhZ.png,nan,928229,16135,0,0,0,0,0,False
justinbieber,https://www.instagram.com/p/5X6kyWAvtt,1437429051,./imgs/5X6kyWAvtt.png,Love these Nike Sb's,951078,11258,0,20,4,0,0,False
justinbieber,https://www.instagram.com/p/BAs9BcjAvqX,1453167363,./imgs/BAs9BcjAvqX.png,nan,1003852,15839,0,0,0,0,0,True
justinbieber,https://www.instagram.com/p/B3bP6TgHCg5,1570684914,./imgs/B3bP6TgHCg5.png,Hailey with your attitude and my savage behaviour we are in a world of trouble haha,1460477,17754,0,83,16,0,0,True
justinbieber,https://www.instagram.com/p/SjLED,1320310626,./imgs/SjLED.png,Mobil studio,112526,1110,0,12,2,0,0,False
justinbieber,https://www.instagram.com/p/CM805fmH_-l,1616908732,./imgs/CM805fmH_-l.png,My person,2728516,12286,0,9,2,0,0,False
justinbieber,https://www.instagram.com/p/9KAmMBAvi1,1445552381,./imgs/9KAmMBAvi1.png,Celebration bitches Mazel tov,716733,9164,0,29,4,0,0,True
justinbieber,https://www.instagram.com/p/bKKOrMgvnG,1372542987,./imgs/bKKOrMgvnG.png,@westcoastcustoms,981434,43950,0,17,1,0,0,False
justinbieber,https://www.instagram.com/p/BEjgVMeAvvR,1461440265,./imgs/BEjgVMeAvvR.png,nan,1483160,17409,0,0,0,0,0,False
justinbieber,https://www.instagram.com/p/CFNkjP2Hb8n,1600290717,./imgs/CFNkjP2Hb8n.png,Holy #friday 📸: @alfredoflores,2017648,9979,1,30,4,1,0,False
justinbieber,https://www.instagram.com/p/-pwDvsgvin,1448764936,./imgs/-pwDvsgvin.png,UK goes hard @teddysphotos. #base #loveyourself #purpose,1112168,10311,3,56,7,0,0,False
justinbieber,https://www.instagram.com/p/ImH_k,1311720142,./imgs/ImH_k.png,This tree is my friend,151071,3560,0,22,5,0,0,False
justinbieber,https://www.instagram.com/p/TYwHpJgvjI,1355852745,./imgs/TYwHpJgvjI.png,Wow this is a cute baby,621575,17059,0,23,6,0,0,False
justinbieber,https://www.instagram.com/p/CRg6iWnnw-n,1626709582,./imgs/CRg6iWnnw-n.png,📷: @evanpaterakis,2887773,10659,0,17,2,1,0,False
justinbieber,https://www.instagram.com/p/uvwj_fAvkV,1414606788,./imgs/uvwj_fAvkV.png,Soph ur the best,1200273,30738,0,16,4,0,0,False
justinbieber,https://www.instagram.com/p/BXilkjtjCeM,1502211647,./imgs/BXilkjtjCeM.png,nan,2023169,17647,0,0,0,0,0,False
justinbieber,https://www.instagram.com/p/CDIDqLLH1u6,1595810733,./imgs/CDIDqLLH1u6.png,nan,2411753,12031,0,0,0,0,0,False
justinbieber,https://www.instagram.com/p/IYJM-,1311481727,./imgs/IYJM-.png,At a dope concert,191390,4129,0,17,4,0,0,False
justinbieber,https://www.instagram.com/p/BHEWO0KBzf1,1466837234,./imgs/BHEWO0KBzf1.png,nan,1325442,12623,0,0,0,0,0,False
justinbieber,https://www.instagram.com/p/BBJPxcIgvl4,1454116718,./imgs/BBJPxcIgvl4.png,Got something special coming @postmalone,1436814,20088,0,40,5,0,0,False
justinbieber,https://www.instagram.com/p/B8hzFq7nWZO,1581642075,./imgs/B8hzFq7nWZO.png,4 hours until #CHANGES,405752,1960,1,22,4,0,0,False
justinbieber,https://www.instagram.com/p/r-_LcrAvi3,1408675317,./imgs/r-_LcrAvi3.png,#tbt,1157162,37523,1,4,1,0,0,False
justinbieber,https://www.instagram.com/p/ryRm_IAvlh,1408248772,./imgs/ryRm_IAvlh.png,"I accept, now I nominate @Theellenshow my main man President Barack Obama and @chrisdelia #alsicebucketchallenge",1087628,47456,1,112,15,0,0,True
justinbieber,https://www.instagram.com/p/P08Fj5gvmi,1348208609,./imgs/P08Fj5gvmi.png,My Lil bro is a true Bieber haha #youngplayer,402408,8677,1,45,9,0,0,False
justinbieber,https://www.instagram.com/p/CJojTWLnmcM,1609785967,./imgs/CJojTWLnmcM.png,YOU CAN NEVER RUN TOO FAR AWAY FROM GODS LOVE. HES BEEN THERE THE WHOLE TIME.,695632,6724,0,77,16,0,0,False
justinbieber,https://www.instagram.com/p/B8sAJU9HHRt,1581984480,./imgs/B8sAJU9HHRt.png,Appreciate everyone involved,442305,3196,0,28,3,0,0,True
justinbieber,https://www.instagram.com/p/B2CZe9JHBzQ,1567703561,./imgs/B2CZe9JHBzQ.png,here + now means being present and enjoying the moment. check my story to try my collab with @schmidtsnaturals before it hits stores,4370049,45117,0,132,23,0,0,False
justinbieber,https://www.instagram.com/p/jxc5-4Avp-,1391041271,./imgs/jxc5-4Avp-.png,#confident,1022380,92177,1,10,1,0,0,True
justinbieber,https://www.instagram.com/p/BIYInaBBcQa,1469648667,./imgs/BIYInaBBcQa.png,nan,1621470,29257,0,0,0,0,0,False
justinbieber,https://www.instagram.com/p/eTTz04gvlm,1379292451,./imgs/eTTz04gvlm.png,nan,807028,29737,0,0,0,0,0,False
justinbieber,https://www.instagram.com/p/1jRDm6Avs6,1429220002,./imgs/1jRDm6Avs6.png,#fishin @jaxonbieber,1327751,28924,1,20,2,0,0,False
justinbieber,https://www.instagram.com/p/nIQctPgvlV,1398248943,./imgs/nIQctPgvlV.png,Be careful. I might sign the girl in the white as a track and field star,924837,18259,0,72,16,0,0,False
justinbieber,https://www.instagram.com/p/CQtXcWmHrsv,1624979907,./imgs/CQtXcWmHrsv.png,nan,2049099,13047,0,0,0,0,0,False
justinbieber,https://www.instagram.com/p/x8HSXkAvi3,1421463806,./imgs/x8HSXkAvi3.png,Beautiful. Any day now scoot and Yael,1344682,38870,0,37,7,0,0,False
justinbieber,https://www.instagram.com/p/BEoz6cKAvu0,1461618304,./imgs/BEoz6cKAvu0.png,📷📸📸📸📸📸. Ohhhhhhh @jblazeofficial,1692166,51573,0,32,3,6,0,False
justinbieber,https://www.instagram.com/p/BWaQInQDbEG,1499784489,./imgs/BWaQInQDbEG.png,Rich you never answer when we need you the most,1436943,22847,0,47,10,0,0,False
justinbieber,https://www.instagram.com/p/CRpuLbpn1lb,1627005093,./imgs/CRpuLbpn1lb.png,The boyz,765826,3389,0,8,2,0,0,False
justinbieber,https://www.instagram.com/p/ThRYhlAvkj,1356138621,./imgs/ThRYhlAvkj.png,"All alone on the jet, missin u already :(",511710,23753,0,41,9,0,0,False
justinbieber,https://www.instagram.com/p/BC4m_A1gvrp,1457853429,./imgs/BC4m_A1gvrp.png,Love you jazzy,1896750,51809,0,14,3,0,2,False
justinbieber,https://www.instagram.com/p/COltyG7HUCy,1620428217,./imgs/COltyG7HUCy.png,nan,2334409,20286,0,0,0,0,0,False
justinbieber,https://www.instagram.com/p/ez5Df-gvvj,1380385720,./imgs/ez5Df-gvvj.png,"""Work hard play hard be safe praise god""",831567,20274,0,40,8,0,0,False
justinbieber,https://www.instagram.com/p/BVb3l2ADT9m,1497691247,./imgs/BVb3l2ADT9m.png,nan,2388331,51030,0,0,0,0,0,True
justinbieber,https://www.instagram.com/p/0GUgKXAvrt,1426101247,./imgs/0GUgKXAvrt.png,nan,1204523,34082,0,0,0,0,0,False
justinbieber,https://www.instagram.com/p/xcKsJ2Avv5,1420391849,./imgs/xcKsJ2Avv5.png,nan,1308654,32048,0,0,0,0,0,False
justinbieber,https://www.instagram.com/p/BGkJlvEAvve,1465756864,./imgs/BGkJlvEAvve.png,#sadboyz,1379405,23272,1,8,1,0,0,False
justinbieber,https://www.instagram.com/p/lqQD8Egvhk,1395094623,./imgs/lqQD8Egvhk.png,Met this beautiful fan who waited outside for 24 hours her phone died so I told her I got her back ;),1232579,58319,0,101,22,0,0,False
justinbieber,https://www.instagram.com/p/eiJ3eBgvgD,1379790554,./imgs/eiJ3eBgvgD.png,nan,1158393,48249,0,0,0,0,0,False
justinbieber,https://www.instagram.com/p/BAKp1bvgvsY,1452016453,./imgs/BAKp1bvgvsY.png,nan,1741721,31833,0,0,0,0,0,False
justinbieber,https://www.instagram.com/p/CJmUNpFnkz5,1609710947,./imgs/CJmUNpFnkz5.png,Certain things are out of our control,1496852,5336,0,37,7,0,0,False
justinbieber,https://www.instagram.com/p/B72dQ7FHWzf,1580187792,./imgs/B72dQ7FHWzf.png,My new album #Changes out Feb 14. Pre-order and get the new track with my friend @kehlani ‘Get Me’ now https://justinbieber.lnk.to/Changes,1627182,17985,1,138,21,0,0,False
justinbieber,https://www.instagram.com/p/B9zPLzZnrUO,1584374732,./imgs/B9zPLzZnrUO.png,#Available from #ChangesTheMovement out now,518542,3326,2,43,5,0,0,True
justinbieber,https://www.instagram.com/p/BcvbcMMDMR5,1513379962,./imgs/BcvbcMMDMR5.png,nan,1413820,56075,0,0,0,0,0,False
justinbieber,https://www.instagram.com/p/BF2REz7AvoC,1464217285,./imgs/BF2REz7AvoC.png,nan,1064594,16655,0,0,0,0,0,False
justinbieber,https://www.instagram.com/p/_wqoxlAvgC,1451144458,./imgs/_wqoxlAvgC.png,Me and Hollywood Adam as youngins @adamhaias,1694276,40232,0,44,7,0,1,False
justinbieber,https://www.instagram.com/p/ahggC,1324493687,./imgs/ahggC.png,Chillin with the boys @alfredoflores and @chazdm ,167324,3749,0,49,7,0,0,False
justinbieber,https://www.instagram.com/p/BEEuJ-nAvum,1460407326,./imgs/BEEuJ-nAvum.png,nan,1382686,33957,0,0,0,0,0,True
justinbieber,https://www.instagram.com/p/B_ObySXnzz_,1587434774,./imgs/B_ObySXnzz_.png,nan,1296887,5081,0,0,0,0,0,False
justinbieber,https://www.instagram.com/p/hJXgdEgvj4,1385401296,./imgs/hJXgdEgvj4.png,Did you get #rollercoaster yet? What do you think? #1 :) thank you http://smarturl.it/iJBrollercoaster,591470,11501,2,102,14,0,0,False
justinbieber,https://www.instagram.com/p/CKWwutsnRDE,1611336511,./imgs/CKWwutsnRDE.png,"U loved me when I was unstable. 

📷: @rorykramer",1121796,5314,0,48,9,1,0,False
justinbieber,https://www.instagram.com/p/B6eDC5BnFqJ,1577221256,./imgs/B6eDC5BnFqJ.png,MERRY CHRISTMAS to my beautiful sisters,1634738,2369,0,39,6,0,2,False
justinbieber,https://www.instagram.com/p/uwxlrXAviq,1414640881,./imgs/uwxlrXAviq.png,nan,1345758,44173,0,0,0,0,0,False
justinbieber,https://www.instagram.com/p/CDM5fgWHgMu,1595973175,./imgs/CDM5fgWHgMu.png,@blvckd0pe,1498712,3530,0,10,1,0,0,False
justinbieber,https://www.instagram.com/p/WDtpfQgvtx,1361589258,./imgs/WDtpfQgvtx.png,"Woah derr don't go derr, yeah I learned that befo der I stay fly no below derr and my crib u should go derr but that's so rare and That's no fair jb",719503,28554,0,148,33,0,0,False
justinbieber,https://www.instagram.com/p/4JIxwUAvus,1434785697,./imgs/4JIxwUAvus.png,#fearofgod @jerrylorenzo,1104466,18357,1,24,2,0,0,False
justinbieber,https://www.instagram.com/p/B-L6QV2nKUd,1585202602,./imgs/B-L6QV2nKUd.png,nan,638902,1954,0,0,0,0,0,False
justinbieber,https://www.instagram.com/p/BW3gdfkDIHd,1500766128,./imgs/BW3gdfkDIHd.png,Your boy,2601670,52865,0,8,2,0,0,False
justinbieber,https://www.instagram.com/p/h0woGPgvv8,1386857306,./imgs/h0woGPgvv8.png,Monday 12.16 #Journals,498541,1840,1,22,3,0,0,False
justinbieber,https://www.instagram.com/p/H2Ymyvgvu7,1331077247,./imgs/H2Ymyvgvu7.png,Stay in my backpack forever,248017,39742,0,27,5,0,0,False
justinbieber,https://www.instagram.com/p/BWIQgLsDQIz,1499180703,./imgs/BWIQgLsDQIz.png,nan,2836061,34337,0,0,0,0,0,False
justinbieber,https://www.instagram.com/p/lVMdEJAvju,1394388089,./imgs/lVMdEJAvju.png,That hold on tight,1233362,96200,0,18,4,0,0,True
justinbieber,https://www.instagram.com/p/BVYkaOeDapP,1497580527,./imgs/BVYkaOeDapP.png,New smash,1515943,20541,0,9,2,0,0,True
justinbieber,https://www.instagram.com/p/B6a-fpuHKJB,1577118207,./imgs/B6a-fpuHKJB.png,"December 24, December 31, January 3... #2020",1040072,8005,1,44,7,0,0,False
justinbieber,https://www.instagram.com/p/B6ve2tTHZ4w,1577806261,./imgs/B6ve2tTHZ4w.png,Presave #Yummy,506354,1846,1,14,2,0,0,False
justinbieber,https://www.instagram.com/p/CYcc7UAvFsX,1641592226,./imgs/CYcc7UAvFsX.png,nan,2980225,28737,0,0,0,0,0,False
justinbieber,https://www.instagram.com/p/qfc5zbAvut,1405469675,./imgs/qfc5zbAvut.png,"Thank you guys for setting up paintballing, be back soon",825336,10426,0,56,10,0,0,False
justinbieber,https://www.instagram.com/p/q0L_ONAvir,1406165450,./imgs/q0L_ONAvir.png,♛,479467,10872,0,1,1,0,0,True
justinbieber,https://www.instagram.com/p/Uks1RlgvgO,1358401159,./imgs/Uks1RlgvgO.png,I could go out on a lim and agree with u @djtayjames the sour patch berries are the swagggg,540463,13405,0,91,19,0,0,False
justinbieber,https://www.instagram.com/p/ea8JaWgvpa,1379548480,./imgs/ea8JaWgvpa.png,nan,708720,14025,0,0,0,0,0,False
justinbieber,https://www.instagram.com/p/CUqMQOaBxy6,1633463312,./imgs/CUqMQOaBxy6.png,📷: @rorykramer,1554376,7046,0,14,2,1,0,False
justinbieber,https://www.instagram.com/p/BhDJycsjSS8,1522631730,./imgs/BhDJycsjSS8.png,nan,2079077,25028,0,0,0,0,0,False
justinbieber,https://www.instagram.com/p/w5CLJkgvly,1419212979,./imgs/w5CLJkgvly.png,Playin hockey with the lil bro and @chzla,1141060,34338,0,41,8,0,0,False
justinbieber,https://www.instagram.com/p/B8QQqmlHMcv,1581053660,./imgs/B8QQqmlHMcv.png,@quavohuncho dream team. #intentions,606442,3878,1,36,4,0,0,True
justinbieber,https://www.instagram.com/p/CJ5J1g8nwO7,1610343041,./imgs/CJ5J1g8nwO7.png,"Will miss u Hawaii 

📷: @joetermini",1743894,6926,0,35,6,1,0,False
justinbieber,https://www.instagram.com/p/8n3-nGAvrM,1444407012,./imgs/8n3-nGAvrM.png,#purpose #5weeks #retna #art,572409,2104,4,28,4,0,0,False
justinbieber,https://www.instagram.com/p/4Kv4IfAvjT,1434839751,./imgs/4Kv4IfAvjT.png,nan,1253597,25468,0,0,0,0,2,False
justinbieber,https://www.instagram.com/p/B_BFNQ4Hzk-,1586986752,./imgs/B_BFNQ4Hzk-.png,Can you? #intentionschallenge,374400,3868,1,29,3,0,0,True
justinbieber,https://www.instagram.com/p/q5EpUKgvhB,1406329373,./imgs/q5EpUKgvhB.png,#happybirthdaydanny stay strong,687397,10130,1,31,3,0,0,False
justinbieber,https://www.instagram.com/p/B6HbBSQnD8d,1576462074,./imgs/B6HbBSQnD8d.png,@drewhouse,473633,909,0,10,1,0,0,False
justinbieber,https://www.instagram.com/p/CGBaN8rnY2d,1602030130,./imgs/CGBaN8rnY2d.png,"Just 2 bro’s with big dreams of making a difference @chancetherapper
📷 : @rorykramer",1047968,3324,0,84,14,1,1,False
justinbieber,https://www.instagram.com/p/7c4q6bgvip,1441890792,./imgs/7c4q6bgvip.png,nan,1215594,12666,0,0,0,0,0,False
justinbieber,https://www.instagram.com/p/k0H4kvgvnC,1393278396,./imgs/k0H4kvgvnC.png,No more monkey business :p,1367728,84025,0,26,5,0,0,False
justinbieber,https://www.instagram.com/p/6xDrnUgvg4,1440420170,./imgs/6xDrnUgvg4.png,It is a beautiful day. On my way to see @elvisduranshow. 4 Days to go.,564796,3456,0,70,15,0,0,False
justinbieber,https://www.instagram.com/p/r54PENAvo7,1408503904,./imgs/r54PENAvo7.png,@poobear,489616,7034,0,8,1,0,0,True
justinbieber,https://www.instagram.com/p/JecOM,1312621810,./imgs/JecOM.png,Work all night sleep all day.,118709,1447,0,29,6,0,0,False
justinbieber,https://www.instagram.com/p/BB8FSHWAvnq,1455822494,./imgs/BB8FSHWAvnq.png,New prodigy,1841399,20418,0,11,2,0,0,False
justinbieber,https://www.instagram.com/p/xiouJtAvt_,1420608920,./imgs/xiouJtAvt_.png,In #mycalvins see more of my campaign at  http://calvinklein.com/justin @calvinklein,1493650,176439,1,84,10,0,0,True
justinbieber,https://www.instagram.com/p/B6a_VEwHTsV,1577118644,./imgs/B6a_VEwHTsV.png,"December 24, December 31, January 3 ... #2020",3454443,41039,1,45,8,0,0,False
justinbieber,https://www.instagram.com/p/B8SodP2n6Jf,1581133184,./imgs/B8SodP2n6Jf.png,nan,2693175,13303,0,0,0,0,0,False
justinbieber,https://www.instagram.com/p/8r7J97gvkz,1444542895,./imgs/8r7J97gvkz.png,Purpose,1128940,23519,0,7,1,0,0,False
justinbieber,https://www.instagram.com/p/BIGUvrkgsy1,1469051047,./imgs/BIGUvrkgsy1.png,nan,1217444,6339,0,0,0,0,0,False
justinbieber,https://www.instagram.com/p/g_wIJKgvqZ,1385078660,./imgs/g_wIJKgvqZ.png,♛,811751,19543,0,1,1,0,0,False
justinbieber,https://www.instagram.com/p/CCrtaWvnFhz,1594859545,./imgs/CCrtaWvnFhz.png,My sweet girl,3291210,15366,0,13,3,0,0,False
justinbieber,https://www.instagram.com/p/Sz6H9xAvrO,1354616477,./imgs/Sz6H9xAvrO.png,Double tap X to play,531627,9915,0,20,5,0,0,False
justinbieber,https://www.instagram.com/p/sNglnAAvvT,1409162595,./imgs/sNglnAAvvT.png,nan,819033,10092,0,0,0,0,0,False
justinbieber,https://www.instagram.com/p/gZssdbgvk5,1383801792,./imgs/gZssdbgvk5.png,What do tigers dream of,722213,27529,0,23,5,0,0,True
justinbieber,https://www.instagram.com/p/fE5bcugviX,1380956341,./imgs/fE5bcugviX.png,nan,691221,13241,0,0,0,0,0,False
justinbieber,https://www.instagram.com/p/CMdEo4YnFaE,1615843243,./imgs/CMdEo4YnFaE.png,🍑,862619,5750,0,1,1,1,0,False
justinbieber,https://www.instagram.com/p/Bhm16X-DEE9,1523829269,./imgs/Bhm16X-DEE9.png,Coachella moments,4091834,29431,0,17,2,0,0,False
justinbieber,https://www.instagram.com/p/BGaOEyLgvr7,1465423671,./imgs/BGaOEyLgvr7.png,#legend,773769,2336,1,7,1,0,0,False
justinbieber,https://www.instagram.com/p/zMOpx_gvir,1424152023,./imgs/zMOpx_gvir.png,nan,1093180,23727,0,0,0,0,0,False
justinbieber,https://www.instagram.com/p/BHAP_1pgvhA,1466699748,./imgs/BHAP_1pgvhA.png,Can't wait to get home to my baby @westcoastcustoms @selfmaderyan,1211287,10370,0,65,10,0,1,False
justinbieber,https://www.instagram.com/p/BGfjDAXgvrc,1465602439,./imgs/BGfjDAXgvrc.png,nan,971135,21425,0,0,0,0,0,True
justinbieber,https://www.instagram.com/p/_NzRWMgvkb,1449974579,./imgs/_NzRWMgvkb.png,nan,1397687,7294,0,0,0,0,0,False
justinbieber,https://www.instagram.com/p/-pghAdAvlD,1448756787,./imgs/-pghAdAvlD.png,nan,1593705,18235,0,0,0,0,0,False
justinbieber,https://www.instagram.com/p/B7M8bfRndUb,1578794846,./imgs/B7M8bfRndUb.png,nan,2200535,14213,0,0,0,0,0,False
justinbieber,https://www.instagram.com/p/Bvs3lHJn61W,1554096241,./imgs/Bvs3lHJn61W.png,Rip @nipseyhussle,1309256,6234,0,17,2,0,0,False
justinbieber,https://www.instagram.com/p/mfLb3CAviO,1396870583,./imgs/mfLb3CAviO.png,nan,1041774,24641,0,0,0,0,0,False
justinbieber,https://www.instagram.com/p/B-OYYQvHZyP,1585285525,./imgs/B-OYYQvHZyP.png,nan,401519,4079,0,0,0,0,0,True
justinbieber,https://www.instagram.com/p/CRequxhHTI-,1626634186,./imgs/CRequxhHTI-.png,nan,1039841,2500,0,0,0,0,0,False
justinbieber,https://www.instagram.com/p/CLUuk-Jnuvt,1613415757,./imgs/CLUuk-Jnuvt.png,Not sure if you guys know this but this man @nickdemoura is the most creative genius i know.,912010,3236,0,92,18,0,0,False
justinbieber,https://www.instagram.com/p/BeCTSMzDONe,1516160704,./imgs/BeCTSMzDONe.png,Now I know what Love is,6697677,191330,0,23,6,0,0,False
justinbieber,https://www.instagram.com/p/NfKuI,1316388198,./imgs/NfKuI.png,nan,493287,34952,0,0,0,0,0,False
justinbieber,https://www.instagram.com/p/BcT3e8dDoaV,1512455140,./imgs/BcT3e8dDoaV.png,nan,3647335,70659,0,0,0,0,0,False
justinbieber,https://www.instagram.com/p/B6_Qx-KnJcb,1578335753,./imgs/B6_Qx-KnJcb.png,#yummy,939425,11199,1,6,1,0,0,False
justinbieber,https://www.instagram.com/p/BHgBiZ4Bv3P,1467765908,./imgs/BHgBiZ4Bv3P.png,What a beast,1350845,7100,0,12,3,0,1,False
justinbieber,https://www.instagram.com/p/7xq1c-AvjB,1442588182,./imgs/7xq1c-AvjB.png,Love this guy @kevinhart4real,911280,9682,0,29,4,0,0,False
justinbieber,https://www.instagram.com/p/CJ4qDLcH3mC,1610326375,./imgs/CJ4qDLcH3mC.png,nan,2861088,11772,0,0,0,0,0,False
justinbieber,https://www.instagram.com/p/CAqccP-H9u7,1590522321,./imgs/CAqccP-H9u7.png,this makes me absolutely sick. This makes me angry this man DIED. This makes me sad. Racism is evil We need to use our voice! Please people. I’m sorry GEORGE FLOYD,1549553,53013,0,163,31,0,0,True
justinbieber,https://www.instagram.com/p/262uMMgvhf,1432158985,./imgs/262uMMgvhf.png,🙌,1159584,21876,0,1,1,1,0,False
justinbieber,https://www.instagram.com/p/CUvMNK1vWBg,1633631059,./imgs/CUvMNK1vWBg.png,📷: @rorykramer,1185877,6778,0,14,2,1,0,False
justinbieber,https://www.instagram.com/p/kFxdHlAvg4,1391723133,./imgs/kFxdHlAvg4.png,nan,997012,36575,0,0,0,0,0,False
justinbieber,https://www.instagram.com/p/B_qTChiHfdJ,1588369730,./imgs/B_qTChiHfdJ.png,Help us make the #StuckwithU video. I want to see you guys having fun in quarantine. This is the prom song for everyone who can’t go to prom now. Tweet us videos using #stuckwithu or #stuckwithuvideo of you in your prom dresses or suits with your loved ones having fun or dancing to the instrumental . If you don’t have that just have fun with your loved ones . Help us make this about all of us in quarantine . We will be editing this weekend. Get the instrumental here —-> stuckwithu.com,567543,5450,3,489,92,0,0,True
justinbieber,https://www.instagram.com/p/hLqz9ygvqG,1385478526,./imgs/hLqz9ygvqG.png,nan,607004,9734,0,0,0,0,0,False
justinbieber,https://www.instagram.com/p/B6_Qc4bHCgv,1578335581,./imgs/B6_Qc4bHCgv.png,nan,484980,2400,0,0,0,0,0,False
justinbieber,https://www.instagram.com/p/CRorv9KnKbQ,1626970265,./imgs/CRorv9KnKbQ.png,Love you Jazzy girl 😍😍,3027874,14306,0,22,5,2,0,False
justinbieber,https://www.instagram.com/p/BEKLpYtAvr2,1460590560,./imgs/BEKLpYtAvr2.png,Backstreets back,1581931,24979,0,16,2,0,1,False
justinbieber,https://www.instagram.com/p/4gpNC6gvgd,1435574450,./imgs/4gpNC6gvgd.png,nan,903118,6452,0,0,0,0,0,False
justinbieber,https://www.instagram.com/p/BwQOz9hHdIP,1555282826,./imgs/BwQOz9hHdIP.png,Tears.. so proud of this man,1658688,5210,0,28,6,0,0,False
justinbieber,https://www.instagram.com/p/i-2jG_gvu1,1389343439,./imgs/i-2jG_gvu1.png,Me and my little princess,1259340,50136,0,25,5,0,0,False
justinbieber,https://www.instagram.com/p/CUsT1vtF4Ev,1633534398,./imgs/CUsT1vtF4Ev.png,📷: @joetermini,595941,2327,0,14,2,1,0,False
justinbieber,https://www.instagram.com/p/BRo8ZOJjhbO,1489540038,./imgs/BRo8ZOJjhbO.png,"SORRY BEN - If you don’t get the context its from an Australian TV show called ""Summer Heights High"".",1358780,60267,0,101,19,0,0,True
justinbieber,https://www.instagram.com/p/v4m50jgvks,1417051197,./imgs/v4m50jgvks.png,Made a snowman with this little cutie. Make memories with the ones you love! #happythanksgiving,1335158,30626,1,95,15,0,0,False
justinbieber,https://www.instagram.com/p/CJ5A_jzHUjb,1610338404,./imgs/CJ5A_jzHUjb.png,📷: @joetermini,1483244,6542,0,14,2,1,0,False
justinbieber,https://www.instagram.com/p/B-Ii5scHwM6,1585089723,./imgs/B-Ii5scHwM6.png,Little man responds!!!,942214,4848,0,22,3,0,0,True
justinbieber,https://www.instagram.com/p/9Zf-nPgvo6,1446072150,./imgs/9Zf-nPgvo6.png,Track 12 #purposealbum @skrillex,583476,3037,1,32,4,0,0,False
justinbieber,https://www.instagram.com/p/CA5uJMiHsE4,1591034723,./imgs/CA5uJMiHsE4.png,nan,954977,8243,0,0,0,0,0,False
justinbieber,https://www.instagram.com/p/a9DOo,1324663893,./imgs/a9DOo.png,Should probly get to those,120489,2004,0,26,5,0,0,False
justinbieber,https://www.instagram.com/p/BctUcvwjLm1,1513309188,./imgs/BctUcvwjLm1.png,Jesus is changing me from the inside out everyday! AND I MISSPELLED GUILT and exhausted,2455411,58966,0,87,15,0,0,False
justinbieber,https://www.instagram.com/p/B37_HcgHsBo,1571783391,./imgs/B37_HcgHsBo.png,Finishing an art piece up @offsetyrn asked me to make him,707652,5641,0,57,11,0,0,True
justinbieber,https://www.instagram.com/p/BAX5LoogvlQ,1452460706,./imgs/BAX5LoogvlQ.png,Happy Sunday say your prayers,1408797,15307,0,29,5,0,0,False
justinbieber,https://www.instagram.com/p/W5KSJwgvoj,1363382656,./imgs/W5KSJwgvoj.png,Sneakpic lol,452715,4637,0,12,2,0,0,False
justinbieber,https://www.instagram.com/p/CJAWgthnHjZ,1608437083,./imgs/CJAWgthnHjZ.png,Whole lotta.. 📷: @evanpaterakis,1105557,4496,0,31,4,1,4,False
justinbieber,https://www.instagram.com/p/-UFwOTAvkp,1448038112,./imgs/-UFwOTAvkp.png,#PURPOSETOUR tickets today  https://t.co/G2VKo20VAz,1120140,25789,1,51,4,0,0,False
justinbieber,https://www.instagram.com/p/BANpU7oAvgP,1452116850,./imgs/BANpU7oAvgP.png,Be yourself even if people think you look silly chances are they just don't understand it,1584974,23696,0,89,16,0,0,False
justinbieber,https://www.instagram.com/p/THWXBZAvu-,1355268814,./imgs/THWXBZAvu-.png,U are wherever u are wishing u had this milkshake infront of u,374000,11271,0,62,13,0,0,False
justinbieber,https://www.instagram.com/p/BiuIR4SFTPU,1526221263,./imgs/BiuIR4SFTPU.png,"You taught me everything
Everything you've given me
I'll always keep it inside
You're the driving force in my life, yeah
There isn't anything
Or anyone that I could be
And it just wouldn't feel right
If I didn't have you by my side
You were there for me to love and care for me
When skies were gray
Whenever I was down
You were always there to comfort me
And no one else can be
What you have been to me you will always be
You will always be the girl
In my life for all times",5846252,78737,0,474,98,0,0,False
justinbieber,https://www.instagram.com/p/CQtXSCJH0AC,1624979822,./imgs/CQtXSCJH0AC.png,nan,1190218,6113,0,0,0,0,0,False
justinbieber,https://www.instagram.com/p/CSo-EBgH_kE,1629127350,./imgs/CSo-EBgH_kE.png,😍😍😍,6804248,31697,0,3,1,3,0,False
justinbieber,https://www.instagram.com/p/aznHRzgvlD,1371786379,./imgs/aznHRzgvlD.png,nan,503087,5810,0,0,0,0,0,True
justinbieber,https://www.instagram.com/p/mv3Gj1Avv8,1397430348,./imgs/mv3Gj1Avv8.png,Surprise performance at Coachella with @chancetherapper,843680,43034,0,55,6,0,0,True
justinbieber,https://www.instagram.com/p/CIHccwBHKX0,1606527594,./imgs/CIHccwBHKX0.png,nan,965688,2285,0,0,0,0,0,False
justinbieber,https://www.instagram.com/p/BH3X7anBVQc,1468549399,./imgs/BH3X7anBVQc.png,@jaxonbieber,1214857,29318,0,12,1,0,0,True
justinbieber,https://www.instagram.com/p/CJCu9nHHte5,1608517032,./imgs/CJCu9nHHte5.png,I love what i do and i love who i do it with. 🎥: @rorykramer_,1336296,18291,0,61,15,1,2,True
justinbieber,https://www.instagram.com/p/BFK_J9NAvq9,1462765049,./imgs/BFK_J9NAvq9.png,Thank you philly I took this haha not that sick but good for me ;) and I mean the picture not the city,1181286,14937,0,102,23,0,0,False
justinbieber,https://www.instagram.com/p/iK0lw3Avs0,1387597582,./imgs/iK0lw3Avs0.png,My bro young pose,887341,10738,0,17,4,0,0,False
justinbieber,https://www.instagram.com/p/B-f5MRYHBSJ,1585873133,./imgs/B-f5MRYHBSJ.png,U ARE A BEAN,3775465,15231,0,12,4,0,0,False
justinbieber,https://www.instagram.com/p/TtRctmAvhq,1356541308,./imgs/TtRctmAvhq.png,Love u jax,513824,12231,0,10,3,0,0,False
justinbieber,https://www.instagram.com/p/tD4mBTAvoT,1410987120,./imgs/tD4mBTAvoT.png,Lol,1102852,68338,0,3,1,0,0,True
justinbieber,https://www.instagram.com/p/CO83egHHMji,1621205051,./imgs/CO83egHHMji.png,📷: @rorykramer,777817,2407,0,14,2,1,0,False
justinbieber,https://www.instagram.com/p/BqNbWX5nj2J,1542303835,./imgs/BqNbWX5nj2J.png,My wife is awesome,6983933,68753,0,18,4,0,0,False
justinbieber,https://www.instagram.com/p/BxTJ2rNnWe7,1557528400,./imgs/BxTJ2rNnWe7.png,Joy. I don’t care 😊,1576558,12433,0,19,5,1,0,True
justinbieber,https://www.instagram.com/p/BhDJqcMDi0V,1522631665,./imgs/BhDJqcMDi0V.png,nan,2209583,27155,0,0,0,0,0,False
justinbieber,https://www.instagram.com/p/-hIVHdgvnB,1448475671,./imgs/-hIVHdgvnB.png,"Good look, Harry pulls off this look better than I do smh",1710895,130176,0,57,12,0,0,False
justinbieber,https://www.instagram.com/p/2pGWfOAvsh,1431563200,./imgs/2pGWfOAvsh.png,I love Cali,1363356,31911,0,11,3,0,0,False
justinbieber,https://www.instagram.com/p/B22Tcz5neph,1569445274,./imgs/B22Tcz5neph.png,Here is a guided pray  from my heart to yours Find a comfortable position close your eyes and enjoy 🎵 = @maejor,403959,4751,0,111,22,1,0,True
justinbieber,https://www.instagram.com/p/rSrlcBgvok,1407188649,./imgs/rSrlcBgvok.png,Cannonball,759777,29457,0,10,1,0,0,True
justinbieber,https://www.instagram.com/p/COotpQjnrHz,1620528807,./imgs/COotpQjnrHz.png,Mitchy with a snip @mapleleafs @marner_93,820162,3778,0,41,6,0,0,False
justinbieber,https://www.instagram.com/p/BADayTGAvpL,1451773681,./imgs/BADayTGAvpL.png,Family talks,1771811,11710,0,12,2,0,2,False
justinbieber,https://www.instagram.com/p/na_IBsgvgr,1398877395,./imgs/na_IBsgvgr.png,Your love doesn't go unrecognized,741956,41490,0,33,5,0,0,True
justinbieber,https://www.instagram.com/p/BAnyNnbgvtm,1452993923,./imgs/BAnyNnbgvtm.png,nan,1913630,30928,0,0,0,0,0,False
justinbieber,https://www.instagram.com/p/9Zd16bAvk9,1446071031,./imgs/9Zd16bAvk9.png,Track 8 #purposealbum @travisscott,550506,3543,1,34,4,0,0,False
justinbieber,https://www.instagram.com/p/B1RfMRCnKTh,1566062387,./imgs/B1RfMRCnKTh.png,🎨 🖼 @gianpiero,564111,2018,0,14,3,2,1,False
justinbieber,https://www.instagram.com/p/BIqyNDtBA8m,1470274451,./imgs/BIqyNDtBA8m.png,nan,1384954,103851,0,0,0,0,0,False
justinbieber,https://www.instagram.com/p/B8W-FSJHmFW,1581278740,./imgs/B8W-FSJHmFW.png,@quavohuncho it's a celebration,772539,2122,0,31,4,0,0,False
justinbieber,https://www.instagram.com/p/CbLpmoQPga5,1647470898,./imgs/CbLpmoQPga5.png,nan,1529572,7517,0,0,0,0,1,False
justinbieber,https://www.instagram.com/p/CRm0ghsn1zN,1626907748,./imgs/CRm0ghsn1zN.png,📷: @rorykramer,1072022,4624,0,14,2,1,0,False
justinbieber,https://www.instagram.com/p/B7sBFTNHdmb,1579837473,./imgs/B7sBFTNHdmb.png,Congrats Lucian for your Hollywood star! Pretty awesome achievement!,1966889,7475,0,68,9,0,0,False
justinbieber,https://www.instagram.com/p/CJy-PDfnp4S,1610135632,./imgs/CJy-PDfnp4S.png,nan,547296,3755,0,0,0,0,0,False
justinbieber,https://www.instagram.com/p/9ZA57FAvuQ,1446055859,./imgs/9ZA57FAvuQ.png,Track 2 #purposealbum,611559,2993,1,21,3,0,0,False
justinbieber,https://www.instagram.com/p/CR2CBiynYVH,1627418151,./imgs/CR2CBiynYVH.png,The boys and them,742698,2450,0,17,4,0,0,False
justinbieber,https://www.instagram.com/p/CapseXGPw0K,1646331552,./imgs/CapseXGPw0K.png,📷: @rorykramer,775025,2673,0,14,2,1,0,False
justinbieber,https://www.instagram.com/p/CF2bVSAnGM_,1601661616,./imgs/CF2bVSAnGM_.png,SNL,724562,5199,0,3,1,0,0,False
justinbieber,https://www.instagram.com/p/BhlfDbYjrPn,1523783730,./imgs/BhlfDbYjrPn.png,"Great ending to a great day, So proud of you my brother. Love you Posty would do anything for you... btw peep the mj glove he’s wearing",4225912,34468,0,135,27,0,0,False
justinbieber,https://www.instagram.com/p/9LstzAAvlF,1445609066,./imgs/9LstzAAvlF.png,nan,982186,12574,0,0,0,0,0,False
justinbieber,https://www.instagram.com/p/-sEHx9gvoB,1448842563,./imgs/-sEHx9gvoB.png,nan,1063135,7027,0,0,0,0,0,False
justinbieber,https://www.instagram.com/p/B8kX3cNHBFl,1581728466,./imgs/B8kX3cNHBFl.png,nan,1164272,7526,0,0,0,0,0,False
justinbieber,https://www.instagram.com/p/9NNAjIAvgx,1445659552,./imgs/9NNAjIAvgx.png,nan,1157164,12937,0,0,0,0,0,False
justinbieber,https://www.instagram.com/p/BRqJYaIj2KW,1489580401,./imgs/BRqJYaIj2KW.png,nan,1577924,10771,0,0,0,0,0,False
justinbieber,https://www.instagram.com/p/683aCagvul,1440816388,./imgs/683aCagvul.png,nan,580004,7023,0,0,0,0,0,True
justinbieber,https://www.instagram.com/p/-JwLeRAvui,1447691257,./imgs/-JwLeRAvui.png,#purposetour,747181,74870,1,12,1,0,0,False
justinbieber,https://www.instagram.com/p/1RtNqigvs-,1428630785,./imgs/1RtNqigvs-.png,New internet phenomenon #danielfromtarget,652946,9692,1,41,4,0,0,False
justinbieber,https://www.instagram.com/p/aWg0p,1324417091,./imgs/aWg0p.png,Looks like Lil wayne liked our #swagboots,124964,1037,1,41,7,0,0,False
justinbieber,https://www.instagram.com/p/iXniGbgvq_,1388026944,./imgs/iXniGbgvq_.png,Confident Merry Christmas,586370,17484,0,25,3,0,0,True
justinbieber,https://www.instagram.com/p/hWXZnmAvsT,1385837448,./imgs/hWXZnmAvsT.png,Eagle,888943,25429,0,5,1,0,0,False
justinbieber,https://www.instagram.com/p/B1w_BSNHQ61,1567119578,./imgs/B1w_BSNHQ61.png,Sang at church last night.  God is pulling me through a hard season. Having trust in Jesus at your worst times is the absolute hardest. But he is faithful to complete what he started. I also want to thank my wife for being such a huge support in my life through this season.. it says in the bible count it ALL JOY when you face trials of various kinds. Sounds insane considering when u face trials u feel terrible. But if we are grateful and worship god for what we do have in that season there is so much power in that... whatever pain you are going through just keep telling yourself THIS WONT LAST! Love you guys we in this together,2495271,60955,0,635,122,0,0,True
justinbieber,https://www.instagram.com/p/BUKqR3LDbPu,1494966358,./imgs/BUKqR3LDbPu.png,nan,1406355,21756,0,0,0,0,0,False
justinbieber,https://www.instagram.com/p/B5s8nVSl2wS,1575573829,./imgs/B5s8nVSl2wS.png,"GOOD MORNING HERE IS A GUIDED PRAYER TO START YOUR DAY,! FIND A COMFY POSITION AND ENJOY! @churchome @judahsmith",196495,1061,0,112,19,0,0,True
justinbieber,https://www.instagram.com/p/-jeQY_gvmO,1448554275,./imgs/-jeQY_gvmO.png,Before the number was the name March 1st before player was the game I'm not the same as Michael even though he hall of fame I'm all hall of faith put me on the wall of change,1386149,17406,0,174,37,0,0,False
justinbieber,https://www.instagram.com/p/B-IOc9fnqDn,1585079015,./imgs/B-IOc9fnqDn.png,Me and the fam !! Add me on tik tok,917634,6076,0,35,10,0,0,True
justinbieber,https://www.instagram.com/p/BFSGCqJgvhz,1463003540,./imgs/BFSGCqJgvhz.png,#purposetour,1554088,30403,1,12,1,0,0,False
justinbieber,https://www.instagram.com/p/CATjztZnDu9,1589754236,./imgs/CATjztZnDu9.png,Throwback pic with @codysimpson @coreyharper,1357106,3747,0,44,5,0,0,False
justinbieber,https://www.instagram.com/p/CR1yf4RHVM1,1627410011,./imgs/CR1yf4RHVM1.png,📷: @rorykramer,1337085,4103,0,14,2,1,0,False
justinbieber,https://www.instagram.com/p/cgDOjJgvpS,1375424997,./imgs/cgDOjJgvpS.png,nan,737120,43848,0,0,0,0,0,False
justinbieber,https://www.instagram.com/p/BIoArwIhyX2,1470181380,./imgs/BIoArwIhyX2.png,nan,1530378,38062,0,0,0,0,0,False
justinbieber,https://www.instagram.com/p/BADtWOGgvhH,1451783413,./imgs/BADtWOGgvhH.png,nan,1735920,16098,0,0,0,0,0,False
justinbieber,https://www.instagram.com/p/paUCURAvk4,1403149771,./imgs/paUCURAvk4.png,bible study with Judah Smith,791981,10510,0,28,5,0,0,False
justinbieber,https://www.instagram.com/p/xcKyAqAvgD,1420391897,./imgs/xcKyAqAvgD.png,nan,1226192,48323,0,0,0,0,0,False
justinbieber,https://www.instagram.com/p/hfqamwgvhT,1386149407,./imgs/hfqamwgvhT.png,:),916845,22879,0,2,1,0,0,False
justinbieber,https://www.instagram.com/p/CKpdPKMnKoR,1611963825,./imgs/CKpdPKMnKoR.png,📷: @rorykramer,723203,2704,0,14,2,1,0,False
justinbieber,https://www.instagram.com/p/Bw4i0Spn6oZ,1556635492,./imgs/Bw4i0Spn6oZ.png,10,2833782,22064,0,2,1,0,0,False
justinbieber,https://www.instagram.com/p/Pf5rG5Avog,1347502701,./imgs/Pf5rG5Avog.png,On the roof,279319,7589,0,11,3,0,0,False
justinbieber,https://www.instagram.com/p/8_U_WlAvhy,1445193974,./imgs/8_U_WlAvhy.png,We all believe in you!! Praying for you Lamar,825155,6535,0,45,9,0,0,False
justinbieber,https://www.instagram.com/p/4gp9WvAvhX,1435574846,./imgs/4gp9WvAvhX.png,Fix my eyes 👆,1105519,20832,0,13,4,1,0,False
justinbieber,https://www.instagram.com/p/CFvWCmHHYEn,1601423960,./imgs/CFvWCmHHYEn.png,📷: @rorykramer,1547673,8371,0,14,2,1,0,False
justinbieber,https://www.instagram.com/p/BTtv1bGjbu3,1493996193,./imgs/BTtv1bGjbu3.png,nan,1544601,13756,0,0,0,0,0,False
justinbieber,https://www.instagram.com/p/3w0xz9gvvX,1433969906,./imgs/3w0xz9gvvX.png,nan,875932,5204,0,0,0,0,0,False
justinbieber,https://www.instagram.com/p/BI8nnsPh6WU,1470872882,./imgs/BI8nnsPh6WU.png,nan,895635,7840,0,0,0,0,0,True
justinbieber,https://www.instagram.com/p/B7NEKHOHCOH,1578798898,./imgs/B7NEKHOHCOH.png,Mood,704644,3982,0,4,1,0,0,False
justinbieber,https://www.instagram.com/p/BHc_gBYhCSh,1467664177,./imgs/BHc_gBYhCSh.png,This is a God dream,1326281,8520,0,19,5,0,0,False
justinbieber,https://www.instagram.com/p/6Fjf9SAvjC,1438960457,./imgs/6Fjf9SAvjC.png,21 Days,624663,4865,0,7,2,0,0,False
justinbieber,https://www.instagram.com/p/62e5G5gvgr,1440602209,./imgs/62e5G5gvgr.png,Yep @jiffpom knows. What Do You Mean? #2days,690148,5758,1,44,8,0,0,False
justinbieber,https://www.instagram.com/p/aUyhn,1324406466,./imgs/aUyhn.png,Me on steroids,166230,4093,0,14,3,0,0,False
justinbieber,https://www.instagram.com/p/B3PcIEUHMfe,1570288690,./imgs/B3PcIEUHMfe.png,Video for #10000hours out now. Have you seen it? Favorite shot?,5509473,47584,1,63,11,0,0,True
justinbieber,https://www.instagram.com/p/BRZt5ZpjT0S,1489029121,./imgs/BRZt5ZpjT0S.png,hillarious,1056714,19793,0,10,1,0,0,False
justinbieber,https://www.instagram.com/p/jUpzd4AvlX,1390074955,./imgs/jUpzd4AvlX.png,@yeshuathegudwin,631066,5140,0,16,1,0,0,False
justinbieber,https://www.instagram.com/p/67HUNBAvqW,1440757620,./imgs/67HUNBAvqW.png,3,485526,962,0,1,1,0,0,False
justinbieber,https://www.instagram.com/p/9_afS1gvgb,1447344341,./imgs/9_afS1gvgb.png,Chicago and Houston album bundles available now!!! Get the special album bundle and see u next week. smarturl.it/EveningWithJB  #eveningwithjb see u next week,583623,5052,1,158,23,0,0,True
justinbieber,https://www.instagram.com/p/B62FM9aHnko,1578027712,./imgs/B62FM9aHnko.png,#yummy out worldwide now. #2020,687793,12870,2,31,5,0,0,True
justinbieber,https://www.instagram.com/p/-NF8I8Avs5,1447803329,./imgs/-NF8I8Avs5.png,Me and this beautiful soul @iamhalsey tomorrow on the today show 🙀🙀🙀🙀🙀,1109744,10556,0,70,12,5,0,False
justinbieber,https://www.instagram.com/p/n7UDUjgvjR,1399962108,./imgs/n7UDUjgvjR.png,"""But I don't want your money sir""",1236499,37810,0,33,7,0,0,False
justinbieber,https://www.instagram.com/p/whHvmmgvqF,1418410593,./imgs/whHvmmgvqF.png,This is actually what I do at the studio,840591,19730,0,40,9,0,0,True
justinbieber,https://www.instagram.com/p/BFkZ7Hwgvkq,1463617944,./imgs/BFkZ7Hwgvkq.png,#purpose tour #Bieber,1185662,6620,2,21,3,0,0,False
justinbieber,https://www.instagram.com/p/BBbaKrcgviF,1454726147,./imgs/BBbaKrcgviF.png,nan,1804354,31774,0,0,0,0,0,False
justinbieber,https://www.instagram.com/p/BH7klEDBRmv,1468690250,./imgs/BH7klEDBRmv.png,Smiles with friends,1617707,21243,0,19,3,0,0,False
justinbieber,https://www.instagram.com/p/BFQFdtggvns,1462936129,./imgs/BFQFdtggvns.png,Braekess you are so right btw your Instagram name is fire. Years ago it was impossible to even take a picture at anytime not everyone was accessible to a camera now everyone has a camera phone and Now it's just a different thing.If you think setting boundaries is being a douche I'm the biggest douche around but I think it's smart and will be the only way I last. I wanna enjoy life and not be a slave to the world and their demands of what they think I need to do!! I love the fact that I am able to make people happy but cmon if you truly were in my position you would understand how tiring it is ( boo hoo Justin get over it) I'm going to keep making decisions I feel are fit for my growth and no human being will make me feel bad for it.,956462,72601,0,742,151,0,0,False
justinbieber,https://www.instagram.com/p/B95qzVmnz1n,1584590520,./imgs/B95qzVmnz1n.png,You asked for it. Intentions acoustic for the #changes album. Now stay inside :),662259,6520,1,80,14,0,0,False
justinbieber,https://www.instagram.com/p/BvcVgLZnaOm,1553541504,./imgs/BvcVgLZnaOm.png,"So I read a lot of messages saying you want an album .. I’ve toured my whole teenage life, and early 20s, I realized and as you guys probably saw I was unhappy last tour and I don’t deserve that and you don’t deserve that, you pay money to come and have a lively energetic fun light concert and I was unable emotionally to give you that near the end of the tour. I have been looking, seeking, trial and error as most of us do, I am now very focused on repairing some of the deep rooted issues that I have as most of us have, so that I don’t fall apart, so that I can sustain my marriage and be the father I want to be. Music is very important to me but Nothing comes before my family and my health. I will come with a kick ass album ASAP, my swag is undeniable and my drive is indescribable his love is supernatural his grace is that reliable.... the top is where I reside period whether I make music or not the king said so. 👑  but I will come with a vengeance believe that.. (grammar and punctuation will be terrible pretend it’s a text where u just don’t care).",3328498,79523,0,1064,212,1,0,False
justinbieber,https://www.instagram.com/p/BJB7Tauh5Ra,1471050974,./imgs/BJB7Tauh5Ra.png,nan,1023959,15306,0,0,0,0,0,False
justinbieber,https://www.instagram.com/p/CCHz6rGnXmv,1593654996,./imgs/CCHz6rGnXmv.png,@Yungnoiz,522903,855,0,9,1,0,0,False
justinbieber,https://www.instagram.com/p/CO3wbkTneW5,1621033585,./imgs/CO3wbkTneW5.png,nan,1174654,11576,0,0,0,0,0,False
justinbieber,https://www.instagram.com/p/B_yAvkbHk-W,1588628582,./imgs/B_yAvkbHk-W.png,nan,1259570,8203,0,0,0,0,0,True
justinbieber,https://www.instagram.com/p/-f6hRDAvos,1448434876,./imgs/-f6hRDAvos.png,Don't worry bout nuthin,679675,4428,0,23,4,0,0,True
justinbieber,https://www.instagram.com/p/ts1lOmgvnZ,1412361273,./imgs/ts1lOmgvnZ.png,nan,1029390,14846,0,0,0,0,0,False
justinbieber,https://www.instagram.com/p/BHgByuMB8n_,1467766042,./imgs/BHgByuMB8n_.png,nan,917383,7847,0,0,0,0,5,False
justinbieber,https://www.instagram.com/p/BIE_uNJBy5x,1469006470,./imgs/BIE_uNJBy5x.png,#thewardrobecollection at barneys,1041881,8117,1,33,3,0,0,False
justinbieber,https://www.instagram.com/p/cpD3AMAvr_,1375727319,./imgs/cpD3AMAvr_.png,nan,1006648,37141,0,0,0,0,0,False
justinbieber,https://www.instagram.com/p/B-L1KIBnSmv,1585199930,./imgs/B-L1KIBnSmv.png,nan,501185,1422,0,0,0,0,0,False
justinbieber,https://www.instagram.com/p/BE4BCp4Avmd,1462128503,./imgs/BE4BCp4Avmd.png,Taye  Diggs when you smile I smile,962234,11789,0,34,7,0,0,False
justinbieber,https://www.instagram.com/p/cdKKM,1325113311,./imgs/cdKKM.png,Watching the raptors,125897,1916,0,20,3,0,0,False
justinbieber,https://www.instagram.com/p/B_QBATmnzoJ,1587487842,./imgs/B_QBATmnzoJ.png,TORONTO,622889,3325,0,7,1,0,0,False
justinbieber,https://www.instagram.com/p/98rNC7gvo3,1447252441,./imgs/98rNC7gvo3.png,#2days #PURPOSE,647304,3952,2,15,2,0,0,False
justinbieber,https://www.instagram.com/p/CUoKZQ1vdqy,1633395228,./imgs/CUoKZQ1vdqy.png,📷: @rorykramer,1570921,5257,0,14,2,1,0,False
justinbieber,https://www.instagram.com/p/CV5mm79POoN,1636127929,./imgs/CV5mm79POoN.png,📷: @rorykramer,1111657,4142,0,14,2,1,0,False
justinbieber,https://www.instagram.com/p/BGCu3SWAvrv,1464635556,./imgs/BGCu3SWAvrv.png,Two of the coolest guys I know @skrillex and @martingarrix,1261137,8211,0,58,10,0,1,False
justinbieber,https://www.instagram.com/p/B8VAaEQHeJ_,1581212979,./imgs/B8VAaEQHeJ_.png,Less than 1 week to go to the new album #changes,301461,1732,1,48,11,0,0,True
justinbieber,https://www.instagram.com/p/sQa3Bigvp-,1409260255,./imgs/sQa3Bigvp-.png,nan,723509,4324,0,0,0,0,0,False
justinbieber,https://www.instagram.com/p/R_kC6XAvny,1352860071,./imgs/R_kC6XAvny.png,nan,277927,6354,0,0,0,0,0,False
justinbieber,https://www.instagram.com/p/q0MMxXAvjD,1406165561,./imgs/q0MMxXAvjD.png,nan,488870,13320,0,0,0,0,0,True
justinbieber,https://www.instagram.com/p/BRuiImADKw3,1489727597,./imgs/BRuiImADKw3.png,nan,2117329,16272,0,0,0,0,0,False
justinbieber,https://www.instagram.com/p/-E_KvqAvok,1447531343,./imgs/-E_KvqAvok.png,#PURPOSETheMovement #LifeIsWorthLiving,907548,12026,2,38,2,0,0,True
justinbieber,https://www.instagram.com/p/BvdChucnr0F,1553565110,./imgs/BvdChucnr0F.png,nan,4040616,65725,0,0,0,0,2,False
justinbieber,https://www.instagram.com/p/2VcUlqAvv4,1430903630,./imgs/2VcUlqAvv4.png,nan,1350966,31138,0,0,0,0,0,False
justinbieber,https://www.instagram.com/p/CDAxzDzHU5G,1595566488,./imgs/CDAxzDzHU5G.png,nan,2067806,6227,0,0,0,0,0,False
justinbieber,https://www.instagram.com/p/CAOzy5yHp75,1589594846,./imgs/CAOzy5yHp75.png,Family photo,3385869,14140,0,12,2,0,0,False
justinbieber,https://www.instagram.com/p/CEicumcnKw5,1598843775,./imgs/CEicumcnKw5.png,nan,954526,4608,0,0,0,0,0,False
justinbieber,https://www.instagram.com/p/YFhPghAvs-,1365944829,./imgs/YFhPghAvs-.png,@djtayjames chilling with king 2k,691350,15517,0,33,5,0,0,False
justinbieber,https://www.instagram.com/p/3cee7PAvmd,1433287128,./imgs/3cee7PAvmd.png,nan,1095018,17717,0,0,0,0,0,False
justinbieber,https://www.instagram.com/p/CNX0FoknORR,1617814277,./imgs/CNX0FoknORR.png,nan,818489,4251,0,0,0,0,0,False
justinbieber,https://www.instagram.com/p/l_aNh9Avug,1395804588,./imgs/l_aNh9Avug.png,Treasure ♛,1114593,42749,0,10,2,0,0,False
justinbieber,https://www.instagram.com/p/B_bqFamnvV0,1587878479,./imgs/B_bqFamnvV0.png,nan,1835697,14260,0,0,0,0,0,False
justinbieber,https://www.instagram.com/p/BUKp_b8jLzc,1494966207,./imgs/BUKp_b8jLzc.png,nan,1612787,15550,0,0,0,0,0,False
justinbieber,https://www.instagram.com/p/CYb3OZ1lw3X,1641572459,./imgs/CYb3OZ1lw3X.png,"Love this, thanks for sharing @ldubzs",701583,6499,0,37,6,0,0,False
justinbieber,https://www.instagram.com/p/B94Yug2nFbI,1584547504,./imgs/B94Yug2nFbI.png,#GetMe from #ChangesTheMovement out now,463248,2717,2,39,5,0,0,True
justinbieber,https://www.instagram.com/p/8f-UUVgvny,1444141900,./imgs/8f-UUVgvny.png,nan,933422,9444,0,0,0,0,0,False
justinbieber,https://www.instagram.com/p/CUWJgDDF9F0,1632790780,./imgs/CUWJgDDF9F0.png,📷: @rorykramer,5142378,12895,0,14,2,1,0,False
justinbieber,https://www.instagram.com/p/B7mKhzvH55D,1579641098,./imgs/B7mKhzvH55D.png,Oh and Feb 8. #snl,845167,6592,1,18,5,0,0,False
justinbieber,https://www.instagram.com/p/c-MtQKgvol,1376436600,./imgs/c-MtQKgvol.png,"Chillin with the boys at home... Kevin Durant, Tyson Chandler and Carl Lentz.",1012709,37272,0,77,13,0,0,False
justinbieber,https://www.instagram.com/p/BIGVkCYA7JH,1469051476,./imgs/BIGVkCYA7JH.png,nan,1500574,17513,0,0,0,0,0,False
justinbieber,https://www.instagram.com/p/Rb8bJ_AvjS,1351664898,./imgs/Rb8bJ_AvjS.png,Kittys,348333,8717,0,6,1,0,0,False
justinbieber,https://www.instagram.com/p/-kfSHzAvn5,1448588368,./imgs/-kfSHzAvn5.png,Happy thanksgiving,785452,4366,0,18,2,0,0,False
justinbieber,https://www.instagram.com/p/COGamwGndzb,1619377975,./imgs/COGamwGndzb.png,🌴🌴,2650659,23286,0,2,1,2,0,False
justinbieber,https://www.instagram.com/p/CFcsJPaHwrd,1600798015,./imgs/CFcsJPaHwrd.png,nan,394168,3529,0,0,0,0,0,False
justinbieber,https://www.instagram.com/p/CKMh2A3HsZ3,1610993255,./imgs/CKMh2A3HsZ3.png,@churchome,442369,2360,0,10,1,0,0,True
justinbieber,https://www.instagram.com/p/CFFzyi_HpkU,1600030271,./imgs/CFFzyi_HpkU.png,nan,730217,3214,0,0,0,0,0,False
justinbieber,https://www.instagram.com/p/-AZtdggvuN,1447377487,./imgs/-AZtdggvuN.png,Backside flip on the bank,634192,3619,0,25,5,0,0,True
justinbieber,https://www.instagram.com/p/B64xIhonD6l,1578117849,./imgs/B64xIhonD6l.png,I love you @c.syresmith,927199,5298,0,23,4,0,0,True
justinbieber,https://www.instagram.com/p/PSjkwOgvhR,1347054907,./imgs/PSjkwOgvhR.png,Our cooking extravaganza,403910,16261,0,24,3,0,0,False
justinbieber,https://www.instagram.com/p/Ca5eaF7D7Nn,1646861062,./imgs/Ca5eaF7D7Nn.png,nan,323956,1768,0,0,0,0,0,True
justinbieber,https://www.instagram.com/p/bkoGkigvjl,1373431065,./imgs/bkoGkigvjl.png,4thefans,881594,60617,0,8,1,0,0,True
justinbieber,https://www.instagram.com/p/qkZQwTAvo6,1405635538,./imgs/qkZQwTAvo6.png,Lol this got deleted don't know why,714230,16200,0,35,7,0,0,True
justinbieber,https://www.instagram.com/p/B0mvfZfn_DN,1564628092,./imgs/B0mvfZfn_DN.png,Go best friend that’s my best friend,7083623,47458,0,36,7,0,0,False
justinbieber,https://www.instagram.com/p/CDKfQzWn4L3,1595892314,./imgs/CDKfQzWn4L3.png,nan,1351442,5497,0,0,0,0,0,False
justinbieber,https://www.instagram.com/p/CEkp1jNH3cX,1598917757,./imgs/CEkp1jNH3cX.png,nan,2064715,6291,0,0,0,0,0,False
justinbieber,https://www.instagram.com/p/BAPdNUogvsf,1452177605,./imgs/BAPdNUogvsf.png,I made this meme.,1281825,30520,0,17,4,0,0,False
justinbieber,https://www.instagram.com/p/nokuDAAvk6,1399333312,./imgs/nokuDAAvk6.png,Venice beach with my friend yovanna,1206214,53254,0,35,6,0,0,False
justinbieber,https://www.instagram.com/p/B9QSnwqnQCq,1583202111,./imgs/B9QSnwqnQCq.png,My and my goo goo,4296268,13859,0,17,5,0,0,False
justinbieber,https://www.instagram.com/p/CLNs7AmHfDb,1613180008,./imgs/CLNs7AmHfDb.png,"@karlawelchstylist the goat 

📷: @rorykramer",2529554,10354,0,44,5,1,0,False
justinbieber,https://www.instagram.com/p/YNWOX,1323474780,./imgs/YNWOX.png,So I'm gonna instagram some of my favorite pics I've been taking,112318,581,0,64,12,0,0,False
justinbieber,https://www.instagram.com/p/4Im7_Tgvr-,1434767955,./imgs/4Im7_Tgvr-.png,"This reminds me how amazing life is supposed to be.. If you are discouraged listen to this song it will bring you supernatural peace, at least it did for me! #stepoutonfaith",761796,9648,1,173,31,0,0,False
justinbieber,https://www.instagram.com/p/7Awa3HgvuS,1440946942,./imgs/7Awa3HgvuS.png,Tonight #vmas #whatdoyoumean? Part 1 :),865077,10050,2,39,6,0,0,True
justinbieber,https://www.instagram.com/p/B6_Ts9Fn5On,1578337285,./imgs/B6_Ts9Fn5On.png,Congrats to the boys,537032,1467,0,20,4,0,0,False
justinbieber,https://www.instagram.com/p/BGlSYobAvg3,1465795030,./imgs/BGlSYobAvg3.png,nan,1571136,25335,0,0,0,0,0,False
justinbieber,https://www.instagram.com/p/BC9rXhYgvvZ,1458023499,./imgs/BC9rXhYgvvZ.png,nan,1597384,18835,0,0,0,0,1,False
justinbieber,https://www.instagram.com/p/BBv7fraAvl-,1455414709,./imgs/BBv7fraAvl-.png,nan,2055288,101595,0,0,0,0,0,False
justinbieber,https://www.instagram.com/p/CWHCVULBnHj,1636578673,./imgs/CWHCVULBnHj.png,Love u guys ❤️ 📷: @rorykramer,1414938,7515,0,29,6,2,0,False
justinbieber,https://www.instagram.com/p/Yeaj_,1323577885,./imgs/Yeaj_.png,Ask me if I'm a vegetarian.......................... Nope ,119253,2174,0,58,7,0,0,False
justinbieber,https://www.instagram.com/p/BIGEaYfgCcE,1469042484,./imgs/BIGEaYfgCcE.png,nan,1306908,15756,0,0,0,0,0,False
justinbieber,https://www.instagram.com/p/BY-JFS8DyWA,1505283719,./imgs/BY-JFS8DyWA.png,nan,858448,3312,0,0,0,0,0,False
justinbieber,https://www.instagram.com/p/B5yFEaAFhpr,1575746042,./imgs/B5yFEaAFhpr.png,"GOOD MORNING HERE IS A GUIDED PRAYER TO START YOUR DAY,! FIND A COMFY POSITION AND ENJOY! @churchome @judahsmith",234479,1524,0,112,19,0,0,True
justinbieber,https://www.instagram.com/p/CWMpb4uJ7fS,1636766946,./imgs/CWMpb4uJ7fS.png,@haileybieber x @drewhouse 📷: @amberasaly,926658,2287,0,41,5,1,0,False
justinbieber,https://www.instagram.com/p/B_nU2I1ndhm,1588269997,./imgs/B_nU2I1ndhm.png,nan,861264,4061,0,0,0,0,0,False
justinbieber,https://www.instagram.com/p/B5vj6KYHvXX,1575661427,./imgs/B5vj6KYHvXX.png,Issa vibe,754298,1609,0,9,2,0,0,False
justinbieber,https://www.instagram.com/p/BvyUl1xHOaG,1554279223,./imgs/BvyUl1xHOaG.png,Missed your bday bro sorry happy late bday @bigsean,2307131,10056,0,51,9,0,0,False
justinbieber,https://www.instagram.com/p/-EatLHAvj3,1447512227,./imgs/-EatLHAvj3.png,#purpose. This footage is actually from my last trip to Paris. Know I have all of u in my prayers during this time and I love you and know the beauty and strength of your people. God bless. #prayforparis,807737,6041,2,203,39,0,0,True
justinbieber,https://www.instagram.com/p/BvCospFHh98,1552679224,./imgs/BvCospFHh98.png,@drewhouse  If someone can find out who these two skaters are I will send the first right person I see meet and greets,1187569,13692,0,118,23,0,0,True
justinbieber,https://www.instagram.com/p/exOek3Avq_,1380296288,./imgs/exOek3Avq_.png,nan,919453,39372,0,0,0,0,0,False
justinbieber,https://www.instagram.com/p/BwI3azKHONM,1555035681,./imgs/BwI3azKHONM.png,My baby is 🔥,1239365,6426,0,12,4,1,2,False
justinbieber,https://www.instagram.com/p/3ml-EygvmH,1433626597,./imgs/3ml-EygvmH.png,Add my snapchat rickthesizzler ;),650108,19279,0,33,5,0,0,True
justinbieber,https://www.instagram.com/p/CTFjyF-lQhp,1630086650,./imgs/CTFjyF-lQhp.png,📸: @rorykramer,1192456,4810,0,14,2,1,0,False
justinbieber,https://www.instagram.com/p/XLTKZ,1322950221,./imgs/XLTKZ.png,Huge bubble,137906,3662,0,11,2,0,0,False
justinbieber,https://www.instagram.com/p/CbGPVftPpIo,1647289354,./imgs/CbGPVftPpIo.png,📷: @rorykramer,1097931,5517,0,14,2,1,0,False
justinbieber,https://www.instagram.com/p/3KWfuKAvto,1432678960,./imgs/3KWfuKAvto.png,Don't u wish u knew my snapchat,1007378,65853,0,31,7,0,0,True
justinbieber,https://www.instagram.com/p/BAFldlhgvuB,1451846388,./imgs/BAFldlhgvuB.png,nan,1913592,17580,0,0,0,0,2,False
justinbieber,https://www.instagram.com/p/BEkDBQFAvto,1461458452,./imgs/BEkDBQFAvto.png,I did this,1137834,28428,0,10,3,0,0,False
justinbieber,https://www.instagram.com/p/BY_WjUNDCZl,1505324335,./imgs/BY_WjUNDCZl.png,nan,1113625,21498,0,0,0,0,0,False
justinbieber,https://www.instagram.com/p/CFA8Gc5HOoz,1599866857,./imgs/CFA8Gc5HOoz.png,nan,5418833,18758,0,0,0,0,0,False
justinbieber,https://www.instagram.com/p/CHqedhNnaVU,1605555808,./imgs/CHqedhNnaVU.png,#MONSTER Nov 20th @shawnmendes,871984,18522,1,30,4,0,0,True
justinbieber,https://www.instagram.com/p/COXwBxzHU2W,1619959729,./imgs/COXwBxzHU2W.png,"Here’s how it came together 

🎥: @rorykramer",1105470,9758,0,44,7,1,0,True
justinbieber,https://www.instagram.com/p/Vkl827gvqr,1360545035,./imgs/Vkl827gvqr.png,Omgoodness,478468,31099,0,10,1,0,0,False
justinbieber,https://www.instagram.com/p/t2qvb9gvgT,1412691133,./imgs/t2qvb9gvgT.png,Me and pops on a world adventure,1081846,44065,0,32,7,0,0,False
justinbieber,https://www.instagram.com/p/B-N4yj2n9E5,1585268962,./imgs/B-N4yj2n9E5.png,Chip diamond for the win @edbassmaster,322684,2031,0,38,6,0,0,True
justinbieber,https://www.instagram.com/p/fZpQs-gvlf,1381652508,./imgs/fZpQs-gvlf.png,"""All that matters""",596886,7216,0,18,3,0,0,False
justinbieber,https://www.instagram.com/p/T31Sx_gvnC,1356895645,./imgs/T31Sx_gvnC.png,Vacay,727529,64025,0,5,1,0,0,False
justinbieber,https://www.instagram.com/p/l3FoLWgvo2,1395525361,./imgs/l3FoLWgvo2.png,This is James Dean inspired. Don't ask me if I smoke ciggys cuz I don't ♛,1245046,88748,0,73,16,0,0,False
justinbieber,https://www.instagram.com/p/Hci6ZOgvlK,1330210235,./imgs/Hci6ZOgvlK.png,I can't see,235985,8554,0,11,3,0,0,False
justinbieber,https://www.instagram.com/p/qlzFsgAvnf,1405682634,./imgs/qlzFsgAvnf.png,Jam sesh #phish,615493,5363,1,15,3,0,0,True
justinbieber,https://www.instagram.com/p/BBvKl9Ugvqt,1455389070,./imgs/BBvKl9Ugvqt.png,nan,1851720,20325,0,0,0,0,0,False
justinbieber,https://www.instagram.com/p/7la7OvgvvC,1442177187,./imgs/7la7OvgvvC.png,nan,894954,8076,0,0,0,0,0,False
justinbieber,https://www.instagram.com/p/pN1Dsfgvog,1402730876,./imgs/pN1Dsfgvog.png,Studio,976718,20937,0,6,1,0,0,False
justinbieber,https://www.instagram.com/p/BHS1mktBypw,1467323443,./imgs/BHS1mktBypw.png,Jaxon showing off his hair to uncle @johnny,1132983,8300,0,43,8,0,3,False
justinbieber,https://www.instagram.com/p/7oEsdYgvoR,1442266195,./imgs/7oEsdYgvoR.png,bts of the #whatdoyoumean video. #mycalvins @calvinklein,1337975,24169,2,56,7,0,0,False
justinbieber,https://www.instagram.com/p/TRrlGkAvtA,1355615483,./imgs/TRrlGkAvtA.png,Just landed in Chicago @alfredoflores lurking In the back,509011,15907,0,57,9,0,0,False
justinbieber,https://www.instagram.com/p/B23wEsRH4hG,1569493804,./imgs/B23wEsRH4hG.png,@nyjah,652667,2570,0,6,1,0,0,True
justinbieber,https://www.instagram.com/p/2eNjWwgvjf,1431197876,./imgs/2eNjWwgvjf.png,nan,967482,16918,0,0,0,0,0,False
justinbieber,https://www.instagram.com/p/SRJvjXgvts,1353450260,./imgs/SRJvjXgvts.png,@djtayjames @julkeyz @alfredoflores,417298,6841,0,35,3,0,0,False
justinbieber,https://www.instagram.com/p/B6JbR1QnmX2,1576529335,./imgs/B6JbR1QnmX2.png,"This kid is the truth
@Lhutsko9",463086,2675,0,31,6,0,0,True
justinbieber,https://www.instagram.com/p/BY9648DDNdS,1505276278,./imgs/BY9648DDNdS.png,nan,1069067,9653,0,0,0,0,0,False
justinbieber,https://www.instagram.com/p/-xYposgvmQ,1449021099,./imgs/-xYposgvmQ.png,nan,1087503,14090,0,0,0,0,0,True
justinbieber,https://www.instagram.com/p/COb0RSVnThf,1620096073,./imgs/COb0RSVnThf.png,nan,1674657,11228,0,0,0,0,0,False
justinbieber,https://www.instagram.com/p/BGHavWtAvuP,1464792777,./imgs/BGHavWtAvuP.png,There was nothing that I could do,888807,5743,0,33,7,0,0,False
justinbieber,https://www.instagram.com/p/BxJIPWkHvJ2,1557191983,./imgs/BxJIPWkHvJ2.png,My friend Brandon did this song enjoy @officialbrandonburke he’s the one rapping,797022,3149,0,80,12,0,0,False
justinbieber,https://www.instagram.com/p/BWGYbuij-Je,1499117752,./imgs/BWGYbuij-Je.png,nan,2071513,19486,0,0,0,0,0,False
justinbieber,https://www.instagram.com/p/Q1cE2GAvre,1350372864,./imgs/Q1cE2GAvre.png,#believetour,354222,4731,1,12,1,0,0,False
justinbieber,https://www.instagram.com/p/B0Kl_NpHsIM,1563683585,./imgs/B0Kl_NpHsIM.png,Wow the bougainvillea looks epic @drewhouse,1142402,4244,0,43,6,0,0,False
justinbieber,https://www.instagram.com/p/B2r_GShnR-x,1569099072,./imgs/B2r_GShnR-x.png,Here’s another guided prayer! Find a comfortable position close your eyes and enjoy! Love you guys,370413,3044,0,98,16,0,0,True
justinbieber,https://www.instagram.com/p/B8uxqU3H-Gn,1582077534,./imgs/B8uxqU3H-Gn.png,My whole other half,3364031,12667,0,19,4,0,0,False
justinbieber,https://www.instagram.com/p/BB86Xj9AvkH,1455850326,./imgs/BB86Xj9AvkH.png,nan,1936052,54787,0,0,0,0,0,False
justinbieber,https://www.instagram.com/p/CM5ox8tHtFT,1616801715,./imgs/CM5ox8tHtFT.png,📷: @rorykramer,763507,3111,0,14,2,1,0,False
justinbieber,https://www.instagram.com/p/CJ2O6g_nIQs,1610245040,./imgs/CJ2O6g_nIQs.png,nan,1362591,4652,0,0,0,0,0,False
justinbieber,https://www.instagram.com/p/CNqHzsjHh3H,1618428595,./imgs/CNqHzsjHh3H.png,"Luv you @allisonjamiekaye 

📷: @rorykramer",931756,1939,0,42,5,1,0,False
justinbieber,https://www.instagram.com/p/CS7OdVKFJ_O,1629739926,./imgs/CS7OdVKFJ_O.png,Brothers 🍄 📸: @evanpaterakis,953641,3075,0,28,4,2,0,False
justinbieber,https://www.instagram.com/p/CM8pGKcn6e9,1616902544,./imgs/CM8pGKcn6e9.png,🍑✏️ @_dr_woo_,2998012,14732,0,13,2,2,0,False
justinbieber,https://www.instagram.com/p/COgnTcDnRp1,1620257048,./imgs/COgnTcDnRp1.png,📷: @rorykramer,1075042,4979,0,14,2,1,0,False
justinbieber,https://www.instagram.com/p/CH6lEr3HPfo,1606095908,./imgs/CH6lEr3HPfo.png,Back on the AMAs stage. Thanks @tmobile #drones #AMAsWithUs #ad,2054815,10412,3,63,10,0,0,False
justinbieber,https://www.instagram.com/p/CZwwlPrFSPt,1644421103,./imgs/CZwwlPrFSPt.png,@drewhouse 📸: @joetermini,544322,1694,0,25,3,1,0,False
justinbieber,https://www.instagram.com/p/CHjYGszH3Ni,1605317357,./imgs/CHjYGszH3Ni.png,nan,2328093,18468,0,0,0,0,0,False
justinbieber,https://www.instagram.com/p/R-Nbs,1319937352,./imgs/R-Nbs.png,Goodnight la,99575,990,0,12,2,0,0,False
justinbieber,https://www.instagram.com/p/B9UvKIgHA88,1583351290,./imgs/B9UvKIgHA88.png,nan,1546741,5508,0,0,0,0,0,False
justinbieber,https://www.instagram.com/p/7VzzJDAvn7,1441653357,./imgs/7VzzJDAvn7.png,Haha a couple bubblies and some good ol country folk,735764,6989,0,52,10,0,0,True
justinbieber,https://www.instagram.com/p/B-NrrJyny8N,1585262099,./imgs/B-NrrJyny8N.png,nan,359022,2909,0,0,0,0,0,True
justinbieber,https://www.instagram.com/p/CRg6aQ0HdRJ,1626709516,./imgs/CRg6aQ0HdRJ.png,Love you @djtayjames 📷: @evanpaterakis,1024373,3526,0,38,5,1,0,False
justinbieber,https://www.instagram.com/p/5YyK_jAvo3,1437458200,./imgs/5YyK_jAvo3.png,nan,1226040,35155,0,0,0,0,0,False
justinbieber,https://www.instagram.com/p/hu6Kn9Avsy,1386660981,./imgs/hu6Kn9Avsy.png,Blue,734152,10591,0,4,1,0,0,False
justinbieber,https://www.instagram.com/p/BVeoZFvDu4_,1497783941,./imgs/BVeoZFvDu4_.png,nan,1157231,10240,0,0,0,0,0,False
justinbieber,https://www.instagram.com/p/B4izTHonFku,1573085805,./imgs/B4izTHonFku.png,Follow @kittysushiandtuna,798899,2160,0,25,2,0,0,False
justinbieber,https://www.instagram.com/p/6Z7nCpgvpf,1439644186,./imgs/6Z7nCpgvpf.png,13 Days,667534,8717,0,7,2,0,0,False
justinbieber,https://www.instagram.com/p/B-L1n9snRbV,1585200174,./imgs/B-L1n9snRbV.png,nan,396044,994,0,0,0,0,0,False
justinbieber,https://www.instagram.com/p/BA0WHbEgvg9,1453415400,./imgs/BA0WHbEgvg9.png,Good height Poo,1773776,23680,0,15,3,0,0,False
justinbieber,https://www.instagram.com/p/CQyebOeH1B_,1625151340,./imgs/CQyebOeH1B_.png,"God is not flippy floppy, if he says it that settles it. GOD IS ALWAYS THE SAME! GOD IS ALWAYS FAITHFUL, GOD IS ALWAYS TRUSTWORTHY! GOD IS NOT SURPRISED BY ANYTHING. HE KNEW EVERYTHING U WERE GOING TO DO BEFORE DOING IT AND STILL HE CALLS YOU HIS SON AND DAUGHTER! YOU ARE HIS AND HE IS OBSESSED WITH YOU 🥰😍😍😍",602116,6385,0,309,61,4,0,False
justinbieber,https://www.instagram.com/p/p5xteUgvsW,1404205516,./imgs/p5xteUgvsW.png,With the homies.@stassiebaby and @nashgrier,1285280,65179,0,43,5,0,0,False
justinbieber,https://www.instagram.com/p/-KJKqqgvrW,1447704358,./imgs/-KJKqqgvrW.png,So @ryangood24 called me to talk about the #PURPOSE album being out.,662453,4382,1,68,12,0,0,True
justinbieber,https://www.instagram.com/p/kEa5T-gviD,1391677751,./imgs/kEa5T-gviD.png,♛,905633,21634,0,1,1,0,0,False
justinbieber,https://www.instagram.com/p/P2gms,1318369350,./imgs/P2gms.png,Extras,104351,690,0,6,1,0,0,False
justinbieber,https://www.instagram.com/p/CRkUApZHYXy,1626823601,./imgs/CRkUApZHYXy.png,📸: @rorykramer,802292,2434,0,14,2,1,0,False
justinbieber,https://www.instagram.com/p/BV0ITJFjSEJ,1498505313,./imgs/BV0ITJFjSEJ.png,"More than a rapper, a culture shifter and legend.. best of our generation",1967300,22130,0,73,13,0,0,False
justinbieber,https://www.instagram.com/p/BwInNn6nORx,1555027184,./imgs/BwInNn6nORx.png,Coachella better be this good this year @kendalljenner,4631104,19420,0,54,8,0,0,False
justinbieber,https://www.instagram.com/p/BI3OqM2hJDA,1470692023,./imgs/BI3OqM2hJDA.png,nan,1265417,24620,0,0,0,0,0,False
justinbieber,https://www.instagram.com/p/B66wYTsnTF7,1578184569,./imgs/B66wYTsnTF7.png,@j4ckson7 #yummy,678749,3776,1,16,2,0,0,True
justinbieber,https://www.instagram.com/p/BJGpKDHhhtc,1471209232,./imgs/BJGpKDHhhtc.png,It's okay he's a limo driver,1230574,146892,0,28,6,0,0,False
justinbieber,https://www.instagram.com/p/3vCg-bAvlZ,1433909999,./imgs/3vCg-bAvlZ.png,Pit stop in Alaska Hong Kong here we come,1131342,12310,0,41,9,0,0,False
justinbieber,https://www.instagram.com/p/B_vSh3bnuq-,1588537217,./imgs/B_vSh3bnuq-.png,@jazmynbieber @alliebieber,1347636,3580,0,26,2,0,0,False
justinbieber,https://www.instagram.com/p/960Lo-AvkX,1447190039,./imgs/960Lo-AvkX.png,nan,712781,5978,0,0,0,0,0,True
justinbieber,https://www.instagram.com/p/BEOTTLuAvue,1460728790,./imgs/BEOTTLuAvue.png,Da bears,2180006,90203,0,8,2,0,0,False
justinbieber,https://www.instagram.com/p/BBn6eJ2Avh1,1455145737,./imgs/BBn6eJ2Avh1.png,nan,1760191,34325,0,0,0,0,0,False
justinbieber,https://www.instagram.com/p/CDnOMu5Hyya,1596856789,./imgs/CDnOMu5Hyya.png,LETS GO LEAFS !! LOVE WATCHING THESE GAMES WITH MY WIFE SHE MAKES IT 100000  TIMES BETTER!! WHAT A GAME! WHAT A COMEBACK!! I HAVE NO WORDS,1032759,9188,0,138,27,0,0,True
justinbieber,https://www.instagram.com/p/t8nEL4gvrA,1412890533,./imgs/t8nEL4gvrA.png,Vatican,952606,15385,0,7,1,0,0,False
justinbieber,https://www.instagram.com/p/BDPyHzRgvsX,1458631020,./imgs/BDPyHzRgvsX.png,nan,1645351,18103,0,0,0,0,0,False
justinbieber,https://www.instagram.com/p/BBrXa_Tgvn0,1455261579,./imgs/BBrXa_Tgvn0.png,nan,874289,10027,0,0,0,0,0,True
justinbieber,https://www.instagram.com/p/0gWLfwgvjE,1426974541,./imgs/0gWLfwgvjE.png,nan,1409307,25802,0,0,0,0,0,False
justinbieber,https://www.instagram.com/p/7S_PsLAvqU,1441558695,./imgs/7S_PsLAvqU.png,nan,1066338,34284,0,0,0,0,0,True
justinbieber,https://www.instagram.com/p/tL5R-BgvvX,1411255916,./imgs/tL5R-BgvvX.png,nan,1071732,20953,0,0,0,0,0,False
justinbieber,https://www.instagram.com/p/CJzKCwDnaqI,1610141822,./imgs/CJzKCwDnaqI.png,📷: @rorykramer,1454249,6146,0,14,2,1,0,False
justinbieber,https://www.instagram.com/p/0zAs_4Avpt,1427600816,./imgs/0zAs_4Avpt.png,"Had fun with u Ariana, even tho I forgot all the words haha",2021164,85614,0,59,13,0,0,False
justinbieber,https://www.instagram.com/p/Q1aKcngvq6,1350371862,./imgs/Q1aKcngvq6.png,I want a lifetime supply,258990,3176,0,24,5,0,0,False
justinbieber,https://www.instagram.com/p/CD1jyTTHreR,1597337526,./imgs/CD1jyTTHreR.png,nan,725683,5255,0,0,0,0,0,False
justinbieber,https://www.instagram.com/p/BxIG54_HGQR,1557157729,./imgs/BxIG54_HGQR.png,Ballin like MJ,1510116,9135,0,14,3,0,0,False
justinbieber,https://www.instagram.com/p/a1MVy_AvrN,1371839451,./imgs/a1MVy_AvrN.png,New musiq,872039,32141,0,9,2,0,0,False
justinbieber,https://www.instagram.com/p/CapsWAHvYm1,1646331484,./imgs/CapsWAHvYm1.png,📷: @rorykramer,714518,2848,0,14,2,1,0,False
justinbieber,https://www.instagram.com/p/7HEs10Avst,1441158902,./imgs/7HEs10Avst.png,We all fly,913875,9727,0,10,3,0,0,False
justinbieber,https://www.instagram.com/p/CaQL42NvN8m,1645475607,./imgs/CaQL42NvN8m.png,📷: @rorykramer,1030055,4640,0,14,2,1,0,False
justinbieber,https://www.instagram.com/p/8f_cz7AvqB,1444142494,./imgs/8f_cz7AvqB.png,nan,1137677,18129,0,0,0,0,0,False
justinbieber,https://www.instagram.com/p/B64XW7MHsHx,1578104321,./imgs/B64XW7MHsHx.png,NYC BABY,1079240,3721,0,8,2,0,0,False
justinbieber,https://www.instagram.com/p/BVk1ZfFDwHA,1497992087,./imgs/BVk1ZfFDwHA.png,nan,1765903,27726,0,0,0,0,0,False
justinbieber,https://www.instagram.com/p/-RTMPIAvsX,1447944494,./imgs/-RTMPIAvsX.png,Watch the NEW #CarpoolKaraoke with @jkcorden @latelateshow out now -----> https://t.co/TdTyZQU4ra,1097092,22980,1,97,11,0,0,True
justinbieber,https://www.instagram.com/p/B8APscjHG2h,1580516222,./imgs/B8APscjHG2h.png,👀 @drewhouse,588081,762,0,12,2,1,0,False
justinbieber,https://www.instagram.com/p/g8zgNVgvqD,1384979766,./imgs/g8zgNVgvqD.png,nan,809195,11387,0,0,0,0,0,False
justinbieber,https://www.instagram.com/p/B477Kp6HDOZ,1573928791,./imgs/B477Kp6HDOZ.png,@grimes.eye,477556,1366,0,11,1,0,0,False
justinbieber,https://www.instagram.com/p/9bLlaXgvle,1446128567,./imgs/9bLlaXgvle.png,Not real but I like it,1207357,15433,0,22,6,0,0,False
justinbieber,https://www.instagram.com/p/CDeW_81ngZT,1596559070,./imgs/CDeW_81ngZT.png,My brother @ryangood24 holding it down,832524,4239,0,38,6,0,0,False
justinbieber,https://www.instagram.com/p/CQ1I4HuHRvt,1625240705,./imgs/CQ1I4HuHRvt.png,Watching stay video for the first time 📷: @rorykramer,1585823,4229,0,53,9,1,0,False
justinbieber,https://www.instagram.com/p/CaQMUjBvruH,1645475834,./imgs/CaQMUjBvruH.png,🥺🥺 📷: @rorykramer,1586242,12701,0,17,3,3,0,False
justinbieber,https://www.instagram.com/p/-sDhLogvm0,1448842247,./imgs/-sDhLogvm0.png,nan,1036309,5668,0,0,0,0,0,False
justinbieber,https://www.instagram.com/p/r8IlEsgvhS,1408579582,./imgs/r8IlEsgvhS.png,My design 1 of 1 pink suede  #adidas,869805,13822,1,36,8,0,0,False
justinbieber,https://www.instagram.com/p/CIlR6L_h9gi,1607528701,./imgs/CIlR6L_h9gi.png,nan,1119700,3144,0,0,0,0,0,False
justinbieber,https://www.instagram.com/p/BBkOz1sAvk1,1455022183,./imgs/BBkOz1sAvk1.png,nan,1625653,32120,0,0,0,0,0,False
justinbieber,https://www.instagram.com/p/CRCHNKEns5l,1625676037,./imgs/CRCHNKEns5l.png,Need u to stay @thekidlaroi 📷: @rorykramer,1226801,4887,0,42,7,1,0,False
justinbieber,https://www.instagram.com/p/BhW5N_KjQcl,1523294132,./imgs/BhW5N_KjQcl.png,Just a couple of stratty boys,3337644,108339,0,29,6,0,0,False
justinbieber,https://www.instagram.com/p/B-MHAmCn1qx,1585209318,./imgs/B-MHAmCn1qx.png,#comearoundmechallenge,295426,2504,1,22,1,0,0,True
justinbieber,https://www.instagram.com/p/VIZ9DDgvhS,1359599221,./imgs/VIZ9DDgvhS.png,Fun day,927808,45102,0,7,2,0,0,False
justinbieber,https://www.instagram.com/p/9eRrfXgvmX,1446232426,./imgs/9eRrfXgvmX.png,Should I? Love to my bro @champagnepapi. Canadian boys really doing it. #PURPOSE 1 (213) 322-1113,766869,18530,1,97,16,0,0,False
justinbieber,https://www.instagram.com/p/bvSxO5Avio,1373788979,./imgs/bvSxO5Avio.png,nan,837453,18169,0,0,0,0,0,False
justinbieber,https://www.instagram.com/p/BEu_rFwgvkm,1461825796,./imgs/BEu_rFwgvkm.png,"And on the 7th day..... AND MY GOODNESS I WAS MAKING A REFERENCE, I AM NOT COMPARING MYSELF TO GOD IM THE FARTHEST THING FROM!!!! IT WAS MY WAY OF SAYING HOW IMPORTANT REST IS.. WHEN THERE IS NOTHING TO PICK AT ME FOR YOU MAKE SOMETHING OUT OF NOTHING BUT I GET IT YOU NEED  RATINGS AND TRACTION YOUR BLOGS. But if truthfully if you were offended it was in no way shape or form me comparing myself to the most high.",1837162,30651,0,415,83,0,0,False
justinbieber,https://www.instagram.com/p/lZ_AZ,1327745171,./imgs/lZ_AZ.png,nan,143027,1833,0,0,0,0,0,False
justinbieber,https://www.instagram.com/p/BDwXNd4AvpN,1459724207,./imgs/BDwXNd4AvpN.png,nan,1713352,63678,0,0,0,0,0,False
justinbieber,https://www.instagram.com/p/B64mreRn3oC,1578112407,./imgs/B64mreRn3oC.png,nan,491390,2562,0,0,0,0,0,True
justinbieber,https://www.instagram.com/p/B_2qXVbn8FD,1588784619,./imgs/B_2qXVbn8FD.png,2 days until #stuckwithu . @arianagrande,449464,2855,1,40,6,0,0,True
justinbieber,https://www.instagram.com/p/efMbSiAvik,1379691233,./imgs/efMbSiAvik.png,nan,772646,15081,0,0,0,0,0,False
justinbieber,https://www.instagram.com/p/cQaLuAAvqF,1374900162,./imgs/cQaLuAAvqF.png,@maejorali with the Alexander McQueen,653818,6145,0,37,5,0,0,False
justinbieber,https://www.instagram.com/p/B0Z5VPeHMgW,1564197054,./imgs/B0Z5VPeHMgW.png,nan,706086,3335,0,0,0,0,0,True
justinbieber,https://www.instagram.com/p/BCg0awKgvhy,1457055166,./imgs/BCg0awKgvhy.png,nan,1523460,8993,0,0,0,0,0,False
justinbieber,https://www.instagram.com/p/CM280jFH6vp,1616711559,./imgs/CM280jFH6vp.png,Peep tiny desk on youtube,1067166,4652,0,25,5,0,0,False
justinbieber,https://www.instagram.com/p/CDxXtQoHQIz,1597197183,./imgs/CDxXtQoHQIz.png,EVERY HUMAN LIFE IS OF INFINITE VALUE,539809,4045,0,37,7,0,0,True
justinbieber,https://www.instagram.com/p/CJeD-67nBeN,1609434002,./imgs/CJeD-67nBeN.png,Dropping the #ANYONE song and music video right after #BieberNYE,1358149,11909,2,64,10,0,0,False
justinbieber,https://www.instagram.com/p/b1fPpBgvuD,1373996846,./imgs/b1fPpBgvuD.png,Wow this warms my heart,822177,22048,0,23,5,0,0,False
justinbieber,https://www.instagram.com/p/BS5NftljRVH,1492233359,./imgs/BS5NftljRVH.png,nan,2109942,32858,0,0,0,0,0,False
justinbieber,https://www.instagram.com/p/BEmRtmEAvjO,1461533264,./imgs/BEmRtmEAvjO.png,nan,1343379,13674,0,0,0,0,0,False
justinbieber,https://www.instagram.com/p/MvlRL,1315706072,./imgs/MvlRL.png,Tryna be in thenext friday the 13th movie.,121682,1685,0,42,8,0,0,False
justinbieber,https://www.instagram.com/p/BSbhbW9jYgz,1491237176,./imgs/BSbhbW9jYgz.png,All or nothing,2966624,106100,0,14,3,0,0,False
justinbieber,https://www.instagram.com/p/SybrdPgvqv,1354566960,./imgs/SybrdPgvqv.png,"Cuz I'm Right Here, ain't nobody gotta hold ya",534336,25125,0,46,9,0,0,False
justinbieber,https://www.instagram.com/p/CHf1P8nh8xD,1605198447,./imgs/CHf1P8nh8xD.png,nan,358597,2586,0,0,0,0,0,True
justinbieber,https://www.instagram.com/p/He7GX_AvuS,1330290025,./imgs/He7GX_AvuS.png,Miss u too Jaxo,220943,5743,0,15,4,0,0,False
justinbieber,https://www.instagram.com/p/qNWD2lgvuH,1404862108,./imgs/qNWD2lgvuH.png,I love this Girl. Such an inspiration for young women. Good seeing you Soph.,1213981,25277,0,76,14,0,0,False
justinbieber,https://www.instagram.com/p/BHdAVQkBjfQ,1467664613,./imgs/BHdAVQkBjfQ.png,nan,833291,8198,0,0,0,0,0,False
justinbieber,https://www.instagram.com/p/B3H0YOLnsZn,1570033004,./imgs/B3H0YOLnsZn.png,New music. Wedding music. @danandshay and this guy. Friday,1739805,23044,0,58,9,0,0,True
justinbieber,https://www.instagram.com/p/B1iDzXuHZSq,1566618452,./imgs/B1iDzXuHZSq.png,nan,2014008,8150,0,0,0,0,0,False
justinbieber,https://www.instagram.com/p/BHgBMbJBEOa,1467765728,./imgs/BHgBMbJBEOa.png,The two little minions,1456807,10192,0,22,4,0,1,False
justinbieber,https://www.instagram.com/p/BGu6WuSgvoV,1466117975,./imgs/BGu6WuSgvoV.png,#bieberbear,1187509,14041,1,11,1,0,0,False
justinbieber,https://www.instagram.com/p/IncFi,1311740716,./imgs/IncFi.png,Next album is gonna be insane ,145008,2983,0,30,6,0,0,False
justinbieber,https://www.instagram.com/p/dGoGdFAvkI,1376719398,./imgs/dGoGdFAvkI.png,nan,623211,24458,0,0,0,0,0,True
justinbieber,https://www.instagram.com/p/iQDeN3gvq7,1387773157,./imgs/iQDeN3gvq7.png,What is your favorite song on #Journals? Take a pic and show me u got it. #journals http://smarturl.it/journals,555473,15660,2,111,18,0,0,False
justinbieber,https://www.instagram.com/p/B8AP2d6nCqD,1580516304,./imgs/B8AP2d6nCqD.png,👀 @drewhouse,466381,788,0,12,2,1,0,False
justinbieber,https://www.instagram.com/p/BhUP9JhDqY9,1523205389,./imgs/BhUP9JhDqY9.png,nan,4252269,83502,0,0,0,0,0,False
justinbieber,https://www.instagram.com/p/BXvrmHXDrCa,1502651014,./imgs/BXvrmHXDrCa.png,Fresh fit big steps,1381373,13195,0,19,4,0,0,False
justinbieber,https://www.instagram.com/p/BUwveo_DKr5,1496244153,./imgs/BUwveo_DKr5.png,nan,1710491,28140,0,0,0,0,0,False
justinbieber,https://www.instagram.com/p/BBt5IR8Avpm,1455346360,./imgs/BBt5IR8Avpm.png,nan,1735187,13711,0,0,0,0,0,False
justinbieber,https://www.instagram.com/p/CGn0uRpHHQD,1603319095,./imgs/CGn0uRpHHQD.png,Don’t change the subject..,887600,9687,0,26,4,0,0,False
justinbieber,https://www.instagram.com/p/rSQNw3gvkr,1407174299,./imgs/rSQNw3gvkr.png,nan,951777,18697,0,0,0,0,0,False
justinbieber,https://www.instagram.com/p/CMJAyS7n924,1615170134,./imgs/CMJAyS7n924.png,"If you dont know now u know @thekidlaroi is on a 🌊🌊

📷: @rorykramer",2392186,8477,0,67,14,3,0,False
justinbieber,https://www.instagram.com/p/CCk0vdgHryC,1594628540,./imgs/CCk0vdgHryC.png,Me giving @mamajanmusic a hard time before a big show. Love you MAMA J,1275653,12902,0,70,14,0,0,True
justinbieber,https://www.instagram.com/p/eKzgdHAvor,1379007080,./imgs/eKzgdHAvor.png,nan,602709,11279,0,0,0,0,0,False
justinbieber,https://www.instagram.com/p/CHTQBUln00O,1604776247,./imgs/CHTQBUln00O.png,nan,4808927,39047,0,0,0,0,0,False
justinbieber,https://www.instagram.com/p/B-L6P5Cnnj_,1585202599,./imgs/B-L6P5Cnnj_.png,nan,720456,2355,0,0,0,0,0,False
justinbieber,https://www.instagram.com/p/B6WfmXaHO9p,1576967791,./imgs/B6WfmXaHO9p.png,nan,889561,1764,0,0,0,0,0,False
justinbieber,https://www.instagram.com/p/THQQW2gvpl,1355265614,./imgs/THQQW2gvpl.png,nan,313751,3524,0,0,0,0,0,False
justinbieber,https://www.instagram.com/p/1Qt4vZgvgv,1428597583,./imgs/1Qt4vZgvgv.png,Where are you now,872532,26893,0,17,4,0,0,True
justinbieber,https://www.instagram.com/p/B_0yjbynLgG,1588721780,./imgs/B_0yjbynLgG.png,Happy birthday @chrisbrownofficial ! Since I was young you’re music has inspired me! My first video to ever get a million views on YouTube was me singing your song “with you!” You will always hold a special place in my heart! So grateful to be your friend and brother!,3079177,19016,0,268,49,0,0,False
justinbieber,https://www.instagram.com/p/5421OyAvqP,1438534385,./imgs/5421OyAvqP.png,What Do You Mean!?!? #26days @lildickygram,649050,10748,1,42,6,0,0,True
justinbieber,https://www.instagram.com/p/vzCByxgvli,1416864092,./imgs/vzCByxgvli.png,nan,1020538,22831,0,0,0,0,0,False
justinbieber,https://www.instagram.com/p/BH-4uNnBGu0,1468801474,./imgs/BH-4uNnBGu0.png,nan,615645,3821,0,0,0,0,0,True
justinbieber,https://www.instagram.com/p/COwAMtPHoEo,1620773435,./imgs/COwAMtPHoEo.png,LET IT GO,1036163,7540,0,9,3,0,0,True
justinbieber,https://www.instagram.com/p/BAGTfc7gvk9,1451870520,./imgs/BAGTfc7gvk9.png,Love you gramma Kate,2040609,19278,0,20,4,0,0,False
justinbieber,https://www.instagram.com/p/nwra6tgvv4,1399605261,./imgs/nwra6tgvv4.png,@madisonbeer,1075121,42590,0,12,1,0,0,False
justinbieber,https://www.instagram.com/p/BDINlLBgvhU,1458376981,./imgs/BDINlLBgvhU.png,My life is a movie,2007586,35757,0,18,5,0,1,False
justinbieber,https://www.instagram.com/p/B7D3_g_Hrkv,1578490529,./imgs/B7D3_g_Hrkv.png,@Johnny,577241,3170,0,7,1,0,0,False
justinbieber,https://www.instagram.com/p/T1-i_3Avgb,1356833388,./imgs/T1-i_3Avgb.png,nan,401704,8827,0,0,0,0,0,False
justinbieber,https://www.instagram.com/p/BZFfqG3jvNx,1505530436,./imgs/BZFfqG3jvNx.png,ILL LOVE YOU TIL THE DAY WE DIE.,1290404,25625,0,32,8,0,0,False
justinbieber,https://www.instagram.com/p/BUU93FiDXLX,1495312169,./imgs/BUU93FiDXLX.png,Conjunctivitis,1258066,61699,0,14,1,0,0,False
justinbieber,https://www.instagram.com/p/96M3oaAvhN,1447169428,./imgs/96M3oaAvhN.png,Thanks @zoolander. I think:) #3days #PURPOSE,581996,4054,2,44,6,0,0,True
justinbieber,https://www.instagram.com/p/CNqHvB1nU8F,1618428557,./imgs/CNqHvB1nU8F.png,The boys,1367399,4661,0,8,2,0,0,False
justinbieber,https://www.instagram.com/p/CI95XWvnfPq,1608354693,./imgs/CI95XWvnfPq.png,Lookin like it’s turnin into some-thin,1898911,8687,0,38,6,0,3,False
justinbieber,https://www.instagram.com/p/CNVSN8Hni5q,1617729423,./imgs/CNVSN8Hni5q.png,nan,432440,4288,0,0,0,0,0,True
justinbieber,https://www.instagram.com/p/7X5QS-gvkp,1441723326,./imgs/7X5QS-gvkp.png,Little Justin,1163084,36769,0,13,2,0,0,False
justinbieber,https://www.instagram.com/p/CJjYcY4Hv-e,1609612502,./imgs/CJjYcY4Hv-e.png,📷: @ryangood24,1973977,6261,0,14,2,1,0,False
justinbieber,https://www.instagram.com/p/njRKEpAvqS,1399155284,./imgs/njRKEpAvqS.png,Make sure to get @floydmayweather's fight tonight on PPV! I’ll be walking him out with a special surprise ♛,989337,14253,0,107,19,0,0,False
justinbieber,https://www.instagram.com/p/6LC3R2Avip,1439144673,./imgs/6LC3R2Avip.png,What Do You Mean? @bigsean #19Days,792340,12487,1,34,6,0,0,False
justinbieber,https://www.instagram.com/p/BUwu_fWD-QE,1496243898,./imgs/BUwu_fWD-QE.png,nan,1053248,21533,0,0,0,0,0,False
justinbieber,https://www.instagram.com/p/BGqlPJOgvn7,1465972685,./imgs/BGqlPJOgvn7.png,Never would have made it without you,1670394,36288,0,36,7,0,0,False
justinbieber,https://www.instagram.com/p/BhvC5O1Da-6,1524104511,./imgs/BhvC5O1Da-6.png,Y’all need to meet my sister Rachel Bieber,5475388,196353,0,42,8,0,0,False
justinbieber,https://www.instagram.com/p/96MJp-gvv4,1447169051,./imgs/96MJp-gvv4.png,#3days #PURPOSE,616629,2789,2,15,2,0,0,False
justinbieber,https://www.instagram.com/p/CNkhMaWnCur,1618240680,./imgs/CNkhMaWnCur.png,nan,600006,3429,0,0,0,0,0,True
justinbieber,https://www.instagram.com/p/oexUAqgvmw,1401151854,./imgs/oexUAqgvmw.png,I see you In that Dolce Dress. Glad u had fun. :),924216,71865,0,49,12,0,0,False
justinbieber,https://www.instagram.com/p/B8f1R5CHp4d,1581576115,./imgs/B8f1R5CHp4d.png,Love riding my bike,1656554,5675,0,19,4,0,0,False
justinbieber,https://www.instagram.com/p/rtZ_lEAvt2,1408085396,./imgs/rtZ_lEAvt2.png,nan,909194,16914,0,0,0,0,0,False
justinbieber,https://www.instagram.com/p/B6oEcAoH_DF,1577557530,./imgs/B6oEcAoH_DF.png,December 31 noon... January 3... January 4 noon.... #2020,603029,2859,1,57,9,0,0,False
justinbieber,https://www.instagram.com/p/COgx_E5HMRe,1620262648,./imgs/COgx_E5HMRe.png,📷: @rorykramer,492577,1525,0,14,2,1,0,False
justinbieber,https://www.instagram.com/p/4f5kx0Avoc,1435549479,./imgs/4f5kx0Avoc.png,"Back with the  two best human beings on the planet they inspire me to be better, thank you for pouring your heart out to me so I can continue to pour into others #ducklips",1035958,8336,1,171,34,0,0,False
justinbieber,https://www.instagram.com/p/wAYzgJgvtL,1417312241,./imgs/wAYzgJgvtL.png,nan,689900,23451,0,0,0,0,0,True
justinbieber,https://www.instagram.com/p/fla_hugvpt,1382047680,./imgs/fla_hugvpt.png,#musicmondays #HoldTight,624957,10267,2,24,2,0,0,False
justinbieber,https://www.instagram.com/p/BCZY1Lrgvhc,1456805821,./imgs/BCZY1Lrgvhc.png,nan,2226128,297214,0,0,0,0,0,False
justinbieber,https://www.instagram.com/p/B69yMnZHija,1578286228,./imgs/B69yMnZHija.png,Love you @dreamcatchersda,857215,9536,0,25,3,0,0,True
justinbieber,https://www.instagram.com/p/CDNdSn0HAyc,1595991960,./imgs/CDNdSn0HAyc.png,@champagnepapi @djkhaled @lamborghini,2935435,16384,0,37,3,0,0,True
justinbieber,https://www.instagram.com/p/B1DW9-aHF8D,1565588313,./imgs/B1DW9-aHF8D.png,nan,1287635,5188,0,0,0,0,0,False
justinbieber,https://www.instagram.com/p/BzXemISHwPL,1561968443,./imgs/BzXemISHwPL.png,nan,1231974,9624,0,0,0,0,0,True
justinbieber,https://www.instagram.com/p/CJ2Oq3Kn_AN,1610244911,./imgs/CJ2Oq3Kn_AN.png,Luv u @joetermini,1551839,4257,0,17,3,0,0,False
justinbieber,https://www.instagram.com/p/B4iysnqnZSW,1573085490,./imgs/B4iysnqnZSW.png,@kittysushiandtuna,670355,1783,0,18,1,0,0,False
justinbieber,https://www.instagram.com/p/CEWPrXKHkw-,1598434280,./imgs/CEWPrXKHkw-.png,nan,830430,8110,0,0,0,0,0,False
justinbieber,https://www.instagram.com/p/-xc8NwAvtH,1449023348,./imgs/-xc8NwAvtH.png,Haircut need,1239792,25418,0,12,2,0,0,False
justinbieber,https://www.instagram.com/p/qREiPEAvnM,1404987137,./imgs/qREiPEAvnM.png,nan,933837,11370,0,0,0,0,0,False
justinbieber,https://www.instagram.com/p/B4EDy-KgAdp,1572054267,./imgs/B4EDy-KgAdp.png,The goat @auston_matthews,778736,2223,0,25,3,0,0,False
justinbieber,https://www.instagram.com/p/CA6P3jlHHa8,1591052405,./imgs/CA6P3jlHHa8.png,nan,986414,11919,0,0,0,0,0,False
justinbieber,https://www.instagram.com/p/mBVfFagvh_,1395869219,./imgs/mBVfFagvh_.png,♛,1089368,32953,0,1,1,0,0,False
justinbieber,https://www.instagram.com/p/B6zgcknn-5b,1577941314,./imgs/B6zgcknn-5b.png,#YUMMY,560376,1939,1,6,1,0,0,False
justinbieber,https://www.instagram.com/p/67NB-fgvjw,1440760616,./imgs/67NB-fgvjw.png,#whatdoyoumean lyric video with the legend my boy @shecks watch til end ;) @vevo http://smarturl.it/WDYMlv,850786,19823,1,106,15,0,0,True
justinbieber,https://www.instagram.com/p/PZPgvdAvrZ,1347279269,./imgs/PZPgvdAvrZ.png,Pray for avalanna,358929,12410,0,17,3,0,0,False
justinbieber,https://www.instagram.com/p/BH_oCbBBcTk,1468826281,./imgs/BH_oCbBBcTk.png,nan,1231816,47524,0,0,0,0,0,True
justinbieber,https://www.instagram.com/p/VmxhJUgvqu,1360618208,./imgs/VmxhJUgvqu.png,Captain jaxon,615263,10825,0,13,2,0,0,False
justinbieber,https://www.instagram.com/p/BRVbxViDdjN,1488885400,./imgs/BRVbxViDdjN.png,nan,2365302,30688,0,0,0,0,0,False
justinbieber,https://www.instagram.com/p/CKWw52RHPym,1611336623,./imgs/CKWw52RHPym.png,"I can’t wait for you to hear this album 

🎥: @rorykramer",1202125,15695,0,56,11,1,0,True
justinbieber,https://www.instagram.com/p/7xEgaZgvkv,1442568086,./imgs/7xEgaZgvkv.png,Promos been Fun early mornings late nights,1485647,40553,0,42,7,0,0,False
justinbieber,https://www.instagram.com/p/96maGxAvsg,1447182818,./imgs/96maGxAvsg.png,My Beliebers still got it lol second show added for Staples on Friday http://smarturl.it/EveningWithJB2  #PURPOSE,638907,7365,1,113,15,0,0,False
justinbieber,https://www.instagram.com/p/CX6P7TlLiY2,1640444559,./imgs/CX6P7TlLiY2.png,Allow god to love you with no catch.,896989,12856,0,36,8,0,0,False
justinbieber,https://www.instagram.com/p/BVubzFPj5rv,1498314209,./imgs/BVubzFPj5rv.png,nan,1150925,11661,0,0,0,0,0,False
justinbieber,https://www.instagram.com/p/hh626KAvve,1386225136,./imgs/hh626KAvve.png,My beliebers are f********* AMAZING I love you! #forever,911127,22322,1,56,9,0,0,False
justinbieber,https://www.instagram.com/p/TjzEDBAvhD,1356223387,./imgs/TjzEDBAvhD.png,nan,347679,2941,0,0,0,0,0,False
justinbieber,https://www.instagram.com/p/dlTRM4gvvv,1377748663,./imgs/dlTRM4gvvv.png,3 bosses,876565,28728,0,8,2,0,0,False
justinbieber,https://www.instagram.com/p/BJE9iboh2qP,1471152809,./imgs/BJE9iboh2qP.png,nan,1487999,50207,0,0,0,0,0,False
justinbieber,https://www.instagram.com/p/BGaOZjEgvs5,1465423841,./imgs/BGaOZjEgvs5.png,#legend,886742,5508,1,7,1,0,0,False
justinbieber,https://www.instagram.com/p/6Gg51XgvrW,1438992650,./imgs/6Gg51XgvrW.png,nan,836335,4376,0,0,0,0,1,False
justinbieber,https://www.instagram.com/p/B8FRHuknhvN,1580684742,./imgs/B8FRHuknhvN.png,nan,511195,1237,0,0,0,0,0,False
justinbieber,https://www.instagram.com/p/z4FMtNAvir,1425623461,./imgs/z4FMtNAvir.png,nan,1036582,11162,0,0,0,0,0,False
justinbieber,https://www.instagram.com/p/CKwmYe4HIQE,1612203501,./imgs/CKwmYe4HIQE.png,Let’s just take a second to remember the superhero’s we call MOM’S! Love you MOM.,707789,8565,0,81,15,0,0,False
justinbieber,https://www.instagram.com/p/BHEQKdRBfVF,1466834052,./imgs/BHEQKdRBfVF.png,Where are you now that I need ya,1516826,29810,0,32,8,0,0,False
justinbieber,https://www.instagram.com/p/BGaNj2XgvqV,1465423401,./imgs/BGaNj2XgvqV.png,#legend,1109261,15839,1,7,1,0,0,False
justinbieber,https://www.instagram.com/p/CLUpfgGH_du,1613413091,./imgs/CLUpfgGH_du.png,"Dreams come drew. Thanks to everyone involved in putting this together. What a night.

📷: @rorykramer",758531,3235,0,101,16,1,0,False
justinbieber,https://www.instagram.com/p/B-L1nDTnvjM,1585200167,./imgs/B-L1nDTnvjM.png,nan,524535,1636,0,0,0,0,0,False
justinbieber,https://www.instagram.com/p/xsYPAPAvqu,1420935821,./imgs/xsYPAPAvqu.png,For all u fools saying cut my hair it's in an awkward stage I'm sorry lol. But I'm growing it out and there's gonna a be a period of time where it looks dumb lol a hat only does so much. #insecure lol,1223876,51234,1,200,43,0,0,False
justinbieber,https://www.instagram.com/p/CPZkzvdHXJ6,1622168342,./imgs/CPZkzvdHXJ6.png,📸: @rorykramer,1697208,8276,0,14,2,1,0,False
justinbieber,https://www.instagram.com/p/_7CaLYgvit,1451492466,./imgs/_7CaLYgvit.png,nan,1399912,16581,0,0,0,0,0,False
justinbieber,https://www.instagram.com/p/9qtrR_gvqa,1446649757,./imgs/9qtrR_gvqa.png,Miss these guys,866769,2925,0,15,3,0,4,False
justinbieber,https://www.instagram.com/p/6pqafNAvvh,1440172042,./imgs/6pqafNAvvh.png,@gigihadid. Thanks. #7days #whatdoyoumean,761430,4742,2,41,4,0,0,False
justinbieber,https://www.instagram.com/p/vt5nQcgvsN,1416691908,./imgs/vt5nQcgvsN.png,Happy birthday @khalil love you,910671,11575,0,31,5,0,0,False
justinbieber,https://www.instagram.com/p/907j6dgvv_,1446992581,./imgs/907j6dgvv_.png,@fuckjerry,885117,38088,0,10,1,0,0,False
justinbieber,https://www.instagram.com/p/UXqe9jgvnr,1357963720,./imgs/UXqe9jgvnr.png,Back of the bach at the top with the gwap,477382,7836,0,41,10,0,0,False
justinbieber,https://www.instagram.com/p/9OaX7bgvnD,1445700113,./imgs/9OaX7bgvnD.png,♛,962111,10157,0,1,1,0,0,False
justinbieber,https://www.instagram.com/p/_KGNHDgvok,1449850288,./imgs/_KGNHDgvok.png,Europe. Pre-sale for the #PurposeWorldTour is now available on fahlo.me/justinbieber. Thanks,991645,78014,1,92,11,0,0,False
justinbieber,https://www.instagram.com/p/B8ZLbuJnj-U,1581352872,./imgs/B8ZLbuJnj-U.png,Have you seen the #intentions music video yet?,341920,2757,1,46,8,0,0,True
justinbieber,https://www.instagram.com/p/B3FhyYcHH9p,1569956062,./imgs/B3FhyYcHH9p.png,Looking forward to forever with you @haileybieber,7975405,60345,0,49,7,0,0,False
justinbieber,https://www.instagram.com/p/BRj1VBNjYSR,1489368561,./imgs/BRj1VBNjYSR.png,nan,1788338,17133,0,0,0,0,0,False
justinbieber,https://www.instagram.com/p/BGaQH3cAvhE,1465424745,./imgs/BGaQH3cAvhE.png,#legend,1031231,13450,1,7,1,0,0,False
justinbieber,https://www.instagram.com/p/CULcULRhDCl,1632431635,./imgs/CULcULRhDCl.png,nan,357853,1900,0,0,0,0,0,True
justinbieber,https://www.instagram.com/p/CNviqBLnP-E,1618610444,./imgs/CNviqBLnP-E.png,Northwestern squad,2650513,9042,0,18,2,0,0,False
justinbieber,https://www.instagram.com/p/oEpo0CAvtT,1400275415,./imgs/oEpo0CAvtT.png,"Hoopin with the boyz @carmeloanthony left his jump shot at home, I left my height.",982840,16149,0,82,15,0,0,False
justinbieber,https://www.instagram.com/p/BIdmAhxh1Sp,1469831850,./imgs/BIdmAhxh1Sp.png,Get your purpose staff apparel at urban outfitters,1026444,11071,0,50,8,0,0,False
justinbieber,https://www.instagram.com/p/B3MRZDvHbOT,1570182347,./imgs/B3MRZDvHbOT.png,nan,718308,2827,0,0,0,0,0,False
justinbieber,https://www.instagram.com/p/B5fx-TJHp_G,1575132068,./imgs/B5fx-TJHp_G.png,"GOOD MORNING HERE IS A GUIDED PRAYER TO START YOUR DAY,! FIND A COMFY POSITION AND ENJOY! @churchome",338507,3115,0,100,18,0,0,True
justinbieber,https://www.instagram.com/p/BwXeKbwHjE2,1555525797,./imgs/BwXeKbwHjE2.png,Let’s save the Earth @lildickygram . New song and video tomorrow night 🌎,2036883,51933,0,72,13,1,0,True
justinbieber,https://www.instagram.com/p/CaAcCmDvw82,1644947204,./imgs/CaAcCmDvw82.png,nan,1645653,4241,0,0,0,0,0,False
justinbieber,https://www.instagram.com/p/BGyWzwXAvrF,1466233557,./imgs/BGyWzwXAvrF.png,Yeezy season 2,1484147,12961,0,14,3,0,0,False
justinbieber,https://www.instagram.com/p/BHu1sJ3Bbb9,1468263013,./imgs/BHu1sJ3Bbb9.png,Meditate,1494901,12935,0,8,1,0,0,False
justinbieber,https://www.instagram.com/p/BUVFcBnjgHb,1495316142,./imgs/BUVFcBnjgHb.png,nan,1096495,28500,0,0,0,0,0,False
justinbieber,https://www.instagram.com/p/B5oS0COH4ZH,1575417583,./imgs/B5oS0COH4ZH.png,When I was young I was uneducated and found myself saying really hurtful things not knowing the power of my words. Racism Is still very prevalent  and I want to use my voice to remind we are all human being and all of EQUAL VALUE BEFORE GOD!,733492,10117,0,241,47,0,0,False
justinbieber,https://www.instagram.com/p/CLXINOVHvA1,1613496303,./imgs/CLXINOVHvA1.png,Greatest news in human history. This either changes nothing or changes EVERYTHING.,606516,5830,0,82,12,0,0,False
justinbieber,https://www.instagram.com/p/6ubcy4gvuI,1440331968,./imgs/6ubcy4gvuI.png,5 Days,562550,3559,0,6,2,0,0,False
justinbieber,https://www.instagram.com/p/7i1jIKgvrZ,1442090482,./imgs/7i1jIKgvrZ.png,nan,1266989,30243,0,0,0,0,0,False
justinbieber,https://www.instagram.com/p/B3jB0ABHjQU,1570945931,./imgs/B3jB0ABHjQU.png,@oskietheposkie thanks u for 1 million!!,959759,3332,0,40,6,0,0,False
justinbieber,https://www.instagram.com/p/BlvmQZYFzRn,1532713020,./imgs/BlvmQZYFzRn.png,NO BRAINER out now,1581766,30958,0,18,4,0,0,True
justinbieber,https://www.instagram.com/p/CQzWLIxntsq,1625180568,./imgs/CQzWLIxntsq.png,"The Freedom Experience
@1dayla",488821,3004,0,30,4,0,1,False
justinbieber,https://www.instagram.com/p/g6NItzgvk1,1384892542,./imgs/g6NItzgvk1.png,Turn down,757773,13916,0,9,2,0,0,False
justinbieber,https://www.instagram.com/p/_poPS9Avsj,1450908320,./imgs/_poPS9Avsj.png,Family time,1570183,16330,0,11,2,0,0,False
justinbieber,https://www.instagram.com/p/BWMhq9EjhfI,1499323922,./imgs/BWMhq9EjhfI.png,nan,2122481,23727,0,0,0,0,0,False
justinbieber,https://www.instagram.com/p/CSxTSBjn5Ot,1629406910,./imgs/CSxTSBjn5Ot.png,sign up via the link in my bio  @pollen @wynnnightlife,1176750,7711,0,54,10,0,8,False
justinbieber,https://www.instagram.com/p/buKZmsAvgr,1373751036,./imgs/buKZmsAvgr.png,#believetour,778929,15477,1,12,1,0,0,False
justinbieber,https://www.instagram.com/p/B7-NB6jnuPI,1580447716,./imgs/B7-NB6jnuPI.png,nan,920592,1737,0,0,0,0,0,False
justinbieber,https://www.instagram.com/p/THVbTqAvuM,1355268325,./imgs/THVbTqAvuM.png,I hate that I'm a fan,336339,6511,0,21,6,0,0,False
justinbieber,https://www.instagram.com/p/CanyQ6-v7uX,1646267479,./imgs/CanyQ6-v7uX.png,Dropping a song with my bro @omah_lay on Friday.,858031,6093,0,48,9,0,0,False
justinbieber,https://www.instagram.com/p/u_ti-mAvoP,1415142078,./imgs/u_ti-mAvoP.png,Chi town,962827,34160,0,8,2,0,0,False
justinbieber,https://www.instagram.com/p/Ca2garsvI-g,1646761438,./imgs/Ca2garsvI-g.png,📷: @evanpaterakis,1924332,9074,0,17,2,1,0,False
justinbieber,https://www.instagram.com/p/COVmq0xH1yM,1619887646,./imgs/COVmq0xH1yM.png,Relationship not religion @diddy,1351144,9064,0,32,4,0,0,True
justinbieber,https://www.instagram.com/p/iPtHn8gvsF,1387761437,./imgs/iPtHn8gvsF.png,Worldwide. Japan.,733041,9024,0,17,2,0,0,False
justinbieber,https://www.instagram.com/p/BCeOAqSgvu3,1456967920,./imgs/BCeOAqSgvu3.png,"Thankful for these two legends, let the trip continue",1432460,7854,0,53,9,0,0,False
justinbieber,https://www.instagram.com/p/BxNkkf7n6MD,1557341054,./imgs/BxNkkf7n6MD.png,I have a song with this sexy beast coming out Friday. Less than 48 hours.,2617121,21710,0,73,15,0,1,False
justinbieber,https://www.instagram.com/p/B-L6LM5H7j4,1585202560,./imgs/B-L6LM5H7j4.png,nan,1152318,4277,0,0,0,0,0,False
justinbieber,https://www.instagram.com/p/B4aX5MinU-g,1572803058,./imgs/B4aX5MinU-g.png,Andy Milonakis being hilarious @andymilonakis,459739,2890,0,45,5,0,0,True
justinbieber,https://www.instagram.com/p/CIlaZgSB-OT,1607533152,./imgs/CIlaZgSB-OT.png,nan,528431,1528,0,0,0,0,0,False
justinbieber,https://www.instagram.com/p/CCMhyYEHAgV,1593813263,./imgs/CCMhyYEHAgV.png,Love ya bud @lewishamilton .. thanks for making this memory so special! I’ll never forget the moment u and I passed the Champaign back and fourth after you crushed everyone out there!,1717065,4895,0,183,32,0,0,False
justinbieber,https://www.instagram.com/p/BXTTj6fDTwK,1501698888,./imgs/BXTTj6fDTwK.png,nan,2312322,48540,0,0,0,0,0,False
justinbieber,https://www.instagram.com/p/BG15wecgviJ,1466352543,./imgs/BG15wecgviJ.png,Which one is Jason mraz no one will ever know,960598,18554,0,45,10,0,0,False
justinbieber,https://www.instagram.com/p/BAVsz1oAvmN,1452387111,./imgs/BAVsz1oAvmN.png,nan,1819057,40312,0,0,0,0,0,False
justinbieber,https://www.instagram.com/p/wpAKRbAvmB,1418675052,./imgs/wpAKRbAvmB.png,nan,1056630,25864,0,0,0,0,0,False
justinbieber,https://www.instagram.com/p/BImWNPuBnXq,1470125555,./imgs/BImWNPuBnXq.png,nan,1928161,193275,0,0,0,0,0,False
justinbieber,https://www.instagram.com/p/96Ij6qgvqS,1447167169,./imgs/96Ij6qgvqS.png,"I wake up every morning and do at least one sudoku.. The right of your brain controls your creativity and the left is more calculation and problem solving. I'm trying to make sure I'm working both sides because I don't use my left side nearly enough, all I ever wanna do is be creative.. Challenge yourself even if it is a stupid little sudoku, or if you aren't challenged creatively try and write poems, or a story. #bethebestyoucanbe #challengeyourself",579578,10130,2,454,79,0,0,False
justinbieber,https://www.instagram.com/p/BWYrKHiDVOf,1499731549,./imgs/BWYrKHiDVOf.png,nan,2338690,40522,0,0,0,0,0,False
justinbieber,https://www.instagram.com/p/B-5RYFrndWH,1586724674,./imgs/B-5RYFrndWH.png,@buffmonster HAPPY EASTER,444628,2875,0,25,3,0,0,False
justinbieber,https://www.instagram.com/p/5lMIcCAvqq,1437874464,./imgs/5lMIcCAvqq.png,Taller than @scooterbraun,1162155,17200,0,25,3,0,0,False
justinbieber,https://www.instagram.com/p/CBzSKJ9HW0O,1592967487,./imgs/CBzSKJ9HW0O.png,"WHOLE LOT OF SHAKIN GOIN ON,  learned this one from my pops years ago",1361744,21867,0,69,14,0,0,True
justinbieber,https://www.instagram.com/p/BctHoYlDMTs,1513302467,./imgs/BctHoYlDMTs.png,nan,1379304,24213,0,0,0,0,0,False
justinbieber,https://www.instagram.com/p/lLnN5,1327694527,./imgs/lLnN5.png,Writing hits,244360,9025,0,12,2,0,0,False
justinbieber,https://www.instagram.com/p/B24um8inXzc,1569526576,./imgs/B24um8inXzc.png,Help me choose a tux for my wedding. It’s between these three,1775563,55699,0,61,12,0,0,False
justinbieber,https://www.instagram.com/p/CO4TBwknILg,1621051723,./imgs/CO4TBwknILg.png,My bro @chancetherapper just made a feature film and it was beautiful! Thank you for being such an inspiration to so many including me,778084,5504,0,134,24,0,0,False
justinbieber,https://www.instagram.com/p/hzAKkKgvnA,1386798344,./imgs/hzAKkKgvnA.png,Monday 12.16 #Journals,596370,13221,1,22,3,0,0,False
justinbieber,https://www.instagram.com/p/BDE9ZcyAvk1,1458267833,./imgs/BDE9ZcyAvk1.png,nan,2036896,42616,0,0,0,0,0,False
justinbieber,https://www.instagram.com/p/CSru_VdJdcU,1629220110,./imgs/CSru_VdJdcU.png,📸: @adamkargenian,1695504,6931,0,17,2,1,0,False
justinbieber,https://www.instagram.com/p/fFFfyigvsb,1380962668,./imgs/fFFfyigvsb.png,U can all help ;) #bieberassignment,807117,37370,1,35,6,0,0,False
justinbieber,https://www.instagram.com/p/Bb3THc-D9pK,1511496560,./imgs/Bb3THc-D9pK.png,nan,1904761,64414,0,0,0,0,0,True
justinbieber,https://www.instagram.com/p/CFUrhXYHL21,1600529275,./imgs/CFUrhXYHL21.png,#Holy merch,538875,3472,1,11,2,0,0,True
justinbieber,https://www.instagram.com/p/CS0Kl-4vMii,1629503018,./imgs/CS0Kl-4vMii.png,"🤫🤫 😘😘 
📷: @rorykramer",1398064,8347,0,21,4,5,0,False
justinbieber,https://www.instagram.com/p/9Jb6DogvvH,1445533145,./imgs/9Jb6DogvvH.png,Ready??? #SORRY,797484,46584,1,15,2,0,0,True
justinbieber,https://www.instagram.com/p/BitRjknloOz,1526192572,./imgs/BitRjknloOz.png,nan,3056442,29901,0,0,0,0,0,False
justinbieber,https://www.instagram.com/p/B-OV9WmnwE1,1585284254,./imgs/B-OV9WmnwE1.png,nan,621218,4079,0,0,0,0,0,True
justinbieber,https://www.instagram.com/p/CEvRX6In-OG,1599274030,./imgs/CEvRX6In-OG.png,"Thank you to all of the amazing dancers, cast and crew who made this video happen !! @djkhaled @champagnepapi @directorx",2087306,8216,0,120,20,0,0,False
justinbieber,https://www.instagram.com/p/BhKOflcjWkm,1522869078,./imgs/BhKOflcjWkm.png,If tattooed didn’t hurt everyone would have them. Well maybe not very one!!Over a hundred hours of art work on my body and I wouldn’t take back a single one.. I ABSOLUTELY LOVE ART AND IVE MAde my body a canvas and it’s SO MUCH FUN,5508596,135682,0,231,46,0,0,False
justinbieber,https://www.instagram.com/p/CIirQkgHKNE,1607441328,./imgs/CIirQkgHKNE.png,See you on New Year’s Eve. #BieberNYE on sale globally now. Free for @tmobile customers in the US. Buy access at justinbiebernye.com @momenthouse,888990,5096,1,145,23,0,0,False
justinbieber,https://www.instagram.com/p/B928j5Uniy1,1584499181,./imgs/B928j5Uniy1.png,nan,3007637,16510,0,0,0,0,0,True
justinbieber,https://www.instagram.com/p/CO_L4fGna0y,1621282912,./imgs/CO_L4fGna0y.png,CHECK OUT LIVE FROM PARIS,928433,15696,0,25,5,0,0,True
justinbieber,https://www.instagram.com/p/B2angNZnQHQ,1568516231,./imgs/B2angNZnQHQ.png,SUSHI ON THE LEFT TUNA on the right,2069372,19732,0,35,8,0,0,True
justinbieber,https://www.instagram.com/p/sIwC20gvsm,1409002926,./imgs/sIwC20gvsm.png,@khalil @djtayjames #meandmyteam,572249,4580,1,32,3,0,0,True
justinbieber,https://www.instagram.com/p/BGNUD6ugvvI,1464990602,./imgs/BGNUD6ugvvI.png,Download my emoj app link in bio,1055954,11945,0,32,7,0,0,False
justinbieber,https://www.instagram.com/p/BRhq25UjDGB,1489295963,./imgs/BRhq25UjDGB.png,nan,3174396,78306,0,0,0,0,0,False
justinbieber,https://www.instagram.com/p/VgMtNpAvlR,1360397581,./imgs/VgMtNpAvlR.png,Watch me on snl tomorrow night thank u Lauren ur the man,667820,13263,0,56,12,0,0,False
justinbieber,https://www.instagram.com/p/hfj7qdgvtz,1386146008,./imgs/hfj7qdgvtz.png,Live life love life -justin bieber,866122,8277,0,34,6,0,0,False
justinbieber,https://www.instagram.com/p/BQbPTYFhxFO,1486932706,./imgs/BQbPTYFhxFO.png,nan,3599440,140767,0,0,0,0,0,False
justinbieber,https://www.instagram.com/p/CDKzmmzn9uh,1595902978,./imgs/CDKzmmzn9uh.png,nan,808739,2272,0,0,0,0,0,False
justinbieber,https://www.instagram.com/p/Cakf_oIvWtV,1646157237,./imgs/Cakf_oIvWtV.png,nan,1308368,18062,0,0,0,0,0,False
justinbieber,https://www.instagram.com/p/-p_5U5AvtS,1448773239,./imgs/-p_5U5AvtS.png,nan,1422764,28002,0,0,0,0,0,False
justinbieber,https://www.instagram.com/p/BDA3k4JAvrh,1458130564,./imgs/BDA3k4JAvrh.png,nan,1480895,17089,0,0,0,0,1,False
justinbieber,https://www.instagram.com/p/UlLqXzgvst,1358417322,./imgs/UlLqXzgvst.png,Late night @djtayjames,330918,3545,0,22,3,0,0,False
justinbieber,https://www.instagram.com/p/BRZY1Q4j45G,1489018077,./imgs/BRZY1Q4j45G.png,nan,1768507,16946,0,0,0,0,0,False
justinbieber,https://www.instagram.com/p/CUdFXDKPiS-,1633023490,./imgs/CUdFXDKPiS-.png,GOD HAS BEEN WITH US THIS WHOLE TIME 🥺🥺🥺🥺🥺,1381223,17281,0,42,9,5,0,False
justinbieber,https://www.instagram.com/p/BAsQkBDAvjl,1453144053,./imgs/BAsQkBDAvjl.png,nan,1701865,18620,0,0,0,0,0,False
justinbieber,https://www.instagram.com/p/B3QZFu8HpJS,1570320600,./imgs/B3QZFu8HpJS.png,TO SEE ALL OF THE INTAMATE MOMENTS OF ME AND MY DOG OSCAR FOLLOW HIM HERE @oskietheposkie,496181,1413,0,89,17,0,0,False
justinbieber,https://www.instagram.com/p/BXTX6_VDypH,1501701175,./imgs/BXTX6_VDypH.png,Karla @xkarla,2779097,40600,0,13,2,0,1,False
justinbieber,https://www.instagram.com/p/-sElMAAvpC,1448842804,./imgs/-sElMAAvpC.png,nan,1081263,7038,0,0,0,0,0,False
justinbieber,https://www.instagram.com/p/BeK7o2rjXUj,1516450296,./imgs/BeK7o2rjXUj.png,nan,3630965,60925,0,0,0,0,0,False
justinbieber,https://www.instagram.com/p/9ZjYS9gvvW,1446073934,./imgs/9ZjYS9gvvW.png,#purposealbum available for preorder now :) #nov13 find the murals in those cities. Thanks to all the artists who stepped up.,1015633,8625,2,125,21,0,0,False
justinbieber,https://www.instagram.com/p/BUwul7aj-6I,1496243688,./imgs/BUwul7aj-6I.png,nan,1519450,11787,0,0,0,0,0,False
justinbieber,https://www.instagram.com/p/BA8Th26Avm9,1453682479,./imgs/BA8Th26Avm9.png,Treehouse flo,1640409,12098,0,13,2,0,0,False
justinbieber,https://www.instagram.com/p/B61yuALnSP-,1578018002,./imgs/B61yuALnSP-.png,Less than 3 hours. #yummy,502139,2530,1,25,5,0,0,False
justinbieber,https://www.instagram.com/p/CR1zZrsHDXY,1627410484,./imgs/CR1zZrsHDXY.png,My brother @jblazeofficial 📷: @rorykramer,1097908,3239,0,41,5,1,0,False
justinbieber,https://www.instagram.com/p/B8p7BT_HDqv,1581914669,./imgs/B8p7BT_HDqv.png,Love this look babe,2358398,7726,0,19,4,0,0,False
justinbieber,https://www.instagram.com/p/RVdpe7gvmI,1351447433,./imgs/RVdpe7gvmI.png,.,383838,11735,0,1,1,0,0,False
justinbieber,https://www.instagram.com/p/B71AZoxnRO9,1580139105,./imgs/B71AZoxnRO9.png,Starts today,1491272,12530,0,12,2,0,0,False
justinbieber,https://www.instagram.com/p/B9Z4aRbn1FV,1583523913,./imgs/B9Z4aRbn1FV.png,Hey guys I’m in philly come say hi,1245087,13113,0,34,8,0,0,False
justinbieber,https://www.instagram.com/p/BzWYdS9Hj5R,1561931661,./imgs/BzWYdS9Hj5R.png,"Hey Taylor. First of all i would like to apologize for posting that hurtful instagram post, at the time i thought it was funny but looking back it was distasteful and insensitive.. I have to be honest though it was my caption and post that I screenshoted of scooter and  Kanye that said “taylor swift what up” he didnt have anything to do with it and it wasnt even a part of the conversation in all actuality he was the person who told me not to joke like that.. Scooter has had your back since the days you graciously let me open up for you.! As the years have passed we haven’t crossed paths and gotten to communicate our differences, hurts or frustrations. So for you to take it to social media and get people to hate on scooter isn’t fair. What were you trying to accomplish by posting that blog? seems to me like it was to get sympathy u also knew that in posting that your fans would go and bully scooter. Anyway, One thing i know is both scooter and i love you. I feel like the only way to resolve conflict is through communication. So banter back and fourth online i dont believe solves anything. I’m sure Scooter and i would love to talk to you and resolve any conflict, pain or or any feelings that need to be addressed. Neither scooter or i  have anything negative to say about you we truly want the best for you. I usually don’t rebuttal things like this but when you try and deface someone i loves character thats crossing a line..",6176665,205565,0,1444,273,0,1,False
justinbieber,https://www.instagram.com/p/939QyUgvm-,1447094137,./imgs/939QyUgvm-.png,#BIEBERWEEK on @theellenshow starts today. #purpose Friday,1040696,7889,2,58,7,0,0,False
justinbieber,https://www.instagram.com/p/yWJ0icgvpI,1422337550,./imgs/yWJ0icgvpI.png,My boy @erikgriffin Montez from workaholics,1062634,24469,0,43,6,0,0,False
justinbieber,https://www.instagram.com/p/CUqILEpPAyy,1633461172,./imgs/CUqILEpPAyy.png,📷: @joetermini,806465,2448,0,14,2,1,0,False
justinbieber,https://www.instagram.com/p/BDO0xmmgvu3,1458598857,./imgs/BDO0xmmgvu3.png,Who's got the heart,1468145,37434,0,19,4,0,0,True
justinbieber,https://www.instagram.com/p/CNxlx9dH7Uq,1618679191,./imgs/CNxlx9dH7Uq.png,Always good to see you @shadmoss .. you forgot the like mike shoes or else you woulda been cashing buckets all night,989680,3314,0,116,22,0,0,False
justinbieber,https://www.instagram.com/p/_Sg8mGAvly,1450132744,./imgs/_Sg8mGAvly.png,nan,2137850,92588,0,0,0,0,0,False
justinbieber,https://www.instagram.com/p/RWDi_hAvgr,1351467303,./imgs/RWDi_hAvgr.png,Thanks to @liltwist gramma for the bomb meal,219898,5531,0,44,8,0,0,False
justinbieber,https://www.instagram.com/p/CRhwAVrHDPt,1626737615,./imgs/CRhwAVrHDPt.png,@sterlsdooeemadeyogrillz @drewhouse,426866,1106,0,35,2,0,0,False
justinbieber,https://www.instagram.com/p/eX2sfUgvju,1379444959,./imgs/eX2sfUgvju.png,nan,819298,19963,0,0,0,0,0,False
justinbieber,https://www.instagram.com/p/B80jjYcnKfg,1582271464,./imgs/B80jjYcnKfg.png,Sums up another night with @j_corden . #latelatebieber @latelateshow,1574307,6095,1,68,9,0,0,False
justinbieber,https://www.instagram.com/p/CGLIxEDnSCk,1602356525,./imgs/CGLIxEDnSCk.png,Brothers @ryangood24 @judahsmith,3257894,6679,0,32,3,0,2,False
justinbieber,https://www.instagram.com/p/3t8SKOAvuo,1433873177,./imgs/3t8SKOAvuo.png,nan,1003407,20856,0,0,0,0,0,False
justinbieber,https://www.instagram.com/p/CEE6MbGnHQx,1597852591,./imgs/CEE6MbGnHQx.png,Morning face. Promise I’m happier than I look here 😂,3150584,19319,0,52,10,1,1,False
justinbieber,https://www.instagram.com/p/CER7ul3nV5A,1598289603,./imgs/CER7ul3nV5A.png,Happy b day @justineskye we love you!!,1131431,3259,0,38,7,0,0,False
justinbieber,https://www.instagram.com/p/q0KjS0Avgb,1406164697,./imgs/q0KjS0Avgb.png,Cold waters,511564,14961,0,11,2,0,0,True
justinbieber,https://www.instagram.com/p/9ZjNKkgvvA,1446073842,./imgs/9ZjNKkgvvA.png,Track 18 #purposealbum,624823,2984,1,22,3,0,0,False
justinbieber,https://www.instagram.com/p/6cMdbagvm7,1439720129,./imgs/6cMdbagvm7.png,12 Days to go. @rudymancuso what do you mean? Lol,653942,8141,0,49,10,0,0,True
justinbieber,https://www.instagram.com/p/9ZjBWcAvup,1446073746,./imgs/9ZjBWcAvup.png,Track 15 #purposealbum it's called get used to it i don't know how this got by me.,531358,1986,1,82,17,0,0,False
justinbieber,https://www.instagram.com/p/CVN2qOuJd3D,1634659950,./imgs/CVN2qOuJd3D.png,📷: @rorykramer,778273,3136,0,14,2,1,0,False
justinbieber,https://www.instagram.com/p/BXYhNNVjnrY,1501873815,./imgs/BXYhNNVjnrY.png,#ZOE @CHADCVEACH,1777495,17825,1,16,2,0,0,False
justinbieber,https://www.instagram.com/p/gkOEdwgvrR,1384154834,./imgs/gkOEdwgvrR.png,Send me a pic of you purchasing #allbad and i'll like it,702514,29688,1,56,12,0,0,False
justinbieber,https://www.instagram.com/p/BGgDapAgvg4,1465619410,./imgs/BGgDapAgvg4.png,Fashion God @jerrylorenzo,1022582,5639,0,25,3,0,0,False
justinbieber,https://www.instagram.com/p/CRO_3YKnYYO,1626108396,./imgs/CRO_3YKnYYO.png,📷: @rorykramer,733278,2426,0,14,2,1,1,False
justinbieber,https://www.instagram.com/p/B_J1kLOnY47,1587280518,./imgs/B_J1kLOnY47.png,MISS YOU 💔,2840878,11901,0,10,3,1,0,False
justinbieber,https://www.instagram.com/p/9dbay6gvno,1446203978,./imgs/9dbay6gvno.png,Jackie moooooooooon #semipro,1153036,25383,1,28,3,0,0,False
justinbieber,https://www.instagram.com/p/Tj1yTjgvk1,1356224815,./imgs/Tj1yTjgvk1.png,January 16th will be the last day I instagram. I don't want them selling my photo's. #scamalert,455732,27522,1,95,17,0,0,False
justinbieber,https://www.instagram.com/p/oFXRaJAvte,1400299341,./imgs/oFXRaJAvte.png,Taking off ;),1154252,31716,0,13,3,0,0,False
justinbieber,https://www.instagram.com/p/gvXRc0gvrY,1384528758,./imgs/gvXRc0gvrY.png,;),843189,10187,0,2,1,0,0,False
justinbieber,https://www.instagram.com/p/BTFB3FhDFYX,1492629912,./imgs/BTFB3FhDFYX.png,nan,1811287,25330,0,0,0,0,0,False
justinbieber,https://www.instagram.com/p/B7Baof-n9WI,1578408182,./imgs/B7Baof-n9WI.png,"GOOD MORNING HERE IS A GUIDED PRAYER TO START YOUR DAY,! FIND A COMFY POSITION AND ENJOY! @churchome @chelseasmith",256873,1504,0,114,19,0,0,True
justinbieber,https://www.instagram.com/p/b6tUOcgvqZ,1374171995,./imgs/b6tUOcgvqZ.png,Sparkling water is tasty,821972,28763,0,24,4,0,0,False
justinbieber,https://www.instagram.com/p/BD4HL_IgvnJ,1459984242,./imgs/BD4HL_IgvnJ.png,Jam,1471986,27055,0,3,1,0,0,True
justinbieber,https://www.instagram.com/p/CPoIzCAnJVS,1622656973,./imgs/CPoIzCAnJVS.png,The one who designed you with a plan and a purpose is available to you. God knows deepest darkest secrets you have and still loves you unconditionally!,1048186,11528,0,151,27,0,0,False
justinbieber,https://www.instagram.com/p/CCxErTGHciB,1595039514,./imgs/CCxErTGHciB.png,nan,3068711,24540,0,0,0,0,0,False
justinbieber,https://www.instagram.com/p/BDcF3pjAvm2,1459044027,./imgs/BDcF3pjAvm2.png,nan,921113,33730,0,0,0,0,1,False
justinbieber,https://www.instagram.com/p/0G7UYggvrN,1426121597,./imgs/0G7UYggvrN.png,Getting the champ ready for the fight @floydmayweather #moneyteam,908389,13385,1,65,9,0,2,False
justinbieber,https://www.instagram.com/p/HXVNMPgvh0,1330035277,./imgs/HXVNMPgvh0.png,Bieber hair kinda back,223156,10553,0,22,4,0,0,False
justinbieber,https://www.instagram.com/p/CJturBgHC7K,1609959700,./imgs/CJturBgHC7K.png,📷: @ryangood24,1383956,4564,0,14,2,1,0,False
justinbieber,https://www.instagram.com/p/8n6xoAgvht,1444408478,./imgs/8n6xoAgvht.png,#purpose #5weeks,758100,5749,2,16,2,0,0,False
justinbieber,https://www.instagram.com/p/S4pTkUgvqg,1354775431,./imgs/S4pTkUgvqg.png,Back in the studio,299167,3784,0,18,4,0,0,False
justinbieber,https://www.instagram.com/p/0Ebxn6Avrl,1426037951,./imgs/0Ebxn6Avrl.png,Great time at @desertsmash glad I could be a part of it. Great cause! Got to help make college a reality for cancer survivors. #giveback,1204464,18972,1,136,25,0,0,False
justinbieber,https://www.instagram.com/p/BGEB8yaAvpD,1464679117,./imgs/BGEB8yaAvpD.png,Bumping that new Ariana!! This song is dope as fuck,1407345,36089,0,51,10,0,0,False
justinbieber,https://www.instagram.com/p/_4vrk_Avvp,1451415538,./imgs/_4vrk_Avvp.png,the boyz r back in town,1774613,22998,0,23,6,0,2,False
justinbieber,https://www.instagram.com/p/Z8XzQEAvkv,1369932857,./imgs/Z8XzQEAvkv.png,The birthday girl is tired,874372,64520,0,26,5,0,0,False
justinbieber,https://www.instagram.com/p/MoQjJ,1315617248,./imgs/MoQjJ.png,@benballer !!!!!!! Swag,135402,1463,0,23,3,0,0,False
justinbieber,https://www.instagram.com/p/CAHNK1PnWzP,1589339714,./imgs/CAHNK1PnWzP.png,Miss u @mapleleafs 💔,491366,3215,0,20,4,1,0,False
justinbieber,https://www.instagram.com/p/0vhZ5vgvlQ,1427483743,./imgs/0vhZ5vgvlQ.png,nan,1217107,58218,0,0,0,0,0,True
justinbieber,https://www.instagram.com/p/-rq3bPgvkX,1448829322,./imgs/-rq3bPgvkX.png,Every time I leave the city you,1197271,13455,0,31,7,0,0,False
justinbieber,https://www.instagram.com/p/BRVb05Sj5Rb,1488885429,./imgs/BRVb05Sj5Rb.png,nan,1563813,16358,0,0,0,0,0,False
justinbieber,https://www.instagram.com/p/CDKfXBvniI_,1595892365,./imgs/CDKfXBvniI_.png,nan,1593465,6207,0,0,0,0,0,False
justinbieber,https://www.instagram.com/p/utz2fLAvlW,1414541404,./imgs/utz2fLAvlW.png,What matters,1091687,27926,0,12,2,0,0,False
justinbieber,https://www.instagram.com/p/CEkF07LnXtU,1598899124,./imgs/CEkF07LnXtU.png,@bigsean your art and creativity is captured sooo beautifully. You sharing your gifts with the world is very timely!! Thank you for being a light! Thank you for your friendship and thank you for reminding everyone listening  that we aren’t alone in our struggles! Detroit2,579217,2410,0,272,45,0,0,True
justinbieber,https://www.instagram.com/p/BC9qxUyAvun,1458023186,./imgs/BC9qxUyAvun.png,nan,1470074,10376,0,0,0,0,0,False
justinbieber,https://www.instagram.com/p/BCQzt93gvid,1456517928,./imgs/BCQzt93gvid.png,Daaaaaaaaaa Bulls @jaxonbieber,2088041,27693,0,30,3,0,1,False
justinbieber,https://www.instagram.com/p/CKRfkcznjUl,1611159784,./imgs/CKRfkcznjUl.png,"GET READY TO GO CRAZY 

🎥: @rorykramer",553538,5489,0,38,7,1,0,True
justinbieber,https://www.instagram.com/p/n696hIAvuj,1399950501,./imgs/n696hIAvuj.png,Stevo dressed up like a clown at Venice and dropped in like a champ good news he's okay #stevo #jackass,860308,16921,2,103,20,0,0,True
justinbieber,https://www.instagram.com/p/CFKjrLxnAnm,1600189595,./imgs/CFKjrLxnAnm.png,@chancetherapper,2157652,15076,0,16,1,0,0,False
justinbieber,https://www.instagram.com/p/nG3LUvAvpO,1398202139,./imgs/nG3LUvAvpO.png,if you like good music download Asher Roths album on iTunes. 5 stars @aproth,522421,10714,0,76,14,0,0,False
justinbieber,https://www.instagram.com/p/BUwqWBgD6OM,1496241461,./imgs/BUwqWBgD6OM.png,nan,1306455,12085,0,0,0,0,0,False
justinbieber,https://www.instagram.com/p/puVZj5Avp7,1403821574,./imgs/puVZj5Avp7.png,Back in the gym #dontbescared #orangegymrats,1303980,106002,2,44,6,0,0,False
justinbieber,https://www.instagram.com/p/BW6d2SljwkH,1500865421,./imgs/BW6d2SljwkH.png,nan,2544398,143292,0,0,0,0,0,False
justinbieber,https://www.instagram.com/p/TlvqZWgvoT,1356288713,./imgs/TlvqZWgvoT.png,Wow why did I think I was eminem and bleach my hair blonde,616223,20995,0,58,13,0,0,False
justinbieber,https://www.instagram.com/p/BWIQc7AjWAn,1499180676,./imgs/BWIQc7AjWAn.png,nan,2165864,18652,0,0,0,0,0,False
justinbieber,https://www.instagram.com/p/CAv2ULdnde7,1590703463,./imgs/CAv2ULdnde7.png,nan,564772,2923,0,0,0,0,0,False
justinbieber,https://www.instagram.com/p/_NNHq4gvn_,1449954577,./imgs/_NNHq4gvn_.png,Throwback,1458858,14732,0,9,1,0,0,False
justinbieber,https://www.instagram.com/p/7Cjr92gvv_,1441007376,./imgs/7Cjr92gvv_.png,This is how you make me feel,1403853,47401,0,28,7,0,0,False
justinbieber,https://www.instagram.com/p/gPL5oiAvk7,1383449054,./imgs/gPL5oiAvk7.png,To all my Brazilian fans you are incredible!!!!,593104,10262,0,47,8,0,0,False
justinbieber,https://www.instagram.com/p/8nxW_uAvt4,1444403541,./imgs/8nxW_uAvt4.png,#art #purpose #Retna #nov13 are u ready?????,691004,4867,4,44,7,0,0,False
justinbieber,https://www.instagram.com/p/B8iMH50n0D4,1581655200,./imgs/B8iMH50n0D4.png,20 minutes until the #Changes album. Tomorrow at noon local the CHANGES TOUR goes on sale. See you out there. Thanks,884025,4938,1,116,21,0,0,False
justinbieber,https://www.instagram.com/p/BCb5Oz5AvkT,1456889917,./imgs/BCb5Oz5AvkT.png,nan,1608327,10648,0,0,0,0,5,False
justinbieber,https://www.instagram.com/p/BRSeGrJjOwL,1488785960,./imgs/BRSeGrJjOwL.png,Stupid is as stupid does - forest gumps mom,2616297,74739,0,43,9,0,0,False
justinbieber,https://www.instagram.com/p/B8FQehYnOCS,1580684404,./imgs/B8FQehYnOCS.png,nan,453379,773,0,0,0,0,0,False
justinbieber,https://www.instagram.com/p/BIYWzRfBgR1,1469656105,./imgs/BIYWzRfBgR1.png,nan,1659041,20881,0,0,0,0,0,False
justinbieber,https://www.instagram.com/p/6ucxIdgvgf,1440332659,./imgs/6ucxIdgvgf.png,So @benstiller is really excited. What do you mean? #5days,614084,2227,1,58,10,0,0,True
justinbieber,https://www.instagram.com/p/BZQG2OkDzh3,1505886527,./imgs/BZQG2OkDzh3.png,Daaaaas me,3006938,79484,0,10,2,0,0,False
justinbieber,https://www.instagram.com/p/BExWMixAvht,1461904713,./imgs/BExWMixAvht.png,"These nights are with you not for you !!! I am with you, we are in this together!thank you for the encouragement I'm sending it right back your way!",1415386,9940,0,148,29,0,0,False
justinbieber,https://www.instagram.com/p/BGaO161gvuF,1465424074,./imgs/BGaO161gvuF.png,#legend,872074,3950,1,7,1,0,0,False
justinbieber,https://www.instagram.com/p/CIHdyqJnGqd,1606528298,./imgs/CIHdyqJnGqd.png,Me and my nephew .. love u little man.. congrats @keliamoniz and @joetermini,2235351,6137,0,76,13,0,0,False
justinbieber,https://www.instagram.com/p/B6vpeGeHHaP,1577811827,./imgs/B6vpeGeHHaP.png,Seasons. #2020. Trailer on @youtube now.,1980740,9989,1,40,6,0,0,False
justinbieber,https://www.instagram.com/p/CMcxICLHb_5,1615833012,./imgs/CMcxICLHb_5.png,📷: @rorykramer,4126768,12092,0,14,2,1,0,False
justinbieber,https://www.instagram.com/p/CG-haIsnpbc,1604080770,./imgs/CG-haIsnpbc.png,Starting to drum again and it feels good,992938,10602,0,40,8,0,0,True
justinbieber,https://www.instagram.com/p/B7CLaqYHudd,1578433635,./imgs/B7CLaqYHudd.png,@Itunes #yummy,538454,3769,1,14,2,0,0,True
justinbieber,https://www.instagram.com/p/gHkXh_gvpx,1383193446,./imgs/gHkXh_gvpx.png,Street art,662446,9961,0,10,2,0,0,False
justinbieber,https://www.instagram.com/p/yDO97MgvhC,1421702714,./imgs/yDO97MgvhC.png,Ryan thinks he's superman smh,1233638,41358,0,29,5,0,0,False
justinbieber,https://www.instagram.com/p/t_uhnfAvu-,1412995107,./imgs/t_uhnfAvu-.png,nan,1161976,86934,0,0,0,0,0,False
justinbieber,https://www.instagram.com/p/CMatYhcB4aK,1615763986,./imgs/CMatYhcB4aK.png,"Love you guys 5 days away! 

@rorykramer x @evanpaterakis",908330,8835,0,57,9,0,0,True
justinbieber,https://www.instagram.com/p/RVcyNMgvlC,1351446981,./imgs/RVcyNMgvlC.png,Me and #pac on the road,463397,14348,1,23,6,0,0,False
justinbieber,https://www.instagram.com/p/BHu04P-B8x-,1468262588,./imgs/BHu04P-B8x-.png,nan,1432047,16319,0,0,0,0,0,False
justinbieber,https://www.instagram.com/p/ilkrN,1326993514,./imgs/ilkrN.png,I rep my team.. #swag,183217,6314,1,21,5,0,0,False
justinbieber,https://www.instagram.com/p/TKwkDdAvuL,1355383216,./imgs/TKwkDdAvuL.png,Funny face on the jet,424372,7913,0,21,5,0,0,False
justinbieber,https://www.instagram.com/p/B7bm2YiHaNX,1579286848,./imgs/B7bm2YiHaNX.png,Getting married is the most rewarding thing I've ever done,827641,8600,0,58,10,0,0,False
justinbieber,https://www.instagram.com/p/B7Rofe0HQup,1578952165,./imgs/B7Rofe0HQup.png,Thanks everyone. So thankful. Couldn’t have done it without you. #yummy. @RoddyRicch You had to go and make a banger smh! Haha ur the man!! Love the song!! congrats on your first #1!! Everyone go stream #thebox. @danandshay thanks guys. #10000hours top 5. Thank you.,785018,9425,4,266,45,0,0,False
justinbieber,https://www.instagram.com/p/utbu69gvhb,1414528759,./imgs/utbu69gvhb.png,Don't miss what's right in front of you,749307,9009,0,39,8,0,0,False
justinbieber,https://www.instagram.com/p/CJHILFynGGW,1608664447,./imgs/CJHILFynGGW.png,You are not alone. God is closer than you think. He is cheering you on. He is carrying you. He is not holding anything against you. He loves you and is proud of you. Whether you believe it or not you are worthy of his love. You are valuable to him and to the story of humanity!,643994,7056,0,277,57,0,0,False
justinbieber,https://www.instagram.com/p/Vk8PHmgvp2,1360556718,./imgs/Vk8PHmgvp2.png,Sweet dreams,728335,19258,0,12,2,0,0,False
justinbieber,https://www.instagram.com/p/jfMR4jgvjl,1390428574,./imgs/jfMR4jgvjl.png,shoutout to lil wayne for showin love and opening up his park for us,881768,15857,0,68,14,0,0,False
justinbieber,https://www.instagram.com/p/BJCEGTQhjvm,1471055585,./imgs/BJCEGTQhjvm.png,nan,1283500,117658,0,0,0,0,0,False
justinbieber,https://www.instagram.com/p/TTLdy,1320782215,./imgs/TTLdy.png,Bieba's in Paris ,121739,2165,0,17,3,0,0,False
justinbieber,https://www.instagram.com/p/-BD0GsAvmh,1447399561,./imgs/-BD0GsAvmh.png,Oops,1055740,11472,0,4,1,0,2,False
justinbieber,https://www.instagram.com/p/CWmX8QXpFC5,1637630189,./imgs/CWmX8QXpFC5.png,📷: @adrianmartinn,1567988,10555,0,17,2,1,3,False
justinbieber,https://www.instagram.com/p/B9YjW1anYzd,1583479321,./imgs/B9YjW1anYzd.png,Date night with goo goo #leafsnation @mapleleafs win or lose we die hard baby,3335805,8203,1,77,14,0,1,False
justinbieber,https://www.instagram.com/p/BC9srnHAvgu,1458024188,./imgs/BC9srnHAvgu.png,nan,1487948,66330,0,0,0,0,0,False
justinbieber,https://www.instagram.com/p/BUKrVKGDGdw,1494966910,./imgs/BUKrVKGDGdw.png,nan,1261077,33280,0,0,0,0,0,False
justinbieber,https://www.instagram.com/p/3b_-6aAvgj,1433271137,./imgs/3b_-6aAvgj.png,nan,1212989,36665,0,0,0,0,0,False
justinbieber,https://www.instagram.com/p/CZwwdF2lbAe,1644421036,./imgs/CZwwdF2lbAe.png,@drewhouse 📷: @joetermini,555392,1671,0,25,3,1,0,False
justinbieber,https://www.instagram.com/p/BBi74YHgvsI,1454978704,./imgs/BBi74YHgvsI.png,nan,2220520,49169,0,0,0,0,0,False
justinbieber,https://www.instagram.com/p/-kmU5lAvmn,1448592061,./imgs/-kmU5lAvmn.png,Adventures in the wilderness,959037,2764,0,28,4,0,0,False
justinbieber,https://www.instagram.com/p/BDC_a2ygvt-,1458201785,./imgs/BDC_a2ygvt-.png,Look up at the stars for me tonight,1562438,29779,0,35,8,0,7,False
justinbieber,https://www.instagram.com/p/vfUABYAvuN,1416202426,./imgs/vfUABYAvuN.png,nan,1027914,43927,0,0,0,0,0,False
justinbieber,https://www.instagram.com/p/Ca5Y21oPLy5,1646858138,./imgs/Ca5Y21oPLy5.png,See u at the Justice tour ❤️ 📷: @evanpaterakis,1340942,6736,0,46,9,2,0,False
justinbieber,https://www.instagram.com/p/9tYHEDAvu1,1446739114,./imgs/9tYHEDAvu1.png,#billboard cover story,1346345,41174,1,22,3,0,0,False
justinbieber,https://www.instagram.com/p/BiioZHzl89A,1525835447,./imgs/BiioZHzl89A.png,CUTENESS OVERLOAD,5367153,77258,0,17,2,0,0,False
justinbieber,https://www.instagram.com/p/7gNdRBAvsh,1442002354,./imgs/7gNdRBAvsh.png,nan,1350719,39687,0,0,0,0,0,False
justinbieber,https://www.instagram.com/p/BHFuDXsBcDa,1466883277,./imgs/BHFuDXsBcDa.png,Good point chad milk is delicious and yeah I watch the bachelorette don't judge me,855150,31318,0,82,15,0,0,True
justinbieber,https://www.instagram.com/p/B3YOTkghbHJ,1570583473,./imgs/B3YOTkghbHJ.png,Honored to work with these guys and love the song we made. Hope you guys are enjoying #10000hours. Love me some @danandshay 😁,765923,2858,1,125,23,1,0,True
justinbieber,https://www.instagram.com/p/rIrz2Lgvog,1406853223,./imgs/rIrz2Lgvog.png,Ibiza,1009035,21817,0,5,1,0,0,False
justinbieber,https://www.instagram.com/p/cP5WewAvkd,1374882948,./imgs/cP5WewAvkd.png,nan,1019997,61804,0,0,0,0,0,False
justinbieber,https://www.instagram.com/p/eazE5yAvtq,1379543725,./imgs/eazE5yAvtq.png,nan,823528,35186,0,0,0,0,0,False
justinbieber,https://www.instagram.com/p/BiXt_P2jEIT,1525469337,./imgs/BiXt_P2jEIT.png,nan,1374183,9421,0,0,0,0,0,True
justinbieber,https://www.instagram.com/p/BAGZbjAgvvX,1451873634,./imgs/BAGZbjAgvvX.png,nan,1955911,27021,0,0,0,0,0,False
justinbieber,https://www.instagram.com/p/CFAzi2MHqu8,1599862371,./imgs/CFAzi2MHqu8.png,1 week,1567766,11151,0,6,2,0,0,False
justinbieber,https://www.instagram.com/p/8_7Z1SAvlo,1445214114,./imgs/8_7Z1SAvlo.png,nan,556254,2218,0,0,0,0,0,False
justinbieber,https://www.instagram.com/p/_tRANcgvuO,1451030355,./imgs/_tRANcgvuO.png,Never get to see this guy but when I do it's all laughs,1726372,38898,0,55,13,0,0,False
justinbieber,https://www.instagram.com/p/ez9MbbgvnY,1380387890,./imgs/ez9MbbgvnY.png,nan,911559,27164,0,0,0,0,0,False
justinbieber,https://www.instagram.com/p/hn5JOygvn9,1386425564,./imgs/hn5JOygvn9.png,Go to my app shots of me and upload I follow my fans on there,750727,21299,0,61,15,0,0,False
justinbieber,https://www.instagram.com/p/fv8yO_Avpw,1382400941,./imgs/fv8yO_Avpw.png,Live life love life,753898,10912,0,19,4,0,0,False
justinbieber,https://www.instagram.com/p/rETeQFgvqP,1406706245,./imgs/rETeQFgvqP.png,nan,897219,26899,0,0,0,0,0,False
justinbieber,https://www.instagram.com/p/CV6K5q6Bk_-,1636146957,./imgs/CV6K5q6Bk_-.png,@fidia @dbook @kingjames,684734,2636,0,24,3,0,0,False
justinbieber,https://www.instagram.com/p/ay3XaiAvhC,1371761345,./imgs/ay3XaiAvhC.png,Hahaha,1423396,209159,0,6,1,0,0,True
justinbieber,https://www.instagram.com/p/tJiekSAvge,1411176851,./imgs/tJiekSAvge.png,nan,1139843,31491,0,0,0,0,0,False
justinbieber,https://www.instagram.com/p/BUz6QIfDTQg,1496350465,./imgs/BUz6QIfDTQg.png,nan,1449726,26206,0,0,0,0,0,False
justinbieber,https://www.instagram.com/p/CTATCJUFQso,1629910097,./imgs/CTATCJUFQso.png,@whoisbeam emotions run deep. 📸: @rorykramer,671231,3034,0,44,6,1,0,False
justinbieber,https://www.instagram.com/p/CMXmDtcnuH5,1615659437,./imgs/CMXmDtcnuH5.png,"6 DAYS #Justice 

📷: @rorykramer",1438024,6182,1,32,5,1,0,False
justinbieber,https://www.instagram.com/p/BGHX6l1Avmw,1464791296,./imgs/BGHX6l1Avmw.png,nan,1317500,7298,0,0,0,0,0,False
justinbieber,https://www.instagram.com/p/RHsKD,1319342915,./imgs/RHsKD.png,The evil eye,243091,12412,0,12,3,0,0,False
justinbieber,https://www.instagram.com/p/Y_9SM,1323823063,./imgs/Y_9SM.png,Me and @ryangood,127734,1398,0,16,3,0,0,False
justinbieber,https://www.instagram.com/p/mSN3qjAvjF,1396435651,./imgs/mSN3qjAvjF.png,New music #YMCMB,1080685,65018,1,16,3,0,0,False
justinbieber,https://www.instagram.com/p/B06IC_lHVND,1565278500,./imgs/B06IC_lHVND.png,@howheartthou @drewhouse,1505651,7926,0,24,2,0,0,False
justinbieber,https://www.instagram.com/p/9OdeNhgvur,1445701738,./imgs/9OdeNhgvur.png,nan,840260,8914,0,0,0,0,0,False
justinbieber,https://www.instagram.com/p/SOpEe,1320089979,./imgs/SOpEe.png,My life,124726,3147,0,7,2,0,0,False
justinbieber,https://www.instagram.com/p/ce-gs,1325120827,./imgs/ce-gs.png,No way jose,120724,1067,0,11,3,0,0,False
justinbieber,https://www.instagram.com/p/BUwudTij3Ms,1496243618,./imgs/BUwudTij3Ms.png,nan,798666,6139,0,0,0,0,0,False
justinbieber,https://www.instagram.com/p/CJPj2g8HFVy,1608947394,./imgs/CJPj2g8HFVy.png,What a way to spend Christmas  night with the absolute love of my whole existence. Obsessed with you so much it actually hurts lol,6795341,17582,0,130,24,0,0,False
justinbieber,https://www.instagram.com/p/CJwembtHK7w,1610051937,./imgs/CJwembtHK7w.png,I’m glad gods love for me isn’t based on my performance or else I’d be screwwwed. Woah his forgiveness is crazy. Thank u Jesus,659036,6422,0,126,24,0,0,False
justinbieber,https://www.instagram.com/p/_IY3fzgvj9,1449792964,./imgs/_IY3fzgvj9.png,nan,2499046,108179,0,0,0,0,0,False
justinbieber,https://www.instagram.com/p/iZWPGzgvkK,1388084984,./imgs/iZWPGzgvkK.png,I might just surprise you #believe,969251,45250,1,34,6,0,0,False
justinbieber,https://www.instagram.com/p/CF1EHLxHVkt,1601615887,./imgs/CF1EHLxHVkt.png,Back at it,1583996,13629,0,10,3,0,0,False
justinbieber,https://www.instagram.com/p/B785Y9an5dW,1580403881,./imgs/B785Y9an5dW.png,#getme @kehlani out now. #changes feb 14,309086,1309,2,40,7,0,0,True
justinbieber,https://www.instagram.com/p/-knq52gvpz,1448592766,./imgs/-knq52gvpz.png,nan,1356450,16389,0,0,0,0,0,False
justinbieber,https://www.instagram.com/p/O5nl4,1317578154,./imgs/O5nl4.png,#bestfansintheworld,115728,1932,1,19,1,0,0,False
justinbieber,https://www.instagram.com/p/CDM3r8aHLrn,1595972255,./imgs/CDM3r8aHLrn.png,#leafsnation,329302,1395,1,12,1,0,0,True
justinbieber,https://www.instagram.com/p/He-9kXgvvA,1330292050,./imgs/He-9kXgvvA.png,The homies,232506,5922,0,10,2,0,0,False
justinbieber,https://www.instagram.com/p/B7xPso0HQPe,1580014843,./imgs/B7xPso0HQPe.png,Thank you @evanmock @drewhouse,1210649,3181,0,30,4,0,0,True
justinbieber,https://www.instagram.com/p/_2ZVhKAvph,1451336714,./imgs/_2ZVhKAvph.png,I'll take that,2407175,76990,0,14,3,0,1,False
justinbieber,https://www.instagram.com/p/gPMrdxgvmI,1383449462,./imgs/gPMrdxgvmI.png,Love u Brazil,800303,65139,0,13,3,0,0,False
justinbieber,https://www.instagram.com/p/SZMme,1320194677,./imgs/SZMme.png,Today's a good day :),108278,1801,0,21,5,0,0,False
justinbieber,https://www.instagram.com/p/4gV71SAvs5,1435564347,./imgs/4gV71SAvs5.png,#breakthrough #hello,1215704,13528,2,20,2,0,0,False
justinbieber,https://www.instagram.com/p/B8mN_jlHYSv,1581790446,./imgs/B8mN_jlHYSv.png,New interview with my friend @zanelowe out now on @applemusic . Addressed a lot of important issues. Appreciate him. #CHANGES. Interview now up on Apple music and my YouTube,530836,4180,1,173,29,0,0,True
justinbieber,https://www.instagram.com/p/5-ACQMAvgW,1438706982,./imgs/5-ACQMAvgW.png,24 Days,637437,4094,0,7,2,0,0,False
justinbieber,https://www.instagram.com/p/CDNJdfBH1QP,1595981547,./imgs/CDNJdfBH1QP.png,nan,506331,1555,0,0,0,0,0,False
justinbieber,https://www.instagram.com/p/BDKBZfKgvlZ,1458437703,./imgs/BDKBZfKgvlZ.png,nan,1997374,56589,0,0,0,0,0,False
justinbieber,https://www.instagram.com/p/CM73f04Hmos,1616876593,./imgs/CM73f04Hmos.png,"Checkout “there she go” with me and @liluzivert on the triple chucks deluxe album on all platforms. 

🎥: @rorykramer",890018,5695,0,116,19,1,0,True
justinbieber,https://www.instagram.com/p/oCDDkjAvlc,1400188078,./imgs/oCDDkjAvlc.png,"""All the way from Russia man"" :) you guys are perfect",685736,16622,0,53,11,0,0,True
justinbieber,https://www.instagram.com/p/Ca52gOCpNkF,1646873746,./imgs/Ca52gOCpNkF.png,@eddiebenjamin so grateful to know you! You inspire me so much!  Thank you for being you!! Coolest on the planet 🌎,757308,4227,0,114,21,1,0,True
justinbieber,https://www.instagram.com/p/ROo35SgvuR,1351218435,./imgs/ROo35SgvuR.png,T#throwbackthursday,449806,9598,1,19,1,0,0,False
justinbieber,https://www.instagram.com/p/BS-LBLQjm6e,1492399832,./imgs/BS-LBLQjm6e.png,nan,2407154,137944,0,0,0,0,0,False
justinbieber,https://www.instagram.com/p/ByLxxTyH1Z1,1559428350,./imgs/ByLxxTyH1Z1.png,nan,3713219,49821,0,0,0,0,1,False
justinbieber,https://www.instagram.com/p/CUqMHKkhVDH,1633463237,./imgs/CUqMHKkhVDH.png,@ryangood24 📷: @rorykramer,913904,2375,0,26,3,1,0,False
justinbieber,https://www.instagram.com/p/nE2EGKgvo6,1398134446,./imgs/nE2EGKgvo6.png,Thankful for God's everlasting love.,904783,18382,0,36,5,0,0,False
justinbieber,https://www.instagram.com/p/7336Y4gvvj,1442796364,./imgs/7336Y4gvvj.png,His grace is sufficient 🎥 @rorykramer,688605,9582,0,37,6,1,0,True
justinbieber,https://www.instagram.com/p/_V56HnAvto,1450246495,./imgs/_V56HnAvto.png,Sorry,1823032,36084,0,5,1,0,0,False
justinbieber,https://www.instagram.com/p/CJY9KiCHZu_,1609262655,./imgs/CJY9KiCHZu_.png,What we believe about ourselves is often times a reflection of how we feel god looks at us.. when the creator of the universe designed everything he made you. He thought of you! He made you with a plan and a purpose. You are not a mistake. You are his obsession and he will spend everyday tugging at your heart until you see him for who he is.,796320,6780,0,343,68,0,0,False
justinbieber,https://www.instagram.com/p/CKUvcb0HCO_,1611268728,./imgs/CKUvcb0HCO_.png,📷: @rorykramer,970232,3698,0,14,2,1,0,False
justinbieber,https://www.instagram.com/p/Z8KDV,1324238653,./imgs/Z8KDV.png,Always watching me,143035,3087,0,18,3,0,0,False
justinbieber,https://www.instagram.com/p/Q5ZHY8gvpQ,1350505530,./imgs/Q5ZHY8gvpQ.png,nan,471745,13315,0,0,0,0,0,False
justinbieber,https://www.instagram.com/p/aznmd8gvlu,1371786634,./imgs/aznmd8gvlu.png,Heat win,637312,9742,0,8,2,0,0,True
justinbieber,https://www.instagram.com/p/B6_QliBHF1k,1578335652,./imgs/B6_QliBHF1k.png,nan,1561497,11499,0,0,0,0,0,False
justinbieber,https://www.instagram.com/p/B6vp37NHRPr,1577812060,./imgs/B6vp37NHRPr.png,Seasons. #2020. @youtube,677221,8802,1,24,3,0,0,True
justinbieber,https://www.instagram.com/p/VUco1,1321993880,./imgs/VUco1.png,Serious fAce,178586,5202,0,12,2,0,0,False
justinbieber,https://www.instagram.com/p/CRerEhGHtrp,1626634365,./imgs/CRerEhGHtrp.png,📸: @evanpaterakis,665143,1531,0,17,2,1,0,False
justinbieber,https://www.instagram.com/p/BVes5VNDf8T,1497786303,./imgs/BVes5VNDf8T.png,nan,1952200,14521,0,0,0,0,0,False
justinbieber,https://www.instagram.com/p/-RnSTNgvhs,1447955030,./imgs/-RnSTNgvhs.png,#PURPOSE,1143545,11757,1,8,1,0,0,False
justinbieber,https://www.instagram.com/p/n1hxuDgvrh,1399767977,./imgs/n1hxuDgvrh.png,nan,1162827,37321,0,0,0,0,0,False
justinbieber,https://www.instagram.com/p/7YCmiFAvnV,1441728227,./imgs/7YCmiFAvnV.png,... Help me and @pencilsofpromise spread awareness for 250 million kids who deserve to read and write. #WhereIRead,625643,4268,1,114,18,0,0,False
justinbieber,https://www.instagram.com/p/Buu3ulqnF2V,1552015944,./imgs/Buu3ulqnF2V.png,#preach @drewhouse,1489503,6500,1,18,2,0,0,False
justinbieber,https://www.instagram.com/p/Bv0IJm2HhfD,1554339810,./imgs/Bv0IJm2HhfD.png,nan,2980066,14360,0,0,0,0,0,False
justinbieber,https://www.instagram.com/p/BurBIi5H5Fx,1551886657,./imgs/BurBIi5H5Fx.png,You wear @drewhouse so well,3035767,18581,0,27,5,0,0,False
justinbieber,https://www.instagram.com/p/8M34-2Avnd,1443500996,./imgs/8M34-2Avnd.png,No pressure,1173718,20025,0,11,2,0,0,False
justinbieber,https://www.instagram.com/p/BAeF7nwAvp1,1452668717,./imgs/BAeF7nwAvp1.png,nan,1461354,10450,0,0,0,0,0,False
justinbieber,https://www.instagram.com/p/CMfQYVSnVh1,1615916507,./imgs/CMfQYVSnVh1.png,"3 DAYS #Justice 

📷: @rorykramer",2066797,11290,1,32,5,1,0,False
justinbieber,https://www.instagram.com/p/CTGNiqSFP7A,1630108544,./imgs/CTGNiqSFP7A.png,📸: @rorykramer,1124811,6133,0,14,2,1,0,False
justinbieber,https://www.instagram.com/p/CJpVHQUHKJq,1609812082,./imgs/CJpVHQUHKJq.png,📷: @mattkomo,1569147,7781,0,12,2,1,0,False
justinbieber,https://www.instagram.com/p/TlnNJ3gvuS,1356284279,./imgs/TlnNJ3gvuS.png,Me and @ryanbutler,448627,8089,0,18,3,0,0,False
justinbieber,https://www.instagram.com/p/BDODIzHgvjk,1458572833,./imgs/BDODIzHgvjk.png,nan,1477546,16318,0,0,0,0,0,False
justinbieber,https://www.instagram.com/p/kBG_UpAvna,1391566651,./imgs/kBG_UpAvna.png,#hockeyseason,759673,39845,1,13,1,0,0,True
justinbieber,https://www.instagram.com/p/CTAS1LyF2Dh,1629909990,./imgs/CTAS1LyF2Dh.png,📸 @rorykramer,1396657,7458,0,13,2,1,0,False
justinbieber,https://www.instagram.com/p/TzZSZmgvlV,1356746744,./imgs/TzZSZmgvlV.png,Thank The Lord,457250,13399,0,14,3,0,0,False
justinbieber,https://www.instagram.com/p/7c5E8FAvjQ,1441891005,./imgs/7c5E8FAvjQ.png,nan,1123509,17513,0,0,0,0,0,False
justinbieber,https://www.instagram.com/p/R8YfzUAvv-,1352753353,./imgs/R8YfzUAvv-.png,Just a thought,499801,38463,0,14,3,0,0,False
justinbieber,https://www.instagram.com/p/B8FP5jKHs6E,1580684101,./imgs/B8FP5jKHs6E.png,nan,587752,826,0,0,0,0,0,False
justinbieber,https://www.instagram.com/p/4KtrR2Avuo,1434838597,./imgs/4KtrR2Avuo.png,nan,1027979,14777,0,0,0,0,1,False
justinbieber,https://www.instagram.com/p/BB1R4ffgvgi,1455594219,./imgs/BB1R4ffgvgi.png,nan,2162842,47786,0,0,0,0,0,False
justinbieber,https://www.instagram.com/p/CPO-YtZH4to,1621812653,./imgs/CPO-YtZH4to.png,Happy Sunday.,6698581,54126,0,13,2,0,0,False
justinbieber,https://www.instagram.com/p/-uqC1nAvjw,1448929555,./imgs/-uqC1nAvjw.png,Upward falling,936141,3971,0,14,2,0,0,False
justinbieber,https://www.instagram.com/p/6U-roBAvuk,1439478025,./imgs/6U-roBAvuk.png,What Do You Mean? @lukebryan #15Days - and congrats on your new album Luke. Thanks buddy.,625187,12019,1,89,16,0,0,True
justinbieber,https://www.instagram.com/p/CRZhb-3Hp_7,1626461542,./imgs/CRZhb-3Hp_7.png,Happy bday @allisonjamiekaye love you 😽 📸: @evanpaterakis,2078411,5036,0,57,8,2,0,False
justinbieber,https://www.instagram.com/p/CV2_B7zpSh6,1636040070,./imgs/CV2_B7zpSh6.png,📷: @rorykramer,2116973,10220,0,14,2,1,0,False
justinbieber,https://www.instagram.com/p/CEz9aTHnLi5,1599431336,./imgs/CEz9aTHnLi5.png,Bieber bear,1040025,4199,0,11,2,0,0,False
justinbieber,https://www.instagram.com/p/B_xZSFiHQG6,1588608321,./imgs/B_xZSFiHQG6.png,Sharing our quarantine with you guys. #TheBiebersonWatch ep 1 on my Facebook,1059286,6819,1,76,12,0,0,True
justinbieber,https://www.instagram.com/p/lVh5igAvti,1394399332,./imgs/lVh5igAvti.png,Your laughter is contagious love you @djtayjames,723152,16508,0,48,7,0,0,False
justinbieber,https://www.instagram.com/p/n7V33bAvkd,1399963063,./imgs/n7V33bAvkd.png,Is that young Indiana Jones. #skintightpants #igottachill,985382,17275,2,57,7,0,0,False
justinbieber,https://www.instagram.com/p/BXlewUEDbDl,1502308737,./imgs/BXlewUEDbDl.png,nan,1831956,26152,0,0,0,0,0,False
justinbieber,https://www.instagram.com/p/d1DQyfAvno,1378277142,./imgs/d1DQyfAvno.png,Funny faces @theworldshero,477362,7576,0,26,3,0,0,True
justinbieber,https://www.instagram.com/p/BAAgYIqAvih,1451675950,./imgs/BAAgYIqAvih.png,Happy new year http://smarturl.it/JBPurpose,1327163,11221,0,43,4,0,0,False
justinbieber,https://www.instagram.com/p/SYSzMpAvr1,1353689890,./imgs/SYSzMpAvr1.png,My lil bro and sis seeepinn,635960,24767,0,27,6,0,0,False
justinbieber,https://www.instagram.com/p/UUPUi0gvt8,1357848815,./imgs/UUPUi0gvt8.png,This was the ping pong ball after me slamming it on Nick Jonas lol haha,427444,15959,0,71,15,0,0,False
justinbieber,https://www.instagram.com/p/B8W6jlnn-XK,1581276891,./imgs/B8W6jlnn-XK.png,@evanmock took these 🔥 pics for @drewhouse,454590,923,0,42,7,1,0,False
justinbieber,https://www.instagram.com/p/CO1sMOdHAzn,1620964253,./imgs/CO1sMOdHAzn.png,nan,649814,3372,0,0,0,0,0,False
justinbieber,https://www.instagram.com/p/B8kXzUjHYt8,1581728432,./imgs/B8kXzUjHYt8.png,nan,1795668,12091,0,0,0,0,0,False
justinbieber,https://www.instagram.com/p/B3sWMZsHgbE,1571258606,./imgs/B3sWMZsHgbE.png,Even paparazzi know the deal.  @drewhouse,725185,3460,0,41,6,0,0,False
justinbieber,https://www.instagram.com/p/9tXiuyAvtw,1446738816,./imgs/9tXiuyAvtw.png,nan,980691,10846,0,0,0,0,0,False
justinbieber,https://www.instagram.com/p/B7hxfWpnAuT,1579493753,./imgs/B7hxfWpnAuT.png,Getting back in tip top shape,1320754,7362,0,29,6,0,0,False
justinbieber,https://www.instagram.com/p/XZZDR,1323040815,./imgs/XZZDR.png,nan,102340,1594,0,0,0,0,0,False
justinbieber,https://www.instagram.com/p/B4xQZkVnxdS,1573570824,./imgs/B4xQZkVnxdS.png,i’m working with @schmidtsnaturals and @active_minds to change the conversation around mental health + promote self-care. a hug is proven to reduce stress and make you happier. share your hug pic using #hugmore,4524915,18094,1,210,33,0,1,False
justinbieber,https://www.instagram.com/p/3HgUaUAvpX,1432583447,./imgs/3HgUaUAvpX.png,Somebody likes my song 👶🐻,1131400,34390,0,25,5,2,0,True
justinbieber,https://www.instagram.com/p/BQXGIfwBun1,1486793680,./imgs/BQXGIfwBun1.png,my best friend @johnny,1202954,26472,0,22,4,0,0,True
justinbieber,https://www.instagram.com/p/CbDZ8vhJuiF,1647194279,./imgs/CbDZ8vhJuiF.png,nan,939393,10040,0,0,0,0,0,True
justinbieber,https://www.instagram.com/p/6-qym8gvr5,1440876882,./imgs/6-qym8gvr5.png,Just saw this in the street. Hearing on the radio. Thanks. Do you have #whatdoyoumean yet? Post videos of you singing it like @thejasonkennedy,914748,6759,1,142,24,0,0,False
justinbieber,https://www.instagram.com/p/CEtHZIlnPGj,1599201728,./imgs/CEtHZIlnPGj.png,nan,1771060,18475,0,0,0,0,0,True
justinbieber,https://www.instagram.com/p/BFw9x8Agvg0,1464039396,./imgs/BFw9x8Agvg0.png,Drew,1022163,10950,0,4,1,0,0,True
justinbieber,https://www.instagram.com/p/CDu681KnkP_,1597114790,./imgs/CDu681KnkP_.png,nan,986682,2319,0,0,0,0,0,False
justinbieber,https://www.instagram.com/p/8Hn7RbgvjR,1443324854,./imgs/8Hn7RbgvjR.png,Throwback,1584107,44661,0,9,1,0,0,False
justinbieber,https://www.instagram.com/p/BXyJl9MDWby,1502733850,./imgs/BXyJl9MDWby.png,nan,840451,3994,0,0,0,0,0,False
justinbieber,https://www.instagram.com/p/ervUEuAvuU,1380112177,./imgs/ervUEuAvuU.png,nan,895490,21864,0,0,0,0,0,False
justinbieber,https://www.instagram.com/p/TSCjG,1320769923,./imgs/TSCjG.png,Paris bound,137218,2033,0,11,2,0,0,False
justinbieber,https://www.instagram.com/p/CEujEfPHMTi,1599249753,./imgs/CEujEfPHMTi.png,Says she reps a whole different block so I blocked her @champagnepapi @djkhaled,2929098,15775,0,79,13,0,0,False
justinbieber,https://www.instagram.com/p/mKRR5rAvvW,1396169004,./imgs/mKRR5rAvvW.png,On em,1223169,58966,0,5,2,0,0,False
justinbieber,https://www.instagram.com/p/gZwBM0Avob,1383803534,./imgs/gZwBM0Avob.png,"Great shot pap great shot,  I might frame this",801390,18079,0,46,9,0,0,False
justinbieber,https://www.instagram.com/p/BGS0hCCAvn8,1465175390,./imgs/BGS0hCCAvn8.png,Happy bday to the talented @quincy shoutout to my sunburn,1627588,13148,0,57,10,0,1,False
justinbieber,https://www.instagram.com/p/BEzEFY1AvvW,1461962327,./imgs/BEzEFY1AvvW.png,Perpetua,1246366,7277,0,8,1,0,0,False
justinbieber,https://www.instagram.com/p/BBi5I6OAvm8,1454977266,./imgs/BBi5I6OAvm8.png,nan,1802200,32648,0,0,0,0,0,False
justinbieber,https://www.instagram.com/p/CKmXcZQHJXY,1611860124,./imgs/CKmXcZQHJXY.png,"God’s love for you isn’t based on your performance its based on your identity. You are loved, valuable and chosen not because you earned it but because he said it......",471355,3890,0,168,30,0,0,False
justinbieber,https://www.instagram.com/p/g1LNV3Avtx,1384723759,./imgs/g1LNV3Avtx.png,A lil sleepy Terrence?,484802,7508,0,22,4,0,0,False
justinbieber,https://www.instagram.com/p/BUwr4hDDxMN,1496242268,./imgs/BUwr4hDDxMN.png,nan,1182868,12277,0,0,0,0,0,False
justinbieber,https://www.instagram.com/p/dToi_rgvlp,1377155839,./imgs/dToi_rgvlp.png,Was playing with snakes the other day.. Watching the other guys again !! Will Ferrell is so funny,1015199,51552,0,97,18,0,0,False
justinbieber,https://www.instagram.com/p/HzoytOgvkQ,1330985070,./imgs/HzoytOgvkQ.png,Mornin fredo,166753,3432,0,12,2,0,0,False
justinbieber,https://www.instagram.com/p/BGaMkFfAvoF,1465422879,./imgs/BGaMkFfAvoF.png,Legend #waltdisney,986275,8776,1,18,2,0,0,False
justinbieber,https://www.instagram.com/p/Bwc8soHHMoB,1555709537,./imgs/Bwc8soHHMoB.png,nan,769539,10822,0,0,0,0,0,False
justinbieber,https://www.instagram.com/p/B-iTNvIHVP3,1585954466,./imgs/B-iTNvIHVP3.png,"THANK YOU TO ALL OF THE DOCTORS, NURSES, ALL MEDICAL PERSONNEL !! WE APPRECIATE YOU GUYS!",835086,8164,0,89,16,0,0,True
justinbieber,https://www.instagram.com/p/CbJS1icPNGu,1647391852,./imgs/CbJS1icPNGu.png,Absolutely stunning,2125661,7487,0,19,2,0,2,False
justinbieber,https://www.instagram.com/p/-AzDEhgvkr,1447390771,./imgs/-AzDEhgvkr.png,#PURPOSE now on @applemusic and @itunes worldwide,662593,11004,1,49,7,0,0,False
justinbieber,https://www.instagram.com/p/CWqmH35rUKA,1637771842,./imgs/CWqmH35rUKA.png,@drewhouse,585994,2455,0,10,1,0,0,False
justinbieber,https://www.instagram.com/p/nIYDGigvse,1398252927,./imgs/nIYDGigvse.png,♛,968700,25599,0,1,1,0,0,False
justinbieber,https://www.instagram.com/p/BCme2jiAvgj,1457245186,./imgs/BCme2jiAvgj.png,Still the champ,1250796,21639,0,15,3,0,0,False
justinbieber,https://www.instagram.com/p/CMU0OGBHm_E,1615566199,./imgs/CMU0OGBHm_E.png,"The calm before the storm with the genius @nickdemoura 

📷: @rorykramer",1115262,2916,0,71,11,1,0,False
justinbieber,https://www.instagram.com/p/BVUxqeIjTL3,1497453258,./imgs/BVUxqeIjTL3.png,nan,2132966,23393,0,0,0,0,0,False
justinbieber,https://www.instagram.com/p/BGaNG8BAvpP,1465423164,./imgs/BGaNG8BAvpP.png,Legend #jodeci,842929,3265,1,14,2,0,0,False
justinbieber,https://www.instagram.com/p/hpWzBBAvgG,1386474666,./imgs/hpWzBBAvgG.png,@floydmayweather at the top why stop now themoneyteam.com #confident,722794,4839,1,68,9,0,0,False
justinbieber,https://www.instagram.com/p/h0whaNAvvv,1386857252,./imgs/h0whaNAvvv.png,#confident Monday 12.16 #Journals,494178,2885,2,33,4,0,0,False
justinbieber,https://www.instagram.com/p/-XYgLvAvs4,1448148606,./imgs/-XYgLvAvs4.png,nan,1442798,23797,0,0,0,0,0,False
justinbieber,https://www.instagram.com/p/CJcXxnJHZmU,1609377270,./imgs/CJcXxnJHZmU.png,📷: @rorykramer,2189572,11467,0,14,2,1,0,False
justinbieber,https://www.instagram.com/p/Tlp_eAAvh4,1356285740,./imgs/Tlp_eAAvh4.png,Green and red for christmas,524318,18267,0,27,5,0,0,False
justinbieber,https://www.instagram.com/p/CLnUEyEHcF-,1614039420,./imgs/CLnUEyEHcF-.png,Behind the scenes of @c.syresmith new Photograph video check it out on youtube,441225,1731,0,78,13,0,0,True
justinbieber,https://www.instagram.com/p/P4_wOmAvhN,1348344749,./imgs/P4_wOmAvhN.png,Swggy,264693,5324,0,5,1,0,0,False
justinbieber,https://www.instagram.com/p/B6HbXEOnThI,1576462252,./imgs/B6HbXEOnThI.png,@drewhouse,351957,611,0,10,1,0,0,False
justinbieber,https://www.instagram.com/p/fUgN7HAvpp,1381479994,./imgs/fUgN7HAvpp.png,nan,707731,20310,0,0,0,0,0,False
justinbieber,https://www.instagram.com/p/BwKuVWgD_jg,1555098061,./imgs/BwKuVWgD_jg.png,No matter how many times you get beaten up you never lose your value!!,1506522,16147,0,70,14,0,0,True
justinbieber,https://www.instagram.com/p/BEEu0zEAvgH,1460407677,./imgs/BEEu0zEAvgH.png,nan,1548809,67870,0,0,0,0,0,True
justinbieber,https://www.instagram.com/p/CMlh6GjH9Jc,1616127039,./imgs/CMlh6GjH9Jc.png,#PEACHES video out now 🍑 @danielcaesar @giveon,2046456,29260,1,46,7,1,1,True
justinbieber,https://www.instagram.com/p/Q6xhYYAvuM,1350551880,./imgs/Q6xhYYAvuM.png,#beautyandabeat video is on iTunes! Go download it plz!,396930,7669,1,55,9,0,0,False
justinbieber,https://www.instagram.com/p/Pj5mNOgvis,1347636878,./imgs/Pj5mNOgvis.png,Fanpic,419639,8207,0,6,1,0,0,False
justinbieber,https://www.instagram.com/p/hC_cuuAvmR,1385187356,./imgs/hC_cuuAvmR.png,Swirv ♛,846190,11097,0,7,2,0,0,False
justinbieber,https://www.instagram.com/p/B6vecShnLZs,1577806058,./imgs/B6vecShnLZs.png,Today. Noon. #2020,723687,5906,1,18,3,0,0,True
justinbieber,https://www.instagram.com/p/BhCfaMkDMGJ,1522609511,./imgs/BhCfaMkDMGJ.png,Happy easter,3106820,96843,0,12,2,0,0,False
justinbieber,https://www.instagram.com/p/pvd0qdAvhy,1403859545,./imgs/pvd0qdAvhy.png,Good night with friends,961241,28237,0,23,4,0,0,False
justinbieber,https://www.instagram.com/p/CO1KI7jHN7D,1620946400,./imgs/CO1KI7jHN7D.png,nan,5055554,21054,0,0,0,0,0,False
justinbieber,https://www.instagram.com/p/B7-F-9_HYmA,1580444037,./imgs/B7-F-9_HYmA.png,nan,704123,2373,0,0,0,0,1,True
justinbieber,https://www.instagram.com/p/9ACkcyAvjw,1445217871,./imgs/9ACkcyAvjw.png,nan,718353,8376,0,0,0,0,0,False
justinbieber,https://www.instagram.com/p/pqHlOdAvtm,1403680112,./imgs/pqHlOdAvtm.png,Back in the lab @kinggoldchains,958607,21977,0,31,5,0,0,False
justinbieber,https://www.instagram.com/p/CVTa3cnhN5a,1634846705,./imgs/CVTa3cnhN5a.png,📷: @rorykramer,1013045,4022,0,14,2,1,0,False
justinbieber,https://www.instagram.com/p/CO83YYKnI3D,1621205001,./imgs/CO83YYKnI3D.png,📷: @rorykramer,573415,1842,0,14,2,1,0,False
justinbieber,https://www.instagram.com/p/CLqZIPkHstK,1614142709,./imgs/CLqZIPkHstK.png,Love u @allisonjamiekaye,1092228,3553,0,24,3,0,0,False
justinbieber,https://www.instagram.com/p/BDrGrXegviP,1459547767,./imgs/BDrGrXegviP.png,nan,1973020,41776,0,0,0,0,0,False
justinbieber,https://www.instagram.com/p/CDNM2XJH0DZ,1595983324,./imgs/CDNM2XJH0DZ.png,WELCOME BACK BOYS ! TORONTO MAPLE LEAFS,631595,1328,0,39,7,0,0,False
justinbieber,https://www.instagram.com/p/CHqcaocnAwb,1605554498,./imgs/CHqcaocnAwb.png,Working on performances like this are fun because it takes a team! Teamwork is essential in accomplishing your dreams! I could have never pulled something like this off without a team. Look around you. Who do you see? Who’s holding you back? Who’s empowering you? Are you holding yourself back by the way you are treating those around you. Take a look only you know... 📷: @nickdemoura,1498187,7525,0,384,67,1,0,False
justinbieber,https://www.instagram.com/p/CDRtjNZHEGX,1596134686,./imgs/CDRtjNZHEGX.png,nan,495503,2164,0,0,0,0,0,False
justinbieber,https://www.instagram.com/p/9LH_kygvtl,1445589813,./imgs/9LH_kygvtl.png,@skrillex @bloodpop are excited because Sorry is out. So is the alien,750204,10653,0,69,12,0,0,True
justinbieber,https://www.instagram.com/p/iNI-tzAvmT,1387675381,./imgs/iNI-tzAvmT.png,nan,648583,14586,0,0,0,0,0,False
justinbieber,https://www.instagram.com/p/BEz0N2iAvts,1461987562,./imgs/BEz0N2iAvts.png,nan,1962113,83921,0,0,0,0,0,False
justinbieber,https://www.instagram.com/p/CIRGXRXHCRw,1606851559,./imgs/CIRGXRXHCRw.png,Loving people is our mission. Love is the reason of our existence. To love and to be loved. Even when we reject God and reject the things of God HE NEVER REJECTS US.,941945,8628,0,165,33,0,0,False
justinbieber,https://www.instagram.com/p/CM5oorjnxFw,1616801639,./imgs/CM5oorjnxFw.png,📷: @rorykramer,859686,2639,0,14,2,1,0,False
justinbieber,https://www.instagram.com/p/xkTzksgvsp,1420665063,./imgs/xkTzksgvsp.png,😏🙈,1399316,66851,0,2,1,2,0,False
justinbieber,https://www.instagram.com/p/3wTmO2Avh6,1433952509,./imgs/3wTmO2Avh6.png,Add my snapchat: rickthesizzler,1148347,10390,0,31,4,0,0,False
justinbieber,https://www.instagram.com/p/BZAnP_0jd3a,1505366644,./imgs/BZAnP_0jd3a.png,nan,1263821,7552,0,0,0,0,0,False
justinbieber,https://www.instagram.com/p/7LvqXxgvtF,1441315644,./imgs/7LvqXxgvtF.png,#sadboy shoutout @rorykramer for the photo love,1259401,28036,1,47,7,0,0,False
justinbieber,https://www.instagram.com/p/Bar6ncBDK8r,1508967122,./imgs/Bar6ncBDK8r.png,nan,2953028,73399,0,0,0,0,0,False
justinbieber,https://www.instagram.com/p/B3eR8M6HYcX,1570786614,./imgs/B3eR8M6HYcX.png,I think I wanna sell my home in Beverly Hills who wants it.,1170715,17271,0,59,13,0,0,False
justinbieber,https://www.instagram.com/p/y5-ewuAvkg,1423539564,./imgs/y5-ewuAvkg.png,nan,1216665,56211,0,0,0,0,0,False
justinbieber,https://www.instagram.com/p/B6QsW8pFX3_,1576773320,./imgs/B6QsW8pFX3_.png,"GOOD MORNING HERE IS A GUIDED PRAYER TO START YOUR DAY,! FIND A COMFY POSITION AND ENJOY! @churchome @judahsmith",192461,1012,0,112,19,0,0,True
justinbieber,https://www.instagram.com/p/B4dX0H_nizp,1572903623,./imgs/B4dX0H_nizp.png,Love you big bro. Been too long. Miss you dog! 🐐,1067081,6355,0,48,11,1,0,False
justinbieber,https://www.instagram.com/p/BvqVRU7nII-,1554011144,./imgs/BvqVRU7nII-.png,@drewhouse #diddyfordrewhouse @diddy KP YOU WILL ALWAYS BE REMEMBERED FOR THE STUNNING WOMAN YOU WERE INSIDE AND OUT..,1348772,7214,1,118,18,0,0,False
justinbieber,https://www.instagram.com/p/BivXxOQF1oz,1526262939,./imgs/BivXxOQF1oz.png,nan,4231143,42992,0,0,0,0,0,False
justinbieber,https://www.instagram.com/p/B0OxEZyHSYQ,1563823613,./imgs/B0OxEZyHSYQ.png,nan,4744195,60169,0,0,0,0,0,False
justinbieber,https://www.instagram.com/p/h2mxx,1326755977,./imgs/h2mxx.png,Road trip,118399,1506,0,9,2,0,0,False
justinbieber,https://www.instagram.com/p/BEmSg39gvlU,1461533684,./imgs/BEmSg39gvlU.png,When your hair blends into the branches,1758347,24050,0,39,7,0,0,False
justinbieber,https://www.instagram.com/p/CWHDfowBrvV,1636579428,./imgs/CWHDfowBrvV.png,@timhortons X @justinbieber,491141,4342,0,27,3,0,0,True
justinbieber,https://www.instagram.com/p/QaFgZ,1318799976,./imgs/QaFgZ.png,Rolly Polly olly,113190,2262,0,16,3,0,0,False
justinbieber,https://www.instagram.com/p/BGn9ltGgvs1,1465884790,./imgs/BGn9ltGgvs1.png,nan,701717,14322,0,0,0,0,0,True
justinbieber,https://www.instagram.com/p/CMTWe3YnVeE,1615517086,./imgs/CMTWe3YnVeE.png,LETS FUCKING GOOO OMG @austonmatthews UR MITS ARE SO FILTHY,453837,2177,0,59,10,0,0,True
justinbieber,https://www.instagram.com/p/5EF0McAvp4,1436763856,./imgs/5EF0McAvp4.png,@estherthecutie,891401,20789,0,15,1,0,0,True
justinbieber,https://www.instagram.com/p/7Aw-X7gvvh,1440947233,./imgs/7Aw-X7gvvh.png,Britney I'm back. #vmas #whatdoyoumean? Part 2,996619,17245,2,46,7,0,0,True
justinbieber,https://www.instagram.com/p/Ca5ZNj6PUZL,1646858324,./imgs/Ca5ZNj6PUZL.png,📷: @evanpaterakis,2610177,7315,0,17,2,1,0,False
justinbieber,https://www.instagram.com/p/BTE_z-JDOps,1492628838,./imgs/BTE_z-JDOps.png,nan,2374849,33005,0,0,0,0,0,False
justinbieber,https://www.instagram.com/p/ieYo2LAvhJ,1388254016,./imgs/ieYo2LAvhJ.png,snowmobiling ♛,919438,26801,0,14,2,0,0,False
justinbieber,https://www.instagram.com/p/wsp6zSgvoQ,1418797609,./imgs/wsp6zSgvoQ.png,@kendalljenner why the need for two guns fool and @haileybaldwin good work today we were killin everyone.🔫🔫🔫🔫🔫 #nerfwars,1246043,36710,1,120,18,5,0,False
justinbieber,https://www.instagram.com/p/gPGYFwAvsq,1383446158,./imgs/gPGYFwAvsq.png,Bad day,610187,8522,0,7,2,0,0,False
justinbieber,https://www.instagram.com/p/Pdl18agvoX,1347425195,./imgs/Pdl18agvoX.png,Wow fun night,342412,10488,0,13,3,0,0,False
justinbieber,https://www.instagram.com/p/CUoLN0cvpvU,1633395659,./imgs/CUoLN0cvpvU.png,"📷: @rorykramer 

  @wetheband",1454857,5076,0,29,3,1,0,False
justinbieber,https://www.instagram.com/p/Se0l62gvnI,1353908933,./imgs/Se0l62gvnI.png,My guitar is fire,339624,7459,0,17,4,0,0,False
justinbieber,https://www.instagram.com/p/l-QAGKAvsI,1395765680,./imgs/l-QAGKAvsI.png,nan,1293379,132626,0,0,0,0,0,False
justinbieber,https://www.instagram.com/p/PYGcwVAvq5,1347240964,./imgs/PYGcwVAvq5.png,#repost @kevinhart4real,239885,4191,1,23,2,0,0,False
