name,artist,duration
The Little Things,Colbie Caillat,225.0
The Regality Dance,Elvenking,347.0
Come Out Swinging,The Offspring,167.0
You Make Me Like Charity,The Knife,185.0
Cat People (Putting Out Fire),David Bowie,402.0
Attack The Doctor,Blockhead,346.0
Sorry But It's Over,dredg,249.0
Scarlette,Sevdaliza,205.0
Green Mind,Dinosaur Jr.,299.0
Whoever She Is,The Maine,221.0
Bob Gandhi,Ratatat,241.0
Rotting Misery,Paradise Lost,316.0
Monday Morning Apocalypse,Evergrey,190.0
Until the Last,The Album Leaf,256.0
Red Socks Pugie,Foals,315.0
Peacock Tail,Boards of Canada,325.0
Cosmic Egg,Wolfmother,244.0
Fazer,Quicksand,193.0
Here Comes The Night,Them,165.0
Finish Line,Fanfarlo,220.0
Jeffer,Boys Noize,225.0
Digital Man,Rush,382.0
Overlord,Skinless,246.0
Lipgloss,Pulp,213.0
Lookin' For A Reason,Creedence Clearwater Revival,208.0
Gold Guns Girls,Metric,266.0
Should You Return,Copeland,247.0
Beanbag Chair,Yo La Tengo,183.0
It Scares Me,Mesh,288.0
Beautifully Broken,Ashlee Simpson,197.0
Plasticities,Andrew Bird,265.0
Soul Society,Kamelot,258.0
Once Britten,Koop,248.0
Music Takes You Back,Modjo,254.0
Honeycomb,Deafheaven,664.0
Dreaming Of Andromeda (Jean F. Cochois Remix),Enigma,449.0
Turk,High on Fire,303.0
Baby Said,Hot Chip,297.0
I Want You to Stay,Maxïmo Park,227.0
Urano,Murcof,634.0
Quart in Session,NOFX,98.0
Oh My Fucking God,Strapping Young Lad,214.0
Giant Swan,The Blood Brothers,351.0
Moon Theory,Miami Horror,265.0
Bombat,Infected Mushroom,498.0
Stadsvandringar,Dungen,890.0
Reminiscences,Ariel Pink's Haunted Graffiti,154.0
Oscar See Through Red Eye,Boards of Canada,309.0
For Once In Your Life,Hole,215.0
Flight Of The Feathered Serpent,Fuck Buttons,572.0
Beneath Black Skies,Paradise Lost,254.0
No Way Out,Theory of a Deadman,209.0
Stay In The Shade,José González,143.0
Reprise,Grizzly Bear,200.0
Deep Forest,Deep Forest,334.0
Jesus Walking On The Water,Violent Femmes,189.0
Things You Can Do,Deltron 3030,300.0
Mirror Remains,Bauhaus,298.0
No Children,The Mountain Goats,168.0
City Kids,Motörhead,208.0
Howling Light,J. Tillman,215.0
Oily Water,Blur,301.0
Heart It Races,Architecture in Helsinki,195.0
Guyamas Sonora,Beirut,211.0
Get in the Ring,Guns N' Roses,341.0
Boot Camp,Soundgarden,179.0
Drone Assembly,Project Pitchfork,135.0
April Grove,Martina Topley-Bird,212.0
Break 'em on Down,Soledad Brothers,184.0
When I Get Old,Descendents,150.0
Russian Courier,Moderat,376.0
Proxima Centauri,At the Drive-In,166.0
Jimmy Jazz,The Clash,234.0
Raped by the Devil,Imperia,254.0
Every Single Day,Benassi Bros.,285.0
Moments with Oliver,Rachael Yamagata,62.0
You Broke Like Glass,Eighteen Visions,189.0
#10,Aphex Twin,438.0
Wolken ziehen vorbei,2raumwohnung,276.0
Her Eyes Are Underneath the Ground,Antony and the Johnsons,264.0
We Got More,Eskmo,250.0
Esquilo não samba,Móveis Coloniais de Acaju,272.0
Tetragrammaton,The Mars Volta,1002.0
No Sex,Limp Bizkit,235.0
From Sinking,Isis,657.0
Black Baby,Kruder & Dorfmeister,340.0
Sudden Rush,Erlend Øye,207.0
Break You,Lamb of God,215.0
Somebody's Calling Me,LCD Soundsystem,413.0
Deep Honey,Goldfrapp,241.0
It's Me,Dinosaur Jr.,315.0
Hang On In There Baby,Johnny Bristol,233.0
The Pharaoh,Edguy,637.0
I Will Return,The Black Dahlia Murder,335.0
I Heard Love Is Blind,Amy Winehouse,130.0
Excuse Me Mr.,Ben Harper,324.0
Pon De River Pon De Bank,Elephant Man,200.0
Wind It Up,Gwen Stefani,190.0
Kimbie,Nick Drake,206.0
Questions And Answers,Biffy Clyro,243.0
In Sincerity,For the Fallen Dreams,150.0
Cannibal Queen,Miniature Tigers,162.0
Fanfare For The Conscious Man,Enter Shikari,225.0
Angelskingarden,Cryptopsy,428.0
Tweaky,Astrix,414.0
Motherless Children,Eric Clapton,291.0
Use You,Dave Gahan,288.0
Vampires Will Never Hurt You,My Chemical Romance,326.0
Naita,Ojos de Brujo,226.0
Olsen Olsen,Sigur Rós,483.0
Arrabal,Gotan Project,238.0
Fix Me,Rise Against,55.0
Too Dead for Me,Atari Teenage Riot,263.0
This Pain,Kamelot,239.0
Bring Em Back Alive,Audioslave,329.0
Selene,Imagine Dragons,240.0
Mbira in the Morass,Volcano Choir,231.0
Waiting Phase Two,Porcupine Tree,324.0
Heroin & Cocaine,The Tiger Lillies,173.0
No Name #1,Elliott Smith,183.0
Lookin' For A Reason,Creedence Clearwater Revival,208.0
Carl Barker,Dance Gavin Dance,313.0
Franks,Infected Mushroom,485.0
The Dumbing Down Of Love,Frou Frou,284.0
Jeannie's Diary,Eels,213.0
Verbal Abuse/Leeches,Slayer,118.0
La Pour Ca,Nada Surf,198.0
Theme From...,The Hives,171.0
House Music,Benny Benassi,242.0
Normandie,Shout Out Louds,203.0
The Light,The Album Leaf,269.0
The Things We Do For Love,10cc,200.0
Lusty,Lamb,251.0
Gypsy Rose Lee,The Distillers,234.0
First Time,Helloween,330.0
Too Fine To Do Time,PANTyRAiD,306.0
Red Rain,The White Stripes,233.0
Could Be Anything,The Eames Era,225.0
Pink Cloud Tracing Paper,Asobi Seksu,207.0
How It Should Be (Sha Sha),Ben Kweller,109.0
Sirensong,The Cure,142.0
Rodeo Clowns,Jack Johnson,158.0
Towards The Bare Hill,Efterklang,190.0
Day Eighteen: Realization,Ayreon,271.0
You'll Always Find Your Way Back Home,Hannah Montana,224.0
A Calculated Effort,Psycroptic,390.0
Skyforger,Amorphis,316.0
Skinned,No Age,155.0
Pirate Jet,Gorillaz,152.0
Costume Makes the Clown,Shakira,192.0
Alas Dies Laughing,Cocteau Twins,222.0
Stone's Ode,Mount Eerie,327.0
Nausea Shreds Yr Head,The Blood Brothers,131.0
Datura,Buckethead,339.0
Pussy Liquor,Rob Zombie,287.0
Ain't No Reason,Brett Dennen,218.0
This Island Earth,Misfits,135.0
Rainbow Blues,Blackmore's Night,270.0
Upon an Oaken Throne,In Flames,170.0
Deep Peace,Devin Townsend,455.0
A Man Called Sun,The Verve,344.0
Disaster Tourism,mewithoutYou,179.0
I U She,Peaches,167.0
The Best Day,Taylor Swift,245.0
The Hounds Of Winter,Sting,270.0
Mother Superior,Coheed and Cambria,398.0
These Stones Will Shout,The Raconteurs,233.0
I'll Be Damned,Pianos Become the Teeth,289.0
Felix Partz,Peaches,269.0
...Baby One More Time,Britney Spears,210.0
Punisher,Veil of Maya,152.0
Invaders Must Die (Chase & Status Remix),The Prodigy,310.0
Does My Breath Smell?,blink-182,158.0
Shake Your Body (Down to the Ground),The Jacksons,225.0
Scrum,Slayer,139.0
Remember (Walking in the Sand),Aerosmith,244.0
Dream Baby Dream,Suicide,380.0
Since I Told You It's Over,Stereophonics,283.0
The Lighthouse,Interpol,324.0
Converting Vegetarians,Infected Mushroom,340.0
Falling Through Your Clothes,The New Pornographers,174.0
Hate It Here,Wilco,271.0
Cranley's Gonna Make It,Broken Social Scene,327.0
In Spite Of Me,Morphine,155.0
I Couldn't Love You More,Sade,228.0
Help Me Mary,Liz Phair,134.0
Super Villain,Powerman 5000,225.0
These Exiled Years,Flogging Molly,302.0
You're Gonna Leave,Stephen Marley,224.0
Shiner,The Ghost Inside,217.0
Sweet Talkin' Woman,Electric Light Orchestra,228.0
The Voiceless,And So I Watch You From Afar,388.0
Here Without You,3 Doors Down,237.0
The Space They Can't Touch,Less Than Jake,174.0
A Cruel Taste of Winter,My Dying Bride,456.0
Is This Thing On?,The Promise Ring,218.0
C'mon Billy,PJ Harvey,171.0
Force Fed Trauma,Through the Eyes of the Dead,325.0
Fear of the Sky,Karnivool,317.0
Hvis lyset tar oss,Burzum,485.0
Levater,Yael Naim,205.0
A Tale Of Pagan Tongue,Borknagar,373.0
Fu-Gee-La,Fugees,256.0
Acid Moon,Juno Reactor,519.0
How Sweet It Is,Michael Bublé,179.0
Minor Earth Major Sky,a-ha,325.0
Jak Aniola Glos,Feel,207.0
Artémis,Diamanda Galás,302.0
Melody Day,Caribou,251.0
Date Line (I Am Gone),Yellowcard,203.0
Apricot Morning,Quantic,386.0
Infinite Arms,Band of Horses,248.0
Que Sera Sera,Pink Martini,252.0
Any Minute Now,Soulwax,189.0
Live and Let Die,Guns N' Roses,184.0
3 Kilos,The Prodigy,446.0
Brahminy Kite,Caribou,322.0
The Ponytail Parades,Emery,246.0
Party Line,The Kinks,155.0
Vermillion,ギルガメッシュ,190.0
Pet Rock,Teenage Fanclub,155.0
The Castaway,Amorphis,333.0
Miss U,Blackfield,280.0
Diamente,Blue States,270.0
Never Wanted to Dance,Mindless Self Indulgence,189.0
Title,Meghan Trainor,175.0
Love Ain't Gonna Let You Down,Jamie Cullum,237.0
Sons of the Morrigan,Primordial,426.0
Everything To Nothing,Manchester Orchestra,338.0
Requiem: Lacrimosa,Wolfgang Amadeus Mozart,203.0
Animal Man,Télépopmusik,267.0
Moar Ghosts 'n' Stuff,deadmau5,299.0
I Quit Girls,Japandroids,295.0
Be Bop Kid,Suicide,133.0
In My Time of Need,Opeth,350.0
Romeo a Go-Go,Every Time I Die,160.0
You Are My Joy,The Reindeer Section,225.0
Stillness Is the Move,Dirty Projectors,320.0
Open Your Eyes and Look North,Dance Gavin Dance,270.0
Bus to Beelzebub,Soul Coughing,277.0
Wind's Dark Poem,Mount Eerie,253.0
Anchorage,Surfer Blood,384.0
Make Me Dream,Flying Saucer Attack,266.0
TRUTH,Blood Stain Child,198.0
After Afterall,William Fitzsimmons,167.0
Glory Box,Portishead,305.0
Speed of Sound,Coldplay,288.0
Identikit,Radiohead,267.0
Emotionless,Good Charlotte,243.0
Giant Swan,The Blood Brothers,351.0
The Crown of Sympathy,My Dying Bride,733.0
Interlude (Milo),Modest Mouse,59.0
The Stellar Dome,Borknagar,337.0
"Always Dirty, Never Clean",Anarbor,206.0
Roll To Me,Del Amitri,134.0
When The Dying Calls,Danzig,212.0
Ever Fallen in Love,Nouvelle Vague,200.0
Ribbon On a Branch,Younger Brother,469.0
Now There's That Fear Again,múm,237.0
Reminiscences,Ariel Pink's Haunted Graffiti,154.0
Into Temptation,Crowded House,274.0
Jazz it at Home,Birdy Nam Nam,357.0
He Who Sought The Fire,Emperor,329.0
Long Hard Road,Sade,181.0
Cult Logic,Miike Snow,236.0
Murphy Was An Optimist,Norma Jean,258.0
OWC,Kent,188.0
Kill Robok,Squarepusher,214.0
I Think Ur a Contra,Vampire Weekend,269.0
A Giant In a Giants World,Memphis May Fire,194.0
The Mirror Conspiracy,Thievery Corporation,225.0
Tides of Time,Epica,333.0
Rent a Wreck,Suburban Kids with Biblical Names,174.0
Summertime Den,Mystery Jets,73.0
I Should Know,Dirty Vegas,369.0
The Part That Hurts The Most (Is Me),Thousand Foot Krutch,239.0
When I Was a Painter,The Breeders,204.0
Hello Morning,Lightning Bolt,56.0
Between The End And Where We Lie,Thrice,236.0
California Girls,The Beach Boys,167.0
Over Again,One Direction,182.0
Like You to Me,Set Your Goals,266.0
A Million Love Songs,Take That,233.0
Take,Low,152.0
Ease My Mind,Skrillex,303.0
This Time Was Mine,Unearth,250.0
Ban The Tube Top,Reel Big Fish,191.0
Auf der guten Seite,Sportfreunde Stiller,225.0
If It Ain't Broke... Break It,And So I Watch You From Afar,382.0
Is It Any Wonder,Sophie Ellis-Bextor,265.0
Desert Song,Edward Sharpe & The Magnetic Zeros,270.0
Shop Vac,Jonathan Coulton,205.0
The Well,Lorn,392.0
Maria Stacks,Thee Oh Sees,137.0
With David Bowie,Veruca Salt,145.0
Mr. Knowitall,Primus,229.0
Magic in the Air,Badly Drawn Boy,223.0
A Thousand Faces,Creed,295.0
Los Piratas,Los Auténticos Decadentes,184.0
Gehenna,Slipknot,413.0
Buttons and Zips,Elbow,238.0
Resurrection By Erection,Powerwolf,231.0
We Seeed,Seeed,386.0
Burner,Motörhead,203.0
Live Alone,Franz Ferdinand,209.0
Destroying Angel,Sneaker Pimps,267.0
Save Up All Your Tears,Cher,240.0
Resign From Life,Diablo,278.0
Ave!,Samael,258.0
The First Tones,ATB,127.0
Bright Young Thing,"Albert Hammond, Jr.",192.0
"Jumpin', Jumpin'",Destiny's Child,228.0
Hanging Tree,Counting Crows,231.0
The Girls,Calvin Harris,315.0
Beat It,Michael Jackson,258.0
Pearls On A String,Ryan Adams,144.0
Bizarro Bike,Lightning Bolt,319.0
A.D.D. (Attention Deficit Destroyer),Municipal Waste,133.0
Release The Stars,Rufus Wainwright,350.0
Water Shows the Hidden Heart,Enya,281.0
Vinegar & Salt,Hooverphonic,200.0
Here I Dreamt I Was an Architect,The Decemberists,269.0
The Good That Won't Come Out,Rilo Kiley,272.0
You Part the Waters,Cake,170.0
With A Gun,Steely Dan,139.0
Killing Fields,FGFC820,336.0
Industrial Discipline,Fear Factory,216.0
Tenant,Siouxsie and the Banshees,222.0
Killing It,A Wilhelm Scream,149.0
Give Judy My Notice,Ben Folds,215.0
He's A Runner,"Blood, Sweat & Tears",252.0
Autumn Hill,Jon Hopkins,160.0
White Noise Monster,Arcturus,235.0
The Impossible,Joe Nichols,244.0
Love Jones,J Dilla,62.0
Hotride,The Prodigy,276.0
Diet Pill,L7,235.0
Adonai,Head,319.0
Lost in Mirror,Melt-Banana,155.0
Trouble Sleeping,Corinne Bailey Rae,207.0
Everybody Knows That You Are Insane,Queens of the Stone Age,254.0
Dead On Arrival,Evol Intent,242.0
Harakiri,Serj Tankian,259.0
This Is A Forgery,Dashboard Confessional,338.0
This Joint,Slightly Stoopid,247.0
Two Princes,Spin Doctors,252.0
Tiny Voices,Box Car Racer,207.0
Theme for a Jackal,Misfits,157.0
Opus 36,Dustin O'Halloran,105.0
Symbiotic In Theory,Necrophagist,276.0
"Oh My God, Whatever, Etc.",Ryan Adams,152.0
House Party At Boothy's,Little Man Tate,251.0
Carol Brown,Flight of the Conchords,207.0
Maria Moita,Rosalia De Souza,310.0
The Iconoclast,Scar Symmetry,308.0
Access And Amplify,Icon of Coil,300.0
Electra Made Me Blind,Everclear,224.0
Song for My Father,Madlib,346.0
Let Men Burn Stars,M83,116.0
M/S Salmonella,Lifelover,300.0
Grease Paint And Monkey Brains,White Zombie,229.0
Count In Fives,The Horrors,193.0
Grand Illusion,Miami Horror,153.0
Stop Your Crying,Spiritualized,314.0
Bubble Toes,Jack Johnson,237.0
The Black Block,Modeselektor,341.0
I Love My Man,Bent,349.0
Godeye,Kalmah,266.0
Violent World,Misfits,107.0
Jig,Reel Big Fish,97.0
War Ensemble,Slayer,292.0
Boys in the Band,The Libertines,223.0
Cutting,Ayria,336.0
Pollution,Limp Bizkit,233.0
For Me This Is Heaven,Jimmy Eat World,245.0
Tannhuser,In Extremo,188.0
Exactly What You Wanted,Helmet,156.0
Primer,65daysofstatic,326.0
Verisimilitude,Teenage Fanclub,211.0
Ants of the Sky,Between the Buried and Me,790.0
Dangereux,IAM,225.0
Unrecorded,M83,252.0
Diggin' Your Scene,Smash Mouth,189.0
Touchdown Turnaround (Don't Give Up On Me),Hellogoodbye,150.0
A Girl Like You,Edwyn Collins,236.0
Facing Hell,Ozzy Osbourne,266.0
Circle None,Mice Parade,145.0
Fickle Cycle,Animal Collective,268.0
Forty One Ways,Azam Ali,369.0
Ghost Trains,Erlend Øye,260.0
Scorchio,Bond,211.0
When All Is Said and Done,ABBA,197.0
Oompa Radar,Goldfrapp,282.0
A Shield With An Iron Face,Absu,202.0
Never Stops,Deerhunter,184.0
Hazardous Mutation,Municipal Waste,80.0
Where You'll Find Me Now,Neutral Milk Hotel,244.0
Me Cago en el Amor,Tonino Carotone,367.0
Rather Be,Jasmine Thompson,248.0
357,Cam'ron,205.0
I'm a Broken Heart,The Bird and the Bee,270.0
Fly Me To The Moon,Astrud Gilberto,143.0
El Viejo,La Vela Puerca,187.0
New Rubbers,Psapp,222.0
Tattva,Kula Shaker,226.0
motel,Moriarty,191.0
The Salad,Mr. Oizo,183.0
Type Slowly,Pavement,322.0
Blues Music,G. Love & Special Sauce,255.0
Backstabber,Ke$ha,187.0
Short Change Hero,The Heavy,320.0
Rough Redemption,Common Rider,151.0
Skinned,No Age,155.0
Battleships,Travis,252.0
Out Of You,Entwine,225.0
We're From America,Marilyn Manson,304.0
I.D.I.O.T.,Mudvayne,218.0
Stop Don't Panic,Jamiroquai,272.0
Spirit Of The Land,Pain of Salvation,43.0
Chicago x 12,Rogue Wave,339.0
Threat,Jay-Z,246.0
Could This Be Real (Joker Remix),Sub Focus,252.0
Goddess of Sodomy,Dark Funeral,254.0
Eulogy for an Angel,From Autumn To Ashes,258.0
Unleash the Bastards,Municipal Waste,117.0
The One-Tet,Jazzanova,231.0
Another Night,Mac Miller,176.0
Madan,Salif Keita,292.0
It's Not The Fall That Hurts,Caesars,176.0
Waltz Moore,From First to Last,248.0
Cybernetic Pillow,Riverside,286.0
King Volcano,Bauhaus,212.0
Be OK,Ingrid Michaelson,150.0
Quiet Little Voices,We Were Promised Jetpacks,260.0
The Damned,Eternal Lord,223.0
Zeroes,Sonata Arctica,264.0
Curve of the Earth,Matt Nathanson,209.0
Accuracy,The Cure,136.0
Flying Upside Down,Cold War Kids,258.0
Sexy In Latin,Little Man Tate,203.0
Rollerblades,Eliza Doolittle,184.0
Money Don't Matter 2 Night,Prince,287.0
Get This Feeling,Fedde Le Grand,155.0
It's Dangerous Business Walking Out Your Front Door,Underoath,239.0
Salt Water Sound,Zero 7,331.0
From Hell They Came,Misfits,136.0
Sofa King,DANGERDOOM,177.0
The Other Face,Fennesz,206.0
Wütend Genug,Wir sind Helden,269.0
Fuel the Fire,Unearth,224.0
Heidi Bruehl,Tosca,283.0
Touch Too Much,Hot Chip,247.0
Pete's Jazz,Pete Rock,315.0
Be Good,Tokyo Police Club,125.0
Avratz,Infected Mushroom,624.0
My Opinion,The Exies,201.0
Nobody Home,Pink Floyd,203.0
Wish I Stayed,Ellie Goulding,220.0
Beaumont,3OH!3,68.0
Funnyman,KT Tunstall,176.0
AGITATED SCREAMS OF MAGGOTS,DIR EN GREY,179.0
Chocolate Makes You Happy,Xiu Xiu,235.0
Themata,Karnivool,340.0
True Dat (Interlude),OutKast,76.0
Mas Que Nada,Sérgio Mendes & Brasil '66,157.0
Better Be Home Soon,Crowded House,188.0
Livin' Part Of Life,Eric Church,269.0
Night Walks,Black Mountain,237.0
Condition Oakland,Jawbreaker,318.0
Gin & Milk,Dirty Pretty Things,186.0
Pushing the Envelope,American Head Charge,194.0
Repenti,Renan Luce,246.0
Dopeman,Less Than Jake,126.0
Danny Callahan,Conor Oberst,239.0
Devastator,The Blood Brothers,165.0
Existing in a Crisis (Evelyn),Bayside,264.0
A Woman's Worth,Alicia Keys,302.0
Your Easy Lovin' Ain't Pleasin' Nothin',Mayer Hawthorne,183.0
Villancico,Ska-P,250.0
Amber Sky,Samantha James,197.0
Lonelily,Damien Rice,195.0
The End Has Only Begun,Lifehouse,260.0
Cast Down the Heretic,Nile,345.0
Rest,The Temper Trap,223.0
One Toy Soldier,Enya,234.0
We Came To Dance,The Gaslight Anthem,214.0
Lolo (Intro),Dr. Dre,41.0
Anywhere,Interpol,193.0
(Three Fingers Of) Love,Art of Noise,285.0
Bleed For Ancient Gods,Amon Amarth,271.0
Go On,Jack Johnson,275.0
The Melody Of A Fallen Tree,Windsor For The Derby,496.0
Careless Whispers,Tim Hecker,311.0
Got Me Wrong,Alice in Chains,250.0
One And One,Robert Miles,462.0
One of Beauty's Daughters,My Dying Bride,342.0
Break Myself,Something Corporate,196.0
Fear the Sea,The Gathering,350.0
Periscopes of Consciousness,Shpongle,114.0
Pleasure In Pain,Chimaira,185.0
Christiansands,Tricky,234.0
Chapter III: Awaking The Centuries,Haggard,574.0
Loose Translation,The New Pornographers,180.0
Worry About You,Ivy,238.0
Bella Ciao,The Red Army Choir,159.0
Eagles Become Vultures,Converge,131.0
In Context,Field Music,217.0
The Glass Road,Squarepusher,430.0
Compliment,Collective Soul,181.0
Bondage Goat Zombie,Belphegor,241.0
Kake Is At The Dampf,Beginner,512.0
The Lines,Beartooth,227.0
Shackler's Revenge,Guns N' Roses,217.0
Blackberry Stone,Laura Marling,160.0
Sailor's Lament,Creedence Clearwater Revival,226.0
Fame < Infamy,Fall Out Boy,186.0
Already Over,Red,267.0
Celia Inside,The Cardigans,214.0
"I Know You, Stanley Milgram!",Long Distance Calling,626.0
The Pros and Cons of Breathing,Fall Out Boy,202.0
Sampsa Meets Kafka,Showbread,70.0
Everything I Touch,Stabbing Westward,203.0
Röyksopp's Night Out,Röyksopp,490.0
Waiting Phase One,Porcupine Tree,267.0
Apocalypse Now and Then,Every Time I Die,154.0
Horrible Dream,Ayria,339.0
Absynthe,Paul Kalkbrenner,337.0
Horsefish,Amon Tobin,306.0
Dance the Dance,Jazzanova,503.0
Muse Breaks RMX,Infected Mushroom,429.0
Ratio Shmatio,Infected Mushroom,390.0
A Strange Arrangement,Mayer Hawthorne,257.0
Alta Noite,Marisa Monte,229.0
The Serpent's Chalice,Watain,402.0
To Wild Homes,The New Pornographers,214.0
Hypersonic,Jane's Addiction,213.0
Intimate Slavery,Pig Destroyer,66.0
Starchildren,Bruce Dickinson,256.0
Morning Passages,Philip Glass,328.0
"This Is It, This Is It",As Cities Burn,221.0
Medusa,Anthrax,283.0
Franz Schubert,Kraftwerk,266.0
Slutgarden,Marilyn Manson,247.0
As He Climbed the Dark Mountain,Thursday,182.0
Us v Them,LCD Soundsystem,510.0
Mana,Xavier Rudd,129.0
Season of the Shark,Yo La Tengo,270.0
The Prisoner,Iron Maiden,363.0
Junk Bond Trader,Elliott Smith,230.0
Perhaps Perhaps Perhaps,Doris Day,153.0
The Question,Absurd Minds,216.0
Cruel Bloom,Converge,242.0
Wildflower,Nostalgia 77,253.0
Revolution Rock,Los Fabulosos Cadillacs,296.0
In Your Heart,A Place to Bury Strangers,190.0
Deeper Underground,Jamiroquai,286.0
Redux,2562,275.0
Going Up,Coil,508.0
Beggars,Bombay Bicycle Club,252.0
"Cut Me, Mick",Yellowcard,214.0
Thousand Years Of Oppression,Amon Amarth,341.0
Somewhere On Fullerton,Allister,160.0
Shine a Light,Wolf Parade,225.0
Empty Glass,Defeater,206.0
The Song of Life,Eluveitie,239.0
Walk Upright,Seeed,215.0
Only If You Run,Julian Plenti,229.0
Brown Noise,The Acacia Strain,191.0
No Fool,Doormouse,228.0
Rasta Courage,Soldiers of Jah Army,288.0
Ironside,Nine Black Alps,166.0
As Your Voice Fades,Emery,243.0
Learn How,Mission of Burma,236.0
A Methodical Overture,Aborted,205.0
What Do You Go Home To?,Explosions in the Sky,300.0
Country Sad Ballad Man,Blur,290.0
a journey to reedham (7am mix),Squarepusher,396.0
Artifacts of the Black Rain,In Flames,197.0
Sometimes When It Rains,Secret Garden,272.0
Starálfur,Sigur Rós,406.0
Long Road Ahead,Quantic,228.0
Andy's Chest,Lou Reed,199.0
Gipsy Threat,Ratatat,98.0
21 Days,blink-182,242.0
Shade,Portugal. The Man,239.0
Cross-Tie Walker,Creedence Clearwater Revival,199.0
Swimming,Florence + the Machine,201.0
A Glow,Okkervil River,226.0
Be With,Koushik,252.0
Brokenheartsville,Joe Nichols,231.0
Liberty and Freedom,Rancid,165.0
White Slave,Funki Porcini,165.0
The Monolith,Cattle Decapitation,219.0
Hall of the Mountain King,Apocalyptica,209.0
The Origin,Haggard,117.0
I Defy,Machine Head,222.0
Hit Me Hard,Noisuf-X,267.0
Sneak a Picture,Junior Boys,421.0
Baby Buster,The Acacia Strain,258.0
Atrum Regina,Dark Funeral,334.0
Can I Get a Witness,The Rolling Stones,176.0
The Coffin Ships,Primordial,598.0
Bob,NOFX,156.0
Twilight Tavern,Ensiferum,339.0
Cobwebs,Animal Collective,176.0
Target Audience (Narcissus Narcosis),Marilyn Manson,258.0
Yours Alone,Dum Dum Girls,136.0
Carry You,VNV Nation,372.0
Sex (I'm A),Lovage,380.0
Brewster,Milburn,172.0
Dirty Black Summer,Danzig,313.0
I've Seen The Land Beyond,Beck,101.0
Morning Light,Anna Calvi,254.0
Jane Became Insane,Beatsteaks,372.0
I'm Outta Love,Anastacia,243.0
Anyone Else But You,The Moldy Peaches,180.0
Filth God,Panzer AG,285.0
Harbinger,Mike Oldfield,249.0
Complication,Nine Inch Nails,151.0
Pieces Of The People We Love,The Rapture,224.0
Frustrating Sound,Radio Moscow,235.0
Sun Child,The Vines,274.0
Col,Morcheeba,250.0
Road Back Home,Zakk Wylde,346.0
In the Meantime,Spacehog,300.0
The Backseat,The Gaslight Anthem,262.0
Everything I Touch,Stabbing Westward,203.0
The Cry,Demilich,232.0
Without Me,Halsey,202.0
Cimple,Boom Bip,306.0
Face Down,The Red Jumpsuit Apparatus,190.0
Eleanor,Jet,214.0
Under Your Thumb,The Vaccines,140.0
Willful Suspension of Disbelief,Modest Mouse,219.0
Inferior And Full Of Anxiety,Eyehategod,199.0
Love Dream,Franz Liszt,253.0
Fading,Rihanna,207.0
Seven Hours With a Backseat Driver,Gotye,282.0
She's My Pusher,The Crystal Method,341.0
El Cargo,Amon Tobin,264.0
Die Sonne scheint,Die Apokalyptischen Reiter,189.0
The Child,Alex Gopher,274.0
Nazi Punks Fuck Off,Dead Kennedys,64.0
Deer Stop,Goldfrapp,247.0
I'm Not Moving,Phil Collins,155.0
Cairo Keller,Bohren & der Club of Gore,539.0
Palace Station,Melody Club,196.0
Bruitist Pome #5,Refused,87.0
Lunal,Boxcutter,298.0
Sorry Seems To Be The Hardest Word,Joe Cocker,239.0
Justifiable Homicide,Dying Fetus,335.0
Cut the Crap,Alice in Videoland,180.0
The Artist In The Ambulance,Thrice,219.0
She Is the Dark,My Dying Bride,479.0
The 3rd,Metronomy,236.0
Sugar and Spice,The Searchers,135.0
Webers,Caribou,333.0
Intelligence Has Been Compromised,The Red Chord,163.0
The Child In Me,Clan of Xymox,272.0
Disco Friends,Just Jack,181.0
Recuerdos De La Alhambra,Andrés Segovia,311.0
I Can't Control Myself,The Horrors,207.0
Barcarole,Jacques Offenbach,200.0
#16,Aphex Twin,286.0
Beast Of Honor,Auf Der Maur,207.0
Police and Thieves,Junior Murvin,221.0
Rayuela,Gotan Project,268.0
It Is Obvious,Syd Barrett,180.0
Bebot,Black Eyed Peas,210.0
Lordy Lordy,The Distillers,140.0
Cuddle Fuddle,Passion Pit,273.0
Can't We All Dream?,Sikth,529.0
Dischoe,Those Dancing Days,117.0
Papercut Skin,The Matches,205.0
Cook Me Into The Bowl,Buck-O-Nine,178.0
Hard Fucking,Tenacious D,36.0
Forever and for Always,Shania Twain,284.0
The Diseased And The Poisoned,Carnifex,158.0
Smoking Tape,Mr. Oizo,93.0
Rap Promoter,A Tribe Called Quest,133.0
Everything You Know Is Wrong,Antimatter,244.0
Kinder der Nacht,Eisbrecher,258.0
Show Me Forgiveness,Björk,84.0
Official,Q-Tip,199.0
It's Not My Problem,The Future Sound of London,242.0
Expect,Balam Acab,286.0
8105,Moving Mountains,511.0
Stop Your Crying,Spiritualized,314.0
The Melting Point Of Wax,Thrice,210.0
L'Amour Looks Something Like You,Kate Bush,149.0
Sunday Sunday,Blur,158.0
Sweet Talkin' Woman,Electric Light Orchestra,228.0
Babyfather,Sade,279.0
Par Avion,FM Belfast,196.0
Ayo Technology,Milow,212.0
Seein' Red,Unwritten Law,228.0
Reinvent the Pain,Neuroticfish,314.0
"How Many Times, How Many Lies",The Pussycat Dolls,236.0
Lost High,Booka Shade,280.0
Poison Godmachine,Nevermore,274.0
The Path,Him,462.0
Fluteorgie,Hug,364.0
Power Doesn't Run On Nothing,The Thermals,314.0
Hand on Your Heart,José González,229.0
Kafari,Sigur Rós,366.0
Boy Boy Boy,Andhim,422.0
Snow Tip Cap Mountain,The Octopus Project,134.0
Samantha,Hole,256.0
Seerosenteich,Philipp Poisel,260.0
Little Face,La Phaze,192.0
The Childsnatcher,Annotations of an Autopsy,117.0
Wherever You Will Go,The Calling,204.0
That Hump,Erykah Badu,325.0
Lobodomy,Children of Bodom,264.0
Captain Bligh,Filter,312.0
I'm A King Bee,The Rolling Stones,156.0
Italian Song,Jon & Vangelis,173.0
Sky Is Mine,Amorphis,260.0
The Devil Has Risen,Unearth,202.0
Bellum Omnium Contra Omnes,Anaal Nathrakh,196.0
Jah Atmosphere,Soldiers of Jah Army,284.0
Shiverman,Fat Freddy's Drop,636.0
We're Going To Be Friends,Jack Johnson,138.0
The Technicolor Phase,Owl City,268.0
Junior's Eyes,Black Sabbath,403.0
Everybody's Broken,Bon Jovi,253.0
Bloom,Radiohead,315.0
Queen of Light,Imperia,298.0
Absent Are The Saints,36 Crazyfists,233.0
Bad Blood,Bastille,213.0
Courting Blues,Bert Jansch,238.0
The Moan,The Black Keys,225.0
Let's Trade Skins,Great Lake Swimmers,324.0
Daddy's Girl,Scorpions,258.0
White Washed,August Burns Red,227.0
Jingling,The Cool Kids,168.0
Golden Hair,Syd Barrett,104.0
Join the Ranks,Rise Against,89.0
You Stopped Making Sense,The Radio Dept.,234.0
Rhinestone Eyes,Gorillaz,200.0
Money Power Respect,Diplo,232.0
Build High,Pixies,87.0
Night Sky,CHVRCHES,231.0
Ache,Pharmakon,423.0
A Little Too Not Over You,David Archuleta,198.0
Eve Of Seduction,Symphony X,304.0
Hand Me Down,Matchbox Twenty,303.0
Stabat mater dolorosa,Anorexia Nervosa,475.0
Hoarse,Cepia,258.0
Cemetry Gates,The Smiths,159.0
A Darkened Mind,Circus Maximus,333.0
Closed Casket Requiem,The Black Dahlia Murder,265.0
You Are My Face,Wilco,278.0
Liege,Para One,294.0
Dark Matter Dimensions,Scar Symmetry,252.0
You Make It Easy,Air,242.0
Jackass,Green Day,163.0
Urban Angel,Natalie Walker,269.0
A Certain Romance,Arctic Monkeys,331.0
Kindly Unspoken,Kate Voegele,244.0
I'm Cool,Reel Big Fish,104.0
Swallowed,Bush,291.0
Like Herod (live),Mogwai,473.0
Chelsea Burns,Keren Ann,251.0
Prostatic Fluid Asphyxiation,Whitechapel,213.0
Victory Lap,Macklemore & Ryan Lewis,214.0
Your Say,Headhunter,334.0
Everything Will Be Alright,The Killers,345.0
Mad Lucas,The Breeders,277.0
People Passing By,Pain of Salvation,548.0
I Can't Decide,Scissor Sisters,167.0
Heartspark Dollarsign,Everclear,172.0
Yes Please,Muse,186.0
Observation Slave,Soilwork,250.0
Como Estais Amigos,Iron Maiden,330.0
Any Colour You Like,Easy Star All-Stars,218.0
Make It Right (F.F.S.),Anathema,260.0
I Stand Corrected,Vampire Weekend,160.0
Oh No,Gogol Bordello,179.0
Cousin Cleotis,Capdown,256.0
Don't Push Your Foot on the Heartbrake,Kate Bush,196.0
Doesn't Make It Alright,The Specials,195.0
Fear the Sea,The Gathering,350.0
The Hurting Words,Nevermore,377.0
Wake Up Mr. West,Kanye West,41.0
The Light,The Album Leaf,269.0
No More Can We Crawl,Crowbar,176.0
Jazda,T.Love,264.0
Wielki Edek,Łąki Łan,221.0
Curls,Madvillain,96.0
The Perennial Sophia,Therion,294.0
Bond of Blood,Bathory,457.0
Bubbles Which on the Water Swim,Colleen,191.0
Propeller,Tubelord,214.0
Playing With Fireworks,Yppah,253.0
Chasing The Night,Every Avenue,169.0
Jinx Removing,Jawbreaker,193.0
Drawing Flies,Soundgarden,145.0
Too Far Down,Hüsker Dü,278.0
Perception,Kylesa,223.0
Love Like This,Kodaline,216.0
Nothing Can Change This Love,Sam Cooke,163.0
Maison Klaus,Chateau Marmont,285.0
Welt am Draht,Pantha du Prince,431.0
Alternative Baby,Reel Big Fish,177.0
Pink Stones,Memory Tapes,232.0
Mutations,Salt The Wound,151.0
Dice,Finley Quaye,255.0
Desenchantee,Kate Ryan,219.0
Firmament,The Ocean,449.0
White Chalk,PJ Harvey,188.0
Nera,Rome,125.0
I Found That Essence Rare,Gang of Four,194.0
Magicman,Bonobo,278.0
The Hand That Held Me Down,Two Gallants,333.0
Lovelight,Robbie Williams,242.0
1406,Mamonas Assassinas,248.0
Stigma Diabolicum,Belphegor,302.0
We Won't Run,Sarah Blasko,241.0
Belize,Anja Schneider,469.0
Ghost Rider,Suicide,497.0
Down & Out,Boozoo Bajou,366.0
The Light,The Album Leaf,269.0
The Diseased And The Poisoned,Carnifex,158.0
Forever My Friend,Ray LaMontagne,347.0
Endless Pain,Kreator,210.0
Slow and Steady,Of Monsters and Men,319.0
Say Hello 2 Heaven,Temple of the Dog,382.0
Snö,Laleh,259.0
La Luz Del Ritmo,Los Fabulosos Cadillacs,243.0
Spaceape,Burial,242.0
A Day In The Life,Wes Montgomery,350.0
Back to Black,Amy Winehouse,240.0
Strassenjunge,Sido,236.0
Fata Morgana,EAV,221.0
Physical (You're So),Nine Inch Nails,330.0
In Church,M83,238.0
The Ascent,The Devil Wears Prada,70.0
My Coco,stellastarr*,306.0
I Jus' Lie,Snot,214.0
Worms of the Senses / Faculties of the Skull,Refused,428.0
Poverty For All,Ignite,134.0
Megacorps,Dope Stars Inc.,215.0
Wounder,Burial,292.0
Atom And Evil,Heaven & Hell,315.0
Lost (flying lotus remix),King Midas Sound,173.0
Always Running Out of Time,Motion City Soundtrack,180.0
Me Lambe,Raimundos,197.0
That's What You Get,Paramore,220.0
Wastin' Time,The Shoes,227.0
Kill Rock 'n Roll,System of a Down,148.0
Tissue Shoulders,The Maccabees,149.0
Pretty Face,Soley,280.0
Where the Streets Have No Name,U2,337.0
Turned Out,Helmet,253.0
Altes Kamuffel,Paul Kalkbrenner,501.0
Calling All Skeletons,Alkaline Trio,211.0
Forever Dead,Torture Killer,345.0
And I,Box Car Racer,192.0
Cheyne Stokes,Chelsea Grin,170.0
Gone With The Wind,Architects,226.0
Saints And Sailors,Dashboard Confessional,154.0
Little Bastard Choo Choo,Sparklehorse,40.0
Love And Hate,T.Love,162.0
Lucky Charms,The Moldy Peaches,189.0
This Respirator,The Flatliners,117.0
Hail The Shrine,Unearth,237.0
She's Good For Business,MSTRKRFT,304.0
King Volcano,Bauhaus,212.0
"Du, meine Sonne",Teenage Bad Girl,364.0
Super Villain,Powerman 5000,225.0
2nd Foot Stomp,Clinic,175.0
Everlasting Everything,Wilco,241.0
Sweet '69,Babes in Toyland,245.0
Lines In Sand,Sparta,363.0
It Goes On And On,The Avett Brothers,177.0
Chronological Order of Putrefaction,The Berzerker,170.0
Id Engager,of Montreal,205.0
J'Aime Plus Paris,Thomas Dutronc,185.0
No Time to Cry,Cradle of Filth,260.0
Unravel,Björk,218.0
Unquestioned Answers,Thrice,263.0
Angela's Lament,Thunderball,279.0
Goodnight Goodnight,Hot Hot Heat,130.0
Happy Death Day,Alien Ant Farm,274.0
Threads,Portishead,348.0
Segue - Baby Grace (A Horrid Cassette),David Bowie,100.0
Tessitura,Animals as Leaders,66.0
I'd Rather Go Blind,Chicken Shack,193.0
Make Yourself,Incubus,183.0
Nella Fantasia,Sarah Brightman,219.0
"Farewell, Mona Lisa",The Dillinger Escape Plan,323.0
Burning Pile,Mother Mother,264.0
Someday When I'm Old,Easton Corbin,202.0
Bees,Caribou,324.0
We Won't Back Down,Escape the Fate,211.0
Stand In The Spotlight,Armor for Sleep,241.0
You're Pretty When I'm Drunk,Bloodhound Gang,236.0
Sweet Surrender,Sarah McLachlan,241.0
Reelin' In The Years,Steely Dan,274.0
Tom Waits,The Fall of Troy,183.0
Relieved Beyond Repair,Xploding Plastix,105.0
Skald av Satans sol,Darkthrone,257.0
Skate or Die,Teenage Bottlerocket,111.0
Night Walks,Black Mountain,237.0
Meadowlarks,Fleet Foxes,192.0
Trading Heartbeats,Every Avenue,201.0
Slowness,Calexico,214.0
The Show Goes On,Lupe Fiasco,235.0
I Wanna Life,Goldfrapp,254.0
Speck Of Gold,Afterlife,334.0
In The Ashes,Greeley Estates,199.0
Reasons To Be Beautiful,Hole,319.0
Robot Theme Song,The Aquabats,65.0
I'm Gonna Make You Love Me,Diana Ross and the Supremes,188.0
My Plague,Slipknot,220.0
Song to Bobby,Cat Power,258.0
Give And Take,Comeback Kid,100.0
Innocent When You Dream (78),Tom Waits,190.0
Up From the South,The Budos Band,208.0
Bittere Nacht,Letzte Instanz,223.0
Three Bags Full,Nu:Tone,363.0
With Plenty of Money and You,Tony Bennett,91.0
Behind The Moon,Matt Costa,215.0
Muscles,Diana Ross,281.0
Never Follow Suit,The Radio Dept.,249.0
Devil's Swing,Godsmack,209.0
Talk Show Host,Radiohead,281.0
Cruisin',Smokey Robinson,353.0
Take It Slow,Long Beach Shortbus,317.0
Doubletalk Gets Through to You,Xploding Plastix,323.0
Streaks in the Sky,Thursday,267.0
When We Fall,Grouper,128.0
Counterweight,Heaven Shall Burn,260.0
Bluebird of Happiness,Mojave 3,556.0
Classic Struggle,Winds of Plague,200.0
Speak,Godsmack,237.0
The Dark Caress,My Dying Bride,359.0
Passion And The Opera,Nightwish,291.0
Sleeping Jiva,Kula Shaker,123.0
Everything About You Is New,Massive Attack,146.0
I Don't Know Anything,Mad Season,300.0
Run for Your Life,The Beatles,145.0
Champion Nibble,Mr. Scruff,213.0
Pure Clob Road,16 Horsepower,223.0
Budapest,George Ezra,201.0
Kid,The Pretenders,185.0
She Got Me Twisted,Seeed,192.0
Radioland,Kraftwerk,354.0
Circlewave,Squarepusher,388.0
Speak Low,Billie Holiday,142.0
The Ravens,Bathory,70.0
Threading on Vermillion Deception,Aborted,317.0
"This Is Love, This Is Murderous",Bleeding Through,269.0
The Night Garden,Waldeck,337.0
Tales From The Pigs,Teenage Bad Girl,232.0
Salt,Portugal. The Man,258.0
Bowie,Flight of the Conchords,196.0
Time To Stop Talking,The Rakes,218.0
Boris The Blade,MyChildren MyBride,272.0
Thirteen Autumns and a Widow,Cradle of Filth,434.0
"Grow On, Grow Up, Grow Out",Moving Mountains,385.0
No Sympathy For Fools,Behemoth,229.0
(Antichrist Television Blues),Arcade Fire,310.0
Uh,Fujiya & Miyagi,181.0
In Cairo,Hot Hot Heat,295.0
Take Me Back Then,Days of the New,258.0
Voodoo Chile Blues,Jimi Hendrix,528.0
Invocation of Naamah,Therion,332.0
At Home,Crystal Fighters,308.0
$300,Soul Coughing,195.0
Murphy Was An Optimist,Norma Jean,258.0
Light On,David Cook,229.0
Perfect Moment,Hyde,271.0
Celebrity Skin,Hole,163.0
Satellite Mind,Metric,223.0
Laguna,Fennesz,178.0
Send In The Clowns,Cold,253.0
Skunky,Kanka,271.0
Multiplatform Paradise,Dope Stars Inc.,189.0
My Own Way,Duran Duran,278.0
Want U,Lo-Fi-Fnk,320.0
Band on the Run,Paul McCartney,300.0
Malas Intenciones,Héroes del Silencio,229.0
Dark Halls,Au Revoir Simone,207.0
Inherit Obscurity,Through the Eyes of the Dead,299.0
Recreation Day,Evergrey,319.0
Under The Influence,The Chemical Brothers,256.0
City of Electric Light,Chad VanGaalen,153.0
Frictional Nevada,Venetian Snares,320.0
Not About Love,Fiona Apple,259.0
Phloam,Aphex Twin,333.0
Torted,Paul Kalkbrenner,330.0
Here Comes Mary,The Raveonettes,182.0
Cassie Eats Cockroaches,Acid Bath,265.0
Secret For A Song,Mercury Rev,240.0
Jeane,The Smiths,194.0
Aurinko ja Kuu,Moonsorrow,494.0
Still Here,Girl Talk,237.0
Berghain,Aril Brikha,427.0
True Love Will Find You in the End,Beck,203.0
"Here, Take This Pill",See You Next Tuesday,107.0
Moving for the Sake of Motion,Underoath,195.0
InstruMETAL,Haste the Day,124.0
The Curtain Falls,Riverside,480.0
Adiós,Gustavo Cerati,234.0
Your Heart on Your Sleeve,Colleen,167.0
Something That I'm Not,Megadeth,307.0
Pink Orange Red,Cocteau Twins,278.0
Gonna Find You,Operation Ivy,114.0
Paper Thin Hotel,Leonard Cohen,339.0
room 379,Venetian Snares,110.0
Star A.D.,Faith No More,203.0
Nuclear Deterrence,Insect Warfare,80.0
Everglade,Tortoise,262.0
Pedon Loitsu,Kivimetsän Druidi,357.0
Huge Gold AK-47,The Blood Brothers,151.0
Run for Your Life,The Beatles,145.0
Crunkalicious,PANTyRAiD,282.0
POD,Tenacious D,152.0
J'Arrive,Jacques Brel,284.0
Can't Bee,Moonspell,312.0
Blood In Heaven,Kataklysm,315.0
Gavotta In Si-Minore,Haggard,58.0
The Ascent,The Devil Wears Prada,70.0
Everything'll Be Alright (Will's Lullaby),Joshua Radin,160.0
Wall Of Arms,The Maccabees,184.0
DVNO,Justice,237.0
Writing To Reach You,Travis,221.0
Under the Weather,KT Tunstall,217.0
Black Lung,The Aggrolites,229.0
U Should Have Killed Me When U Had the Chance,A Day to Remember,214.0
Heart,Darkside,298.0
1996,The Wombats,260.0
Beautiful Disaster,311,238.0
Faking My Own Suicide,Relient K,204.0
Rock Fort Rock,The Skatalites,421.0
Fire for a Dry Mouth,Between the Buried and Me,365.0
Mal Poli,Yelle,175.0
Voices Off Camera,Rise Against,137.0
Whitewater,Kyuss,538.0
Sheltered Life,Erlend Øye,261.0
Big Wiggly Style,The Devil Wears Prada,253.0
He'd Send In the Army,Gang of Four,221.0
Younger Than Yesterday,Real Estate,272.0
We Can't Stop,Miley Cyrus,232.0
Get Your Guns,Nine Black Alps,215.0
The Unwinding Cable Car,Anberlin,257.0
Bowls,Caribou,381.0
The Hurting Words,Nevermore,377.0
Word Song,Syd Barrett,198.0
Todos,Macaco,300.0
Birth Ritual,Soundgarden,366.0
This Island Earth,Misfits,135.0
We Don't Need Another Hero,Tina Turner,254.0
If She Only Knew,Greeley Estates,289.0
Dedicated Follower Of Fashion,The Kinks,181.0
Walk Like A Man,Frankie Valli & the Four Seasons,137.0
Watch Me Bleed,Tears for Fears,256.0
Skuff'd,Boxcutter,317.0
Smiling Off,Black Dice,262.0
Deep Six,Marilyn Manson,303.0
We Can Have It,The Dears,343.0
Let Me Out,Future Leaders of the World,243.0
Hell Chose Me,Carnifex,212.0
Arcady,Peter Doherty,173.0
Hijo De La Luna,Sarah Brightman,268.0
Þú ert jörðin,Ólafur Arnalds,274.0
Pancake,Tori Amos,235.0
Queer Fellow,Paul Kalkbrenner,213.0
One Day You Will Cry,Children of Bodom,245.0
dlp 1.3,William Basinski,718.0
Run Into Flowers,M83,249.0
40 Years Back Come,Röyksopp,286.0
Eris and Dysnomia,A Skylit Drive,128.0
Acid for Nothing,1200 Micrograms,481.0
Insane Asylum,Diamanda Galás,431.0
He Thought of Cars,Blur,256.0
Wotan's Fire,Thyrfing,272.0
Acid Moon,Juno Reactor,519.0
Fountains And Tramways,Beirut,239.0
Detroit Rock City,Kiss,235.0
Crazy,Aerosmith,316.0
The Sanity Assassin,Bauhaus,252.0
Turn It Out,Death from Above 1979,158.0
Voracious Haemoglobinic Syndrome,Aborted,247.0
Devourer,A Plea for Purging,270.0
Sleeper Hold,No Age,148.0
Keepin' It Steel,Amon Tobin,269.0
Miaaaw,Mr. Oizo,263.0
Stay Fly,Three 6 Mafia,239.0
The Neighbors,St. Vincent,211.0
Stillness Is the Move,Dirty Projectors,320.0
Gyasi Went Home,Bedouin Soundclash,146.0
Why Do You Let Me Stay Here?,She & Him,154.0
Live Alone,Franz Ferdinand,209.0
Bootzilla,Bootsy Collins,337.0
On My Way to Work,Bright Eyes,251.0
My Father's Eyes,Eric Clapton,323.0
Spawn Again,Silverchair,208.0
The Pimp and the Priest,The Dear Hunter,360.0
Third Eye Surfer,Porcupine Tree,168.0
Zu weit,Staubkind,260.0
Trooper,Boys Noize,341.0
Refined By Your Embrace,As I Lay Dying,104.0
Twin Cinema,The New Pornographers,179.0
People Help The People,Cherry Ghost,238.0
Bullet & the Bullseye,The Distillers,73.0
Ghost Key,Isis,509.0
"Surf Solar (7"" Edit)",Fuck Buttons,222.0
Empty Bottles,I Break Horses,203.0
Why Are We Sleeping?,Soft Machine,332.0
Breathing Neutron Empire,Solar Fields,171.0
Show Me What I'm Looking For,Carolina Liar,239.0
The World's Greatest,R. Kelly,275.0
The Sukkubus Lustrate,Belphegor,178.0
The Queen of Argyll,Silly Wizard,208.0
The Future Has Arrived,The All-American Rejects,187.0
Let's Get It Started,Black Eyed Peas,219.0
The Universe Is You,Sophie Ellis-Bextor,219.0
Lemon Yoghourt,Caribou,144.0
Open All Night,Bruce Springsteen,174.0
Dead Man,M. Ward,204.0
Silver Cruiser,Röyksopp,278.0
666lb. Bongsession,Bongzilla,475.0
Datura,Buckethead,339.0
Paljon On Koskessa Kiviä,Korpiklaani,224.0
These New Knights,Ou Est Le Swimming Pool,205.0
It's All In My Mind,Teenage Fanclub,221.0
Toast & Bananas,blink-182,147.0
Your Guardian Angel,The Red Jumpsuit Apparatus,229.0
Atom And Evil,Heaven & Hell,315.0
Soledad,Mano Negra,156.0
Labels Or Love,Fergie,231.0
Let It Fall,Lykke Li,162.0
Last Songs,Dntel,285.0
The Endless Knot,Eluveitie,419.0
Army Of Darkness,Amon Amarth,325.0
Drugstore,Stabbing Westward,298.0
Waking Every God,Pain of Salvation,320.0
I Of Crimson Blood,Amorphis,307.0
So Here We Are (Four Tet Remix),Bloc Party,386.0
Descending Winters,Swallow the Sun,371.0
I Know It's You,The Crystal Method,349.0
All We Know,Paramore,194.0
I Might Need You To Kill,The Thermals,127.0
La Isla Bonita,Madonna,243.0
Day Two: Isolation,Ayreon,523.0
The Mess I Made,Parachute,231.0
The Levy,From First to Last,229.0
Starchildren,Bruce Dickinson,256.0
Whispered Words (Pretty Lies),Dan Auerbach,246.0
The Sixth Extinction,Ayreon,739.0
The Shape of Punk to Come,Refused,308.0
Time Bomb,Rancid,145.0
Elephant And Castle,Houston Calls,211.0
Still Cold,Mazzy Star,288.0
The Old Man's Back Again (Dedicated To The Neo-Stalinist Regime),Scott Walker,223.0
Jay Walking Backwards,The Number Twelve Looks Like You,325.0
Do I,Luke Bryan,239.0
Motownphilly,Boyz II Men,235.0
Two (Vaya con Dios),Ill Niño,204.0
Drawing Flies,Soundgarden,145.0
Unleash the Bastards,Municipal Waste,117.0
Voodoo Ray,A Guy Called Gerald,264.0
Say It to Me Now,Glen Hansard,155.0
Wounder,Burial,292.0
Another Drinkin' Song,The Mighty Mighty Bosstones,229.0
Big Up,Babylon System,302.0
Les lolos,La Tordue,223.0
Not Too Bad,Skalpel,196.0
Tinseltown in the Rain,The Blue Nile,265.0
Black Voyage,My Dying Bride,587.0
Favorite Year,Dixie Chicks,269.0
Crack Hitler,Faith No More,279.0
What's In It For Me,Amy Diamond,197.0
No I in Threesome,Interpol,231.0
The Eternal,Joy Division,520.0
Where The Hood At,DMX,286.0
The Parasites,Brain Drill,202.0
Une nuit en Hilvern,Artesia,262.0
Shpongleyes,Shpongle,536.0
Between Shit and Piss We Are Born,Anaal Nathrakh,235.0
XXX's And OOO's (An American Girl),Trisha Yearwood,168.0
Tragic Vision,Lagwagon,153.0
Serial Killer,Terminal Choice,301.0
Falling Into the Sky,Great Lake Swimmers,185.0
How I Go,Yellowcard,273.0
Carry On Up The Morning,Babyshambles,176.0
Strange Terrain,Circa Survive,239.0
Ghost Mountain,The Unicorns,190.0
Supernatural,AlunaGeorge,191.0
If Love Was Enough,Graham Colton,232.0
Planet Of Women,ZZ Top,245.0
Steady As She Goes,Shellac,247.0
In State,Kathleen Edwards,236.0
Beat Control,Tilly and the Wall,173.0
Water May Walk,Devendra Banhart,194.0
Leave Me Here,Cult of Luna,435.0
Siraxta,Eluveitie,339.0
Hunters of the Sky,Mastodon,232.0
Sorrowspell,Carnifex,217.0
How Heavy This Axe,The Sword,186.0
The Accolade,Symphony X,591.0
I'm In Peace,Justin Nozuka,215.0
Calyx Virago,Xandria,217.0
Broderskapets ring,Dimmu Borgir,331.0
Straight To Hell,Rage,354.0
A Shower Of Sparks,Ott,540.0
Johnny,Suicide,131.0
Ah Ndiya,Oumou Sangare,269.0
The Point of It All,Amanda Palmer,333.0
Eddie Vedder,Local H,210.0
Der Hölle Rache kocht in meinem Herzen,Anaal Nathrakh,219.0
In-A-Gadda-Da-Vida,Iron Butterfly,274.0
The Holiday Song,Pixies,134.0
Well Well,Jamal,229.0
You're Gone,Something Corporate,277.0
Inferior And Full Of Anxiety,Eyehategod,199.0
Heart Cooks Brain,Modest Mouse,243.0
Haifisch,Rammstein,225.0
El Cargo,Amon Tobin,264.0
Kill Tone,Odd Nosdam,310.0
Youngblood (Let It Out),Kids in Glass Houses,214.0
He's A Runner,"Blood, Sweat & Tears",252.0
Captains and Cruise Ships,Owl City,209.0
Done Done,Frankmusik,223.0
Oh Africa,Akon,202.0
What Child Is This?,Josh Groban,232.0
The Last One,Red Snapper,258.0
La Cerca,Sparta,224.0
Fay Wray Come Out and Play,Type O Negative,63.0
Fate in Motion,Soilwork,201.0
Love Confusion,Kat DeLuna,243.0
Elouise,Maps,323.0
Skin & Bones,The Sundays,259.0
Kissed by a kisser,Xploding Plastix,407.0
Rap Promoter,A Tribe Called Quest,133.0
Pushing the Senses,Feeder,207.0
Scissor Lock,dredg,203.0
Thick N' Thin,The Black Crowes,163.0
Temple Bar,Rodrigo y Gabriela,268.0
Boga,Amiina,551.0
Over It Over Again,She & Him,208.0
Bottle Pop,The Pussycat Dolls,210.0
Grey Days,Chelsea Wolfe,320.0
Every You Every Me (Single Mix),Placebo,214.0
Redemption Song,Bob Marley & The Wailers,229.0
Murder Fantasies,Kreator,290.0
Little Bitch,The Specials,152.0
The Seventh Summer,Sirenia,322.0
Breathing Underwater,Metric,236.0
Deathtime,Turbonegro,140.0
Jaher,Skinny Puppy,314.0
Despot,Windir,362.0
Fate in Motion,Soilwork,201.0
All to All,Broken Social Scene,290.0
Under a Total Blackened Sky,Kreator,269.0
Magdalena,A Perfect Circle,246.0
Heinz Baked Beans,The Who,59.0
Technologic,Daft Punk,284.0
Satellite Anthem Icarus,Boards of Canada,365.0
The Beginning Of The End,Him,247.0
A Place Among The Stones,Davy Spillane,423.0
Belly Of The Beast,Anthrax,358.0
Olives,Devin Townsend,201.0
War Paint,Rush,325.0
egoist,school food punishment,317.0
Alien 8,Lagwagon,188.0
Hot Fudge,Robbie Williams,248.0
Out of egypt,Betraying the Martyrs,247.0
Killing Season,Testament,293.0
Pom Pom,Matthew Dear,160.0
Forecast Fascist Future,of Montreal,263.0
"Me, Me, Me",Kids in Glass Houses,202.0
Watch You Sleeping,Blue Foundation,187.0
All At Once,Jack Johnson,218.0
Cosmo Retro Intro Outro,Amon Tobin,248.0
Made for Radio,Jaga Jazzist,322.0
The Source of Secrets,Mike Oldfield,333.0
The Longest Year,Katatonia,280.0
Life Is Now,HammerFall,283.0
Mermaid,Sade,264.0
Weenie Beenie,Foo Fighters,165.0
Leave It,Bombay Bicycle Club,234.0
Lesson Learned,Alice in Chains,257.0
For Your Entertainment,Adam Lambert,215.0
E Chiove,Andrea Bocelli,266.0
Through The Horned Gate,3 Inches of Blood,127.0
Hello It's Me,Todd Rundgren,266.0
Resistencia,Irie Révoltés,320.0
I Know What You Are,Oi Va Voi,186.0
Dear God (Sincerely M.O.F.),Monsters of Folk,306.0
Somethin' Grand,Madeleine Peyroux,225.0
Don't Cry,Deerhunter,169.0
Super Villain,Powerman 5000,225.0
Hollow Be My Name,Poisonblack,283.0
She Just Likes to Fight,Four Tet,274.0
The (Shipped) Gold Standard,Fall Out Boy,199.0
I Don't Get It,Coil,335.0
Dumb Animals,Handsome Furs,337.0
Spirit Fingers,Four Tet,202.0
Lost Song,Ólafur Arnalds,221.0
Jabo's Night Out,Plej,385.0
Last Songs,Dntel,285.0
Cranley's Gonna Make It,Broken Social Scene,327.0
Take It Slow,Long Beach Shortbus,317.0
King of the Kill,Annihilator,238.0
You Deserve Nothing and I Hope You Get Less,blessthefall,217.0
How To Survive A Vicious Cock Fight,See You Next Tuesday,86.0
My Name Is Robert Neville,James Newton Howard,171.0
Prelude in E minor,Frédéric Chopin,168.0
Ill-Starred Son,Insomnium,286.0
I Get Out,Ziggy Marley,256.0
Greyscale,2562,305.0
Aeroplane Blues,The Black Keys,171.0
Necromechanical,Whitechapel,261.0
Sky Blue,Peter Gabriel,398.0
Martyrdom Unsealed,Job for a Cowboy,156.0
One Robot To Another,The Red Chord,137.0
Andres,L7,184.0
Drawerings,Dinosaur Jr.,291.0
Trinidad,Edguy,209.0
Bigger Hole To Fill,The Hives,218.0
Secret Plans,Eagles of Death Metal,143.0
Sick-O-Me,Descendents,106.0
The King of Carrot Flowers Pt. One,Neutral Milk Hotel,120.0
Risingson (Underdog Mix),Massive Attack,365.0
She Likes Surprises,Soundgarden,198.0
Gordon's Gardenparty,The Cardigans,200.0
Over the Hills and Far Away,Led Zeppelin,289.0
The Bash,Raunchy,282.0
Hotel Intro,Moby,115.0
I'll Tumble 4 Ya,Culture Club,156.0
The Damnation Game,Symphony X,272.0
Vicar in a Tutu,The Smiths,142.0
Ubriaco Canta Amore,Bandabardò,212.0
Next To You,The Police,175.0
White Sky,Vampire Weekend,179.0
I Got This Down,Simian Mobile Disco,249.0
Lurgee,Radiohead,188.0
Stein um Stein,Rammstein,232.0
Straitjacket Feeling,The All-American Rejects,218.0
Emmerdale,The Cardigans,147.0
Crowquill,Circle Takes the Square,164.0
Where The Wild Things Are (Monsters),Anarbor,193.0
Terror in the Mind of God,Anaal Nathrakh,207.0
Someone Is Waiting,Neutral Milk Hotel,152.0
Transylvanian Transmissions Pt. 1,Rob Zombie,70.0
Said,Puddle of Mudd,248.0
Godspeed Us to Sea,Every Time I Die,153.0
Remember (Walking in the Sand),Aerosmith,244.0
Yasawas,Amon Tobin,324.0
Stereo Sanctity,Sonic Youth,230.0
The Fez,Steely Dan,241.0
Jazz Music,De-Phazz,231.0
Every Rose Has Its Thorn,Poison,270.0
Ages of Power,Freedom Call,281.0
Let's Write A Book,Field Music,221.0
Could Well Be In,The Streets,264.0
Chant for Eschaton 2000,Behemoth,321.0
Carmensita,Devendra Banhart,287.0
Seventeen,Ladytron,278.0
Upon an Oaken Throne,In Flames,170.0
Hey Mami,Sylvan Esso,200.0
Glazed,J Dilla,81.0
Demonoid Phenomenon,Rob Zombie,252.0
A Long Way Down,Four Quartets,228.0
Gin & Milk,Dirty Pretty Things,186.0
Nothing Is Something Worth Doing,Shpongle,384.0
Leave It,Bombay Bicycle Club,234.0
The Serpentine Offering,Dimmu Borgir,220.0
So Strange I Remember You,Thrice,222.0
If You Could See Into My Soul,Silverstein,239.0
Book of Bot,The Locust,269.0
Cool Knowledge,Volcano Choir,67.0
Get Big,Okkervil River,235.0
Forever and for Always,Shania Twain,284.0
Vapour Rumours,Shpongle,626.0
Por Enquanto,Cássia Eller,244.0
Al Capone,Prince Buster,180.0
Two Is Better Than One,Boys Like Girls,243.0
Sentimental Guy,Ben Folds,182.0
Little Cream Soda,The White Stripes,224.0
Heroin,The Velvet Underground,430.0
All That Is Thirst,Pati Yang,227.0
Heretic Pride,The Mountain Goats,223.0
Hold Me Back,AC/DC,239.0
Carpe Diem Baby,Metallica,372.0
Capri,Colbie Caillat,177.0
Let The Evil Go East,Greeley Estates,201.0
Dreams Be Dreams,Jack Johnson,133.0
Station Mir 2099,Vitalic,289.0
Ando Meio Desligado,Os Mutantes,288.0
Synthetic Water,UNKLE,66.0
Why Don't We Just Dance,Josh Turner,193.0
Night Time Is the Right Time,The Sonics,176.0
Fingerbib,Aphex Twin,229.0
Risky Nap Under Blue Tree,Cell,420.0
Human Debris,The Haunted,181.0
Best God In Show,NOFX,210.0
Dark Voices,Era,299.0
Deserted Cities Of The Heart,Cream,218.0
Scarecrows On A Killer Slant,Liars,255.0
That's How Strong My Love Is,Alicia Keys,245.0
Make the Road by Walking,Menahan Street Band,180.0
March Of The Celts,Enya,198.0
My Old School,Steely Dan,349.0
What Up Gangsta,50 Cent,179.0
Heart Of Stone,Matt Costa,232.0
In Spite Of Me,Morphine,155.0
Introduction,Panic! at the Disco,37.0
Textures,Cynic,280.0
The Moan,The Black Keys,225.0
This Is How It Feels,The Veronicas,252.0
In-A-Gadda-Da-Vida,Iron Butterfly,274.0
To Your Love,Fiona Apple,220.0
The Season (Swag's Vocal Mix),Beanfield,442.0
Rivfader,Finntroll,248.0
In A Heartbeat,Koop,310.0
This Is Deutsch,Eisbrecher,266.0
Not Addicted,The Streets,220.0
Pilots,Goldfrapp,270.0
You Make It Real,James Morrison,211.0
Tsubasa,M83,248.0
The Longships,Enya,219.0
Hangable Auto Bulb,AFX,413.0
Frownland,Captain Beefheart & His Magic Band,111.0
Trans 7,Photek,471.0
Here It Is,Leonard Cohen,255.0
Hallowed Be My Name,HammerFall,236.0
Super Taranta!,Gogol Bordello,405.0
Polyester Khakis,Mad Caddies,140.0
Tauhid,Boxcutter,341.0
Let Your Body Decide,The Ark,196.0
Moving Pictures Silent Films,Great Lake Swimmers,331.0
Jah Didn't Kill Johnny,Sage Francis,169.0
Winter Is All Over You,First Aid Kit,220.0
The Legend Of The Black Shawarma,Infected Mushroom,432.0
Moving Pictures Silent Films,Great Lake Swimmers,331.0
Velvet Snow,Kings of Leon,130.0
Just Like I Pictured It,"Medeski, Martin and Wood",208.0
The Unborn,Mors Principium Est,221.0
Emily,Bowling for Soup,208.0
Gotta Find You,Joe Jonas,242.0
Nothing To Do With You,The Pigeon Detectives,109.0
Security,Joss Stone,272.0
Bankshot,Operation Ivy,93.0
Ghosts Of Past Failures,Shadows Fall,253.0
Novella,Funeral for a Friend,350.0
Black Cat John Brown,Alamo Race Track,219.0
Shampoo Suicide,Broken Social Scene,245.0
Rewolucje,Jamal,229.0
Vicarious Atonement,The Mars Volta,440.0
New Again,Taking Back Sunday,214.0
Before Cologne,Ben Folds,54.0
Jag är en vampyr,Markus Krunegård,257.0
Jeopardy,Run the Jewels,202.0
To The World,Strike Anywhere,203.0
Nineteen With Neck Tatz,Four Year Strong,204.0
Fire Eye'd Boy,Broken Social Scene,239.0
The Last With Pagan Blood,Amon Amarth,339.0
Sea Song,Robert Wyatt,555.0
Death In Vogue,Deathstars,255.0
A Slight Burning Sensation,Salt The Wound,149.0
Akeldema,Haste the Day,169.0
Collision,As I Lay Dying,191.0
Point Of Uncertainty,Into Eternity,226.0
"Maiden, Mother & Crone",The Sword,239.0
Hello Hammerheads,Caribou,162.0
The Stone,Dave Matthews Band,448.0
Fade to Black,Metallica,417.0
Highest Star,Amorphis,284.0
Stuck Between,Riverside,236.0
Jiggle of the Sphinx,Hallucinogen,401.0
Dubrock,Alix Perez,350.0
Two Ways Out,Darker My Love,203.0
Night Walks,Black Mountain,237.0
Time Beyond Time,Ayreon,365.0
Moments In Oblivion,Parkway Drive,103.0
Touch of Red,In Flames,253.0
Secret Smile,Semisonic,269.0
Shoulda Known,Atmosphere,187.0
Soft Serve,Soul Coughing,193.0
Good Christians Don't Get Jiggy With It 'Til After Marriage,See You Next Tuesday,75.0
The Final Command,Slayer,151.0
Freedom Fighter,Creed,156.0
Authentic Celestial Music,Dirty Three,604.0
The Walls Of Babylon,Symphony X,496.0
Luke,Long Beach Dub All Stars,247.0
You See Me Crying,Aerosmith,312.0
Hand It Over,MGMT,253.0
Vomit the Soul,Cannibal Corpse,270.0
Walkman,Sebastian,300.0
Herzeleid,Rammstein,222.0
Speedwolf,High on Fire,271.0
Girlfriend Is Better,Talking Heads,306.0
Total Gore?,Cattle Decapitation,191.0
I Was Playing Drums,Efterklang,314.0
Hospital Beds,Florence + the Machine,135.0
Lovelight,Robbie Williams,242.0
Ghost of the Sun,Katatonia,248.0
Keep Going,T-Pain,134.0
A Ribbon,Devendra Banhart,159.0
El Ciervo Vulnerado,The Mars Volta,530.0
Baby I,Ariana Grande,198.0
Girl Disappearing,Tori Amos,239.0
Pictures of Me,Elliott Smith,227.0
I Believe to My Soul,Donny Hathaway,228.0
Dominhate,Elvenking,537.0
Sugar and Spice,The Searchers,135.0
The Black Block,Modeselektor,341.0
Lalibela,Caribou,146.0
room 379,Venetian Snares,110.0
Too Darn Hot,Ella Fitzgerald,211.0
A Pistol To My Temple,Scary Kids Scaring Kids,237.0
Ghost Highway,Mazzy Star,208.0
Heart Paper Lover,Marissa Nadler,250.0
Sink,Brand New,200.0
Ion Square,Bloc Party,393.0
Technologic (Vitalic Remix),Daft Punk,325.0
Time Capsule,Arch Enemy,69.0
Dialogue With A Question Mark,The Chariot,134.0
Never Fall In Love,Émilie Simon,174.0
Reality Dream III,Riverside,301.0
Ka-Ching!,Shania Twain,200.0
Money Power Respect,Diplo,232.0
How Many Mics,Fugees,269.0
Feel Like A Rocket,Voicst,144.0
Kiss On My List,Hall & Oates,260.0
Where In This World,The Notwist,281.0
Inside Your Heaven,Carrie Underwood,243.0
Ten Thousand Fists,Disturbed,212.0
Make Her Mine,Mayer Hawthorne,161.0
Cool To Be A Fool,Joe Nichols,175.0
Oi!,Orbital,304.0
Trouble Every Day,Frank Zappa,695.0
Fire Fire,M.I.A.,207.0
Battle Ready,Otep,262.0
Space-Dye Vest,Dream Theater,449.0
Can't Say What I Mean,Kaiser Chiefs,167.0
Voyage of Bran,Brendan Perry,333.0
Frikitona,Plan B,183.0
Miserable Lie,The Smiths,268.0
Temazcal,Monsters of Folk,229.0
Waking Up Beside You,Stabbing Westward,393.0
I Like To Move It,will.i.am,221.0
Crystal Wrists,Peter Murphy,249.0
Days Away,Mad Caddies,224.0
Sun Opens My Eyes,Wavves,201.0
Heart Less,A Day to Remember,173.0
Crusher Destroyer,Mastodon,120.0
Meddler,August Burns Red,234.0
A Million Ways,OK Go,193.0
Sympathetic Noose,Black Rebel Motorcycle Club,258.0
Asleep At A Party,Memory Cassette,256.0
War Out Of Peace,Tristan Prettyman,229.0
In the Mausoleum,Beirut,193.0
Some Kinda Hate,Misfits,122.0
Election Day,Arcadia,328.0
Better Things To Do,Terri Clark,189.0
Black Balloon,Goo Goo Dolls,250.0
Blood Theme,Data,311.0
Pockets,Four Tet,319.0
Belief File,Luke Vibert,300.0
Colony of Birchmen,Mastodon,260.0
Keep on Runnin',Cat Power,230.0
One Horse Town,The Thrills,197.0
Rikarda,Oliver Huntemann,467.0
Just Around The Riverbend,Judy Kuhn,150.0
I'm With Stupid,Static-X,204.0
Sound the Alarm v.2.0,A Day to Remember,109.0
Tengo,Macaco,230.0
The Whip,The Ethiopians,184.0
Frikitona,Plan B,183.0
River Below,Billy Talent,179.0
Noro,Brand New,387.0
How Do You Sleep?,Sam Smith,202.0
Gekkou,ASIAN KUNG-FU GENERATION,382.0
Disko Partizani,Shantel,296.0
Stormy High,Black Mountain,274.0
The Shade Of Poison Trees,Dashboard Confessional,179.0
Miro,Finch,193.0
Untrust Us,Crystal Castles,189.0
The Sporting Life,The Decemberists,278.0
You're Lovin' Me To Death,Scorpions,196.0
Oscillations,Silver Apples,167.0
Labor,Aesop Rock,153.0
Eat the Rich,Aerosmith,250.0
Priests of Sodom,Cannibal Corpse,212.0
Stilettos,Holy Fuck,235.0
Africa Must Wake Up,"Nas & Damian ""Jr. Gong"" Marley",400.0
The Kids Don't Like It,Reel Big Fish,201.0
Of Darkness Spawned,The Black Dahlia Murder,202.0
Goneja,Skinny Puppy,325.0
Only A Memory,Yanni,257.0
The Season,The Dodos,375.0
The Essence,Herbie Hancock,282.0
Doo Wop (That Thing),Ms. Lauryn Hill,241.0
Neocon,The Offspring,66.0
Safe Home,Anthrax,337.0
Acid Moon,Juno Reactor,519.0
When You Say Nothing At All,Alison Krauss,261.0
Ionized,Monolake,678.0
Cause For Alarm,The Heavy,284.0
Lovebug,Jonas Brothers,221.0
Broken Records,Touché Amoré,102.0
Bass Creator,Basshunter,301.0
Subcutaneous Phat,Desert Sessions,230.0
Neanderthal,Kaki King,268.0
Go to Hell?,Blutengel,288.0
I Don't Know for Sure,Hüsker Dü,150.0
Perception,Kylesa,223.0
Mark David Chapman,...And You Will Know Us by the Trail of Dead,250.0
Never Let It Go,Mushroomhead,279.0
Square 1,Paul Kalkbrenner,396.0
Heart Less,A Day to Remember,173.0
Me Or The Papes,Jeru the Damaja,266.0
Snakes,Papa Roach,210.0
Ladies and Gentleman,Hot Hot Heat,175.0
Ordeal,Pale Saints,238.0
Planet Smasher,Devin Townsend,345.0
Claustrophobic Sting,The Prodigy,432.0
Get To Know Ya,Maxwell,261.0
Live To Win,Paul Stanley,187.0
My Gift of Silence,Blackfield,245.0
Chipmunk,Mr. Scruff,367.0
Bottom Of The Sea,The Duke Spirit,249.0
Sleeping Stars,Wintersun,342.0
Suffer Well (M83 Remix),Depeche Mode,271.0
Assoul,Tinariwen,246.0
Used For Glue,Rival Schools,200.0
When the Water Breaks,Liquid Tension Experiment,1018.0
Big Calm,Morcheeba,361.0
Better Than Sunday,Ladyhawke,205.0
Partida,Cesária Évora,377.0
Welcome to the End,Celldweller,241.0
Pay to Cum,Bad Brains,85.0
The Last Remaining Light,Audioslave,317.0
Vulnerability,Operation Ivy,120.0
Government Flu,Dead Kennedys,124.0
Start a Band,And So I Watch You From Afar,294.0
I Can Feel Your Pain,Manchester Orchestra,172.0
I Love My Man,Bent,349.0
The Tourist,Radiohead,327.0
Live In Dreams,Wild Nothing,208.0
Dead Dog Song,Okkervil River,240.0
Arms Around Your Love,Chris Cornell,214.0
Dead but Dreaming,Watain,125.0
Fear The Voices,Alice in Chains,298.0
Glasshouse Tarot,Sparta,313.0
Sick Heart River,Soilwork,251.0
The Dead Walk,The Acacia Strain,228.0
Stereo 99,Blue States,280.0
The Quiet,We the Kings,192.0
Wake Up Mr. West,Kanye West,41.0
Backlit,Isis,463.0
The Voiceless,And So I Watch You From Afar,388.0
The Next Messiah,Jenny Lewis,525.0
Sweepstakes (Feat. Mos Def and Hypnotic Brass Ensemble),Gorillaz,320.0
Ooh La La,Faces,208.0
Nothing Compares,Pixie Lott,214.0
Stacy's Mom,Fountains of Wayne,199.0
Tao and Zen,Karunesh,188.0
Bring Back the Apocalypse,Sleepytime Gorilla Museum,250.0
The Riddler,Nightwish,316.0
Dance Of The Manatee,Fair to Midland,251.0
Hazey Jane II,Nick Drake,226.0
Carousels,Beirut,263.0
The Hidden Camera,Photek,410.0
Leave Me (Like You Found Me),Wilco,249.0
Dirty World,Dope,181.0
Kissing the Beehive,Wolf Parade,652.0
Green Arrow,Yo La Tengo,344.0
Writer's Block,Just Jack,222.0
Yama Yama,Yamasuki,135.0
Via con me,Paolo Conte,167.0
Guilty Of Love,Mylo,186.0
Never Fall In Love,Émilie Simon,174.0
Knuckleduster,Children of Bodom,210.0
Do You Like It,Our Lady Peace,238.0
Warlords,Vader,164.0
Breathing Again,Stream of Passion,219.0
Lips Of An Angel,Hinder,261.0
You're Always the Sun,Supreme Beings of Leisure,237.0
Setting Sun,The Chemical Brothers,240.0
Skunky,Kanka,271.0
Na Laetha Geal M'oige,Enya,237.0
D'ror Yikra,Oi Va Voi,357.0
Truly,Lionel Richie,200.0
Give A Little Love,Noah and the Whale,255.0
Lock and Key,Rush,310.0
Leaving Eden,Antimatter,344.0
On Your Time,Dark Tranquillity,339.0
Leistung,Nachtmahr,234.0
Midnite Cruiser,Steely Dan,240.0
Clear Island,Liars,159.0
Electable (Give It Up),Jimmy Eat World,177.0
Something So Strong,Crowded House,172.0
Lady Demeter,Tim Armstrong,146.0
Winner's Blues,Sonic Youth,128.0
All In Your Hands,Lamb,279.0
M. Shepard,Thursday,216.0
Ih-Ah!,Devin Townsend Project,224.0
Double Vision Quest,Minus the Bear,270.0
I Hate Camera,The Bird and the Bee,185.0
Us v Them,LCD Soundsystem,510.0
I Clipped Your Wing,Michael Nyman,277.0
Short Stories With Tragic Endings,From Autumn To Ashes,566.0
No More Room To Breathe,There for Tomorrow,188.0
Love Souvenir,Calvin Harris,261.0
Remains of Summer Memories,Rise Against,77.0
Why Don't You Find Out for Yourself,Morrissey,200.0
Delta Lady,Joe Cocker,170.0
I've Got A Feeling,Sing It Loud,172.0
Mothership Connection (Star Child),Parliament,373.0
Misconstruction,Apocalyptica,240.0
Undefined,As I Lay Dying,137.0
Fäule,Beginner,239.0
Poney Part I,Vitalic,328.0
Quasar Waves,Samael,218.0
Sweet,Lamb,233.0
River of Deceit,Mad Season,303.0
Vessel,Nine Inch Nails,291.0
Wannabe,Spice Girls,173.0
Sleep to Dream,Fiona Apple,249.0
Dead Cities,The Future Sound of London,397.0
Engine 54,The Ethiopians,156.0
Move To Newlyn,The Subways,165.0
The Lion And The Wolf,Thrice,163.0
Desert Bus Ride,Gustavo Santaolalla,115.0
Passage To The Unknown,Rank 1,212.0
Ithyphallic,Nile,280.0
This Ain't Goodbye,Train,263.0
Ich glaube,Nachtmahr,239.0
Was It Worth It?,Children of Bodom,246.0
Unhappy Birthday,The Smiths,166.0
Segue 1,Failure,114.0
Pillow Of Your Bones,Chris Cornell,270.0
"Alanson, Crooked River",Sufjan Stevens,79.0
The Man You Love,Il Divo,234.0
Shadow On The Sun,Audioslave,343.0
Scratch Bass,Lamb,288.0
The Lucifer Effect,Anaal Nathrakh,237.0
Neighbour Riffs,Surfer Blood,129.0
Spider's Web,Katie Melua,238.0
Perfect Girl,Sarah McLachlan,281.0
Apartment 5F,The Bouncing Souls,130.0
Her Brand New Skin,Everclear,122.0
The Triumph Of The Lazer Viking,An Albatross,84.0
And When He Falleth,Theatre of Tragedy,429.0
Rubber Ring,The Smiths,228.0
One Smart Nigger,King Geedorah,159.0
Carresses,M83,391.0
Brave Reality,Evergreen Terrace,147.0
D Song,Bonobo,320.0
Sister Ann,The Gories,122.0
When the Darkest Night Falls,Eternal Tears of Sorrow,152.0
Unfolding,Rival Consoles,358.0
Naita,Ojos de Brujo,226.0
As Bridges Burn,Despised Icon,196.0
Orient Orange,Squarepusher,655.0
"Enjoy Your Worries, You May Never Have Them Again",The Books,246.0
Blowing It,Dinosaur Jr.,165.0
Aguilla,Bola,384.0
De-evolution Ad Nauseum,Napalm Death,229.0
Make It Right (F.F.S.),Anathema,260.0
On It,Mindless Self Indulgence,182.0
The Way I Feel,Rancid,155.0
The Mother,Nick Cave & Warren Ellis,166.0
Drunk Girl,Something Corporate,248.0
Stay Out All Night,Bent,280.0
A Perfectly Good Heart,Taylor Swift,220.0
Blaue Flecken,Rosenstolz,219.0
Shady Lane,Pavement,231.0
Straight To Hell,Rage,354.0
Stein um Stein,Rammstein,232.0
What Ever Happened,The Strokes,169.0
Comfort Eagle,Cake,220.0
Trend,Mediengruppe Telekommander,259.0
Naked Burn,Mastodon,222.0
Triangle Walks,Fever Ray,262.0
Tales From The Pigs,Teenage Bad Girl,232.0
You Don't Send Me,Belle and Sebastian,188.0
Talk (Junkie XL Remix),Coldplay,705.0
Distorted Love,Enigma,251.0
Intoxication,Disturbed,191.0
Out Of Time,The Rolling Stones,222.0
Wie tief?,Eisbrecher,264.0
Wait for the Wintertime,Yeasayer,292.0
Siberian Love Affairs,Diablo Swing Orchestra,58.0
Guess Who's Back,Rakim,251.0
Shiverman,Fat Freddy's Drop,636.0
The Mercy Seat,Nick Cave & The Bad Seeds,438.0
The Stellar Dome,Borknagar,337.0
Less Than a Pearl,Enya,224.0
Lazylady,Pentagram,213.0
Man Is the Baby,Antony and the Johnsons,249.0
No Aloha,The Breeders,127.0
Stay Tuned,Wax Tailor,35.0
Punch and Judy,Elliott Smith,145.0
Adventure Today,The Aquabats,175.0
Bornlivedie,Porcupine Tree,106.0
Drown In Ashes,Celtic Frost,264.0
Blue Green,Cutsigh,102.0
Skanky Panky,Kid Koala,204.0
AOD,65daysofstatic,375.0
Walking By,Something Corporate,270.0
Wild Wind,Black Mountain,103.0
Telegrama,Zeca Baleiro,266.0
Nothing Dreadful Ever Happens,Every Time I Die,221.0
Sex Is Personal,The Faint,218.0
First Person Shooter,Celldweller,171.0
Thank You Space Expert,Mogwai,474.0
All Around,Ceo,200.0
Reprise,Grizzly Bear,200.0
Full Moon Madness,Moonspell,407.0
Sullivan's Social Slub,The Fiery Furnaces,392.0
Voracious Haemoglobinic Syndrome,Aborted,247.0
Red Dirt Road,Brooks & Dunn,262.0
Liquid Dreams,Liquid Tension Experiment,650.0
No Competition,Babylon Circus,167.0
Sugar In The Sacrament,Thursday,315.0
Cause For Alarm,The Heavy,284.0
Scrum,Slayer,139.0
Love and War,Drowning Pool,218.0
Speed Trials,Elliott Smith,181.0
Tarnished Trepidation,Ion Dissonance,316.0
Maritime,Isis,184.0
Cruel Melody,Black Light Burns,301.0
Too Much On My Mind,The Kinks,149.0
Herbert The Pervert,Infected Mushroom,437.0
EM Ocean,Modeselektor,115.0
Ma Radio,Stereo Total,143.0
Dr. Strangeluv,Blonde Redhead,289.0
Without Conclusion,As I Lay Dying,195.0
Sangue Latino,Secos & Molhados,128.0
Infinity Farm,Lightning Bolt,167.0
Heroin & Cocaine,The Tiger Lillies,173.0
Someone Else's Song,Wilco,201.0
Swim Until You Can't See Land,Frightened Rabbit,262.0
Evil Night Together,Jill Tracy,275.0
Pam's Tan,Black Tambourine,79.0
Forced Elimination,Dying Fetus,202.0
Under the Westway,Blur,257.0
1958,A Day to Remember,269.0
Cheval,Sexy Sushi,205.0
Catharsis,Machine Head,371.0
Radiant Eclipse,Avenged Sevenfold,370.0
An Aptly Fictional Description,The Number Twelve Looks Like You,332.0
Nocturnal Vision Revisited,Arcturus,316.0
Giving It Away,MAE,327.0
Demonium,Immortal,236.0
Hendrix With Ko,Caribou,239.0
Fo' Head,Reel Big Fish,125.0
Rock and Roll Is King,Electric Light Orchestra,187.0
The Past The Love The Memory,A Skylit Drive,180.0
The Power Of I And I,Shadows Fall,216.0
These Exiled Years,Flogging Molly,302.0
Jihad,Slayer,211.0
VOID,Blood Stain Child,263.0
Structure Divine,Soilwork,246.0
The Story Ain't Over,Avantasia,329.0
Angelic Particles,Hallucinogen,391.0
Code,Faithless,96.0
He Knows I'd Love To See Him,Morrissey,188.0
Skating,Vince Guaraldi Trio,159.0
Didn't I,Darondo,208.0
Head Over Heels,Tears for Fears,256.0
You Done Lost Your Good Thing Now,B.B. King,313.0
Pledging My Time,Bob Dylan,228.0
Elysian Feels,The Future Sound of London,363.0
Heart It Races,Architecture in Helsinki,195.0
Ghost Trail,Cult of Luna,710.0
Second Skin,The Chameleons,483.0
Bed Space,Darwin Deez,212.0
The Soldiering Life,The Decemberists,228.0
Godlovesugly,Atmosphere,232.0
Everyone I Went to High School With Is Dead,Mr. Bungle,165.0
Broken Eyes,Concord Dawn,408.0
Gypsy Violin,Harold Budd,1250.0
I'm Kissing You,Des'ree,292.0
Transfer Affection,A Flock of Seagulls,318.0
Merestä Maalle,Stam1na,244.0
Tu Dis Rien,Louise Attaque,143.0
7 Stars,The Apples in Stereo,227.0
The Secret Garden,Diane Arkenstone,345.0
In Truth,Paradise Lost,294.0
Starcleaner,The Brian Jonestown Massacre,149.0
Oh Sheila,Ready For The World,242.0
Your Decision,Alice in Chains,283.0
Recipe For Disaster,Morcheeba,319.0
Reservations,Wilco,443.0
Police on My Back,The Clash,208.0
Kirby's House,Razorlight,171.0
Medicine Bottle,Red House Painters,591.0
Contender,The Pains of Being Pure at Heart,160.0
The Killing Spree,Chromatics,239.0
Them Bones,Alice in Chains,150.0
Not One Truth,Hatebreed,122.0
Re-Inanimate,Meshuggah,64.0
Bible Belt,Dry the River,284.0
Best Foot Forward,DJ Shadow,49.0
Haunted Shores,Cradle of Filth,424.0
On My Way,Ben Kweller,235.0
Tout Doucement,Feist,150.0
Snow White Queen,Evanescence,261.0
Psyklon Aeon,Zyklon,206.0
Broken Witch,Liars,370.0
Let's Rock the Beach,Real Estate,284.0
Wasted Time,Kings of Leon,166.0
Let's Do It Again,J Boog,191.0
Hush Hush,The Pussycat Dolls,252.0
Moonstruck,Booka Shade,398.0
"You, You're Awesome",Do Make Say Think,217.0
East Bay Night,Rancid,126.0
Wisdom Of The Dead,Darkthrone,246.0
The Donkey-headed Adversary of Humanity Opens the Discussion,Sleepytime Gorilla Museum,362.0
Music Non Stop,Kraftwerk,398.0
Barbaric Bludgeonings,Cannibal Corpse,223.0
Don't Forget About Me,Dusty Springfield,173.0
Eat the Rich,Aerosmith,250.0
I'm Always Right,The Pigeon Detectives,181.0
Bottom Feeder,Moving Mountains,143.0
Tall Tales Taste Like Sour Grapes,Fair to Midland,242.0
U.Y.F.S.,The Hellacopters,238.0
Misery Path,Amorphis,258.0
Nine Million Rainy Days,The Jesus and Mary Chain,271.0
Shell Shock,Manowar,248.0
Dogs Can Grow Beards All Over,The Devil Wears Prada,209.0
Sages-Femmes,Para One,200.0
Southern Hospitality,Clint Mansell,83.0
Five Becomes Four,Yellowcard,210.0
French,St. Germain,345.0
Monsoon,...And You Will Know Us by the Trail of Dead,322.0
(Used To Be A) Cha-Cha,Jaco Pastorius,537.0
That's How Country Boys Roll,Billy Currington,226.0
Radar Detector,Darwin Deez,190.0
"True/False, Fake/Real",Hercules and Love Affair,271.0
Thank You For Nothing,Kleerup,189.0
Sorry I Make You Lush,Wagon Christ,224.0
White Houses,Vanessa Carlton,225.0
Blue Straggler,Electrelane,411.0
Love Shack,The B-52's,324.0
French Navy,Camera Obscura,199.0
Long Long Journey,Enya,197.0
Badass,Saliva,184.0
Wayfaring Stranger,Eva Cassidy,267.0
Angel From Montgomery,John Prine,297.0
Soul for Me,Pati Yang,243.0
Wonderlust King,Gogol Bordello,240.0
Infinite Mirror,Lite,279.0
Despicable Dogs,Small Black,232.0
Slippery Dick,Peaches,183.0
How Do You?,Radiohead,132.0
In the Dark,Flyleaf,227.0
Sweet Talkin' Woman,Electric Light Orchestra,228.0
Don't Save Me,HAIM,231.0
Primal,Slowdive,330.0
Drop The Phone,Shy Child,183.0
Celtic Trance,Dagda,228.0
A Fist Fight With Dick Tracy,Emmure,178.0
I Ei Krystallnatt,Windir,317.0
Silver Screen Shower Scene,Felix da Housecat,283.0
Cinders,Matt & Kim,107.0
Good Arms vs. Bad Arms,Frightened Rabbit,309.0
Shasta Beast,Eagles of Death Metal,146.0
Fake Blues,Real Estate,223.0
Million Dollar Bash,Bob Dylan,151.0
Bring The Pain,Mindless Self Indulgence,219.0
Sic Transit Gloria ... Glory Fades,Brand New,186.0
Your Body,Christina Aguilera,240.0
Nobody Move Nobody Get Hurt,Yellowman,222.0
Yashanti,Yael Naim,234.0
(Used To Be A) Cha-Cha,Jaco Pastorius,537.0
"Oh My God, Whatever, Etc.",Ryan Adams,152.0
Christmas Eve,Billy Eckstine,192.0
Guitarred and Feathered,Every Time I Die,237.0
Babyfather,Sade,279.0
To Lose Someone,Taken by Trees,287.0
"Two Steps, Twice",Foals,281.0
Sixteen,Bombay Bicycle Club,249.0
Feel No Pain,Sade,308.0
U Know What's Up,Donell Jones,239.0
History to the Defeated,The Weakerthans,235.0
sign,Indios Bravos,163.0
I Will Be Heard,Hatebreed,179.0
Kiss Off,Violent Femmes,177.0
Boring,blink-182,102.0
Meccamputechture,The Mars Volta,663.0
Cavalettas,The Mars Volta,572.0
End This Day,Despised Icon,213.0
Taking Control,Aphex Twin,434.0
Dilly,Band of Horses,212.0
Chimera,Mayhem,421.0
Big Jet Plane,Angus & Julia Stone,239.0
Killing Season,Testament,293.0
Infinite Love Song,Maximilian Hecker,286.0
Where Would I Be?,Gwen Stefani,198.0
The Essential Salts,Nile,234.0
Let The Wind Erase Me,Assemblage 23,286.0
The Final Hour,Molotov Solution,246.0
Crystal Night,Masterplan,317.0
Heavenly Star,Genki Rockets,238.0
Round Round,Sugababes,235.0
Top of the World,The All-American Rejects,204.0
Never Be Alone,Shawn Mendes,216.0
Black Voyage,My Dying Bride,587.0
If You Could Only See,Tonic,263.0
Mr. Chainsaw,Alkaline Trio,185.0
Beast Of Man,Arch Enemy,216.0
Sexual Sportswear,Sébastien Tellier,437.0
Let Your Body Decide,The Ark,196.0
Eyes Of Horror,Amon Amarth,215.0
La Vigüela,Gotan Project,336.0
Jealous Of The Moon,Nickel Creek,282.0
Hunger Strike,Temple of the Dog,246.0
Butterflies,Sia,203.0
One of Fail,Kalmah,250.0
Face the Facts,Cro-Mags,101.0
"Oh, Sweetheart",Shout Out Louds,201.0
The World at Large,Modest Mouse,273.0
Bad Weather,High Tone,363.0
No New Wave No Fun,mclusky,139.0
Twenty,Labradford,1107.0
Is It You,:Wumpscut:,315.0
Melt,Leftfield,306.0
How I Became Paranoid,Cansei de Ser Sexy,206.0
His Leaf Shall Not Wither,Orphaned Land,151.0
Make It,Aerosmith,219.0
Weighted Down (The Prison Song),"Alexander ""Skip"" Spence",384.0
Wanna Make Love,Jimmy Page,320.0
I Don't Know What I Can Save You From,Kings of Convenience,278.0
When You Say You Love Me,Josh Groban,272.0
Beast Of Honor,Auf Der Maur,207.0
Breakin',The All-American Rejects,239.0
In This Temple as in the Hearts of Man for Whom He Saved the Earth,Sufjan Stevens,35.0
Yesterday Is Here,Tom Waits,161.0
Standing On Paper Stilts,Walls of Jericho,153.0
Paul's Dance,Penguin Cafe Orchestra,105.0
Second Love,Pain of Salvation,262.0
Angel Echoes,Four Tet,240.0
Elle Panique,Olivia Ruiz,152.0
Drop A Gem On 'Em,Mobb Deep,258.0
Unspeakable,Killing Joke,319.0
Vinegar & Salt,Hooverphonic,200.0
Disappearing Ink,Deerhunter,142.0
Mockingbirds,Mark Lanegan,150.0
Tides (Peshay & Flytronix Remix),A Forest Mighty Black,422.0
Quae Laetitia,Krypteria,278.0
Meeting Paris Hilton,Cansei de Ser Sexy,191.0
The Crestfallen,Soilwork,226.0
Square One Here I Come,The Hives,190.0
Big Eyed Fish,Dave Matthews Band,304.0
Gentle Giant,Tiga,368.0
Air A Danser,Penguin Cafe Orchestra,325.0
Smiling Swine,The Dear Hunter,285.0
Lightning Strikes Twice,Iron Maiden,290.0
Acrid Placidity,Meshuggah,196.0
Soul Rebel,Bob Marley & The Wailers,224.0
Medicine Wheel,Between the Buried and Me,258.0
Broken Levee Blues,DJ Shadow,128.0
Jazz (We've Got),A Tribe Called Quest,250.0
dead tree,DIR EN GREY,291.0
13 Angels Standing Guard 'round the Side of Your Bed,A Silver Mt. Zion,442.0
The Navajo Know,Pixies,140.0
You Stayed,De-Phazz,247.0
De Usuahia a la Quiaca,Gustavo Santaolalla,169.0
T.I.B.W.F.,The Budos Band,161.0
You,Radiohead,209.0
Country Roads,Me First and the Gimme Gimmes,131.0
Alisa,Cut Copy,247.0
Sunny Road,Emilíana Torrini,182.0
Smoke Ya Later,The Acacia Strain,251.0
Beautiful Death,Wintersun,496.0
I'm Not a Loser,Descendents,89.0
Simple As It Should Be,Tristan Prettyman,229.0
I Against I,Bad Brains,173.0
Undefined,As I Lay Dying,137.0
Foul Body Autopsy,Necrophagist,112.0
Must Attack,Extrawelt,388.0
Fige Ki Ase Me,Shantel,254.0
The Modern Bass Guitar,Squarepusher,338.0
Champion Nibble,Mr. Scruff,213.0
The Way I Loved You,Taylor Swift,245.0
Algo Mais,Os Mutantes,156.0
Music Again,Adam Lambert,197.0
Like Clockwork Springs,Daedelus,349.0
Gekkou,ASIAN KUNG-FU GENERATION,382.0
Things Don't Look Good,Genghis Tron,215.0
Lazy Day Afternoon,Plain White T's,135.0
The Raven and the Rose,My Dying Bride,493.0
Rotting Misery,Paradise Lost,316.0
Interplanetary Party,Santana,247.0
Tower Of Trellick,Kleerup,226.0
House At Pooh Corner,Loggins & Messina,257.0
Personae Non Gratae,Meshuggah,107.0
The Whistle Song,DJ Aligator,222.0
Journey To A Star,Lemongrass,218.0
Anything New,Digitalism,299.0
Peacock Tail,Boards of Canada,325.0
End of Your Days,Evergrey,280.0
Emergency Exit,Beck,242.0
Nocturne in C# minor,Frédéric Chopin,207.0
Made by Maid,Laura Marling,172.0
Rapid Hope Loss,Dashboard Confessional,220.0
Must Be Doin' Somethin' Right,Billy Currington,271.0
Wonderful,Everclear,285.0
Hasta Mi Final,Il Divo,218.0
Water & Air,Cat Power,283.0
For Miles,Thrice,267.0
Refused Are Fucking Dead,Refused,310.0
Sentimental Lady,Bob Welch,184.0
Stilettos,Holy Fuck,235.0
Lonely Planet Boy,New York Dolls,248.0
The Right Wing,Luomo,968.0
Big City Life,Mattafix,237.0
New Corpse,Acid Bath,202.0
Daffodil Lament,The Cranberries,366.0
Can't Lose You,Type O Negative,366.0
SuperStar,Taylor Swift,261.0
Jean Is Dead,Descendents,94.0
Tonight She Comes,The Cars,237.0
Back To The River,Riverside,390.0
Brainwashed,Iced Earth,323.0
Vices Like Vipers,"Oh, Sleeper",259.0
I Don't Want To,Toni Braxton,257.0
Dead Cowboy,Lightning Bolt,478.0
Knock Three Times,Tony Orlando & Dawn,178.0
Figure It Out,Plain White T's,165.0
Daddy's Girl,Scorpions,258.0
Sweet and Low,Fugazi,215.0
Xxplosive,Dr. Dre,215.0
Cracher Nos Souhaits,Louise Attaque,207.0
Dans le club,TTC,237.0
Progeny,Hans Zimmer,134.0
Hallelujah Chorus,Georg Friedrich Händel,257.0
Disregard,The Berzerker,81.0
To the Lions,Converge,220.0
Korobeiniki (Traditional Russian Folk Song),OZMA,139.0
Shredded Humans,Cannibal Corpse,311.0
Transatlantic Foe,At the Drive-In,217.0
Another Love Song,Insane Clown Posse,252.0
Sticky Situation,Danko Jones,156.0
It's That Time Again,The Dodos,89.0
The Scarecrow,Avantasia,673.0
Key,C418,65.0
Italian Leather Sofa,Cake,351.0
Synagoga Satanae,Celtic Frost,865.0
The Innocent,Goldfinger,182.0
Youlogy,Volcano Choir,217.0
Forever Loving Jah,Bob Marley & The Wailers,242.0
Casanova Rodeo,The Word Alive,216.0
The Rubberband Man,The Spinners,224.0
belfast,Katie Melua,202.0
My Mannequin Can Dance,Matchbook Romance,235.0
Cheval,Sexy Sushi,205.0
Waiting for the Sirens' Call,New Order,340.0
Partida,Cesária Évora,377.0
Freaky,Kissin' Dynamite,246.0
Into The Black,Naglfar,273.0
The Sixth Extinction,Ayreon,739.0
Cable Babies,Japanther,139.0
Hannah,Ray LaMontagne,343.0
Black Cadillacs,Modest Mouse,163.0
Shadrach,Beastie Boys,248.0
Singer Castle Bells,Great Lake Swimmers,48.0
Aggressive Perfector,Slayer,149.0
Blazing Arrow,Blackalicious,160.0
Rock This Country!,Shania Twain,262.0
Hey Ya,Obadiah Parker,268.0
Bankrobber,The Clash,274.0
Under My Nose,Fucked Up,209.0
Empty Wall,Blue Foundation,196.0
Set It Up,Xavier Rudd,248.0
Bedlam Sticks,Diablo Swing Orchestra,209.0
Heavily Medicated,The Berzerker,146.0
He's Coming Back,Impending Doom,376.0
twirl,Venetian Snares,269.0
Station Mir 2099,Vitalic,289.0
Get Down Moses,Joe Strummer and the Mescaleros,305.0
Heaven Is a Truck,Pavement,150.0
Something Less,Comeback Kid,118.0
Chasing Lights,The Saturdays,242.0
Mad Lucas,The Breeders,277.0
Punchingbag,Vibesquad,265.0
You Guys Want One Of These?,The Flatliners,127.0
The Prettiest Sea Slug,Blockhead,276.0
Goneja,Skinny Puppy,325.0
The Stix,Jaga Jazzist,422.0
Mandela Day,Simple Minds,342.0
Eyes Of Horror,Amon Amarth,215.0
Stay Out All Night,Bent,280.0
Paradox,Hans Zimmer,205.0
China Grove,The Doobie Brothers,202.0
Vuvuvu,MSTRKRFT,233.0
The Sixth Extinction,Ayreon,739.0
Friday Night at the Drive-In Bingo,Jens Lekman,256.0
Radio Player,Allister,207.0
White Peak/Dark Peak,65daysofstatic,238.0
Seria o rolex?,Móveis Coloniais de Acaju,235.0
Islands In The Stream,Kenny Rogers & Dolly Parton,249.0
Echonomix,Infected Mushroom,464.0
Slip of the Lip,Fact,184.0
Better Off This Way,A Day to Remember,206.0
My Mannequin Can Dance,Matchbook Romance,235.0
Alphabet Town,Elliott Smith,252.0
Sit Down. Stand Up,Radiohead,260.0
Radian,Air,458.0
Eisler on the Go,Billy Bragg & Wilco,177.0
La plus que lente,Claude Debussy,250.0
The Big Come Down,Nine Inch Nails,253.0
Early Mornin',Britney Spears,226.0
Radioland,Kraftwerk,354.0
They Tell Me,Cat Power,174.0
On These Endless Fields,Haggard,64.0
Baby Fratelli,The Fratellis,237.0
Take Me To Infinity,Breathe Carolina,216.0
CLEVER SLEAZOID,DIR EN GREY,193.0
Is Your Love Strong Enough?,How to Destroy Angels,270.0
Higher Power,Boston,233.0
High as the Sky,Today Is The Day,134.0
Across the World of Wonders,Mortiis,402.0
Dance On Glass,Q-Tip,181.0
Stay The Same,AutoKratz,340.0
Gleaming Auction,Snow Patrol,124.0
Tanz debil,Einstürzende Neubauten,200.0
Electric Machine,Acid King,385.0
Madrid Song,Julian Plenti,128.0
Powder to the People,Dance Gavin Dance,312.0
La Gloria,Gotan Project,249.0
Spinning and Scratching,Love Is All,184.0
Great Indoors,John Mayer,216.0
Drawing Flies,Soundgarden,145.0
Ach Who,Caribou,455.0
Nicodemus (The Seeker),For Today,196.0
He Said He Loved Me,Reverend and the Makers,287.0
"Jackals, False Grails: The Lonesome Era",Pavement,202.0
Brave New World,Iron Maiden,379.0
Century II,Into The Moat,114.0
Cheek to Cheek,Ella Fitzgerald & Louis Armstrong,354.0
Hot Pants,James Brown,55.0
Anderson Mesa,Jimmy Eat World,316.0
Not Myself Tonight,Christina Aguilera,184.0
Ibi Dreams of Pavement (A Better Day),Broken Social Scene,268.0
Tooth Enamel & Concrete,Cattle Decapitation,177.0
Let My Love Open The Door,Pete Townshend,163.0
May It Be,Enya,212.0
Unholy Confessions,Avenged Sevenfold,284.0
Dance With You,Live,277.0
Retaliation Suite,Thievery Corporation,174.0
Journey To A Star,Lemongrass,218.0
Du Nord Au Sud,Louise Attaque,302.0
Verisimilitude,Teenage Fanclub,211.0
Cmyk,Smolik,285.0
The Light's Really Bad,Mistabishi,361.0
Cler Achel,Tinariwen,268.0
Apply Some Pressure,Maxïmo Park,200.0
Window Blues,Lykke Li,239.0
Piece by Piece,Katie Melua,205.0
California English,Vampire Weekend,150.0
Centennial,Tokyo Police Club,114.0
Miss Michigan,Mustard Plug,176.0
South Australia,The Pogues,210.0
Almost Cut My Hair,"Crosby, Stills, Nash & Young",269.0
Levitate Me,Pixies,157.0
Koop Island Blues,Koop,273.0
Luces Sensacional,Los Látigos,263.0
Nao Vou Fugir,Ive Mendes,316.0
The Mermaid,Yanni,227.0
King Of The Rodeo,Kings of Leon,146.0
So Com Voce,Thievery Corporation,167.0
World News,Local Natives,272.0
Tigerlily,La Roux,204.0
Resolve!,Devin Townsend Project,191.0
Heart of Chambers,Beach House,265.0
Next of Kin,Surkin,242.0
Shamayim,The Ocean,114.0
Darker Side,Jonny Lang,308.0
The Eruption,Emperor,388.0
Drug Me,Dead Kennedys,115.0
Undertow,Tool,322.0
Lost Blue Heaven,Photek,194.0
I'm Dying Tomorrow,Alkaline Trio,139.0
Love Song For No One,John Mayer,202.0
Just Like Honey,The Jesus and Mary Chain,182.0
Pretty Things,Rufus Wainwright,158.0
Den Hornkrönte Konungen (Rivfaders Tron),Finntroll,223.0
Tuna 1613,Therion,263.0
A Boy Brushed Red Living In Black And White,Underoath,268.0
Dwr Budr,Orbital,596.0
Backstabber,Ke$ha,187.0
The Video Dept.,The Radio Dept.,205.0
Coffee Mug,Descendents,35.0
I Won't Let You Down,The Subways,223.0
Medicine Bottle,Red House Painters,591.0
Nude,Radiohead,255.0
Auf Wiedersehen,Cheap Trick,221.0
Behind Those Eyes,3 Doors Down,259.0
John Prine,Low,475.0
A Map of Eden Before the Storms,Sephiroth,536.0
In the Backseat,Arcade Fire,380.0
5:55,Charlotte Gainsbourg,292.0
Waltz #2 (XO),Elliott Smith,279.0
Washing Machine,Sonic Youth,574.0
I Never Dreamed,Lynyrd Skynyrd,320.0
Volando Voy,Chambao,224.0
Let's Do It Again,J Boog,191.0
Mr. Krinkle,Primus,325.0
Lazylady,Pentagram,213.0
Her Alone,Amorphis,362.0
Ships Passing Through The Night,Jimi Hendrix,352.0
Valley of the Queens,Ayreon,145.0
Dream of a Dead Sun,ColdWorld,455.0
Detonation Boulevard,The Sisters of Mercy,229.0
Take What You Take,Lily Allen,246.0
Parlay,Hans Zimmer,130.0
Slowness,Calexico,214.0
Transit Cop,Beastie Boys,78.0
Ur Djupet,Finntroll,299.0
Fireweed,Patrick Watson,216.0
Non-Stop Party Now,Girl Talk,244.0
Caravan Girl,Goldfrapp,245.0
Get Your Shine On,Florida Georgia Line,213.0
Whatever (Folk Song in C),Elliott Smith,138.0
Refined By Your Embrace,As I Lay Dying,104.0
Via Sin Dios,Leftöver Crack,135.0
Shades Of Gray,Amorphis,328.0
"One Day You'll Dance For Me, New York City",Thomas Dybdahl,295.0
Jerusalem,Matisyahu,240.0
The Ballad Of Lucy Jordan,Marianne Faithfull,250.0
Floating in the Forth,Frightened Rabbit,243.0
Radioman,Afrojack,458.0
Finally Free,Dream Theater,720.0
Completely Pleased,Semisonic,198.0
Tonyage,Descendents,56.0
I Speed At Night,Dio,203.0
Show Me Forgiveness,Björk,84.0
Amid the Falling Snow,Enya,218.0
Spiral Static,Muse,284.0
All That She Wants,Ace of Base,210.0
"Always Dirty, Never Clean",Anarbor,206.0
Evil Deeds,Eminem,260.0
This Is The Sound,The Exies,243.0
Happiness Is Easy,Talk Talk,394.0
Annie,Mac DeMarco,191.0
Save Room,John Legend,235.0
Muskrat Love,America,187.0
Only If You Run,Julian Plenti,229.0
Make Her Mine,Mayer Hawthorne,161.0
Heathen Throne,Ensiferum,669.0
All About Our Love,Sade,161.0
"Lord, Help the Poor & Needy",Cat Power,159.0
I Became a Prostitute,The Twilight Sad,320.0
Mountainhead,65daysofstatic,334.0
Mid Winter's Night,Blackmore's Night,270.0
Myopia,Moby,280.0
Left Hand Suzuki Method,Gorillaz,193.0
Furr,Blitzen Trapper,248.0
I Woke Up Today,Port O'Brien,202.0
The Eyebright Bugler,Deerhoof,44.0
Your Master Is Calling,Pink Turns Blue,464.0
"Sam, As In Samantha",Tiger Lou,212.0
Get To Know Ya,Maxwell,261.0
Telegraph,Orchestral Manoeuvres in the Dark,178.0
Weak,Skunk Anansie,210.0
We Killed It,Say Anything,111.0
To Breathe In a Casket,Necrophagist,341.0
Crystal Skull,Mastodon,205.0
Rome Wasn't Built in a Day,Morcheeba,215.0
Few Too Many,Julia Fordham,201.0
Highschool Lover,Air,162.0
Bugman,Blur,291.0
Eddie's Gun,The Kooks,133.0
Ask You,Lusine,367.0
Necrophobic,Slayer,100.0
Last Chance to Lose Your Keys,Brand New,211.0
My Blood Stained Path,Catamenia,282.0
Flute Fruit,Shpongle,129.0
A Higher Standard,For Today,341.0
Dance Till Dawn,Heartsrevolution,212.0
Mon amie la rose,Françoise Hardy,137.0
Hanging on the Telephone,Blondie,142.0
Parallel Corners,The Kilimanjaro Darkjazz Ensemble,216.0
Forecast Fascist Future,of Montreal,263.0
Quantity Is Their Quality,Memphis May Fire,209.0
Bambi,Tokyo Police Club,166.0
Belated,New Found Glory,186.0
The Void,Metric,200.0
Asian Hooker,Steel Panther,242.0
Smokey Taboo,CocoRosie,288.0
Sick-O-Me,Descendents,106.0
Sear Me III,My Dying Bride,327.0
How's It Goin' Down,DMX,216.0
Prophet 15,Supergrass,246.0
Black Magic Rituals & Perversions,Electric Wizard,663.0
Blooddawn,Marduk,256.0
Stuck With You,Huey Lewis & The News,267.0
Tannhuser,In Extremo,188.0
Hang Them All,Tapes 'n Tapes,180.0
The Bachelor,Patrick Wolf,193.0
Charmer,Kings of Leon,177.0
Reservations,Wilco,443.0
Florecita Rockera,Aterciopelados,400.0
Eyemaster,Entombed,198.0
Jungle Music,Logistics,251.0
Les Nuits Parisiennes,Louise Attaque,152.0
Skies Over Cairo,Django Django,213.0
War Story,Choking Victim,173.0
Only When You Leave,Spandau Ballet,301.0
Bumblechord,Nathan Fake,190.0
Gin And Juice,Snoop Dogg,212.0
All It Takes for Your Dreams to Come True,A Skylit Drive,195.0
Havoc B,Enter Shikari,172.0
9669,The Joy Formidable,169.0
Balrog Boogie,Diablo Swing Orchestra,233.0
Virginia Plain,Roxy Music,178.0
Stone Cold Metal,Ensiferum,445.0
History Lesson,Motion City Soundtrack,155.0
Operative Word,Comeback Kid,135.0
Balu,Kettcar,271.0
Sunset on Ibiza,Three Drives,477.0
Welcoming War,Mastodon,167.0
Over The Electric Grapevine,Primus,383.0
Movement From Discord,The Human Abstract,247.0
River of Deceit,Mad Season,303.0
Hesitating Beauty,Billy Bragg & Wilco,186.0
Execute,Apparat,390.0
Fuck Nicole,The Teenagers,205.0
Brooklyn (Owes The Charmer Under Me),Steely Dan,349.0
Last Purple Sky,Lake of Tears,362.0
Telepathic With the Deceased,Xasthur,583.0
Mehr,Rammstein,248.0
Animals,Nickelback,187.0
Interloper,Carbon Based Lifeforms,391.0
Scars (The Echo Song),Element Eighty,298.0
Confusion (Pump Panel Reconstruction mix),New Order,612.0
"Yesterday, Today, Tomorrow",Black Label Society,223.0
Ba Ba,Sigur Rós,372.0
Robert De Niro's Waiting,Bananarama,218.0
Waves Of Oppression,MyChildren MyBride,250.0
Firesuite,Doves,276.0
A Grave Inversed,Ihsahn,267.0
Applied Human Defragmentation,Cattle Decapitation,319.0
Let Me In!,Siriusmo,187.0
"10,000 Chariots",Damian Marley,266.0
Song For Ancestors,Juno Reactor,488.0
Nic's Groove,The Foreign Exchange,338.0
Dirty Deeds Done Dirt Cheap,AC/DC,232.0
Friction,Morcheeba,255.0
The Meek,Bad Brains,238.0
Deathbox,Mnemic,272.0
Zmeyka,Ladytron,194.0
Dummy Discards a Heart,Deerhoof,159.0
Wounds,Masterplan,241.0
Portland,Drake,237.0
Melancholie,In Extremo,264.0
Banquet (Phones Disco Edit),Bloc Party,325.0
Pale Blue Dot (Interlude),Story of the Year,66.0
Seerosenteich,Philipp Poisel,260.0
Grains,Borknagar,223.0
Smoking Gun,Robert Cray,247.0
Open Society,Squarepusher,64.0
Waiting Phase One,Porcupine Tree,267.0
Do The Whirlwind,Architecture in Helsinki,279.0
Baby (You've Got What It Takes),Dinah Washington,168.0
"Scavenger, Invader",The Locust,76.0
You Learn,Alanis Morissette,240.0
Unrecorded,M83,252.0
White Cluster,Opeth,605.0
Dance With the Shadow,Riverside,699.0
Open Scars,Kataklysm,247.0
Revolver,Rage Against the Machine,329.0
Game of Diamonds,Deerhunter,195.0
Collect Call,Metric,286.0
Sin Deep My Wicked Angel,Cradle of Filth,143.0
Today Is A Good Day,Anna Ternheim,213.0
Ol' Bunkhouse,Cujo,355.0
Anglia,Laibach,216.0
Well Paid Scientist,Dead Kennedys,142.0
LFO (Leeds Warehouse mix),LFO,208.0
Nothing To Do With You,The Pigeon Detectives,109.0
The First Single,The Format,267.0
Wax and Wane,Deftones,249.0
Tales From The Pigs,Teenage Bad Girl,232.0
I Don't Like Mondays,The Boomtown Rats,259.0
Wounded Knee,Primus,146.0
Basement,Puddle of Mudd,261.0
Memories Fade,Tears for Fears,304.0
There's A Fire,OK Go,231.0
When Distance Is The Closest Reminder,36 Crazyfists,228.0
Necessary Death,Insect Warfare,52.0
Rollerblades,Eliza Doolittle,184.0
Iridium,Dark Tranquillity,403.0
Technophobia,Progression,440.0
Stealth Mass In F#M,Apollo 440,396.0
The Piano in the Bathtub,Department of Eagles,263.0
Writing To Reach You,Travis,221.0
Microsize Boy,Tweaker,193.0
(We All Have To) Burn Something,Big D And The Kids Table,198.0
Implore The Darken Sky,Heaven Shall Burn,308.0
Bassment Party,The Cool Kids,207.0
Snake Dance,The March Violets,247.0
"I, The Swan",The Sound of Animals Fighting,254.0
Terrible! How Terrible For The Great City!,As Cities Burn,180.0
In The Empyreans,Arsonists Get All The Girls,243.0
One Day Remains,Alter Bridge,245.0
Sakrileg,sToa,177.0
Up So Close,Cake,194.0
Houses On The Hill,Whiskeytown,223.0
You and Me and One Spotlight,Yellowcard,238.0
Step Down,Sick of It All,208.0
Coastal Brake,Tycho,334.0
We Got More,Eskmo,250.0
Forever Failure,Paradise Lost,258.0
The Winterway,Borknagar,472.0
Translator,Tim Armstrong,254.0
Room 208,The Future Sound of London,373.0
All the Same,Orgy,246.0
Kylän päässä,Moonsorrow,458.0
Slob,Weezer,189.0
Swans and the Swimming,Iron & Wine,205.0
Shadow Of Grief,The Greenhornes,140.0
Up To No Good,Rancid,160.0
Exit Music (For A Film),Christopher O'Riley,266.0
Headbanger Face Rip,Municipal Waste,112.0
Creature,Atreyu,179.0
The Quiz,Hello Saferide,136.0
Nom De Plume,Calexico,199.0
Heads or Tails? Real or Not,Emarosa,301.0
En vän med en bil,Håkan Hellström,221.0
Madre Deus,In Extremo,208.0
All Is Love,Karen O and the Kids,168.0
Plastic Plan,CKY,234.0
Title,Meghan Trainor,175.0
On the Grind,P.O.D.,263.0
If You Leave Me Now,Chicago,233.0
From the Flagstones,Cocteau Twins,220.0
Suffocating Sight,Trivium,228.0
Jeff's Blues,The Yardbirds,190.0
Drive There Now,The Almost,191.0
...But Nothing Is Lost,Shpongle,279.0
Board Up the House,Baroness,273.0
Computer Eyes,Ayreon,437.0
Jimmy Squirrel and Co.,Alexandre Desplat,46.0
Sabu Yerkoy,Ali Farka Touré,249.0
Clear Island,Liars,159.0
You Are Never Alone,Socalled,271.0
Abre los Ojos,Dark Sanctuary,281.0
When She Cries,Andy McKee,223.0
Pax Deorum,Enya,300.0
Stir,múm,161.0
Selig,Helium Vola,497.0
Motorhead,Motörhead,190.0
Let Me Be Your Valentine,Scooter,343.0
Antwerpen,Enter Shikari,195.0
Moog Dub,2562,278.0
Humanaut,Mnemic,113.0
Black Bear,Whitechapel,189.0
Energy of Death,Apostle of Hustle,215.0
Applebite,Soundgarden,310.0
Edith and the Kingpin,Joni Mitchell,216.0
Soap Star Joe,Liz Phair,164.0
Turtle trouble,Para One,269.0
Loucura,Mariza,209.0
Let's Get It Started,Black Eyed Peas,219.0
Humanaut,Mnemic,113.0
Bedroom Talk,The Starting Line,243.0
Empty Glass,Defeater,206.0
Black Man's Cry,Fela Kuti,695.0
Jonz In My Bonz,D'Angelo,356.0
Naked Among Wolves,Heaven Shall Burn,258.0
Bad Luck Blue Eyes Goodbye,The Black Crowes,388.0
Dark Intentions,The Haunted,87.0
Blah Blah Blah,Ke$ha,172.0
Fok,Ólafur Arnalds,269.0
Get It Faster,Jimmy Eat World,262.0
Game Show,Mad Caddies,200.0
You're So Gangsta,Chromeo,242.0
A Little Piece,The Jezabels,256.0
Trading Places,Usher,269.0
Rue St. Vincent,Yves Montand,202.0
Get Confused,Fischerspooner,251.0
Doctors And Dealers,Dirty Pretty Things,197.0
Cascada,Jesse Cook,190.0
I Wish I Was Queer So I Could Get Chicks,Bloodhound Gang,229.0
Eating the Cannibals,Heaven & Hell,215.0
You're Gonna Make Me Lonesome When You Go,Madeleine Peyroux,207.0
Baby Elephant Walk,Henry Mancini,163.0
Act Of Contrition,Shadows Fall,221.0
Birthday Boy,The Residents,162.0
Svarte Vidder,Enslaved,523.0
Sweet Brother Malcolm,Richard Ashcroft,291.0
Things Will Never Be the Same Again,jj,214.0
Parachute,Sean Lennon,202.0
Soldier's Daughter,Tonic,303.0
The Stillborn One,Necrophagist,264.0
Loquasto International Film Festival,Mark Mothersbaugh,280.0
Grad,Baroness,355.0
Blackdown,Patrick Wolf,321.0
Start To Melt,Peter Bjorn and John,136.0
Cutting Branches For A Temporary Shelter,Penguin Cafe Orchestra,188.0
Burned Out,The Field,453.0
Cyco Vision,Suicidal Tendencies,109.0
Bukkake Tsunami,Cattle Decapitation,273.0
Embrace The Martian,Crookers,221.0
The Fourth Drink Instinct,Cute Is What We Aim For,250.0
Diving Horses,Death in Vegas,311.0
Tales,Wolfmother,218.0
My Beautiful Leah,PJ Harvey,120.0
Carousels,Beirut,263.0
Andvari,Sigur Rós,396.0
Arjeplog,Hello Saferide,265.0
You Know What You Are,Ministry,285.0
Satellite Type 2,Commix,339.0
P.S.,Amatory,299.0
Ego Bypass Generator,Sybreed,296.0
Poisonous Friend,Seabound,303.0
I Feel Love,Donna Summer,224.0
Portland,Drake,237.0
Loose Translation,The New Pornographers,180.0
Sun in an Empty Room,The Weakerthans,235.0
Rithill aill,Karen Matheson,222.0
Long Hard Road,Sade,181.0
Teargas,Katatonia,203.0
Here Come The Blues,Nick Drake,233.0
Everybody I Love You,"Crosby, Stills, Nash & Young",142.0
Sans Soleil,Miike Snow,266.0
Omen Reprise,The Prodigy,134.0
Don't Get Cute,Kurt Vile,182.0
Surfer Calavera,Los Fabulosos Cadillacs,184.0
It Covers The Hillsides,Midlake,192.0
Brand New You're Retro,Tricky,174.0
Patio Song,Gorky's Zygotic Mynci,163.0
Like It Too Much,Kaiser Chiefs,202.0
Hard Latin,Kenyon Hopkins,132.0
Saxon,Chase & Status,338.0
Indictment,All That Remains,258.0
Forces At Work,The Feelies,426.0
She's My Pusher,The Crystal Method,341.0
Theme De Yoyo,The Cinematic Orchestra,140.0
Cascada,Jesse Cook,190.0
Westbound & Down,Of Mice & Men,218.0
In the Mausoleum,Beirut,193.0
The Inertia,Aborted,215.0
XXX's And OOO's (An American Girl),Trisha Yearwood,168.0
Mutations,Salt The Wound,151.0
Punisher,Veil of Maya,152.0
Don't Fake This,Chevelle,219.0
Wurzelbert,Equilibrium,299.0
Heart and Crossbones,Pig Destroyer,49.0
Love And Hate,T.Love,162.0
In Due Time,Killswitch Engage,198.0
Grandmother With AIDS,Agoraphobic Nosebleed,50.0
Siraxta,Eluveitie,339.0
Smile Upon Me,Passion Pit,350.0
Guess Who's Back,Rakim,251.0
Rockers East Vancouver,Japandroids,270.0
Sheltered Reminiscence,Despised Icon,217.0
"Cry, Cry",Mazzy Star,238.0
Trying To Stop Your Leaving,Dierks Bentley,223.0
Sign,Flow,236.0
Being Bad Feels Pretty Good,"Does It Offend You, Yeah?",246.0
You Can Make Me Feel Bad,Arthur Russell,89.0
Scary Eyes,Avantasia,212.0
South Australia,The Pogues,210.0
Sweetheart Come,Nick Cave & The Bad Seeds,298.0
Massive Aggressive,Municipal Waste,102.0
...Meets His Maker,DJ Shadow,179.0
White Lines,Grandmaster Flash,465.0
Trilobite,Mastodon,389.0
Barakah,Orphaned Land,253.0
Movin' Out (Anthony's Song),Billy Joel,209.0
Sonar and Depth Charge,Earth,434.0
Ending Credits,Opeth,263.0
Skip To The End,The Futureheads,175.0
Tessie,Dropkick Murphys,330.0
Cut Down,Control Denied,291.0
Crockett's Theme,Jan Hammer,204.0
Scatology Domine (Intro),Cattle Decapitation,62.0
Electric Bear,The Notwist,268.0
Saeed,Infected Mushroom,424.0
Orgelblut,Bohren & der Club of Gore,373.0
Jak Aniola Glos,Feel,207.0
See You In The Next One (Have A Good Time),The Verve,187.0
Destroyed,Hypocrisy,245.0
Drawerings,Dinosaur Jr.,291.0
The Admirals Game,The Mount Fuji Doomjazz Corporation,434.0
The Longest Year,Katatonia,280.0
Way Away,Yellowcard,201.0
Head Up High,Black Rebel Motorcycle Club,336.0
Gotta Broken Heart Again,Prince,136.0
Kick In The Teeth,Papa Roach,193.0
Steppin' Out,Joe Jackson,253.0
María José,Federico Aubele,188.0
2084,Ayreon,462.0
Young Hearts Spark Fire,Japandroids,303.0
Protect Me You,Sonic Youth,328.0
The Building,Looptroop Rockers,213.0
Chase This Light,Jimmy Eat World,207.0
Perverse Party,Amduscia,306.0
Breathe And Stop,Q-Tip,244.0
Aluga-se-vende,Móveis Coloniais de Acaju,351.0
The Dirty Glass,Dropkick Murphys,234.0
Psyklon Aeon,Zyklon,206.0
Keechie,No Age,209.0
Newark Wilder,Pavement,234.0
Come Into Our Room,Clinic,224.0
Thigh High Nylons,Mustard Plug,203.0
Carresses,M83,391.0
Khaki Suit,Damian Marley,143.0
Dime,Cake,217.0
Artificial Sun Projection,Scar Symmetry,240.0
The Concubine,Beirut,208.0
Hearts a Mess,Gotye,366.0
You Always Hurt The One You Love,The Mills Brothers,192.0
Disko Partizani,Shantel,296.0
Metallic Division,Fear Factory,90.0
Insane Asylum,Diamanda Galás,431.0
In Those Jeans,Ginuwine,243.0
Straight To Hell,Rage,354.0
See Water,Beck,142.0
One Slowdance,Rufio,255.0
The Ha Ha Wall,The Libertines,150.0
I Drink,Mary Gauthier,225.0
Sleeping In,The Postal Service,261.0
I Don't Sleep Well,Hello Saferide,162.0
Falling From the Sun,The Album Leaf,297.0
Mendoza,Mustard Plug,169.0
Know Your Rights,The Clash,219.0
Sweet Girl,Ringo Deathstarr,216.0
Just So You Know,Jesse McCartney,234.0
Route 23,Mono Input,317.0
Song to Hall Up High,Bathory,153.0
It Ends Tonight,The All-American Rejects,245.0
History Repeats,We Are Scientists,237.0
Lydia,Paradise Lost,212.0
One Headlight,The Wallflowers,313.0
12,The 1975,80.0
Ballad of a Comeback Kid,The New Pornographers,231.0
Rosemary,Deftones,413.0
Innocence Died Screaming,Carnifex,165.0
Suomi Finland,Jaga Jazzist,449.0
The Lines,Beartooth,227.0
Make You Crazy,Brett Dennen,215.0
Mountains,Biffy Clyro,203.0
Lovely Allen,Holy Fuck,273.0
Forest Whitiker,Brother Ali,167.0
Excuse Me While I Break My Own Heart Tonight,Whiskeytown,163.0
Day Two: Isolation,Ayreon,523.0
Sleeping Lessons,The Shins,238.0
Ddiamondd,Battles,154.0
Drown Into Eternal Twilight,Xasthur,180.0
Zimbabwe,Bob Marley & The Wailers,228.0
Chubrub,Ed Rush & Optical,418.0
100 Years,Dr. Dog,246.0
Ribbon On a Branch,Younger Brother,469.0
Lord Give Me a Sign,DMX,209.0
Surface Tension,Penguin Cafe Orchestra,143.0
Bright Lights,Gary Clark Jr.,325.0
Try a Little Tenderness,Michael Bublé,246.0
It's a Miracle,Culture Club,204.0
All of Us,Zero 7,380.0
Two Heads,Jefferson Airplane,193.0
These Filthy Hands,Mushroomhead,323.0
Eyes Wide Open,Gotye,191.0
Sweep,Faithless,243.0
Ticklish,At the Drive-In,275.0
The Move,Beastie Boys,216.0
Doll,Foo Fighters,84.0
Sexy Bitch,David Guetta,194.0
Strong Will Continue,"Nas & Damian ""Jr. Gong"" Marley",361.0
Mount Wroclai (Idle Days),Beirut,196.0
The Nurse Who Loved Me,A Perfect Circle,245.0
Beast Of Honor,Auf Der Maur,207.0
Erase/Replace,Foo Fighters,253.0
Indictment,All That Remains,258.0
Shallow Water Blackout,Every Time I Die,175.0
A Fortune In Lies,Dream Theater,311.0
Sea Of Lies,Symphony X,259.0
Tree Hugger,Antsy Pants,194.0
Better Open The Door,Motion City Soundtrack,181.0
Unravel,Björk,218.0
Resurrection Of The Rotten,Six Feet Under,175.0
Pink Love,Blonde Redhead,373.0
Nursery Rhyme / Breather,UNKLE,285.0
What Dwells Within,Bolt Thrower,258.0
Strong Will Continue,"Nas & Damian ""Jr. Gong"" Marley",361.0
Self Employed Chemist,Norma Jean,193.0
Ink My Whole Body,Wiz Khalifa,156.0
Morphine & Chocolate,4 Non Blondes,284.0
O Tempo Não Pára,Cazuza,280.0
Sucker Train Blues,Velvet Revolver,268.0
Secret For A Song,Mercury Rev,240.0
Early Birdie,Owl City,256.0
Prozac vs. Heroin,The Brian Jonestown Massacre,234.0
Kublai Khan,Cusco,265.0
Scavenger of Human Sorrow,Death,417.0
Trash Flavored Trash,The Blood Brothers,158.0
Undefeated,Incubus,236.0
Birth Of The Three (the Unification),Orphaned Land,418.0
London Dungeon,Misfits,154.0
Aluga-se-vende,Móveis Coloniais de Acaju,351.0
Strange Friends,Pati Yang,223.0
13 Fingers,Acid Bath,250.0
Si Volvieras A Mi,Josh Groban,258.0
Source of Light,Arcana,145.0
Beep it,Cornelius,243.0
Edge of the Ocean,Ivy,266.0
Bear Hug,The 2 Bears,246.0
We Are The People (Shazam Remix),Empire of the Sun,344.0
The Impossible,Joe Nichols,244.0
Seaweed,Skalpel,151.0
Where You Are,Deine Lakaien,251.0
Angel Of Mercy,HammerFall,340.0
Waiting For A Dream,Rufus Wainwright,254.0
Horus The Chorus,Infected Mushroom,460.0
My Hands,Leona Lewis,253.0
Children Talking,AFX,322.0
Bathroom Girl,Air,146.0
Our Love Is Easy,Melody Gardot,329.0
Visitations,Laroque,431.0
A Girls Oath,Eluveitie,78.0
Breakthru,Queen,248.0
One Night Stand,The Pipettes,103.0
Say It Like You Mean It,Matchbook Romance,262.0
The Fires...,Primordial,323.0
Sex Born Poison,Air,379.0
Nobody Home,Pink Floyd,203.0
Skools Out...,Ladytron,248.0
Clad in Shadows,In Flames,174.0
All My Tears,Emmylou Harris,222.0
High on the Heels,The Whitest Boy Alive,200.0
La Cadena De Oro,Cabas,226.0
Over the Mountain,Ozzy Osbourne,272.0
Boga,Amiina,551.0
Maybe Not,Cat Power,256.0
Razorbliss,Flowing Tears,198.0
I Capture Castles,And So I Watch You From Afar,438.0
Dying Chant,Insomnium,254.0
Cheri Cheri Lady,Modern Talking,226.0
Paper Lace,Sunset Rubdown,228.0
Picture This,Blondie,176.0
Instant Street,dEUS,373.0
You Keep Me From Breaking Apart,Apoptygma Berzerk,210.0
Pursuit Lets Wisdom Ride the Wind,A Skylit Drive,201.0
Chump Change,The New Pornographers,259.0
Double Barrel,Dave & Ansel Collins,149.0
Alice Said,Screaming Trees,252.0
Gibber,Mortiis,259.0
Paralyzer,Finger Eleven,208.0
Oh Messy Life,Cap'n Jazz,123.0
Suomi Finland,Jaga Jazzist,449.0
Ear to Ear,Whitechapel,211.0
Cover the Roots / Lower the Stems,Moving Mountains,307.0
City Noise,Scarling.,194.0
So Damn Clever,Plain White T's,183.0
Two Shoes,The Cat Empire,313.0
Nemo Egg (Main Title),Thomas Newman,77.0
Radios in Heaven,Plain White T's,324.0
Opus 23,Dustin O'Halloran,188.0
Brahminy Kite,Caribou,322.0
A Subtle Dagger,Thrice,108.0
In the Key of Blue,Quantic,413.0
Glass Walls of Limbo (dance mix),Type O Negative,404.0
Honeymoon Child,Emilíana Torrini,189.0
Praying Hands,Devo,168.0
Sullivan's Social Slub,The Fiery Furnaces,392.0
Harakiri,Serj Tankian,259.0
Malambo No. 1,Yma Sumac,177.0
New York (Ya Out There),Rakim,244.0
Kid Klimax,Atlas Sound,180.0
Planet Of Women,ZZ Top,245.0
The Master's Call,Marty Robbins,190.0
Bizarro Bike,Lightning Bolt,319.0
Twentysomething,Jamie Cullum,220.0
Destination Unknown,The Smashing Pumpkins,255.0
First Dance,Justin Bieber,222.0
Hacksaw Decapitation,Cannibal Corpse,252.0
Holiday From Real,Jack's Mannequin,179.0
Female Cop,Thurston Moore,324.0
Livin' In A Ram's Head,Pentagram,157.0
In the End,Linkin Park,217.0
True Adventures,British Sea Power,473.0
Your Mistake,A Skylit Drive,228.0
Never Ever Land,Infected Mushroom,467.0
Boom Boom Boom,K.I.Z.,249.0
Skools Out...,Ladytron,248.0
Come With Us,The Chemical Brothers,301.0
I'm Sick,Pissed Jeans,143.0
Weird Era,Deerhunter,160.0
Sick-O-Me,Descendents,106.0
My Dad Sucks,Descendents,37.0
Pitter-Pat,Erin McCarley,260.0
Outnumbered,The Devil Wears Prada,265.0
Dominoes,Syd Barrett,243.0
Odio,Ufomammut,501.0
Hill Farmer's Blues,Mark Knopfler,224.0
Finish Line,Fanfarlo,220.0
Every Night My Teeth Are Falling Out,The Antlers,204.0
Mantaray,Buckethead,251.0
Die Schlacht,Subway to Sally,242.0
Lesson No. 2,Glenn Branca,295.0
Brown Noise,The Acacia Strain,191.0
Pferd,Pole,249.0
When the Last Grave Has Emptied,The Black Dahlia Murder,191.0
Stolen Car,Beth Orton,326.0
Ribbon On a Branch,Younger Brother,469.0
Unholy Blasphemies,Morbid Angel,240.0
Momentum,VNV Nation,376.0
Promise Less or Do More,The Whitest Boy Alive,258.0
Eternity Is...,De-Phazz,201.0
Need Ur Lovin',Zomby,144.0
Desert of Song,Between the Buried and Me,333.0
Petrol & Chlorine,Silverchair,239.0
Try Honesty,Billy Talent,256.0
Babooshka,Kate Bush,210.0
All Around You (Intro),The Brian Jonestown Massacre,336.0
Have to Explode,The Mountain Goats,202.0
The Honesty of Constant Human Error,Sixtoo,273.0
Combat for the Angel,Secret Chiefs 3,363.0
How You Remind Me,Nickelback,224.0
Looking For Love,September,205.0
Too Many Words,Sick Puppies,201.0
Hello Morning,Lightning Bolt,56.0
"I'm Jim Morrison, I'm Dead",Mogwai,362.0
Play For Blood,Megadeth,229.0
Sworn to the Dark,Watain,303.0
What Happens Next,Filthy Dukes,225.0
Brave,Sara Bareilles,219.0
Non Mettere Le Mani In Tasca,Caparezza,273.0
I Hate People,Nasum,97.0
Wind,Brian Crain,266.0
Yeah Yeah Yeah La La La,Calvin Harris,197.0
If Rap Gets Jealous,K'naan,258.0
Top Expert,Cat Power,198.0
Don't Stop Dancing,Creed,271.0
In the Mausoleum,Beirut,193.0
Wind Below,Rage Against the Machine,350.0
Asa,Russian Circles,240.0
Retina,Despised Icon,239.0
Mondegreen,Yeasayer,278.0
Digits,Young Thug,176.0
Chapter VII,Estatic Fear,292.0
The Damned,Eternal Lord,223.0
Transparence,Asobi Seksu,229.0
Do I Disappoint You,Rufus Wainwright,280.0
Dopeman,Less Than Jake,126.0
All Your Lies,Soundgarden,232.0
Feel That Fire,Dierks Bentley,202.0
Androgynous Mind,Sonic Youth,210.0
Bring Em Back Alive,Audioslave,329.0
Sticky Situation,Danko Jones,156.0
Chaos Breed,Entombed,293.0
Dying Breed,Five Finger Death Punch,175.0
Claustrophobic Sting,The Prodigy,432.0
Enemy of God,Kreator,366.0
The Wrong Company,Flogging Molly,37.0
This Ruined Puzzle,Dashboard Confessional,172.0
Gloomy Planets,The Notwist,290.0
Shadow Of A Man,Bedouin Soundclash,303.0
Black River Killer,Blitzen Trapper,208.0
It's Today,Dope Stars Inc.,207.0
"Neither of Us, Uncertainly",Deerhunter,325.0
TV Star,Butthole Surfers,187.0
Lord Anthony,Belle and Sebastian,255.0
Reversing,Four Tet,160.0
Hungry,Sepultura,269.0
Let's Get Lifted Again,John Legend,137.0
Raise Your God,Suicide Commando,247.0
Glowing,The Script,287.0
More of Fire Than Blood,Anaal Nathrakh,206.0
The Heart Remains a Child,Everything But the Girl,230.0
Breathe You In,Samantha James,319.0
007 (Shanty Town),Desmond Dekker,149.0
Rock n Roll Nigger,Patti Smith,204.0
All Around,Ceo,200.0
Ain't Got Nothin',Oasis,135.0
Cat People Dub,Waldeck,273.0
Earthquake Weather,Beck,266.0
Right You Are,Napalm Death,53.0
Carbon Monoxide,Cake,190.0
73-Yips,Aphex Twin,259.0
The Space They Can't Touch,Less Than Jake,174.0
Blues for Uncle Gibb,Broken Social Scene,419.0
While My Guitar Gently Weeps,The Beatles,227.0
Wasted Time,Kings of Leon,166.0
All Your Lies,Soundgarden,232.0
Truth of Tomorrow,Machinae Supremacy,276.0
Song to Hall Up High,Bathory,153.0
Back It Up,Caro Emerald,234.0
You Could Make A Killing,Aimee Mann,222.0
The Back Harlow Road,36 Crazyfists,253.0
One More Empty Chair,Blood Red Shoes,263.0
The Darkest Places,MxPx,155.0
Bring It (Snakes On A Plane),Cobra Starship,195.0
V.c. (gloria Domini),Moonspell,299.0
Blow Me Away,Breaking Benjamin,205.0
Ageispolis,Aphex Twin,323.0
The Odyssey,Orgy,177.0
Tune Down,Chris Joss,281.0
Eu Me Amo,Ultraje A Rigor,214.0
Sleazy Bed Track,The Bluetones,276.0
Alive in 85,Broken Social Scene,315.0
The Devil Rides Out,Reverend Bizarre,371.0
Mayhem,Sepultura,198.0
Neverending Nights,Elvenking,419.0
Karibien,Air France,195.0
Divebomb,The Whip,340.0
Dance Macabre,Ghost,220.0
"Out Of Sight, Out Of Mind",Anthrax,314.0
When You Say Nothing At All,Alison Krauss,261.0
Golden Avatar,Kula Shaker,272.0
Know Your Onion!,The Shins,149.0
An Interlude,The Decemberists,100.0
"O.K., This Is The Pops",Tones on Tail,183.0
Under The Influence,The Chemical Brothers,256.0
"Black, Red, Yellow",Pearl Jam,176.0
Mr McGee,Zero 7,259.0
...And The World Laughs With You ft. Thom Yorke,Flying Lotus,175.0
Warm Leatherette,The Normal,204.0
New York City Boy,Pet Shop Boys,392.0
Future Breed Machine,Meshuggah,348.0
Carmensita,Devendra Banhart,287.0
(Do)Minion,Eluveitie,308.0
November Has Come,Gorillaz,165.0
Made by Maid,Laura Marling,172.0
Kitu,Deepak Ram,407.0
Ezio's Family,Jesper Kyd,238.0
Seein' Red,Unwritten Law,228.0
"Surf Solar (7"" Edit)",Fuck Buttons,222.0
Trespassing The Shores Of Your World,Heaven Shall Burn,318.0
Lost in Sound,Alex Smoke,328.0
The Longest Year,Katatonia,280.0
Don't Wanna Know Why,Whiskeytown,236.0
Attractive Today,Motion City Soundtrack,102.0
Guajira,Santana,343.0
Japanese Electronics,Commix,365.0
Sweet Adeline,Elliott Smith,196.0
The Funeral Party,The Cure,255.0
Last Thing,Orbital,312.0
When We Get By,D'Angelo,345.0
Devil On My Shoulder,Billy Talent,230.0
Covert,Lush,214.0
Animals,Nickelback,187.0
You Take the Devil Out of Me,Crippled Black Phoenix,264.0
Tom Waits,The Fall of Troy,183.0
Time To Say Goodbye,Katherine Jenkins,227.0
Buck Rogers,Feeder,193.0
SMS,Ночные Снайперы,255.0
Genesis,Justice,440.0
Mince Meat,DANGERDOOM,153.0
Calling All Angels,Lenny Kravitz,312.0
Just Be,Tiësto,520.0
Sleep Walk,Joe Satriani,163.0
The Foul Nucleus Of Resurrection,Aborted,253.0
Smooth,Santana,243.0
Tattoo'd Lady,Rory Gallagher,410.0
Set Apart This Dream,Flyleaf,195.0
I Am Not a Robot,Marina & the Diamonds,213.0
Emotional Man,Xandria,243.0
Gotta Tell You,Samantha Mumba,200.0
Smells Like Nirvana,"""Weird Al"" Yankovic",222.0
Weenie Beenie,Foo Fighters,165.0
The Fallen...,Set Your Goals,204.0
Bloody Well Right,Supertramp,272.0
Mechanize,Fear Factory,281.0
Livin' on a Chain Gang,Skid Row,238.0
I'm Not Scared,Ladytron,238.0
Drippy Eye,Black Moth Super Rainbow,193.0
Caves,Nosaj Thing,228.0
A Man Alone,Finch,256.0
Only Happy When It Rains,Garbage,226.0
Temper Temper,Bullet for My Valentine,189.0
Welcome to Savannah,Breathe Carolina,216.0
Ain't That a Bitch,Aerosmith,325.0
Cataracts,Andrew Bird,192.0
Public Image,Public Image Ltd.,182.0
Boots On,Randy Houser,171.0
Jazz (We've Got),A Tribe Called Quest,250.0
No Turn Un-Stoned,Shpongle,482.0
Talk Talk Talk Talk,Love Is All,169.0
Kipumylly,Korpiklaani,233.0
Take You Away,Angus & Julia Stone,229.0
El Príncipe de la Dulce Pena,Mägo de Oz,95.0
Blue Clouds,Modeselektor,362.0
Space Station Kru,Cyantific,317.0
Dirty And Left Out,The Almost,222.0
If It's Alright,Lindsay Lohan,246.0
Sole Survivor,Asia,352.0
Out Of The Crowd,Less Than Jake,151.0
"Get Up, Stand Up",Bob Marley & The Wailers,284.0
Anything New,Digitalism,299.0
Infinite Love Song,Maximilian Hecker,286.0
Dischoe,Those Dancing Days,117.0
Your Guts (I Hate 'Em),Reel Big Fish,127.0
Northern November,36 Crazyfists,302.0
"Save The Castle, Screw The Princess",Arsonists Get All The Girls,312.0
It Happens,Sugarland,182.0
Praying Hands,Devo,168.0
Shoulda Known,Atmosphere,187.0
Bodhisattva Vow,Beastie Boys,188.0
Superheroes of BMX,Mogwai,486.0
Fluorescent Adolescent,Arctic Monkeys,178.0
Bad Time,The Jayhawks,207.0
Grey Skies Turn Blue,MxPx,184.0
Gray Death,Xiu Xiu,176.0
Just Missed the Train,Kelly Clarkson,251.0
Ewan,The Radio Dept.,144.0
Let's Make Out,"Does It Offend You, Yeah?",242.0
Margaret in Captivity,The Decemberists,188.0
"The Company, The Comfort, The Grave",The Chariot,146.0
Promoter (Of Earthbound Causes),Clutch,194.0
Like a Cat,The Number Twelve Looks Like You,211.0
Bullet Proof Soul,Sade,325.0
Leaves,The Gathering,341.0
A Certain Romance,Arctic Monkeys,331.0
Army Dreamers,Kate Bush,174.0
Call Me When You Get This,Corinne Bailey Rae,305.0
Heru Ra Ha: Let There Be Might,Behemoth,183.0
Victim Support,Distance,308.0
Reliance,Flaw,205.0
"Yesterday, Today, Tomorrow",Black Label Society,223.0
Open Wounds,Skillet,195.0
Here Come The Rome Plows,Drive Like Jehu,343.0
Simple Love,Alison Krauss,283.0
This S*it Will Fcuk You Up,Combichrist,286.0
Give And Take,Comeback Kid,100.0
Senza,Camille,149.0
Sound the Alarm,A Day to Remember,109.0
Remember the Future (High Contrast Remix),London Elektricity,355.0
Grüne Brille,Dynamite Deluxe,227.0
Gone With The Wind,Architects,226.0
Lifesaver,Guru,253.0
Headsfull,Amy Millan,112.0
Silver Bullets,Ryan Adams & The Cardinals,176.0
Snake Eyes,The Alan Parsons Project,198.0
Truman Sleeps,Philip Glass,112.0
Liebe ist für alle da,Rammstein,205.0
Enemy Fire,Ryan Adams,249.0
Scatterheart,Björk,398.0
You and Me in Time,Broadcast,84.0
Cyan,Kindness,273.0
Swarm!,Torture Killer,170.0
There You Go,Johnny Cash,142.0
A Cauldron Of Hate,Cannibal Corpse,299.0
Over My Shoulder,Mike & The Mechanics,215.0
You Must Follow (Evol Intent VIP),Stratus,339.0
Talkin',Van She,213.0
Final Cry,Flaw,247.0
No Fit State,Hot Chip,338.0
Deuces Are Wild,Aerosmith,213.0
Dance the Dance,Jazzanova,503.0
The Finish Line,Snow Patrol,209.0
Playing The Part,Comeback Kid,101.0
Murder Tonight,DJ Hazard,386.0
There Is No Business to Be Done on a Dead Planet,All Shall Perish,184.0
Perfect Fit,AFI,119.0
Learn To Live,Architects,241.0
Bambi,Tokyo Police Club,166.0
Dark Messages,Air,148.0
Trash Flavored Trash,The Blood Brothers,158.0
The Dead Can't Testify,Billy Talent,269.0
Noir désir,Vive La Fête,356.0
Old Number Seven,The Devil Makes Three,225.0
Night Bird Flying,Jimi Hendrix,231.0
Poor Twisted Me,Metallica,240.0
Hoods On Peregrine,Thrice,212.0
Awaken the Dreamers,All Shall Perish,278.0
Chickamauga,Uncle Tupelo,223.0
Everything You Do Is a Balloon,Boards of Canada,424.0
Days Go By (Acoustic),Dirty Vegas,214.0
Lifesaver,Guru,253.0
From Memory,Mistabishi,345.0
Love Comes Quickly,Pet Shop Boys,259.0
Walk Among Us,Misfits,83.0
"I Am Free, Today I Perished",Crippled Black Phoenix,366.0
Got Some,Pearl Jam,177.0
Spanish Metal,Kaiser Chiefs,139.0
Summer '79,The Ataris,238.0
Slide Through My Fingers,Tame Impala,201.0
Young Modern Station,Silverchair,191.0
Hang On In There Baby,Johnny Bristol,233.0
Give a Man a Rod,James Blake,276.0
Fever Fever,Melody Club,219.0
Thursday,Asobi Seksu,264.0
Warto to przetrwać,Jamal,190.0
Science Center,Emeralds,280.0
Beyond the Pale,Exodus,460.0
Electric Feel,MGMT,229.0
When You Say Nothing At All,Alison Krauss,261.0
The Shot Heard 'Round The World,Boys Like Girls,209.0
Richard Hung Himself,Slayer,202.0
The Way I Feel Inside,The Zombies,112.0
Back In Time,Au Revoir Simone,319.0
Slipped Disc,Luke Vibert,334.0
Hallelujah Chorus,Georg Friedrich Händel,257.0
Garden State,Senses Fail,219.0
Dans le club,TTC,237.0
The Airway,Owl City,204.0
Bones of Man,Chad VanGaalen,179.0
15 Step,Radiohead,237.0
Planet Gear,Squarepusher,242.0
Start a Band,And So I Watch You From Afar,294.0
What Is It About Men,Amy Winehouse,210.0
Possibly Maybe,Björk,307.0
Wet Hair,Japandroids,192.0
Leftovers,No Doubt,269.0
Crucifixion [re-recorded Version],Hellhammer,166.0
Alpha and Omega,Boards of Canada,423.0
Crayon,Caribou,160.0
Ralph Wiggum,Bloodhound Gang,173.0
Music is Music as Devices are Kisses is Everything,65daysofstatic,321.0
Snails,The Format,247.0
Pigeon,Aemen,286.0
Ho Ho Hopefully,The Maine,219.0
"Our Retired Explorer (Dines With Michel Foucault in Paris, 1961)",The Weakerthans,144.0
From These Wounds,All That Remains,276.0
Deceptively Yours,The Peter Malick Group,259.0
The Itchy Glowbo Blow,Cocteau Twins,199.0
Rebel Yell,Billy Idol,223.0
Malleus Maleficarum,AFI,242.0
Der weinende Hadnur,Burzum,76.0
Everywhen,Massive Attack,458.0
The Fun Machine Took A Shit And Died,Queens of the Stone Age,415.0
The Mending of the Gown,Sunset Rubdown,336.0
Universal Mind,Liquid Tension Experiment,473.0
No Epiphany,Fucked Up,259.0
Deadfall,Benediction,279.0
We Are the Dead,Ulver,221.0
Seaweed Song,Passion Pit,265.0
Dancing Choose,TV on the Radio,165.0
Hello Sunshine,Super Furry Animals,215.0
How I Became Paranoid,Cansei de Ser Sexy,206.0
Sexy Girl,2raumwohnung,286.0
Soul Society,Kamelot,258.0
Don't Stop Dancing,Creed,271.0
Niech...,Habakuk,265.0
Alarm Call,Björk,260.0
Cocotte,Teenage Bad Girl,261.0
Da Draussen,Fettes Brot,286.0
Musical Terrorism Act,Babylon Circus,184.0
Dead To The World,Bullet for My Valentine,316.0
Honey Bunny,Girls,154.0
Those Once Loyal,Bolt Thrower,255.0
Save Up All Your Tears,Cher,240.0
Professor Nutbutter's House Of Treats,Primus,432.0
Planet Of Women,ZZ Top,245.0
The Worst Part Is Waking Up,This Romantic Tragedy,253.0
68 Moves,The Underwolves,222.0
Stay In The Shade,José González,143.0
Small Deaths Are the Saddest,múm,91.0
You're the Good Things,Modest Mouse,214.0
Voodoo Chile Blues,Jimi Hendrix,528.0
Down In The Past,Mando Diao,236.0
Truck Stop Blues,New Found Glory,135.0
Setlon,Eluveitie,157.0
Sugarless,Autolux,322.0
U Started It,Gwen Stefani,188.0
Mrs. Officer,Lil' Wayne,287.0
Helicopter,Bloc Party,220.0
Traces (Light and Weight),Enigma,252.0
Paradox,Hans Zimmer,205.0
The Ballad Of Lucy Jordan,Marianne Faithfull,250.0
Jeff Wears Birkenstocks,NOFX,87.0
Trooper,Boys Noize,341.0
Torch Song,AFI,225.0
Autumn Almanac,The Kinks,191.0
Chuva,Mariza,245.0
A Simple Restriction,God Module,235.0
Call to Arms,Angels & Airwaves,305.0
Dacia Hiperboreană,Negură Bunget,532.0
Only,Nine Inch Nails,263.0
Say Hello 2 Heaven,Temple of the Dog,382.0
This Will Be The Death Of Us,Set Your Goals,190.0
Whistling In Tongues,Felix Laband,472.0
Wings of Blackening,Kalmah,301.0
Empty Words,Death,382.0
Pax Deorum,Enya,300.0
Satan Is Real,Kreator,278.0
Pick Up If You're There,Mercury Rev,185.0
Carve Your Heart Out Yourself,Dashboard Confessional,223.0
An Ocean Between,This Providence,169.0
Castigation and Betrayal,Anaal Nathrakh,242.0
Bare Your Teeth,Ashbury Heights,221.0
GMF,John Grant,314.0
Love Kills,Robyn,267.0
Life Makes No Sense,The Ataris,103.0
Rememo,Kings of Leon,201.0
No. 6 Von Karman Street,A Sunny Day In Glasgow,256.0
Babilon,Jamal,244.0
Invocation,Ihsahn,308.0
Valkyries,Blind Guardian,394.0
The Latest Plague,From First to Last,199.0
Smokin' Japanese Babe,The Future Sound of London,299.0
Walking & Running,Horse Feathers,135.0
Rent a Wreck,Suburban Kids with Biblical Names,174.0
Bill Murray,Gorillaz,232.0
Red On White,Stabbing Westward,320.0
Taiwanese Troft Trouble,Arsonists Get All The Girls,210.0
Dominhate,Elvenking,537.0
Do You Dream Of Me?,Tiamat,307.0
Fata Morgana,EAV,221.0
Over Root and Thorn,Isis,511.0
Immolate Yourself,Telefon Tel Aviv,338.0
Palace Station,Melody Club,196.0
What I See,Black Flag,116.0
Wrong Side,Strapping Young Lad,214.0
Silver Rain Fell,Scorn,457.0
Tsubasa,M83,248.0
"If You Want To Blame Us For Something Wrong, Please Abuse This Song!",War from a Harlots Mouth,82.0
Bedlam Sticks,Diablo Swing Orchestra,209.0
Baby Lee,Teenage Fanclub,264.0
Song For The Broken,Close Your Eyes,250.0
South London Boroughs,Burial,307.0
The Wicked Messenger,Bob Dylan,122.0
Now You've Got Something To Die For,Lamb of God,220.0
Run It!,Chris Brown,193.0
Age Of Loneliness (Enigmatic Club Mix),Enigma,250.0
Love Steals Us From Loneliness,Idlewild,194.0
Here He Comes,Brian Eno,338.0
Call to Arms,Angels & Airwaves,305.0
Sister Siam,The Whip,297.0
The Infanta,The Decemberists,308.0
Candle Song 3,Mojave 3,327.0
Friend of the Devil,Grateful Dead,203.0
Bad Case Of Broken Heart,The Ataris,118.0
The Three Shadows Part 2,Bauhaus,190.0
English Girl,Eagles of Death Metal,158.0
The Tremor,Nightrage,198.0
Olio,The Rapture,221.0
Silver Cruiser,Röyksopp,278.0
Woe,Tom Waits,80.0
Tie My Rope,Children of Bodom,254.0
Lewis (Mistreated),Radiohead,200.0
Don't Make Me Prove It,Veruca Salt,149.0
Dead Womb,Death from Above 1979,126.0
Touch Too Much,Hot Chip,247.0
Ton Invitation,Louise Attaque,160.0
Ugla,Amiina,240.0
Switch On,Paul Oakenfold,246.0
Ride Captain Ride,Blues Image,222.0
The Pizza Song,The Bouncing Souls,223.0
Ptolemy Was Wrong,The Ocean,388.0
Hey Good Lookin',Johnny Cash,102.0
Phenomenon,Thousand Foot Krutch,179.0
Ambrosia,Alesana,185.0
Angels Fall First,Nightwish,331.0
April 5th,Talk Talk,352.0
Price I Pay,Jane's Addiction,327.0
Power Of Satan,Hellhammer,251.0
Here Without You,3 Doors Down,237.0
Freya,The Sword,274.0
Sun Lips,Black Moth Super Rainbow,196.0
Diary of a Dope Fiend,Marilyn Manson,356.0
Take No Prisoners,Megadeth,209.0
Wie tief?,Eisbrecher,264.0
No More No More,Aerosmith,274.0
Mind Terrorist,Public Enemy,81.0
The Woodworm,9 Lazy 9,315.0
This Pain,Kamelot,239.0
Treasonous,Bloodbath,253.0
La chute de l'ange,Dark Sanctuary,520.0
Inner Flight,Primal Scream,302.0
sign,Indios Bravos,163.0
Guardians Of The Forest,Wolfchant,209.0
When I Fall,Barenaked Ladies,244.0
Physical (You're So),Nine Inch Nails,330.0
We Can Dance,Caravan Palace,263.0
Blazing Arrow,Blackalicious,160.0
Same Old Drag,The Apples in Stereo,202.0
In the Waiting Line,Zero 7,270.0
Deep Folk Song,Deep Forest,75.0
The Animal,Disturbed,254.0
True North,Devin Townsend Project,233.0
Underwater World,ATB,251.0
The Modern Leper,Frightened Rabbit,228.0
I Speed At Night,Dio,203.0
Battle Ready,Otep,262.0
Weird Era,Deerhunter,160.0
Kalevala Melody,Ensiferum,108.0
Story Of My Life,Reel Big Fish,250.0
Forever Loving Jah,Bob Marley & The Wailers,242.0
Looking at the Invisible Man,The Dead Weather,162.0
On The Other Side,Vetiver,189.0
Pretty in Pink,The Psychedelic Furs,238.0
Long Forgotten Sons,Rise Against,242.0
Spirit Ditties Of No Tone,Deerhoof,247.0
Pastime Paradise,Stevie Wonder,208.0
You're Gonna Need Someone On Your Side,Morrissey,218.0
Babyfather,Sade,279.0
Suspicious Eyes,The Rakes,228.0
High on the Heels,The Whitest Boy Alive,200.0
Arcarsenal,At the Drive-In,175.0
See Emily Play,Pink Floyd,167.0
From Skin to Liquid,Cannibal Corpse,330.0
Selector,Skindred,143.0
Wonderland Woods,Chris Vrenna,239.0
Keep the Streets Empty for Me,Fever Ray,334.0
Better Days Will Come,Tahiti 80,215.0
Paper Hanger,mewithoutYou,252.0
Brother,Tycho,103.0
By the Dividing Stream,Ensiferum,141.0
You Still Hurt Me,William Fitzsimmons,204.0
Wide Eyes,Local Natives,267.0
Meet Virginia,Train,240.0
Harder Than You Know,Escape the Fate,259.0
Our Composition Book,Wild Nothing,226.0
We Have Reached an Official Verdict: Nobody Gives a Shit,The Locust,83.0
Burn Fetish,Eyedea & Abilities,175.0
Great Escape,Moby,129.0
The Bells Play the Band,Bell Orchestre,80.0
Closer To Love,Mat Kearney,218.0
Don't Stop Movin',S Club 7,233.0
Machine Gun,Portishead,283.0
Tapporauta,Korpiklaani,253.0
Don't Tell And We Won't Ask,Thrice,240.0
Walk Upright,Seeed,215.0
Papa Don't Preach,Madonna,270.0
Early Mourning,Alesana,226.0
On These Endless Fields,Haggard,64.0
Alejandro,Lady Gaga,275.0
Calm Like You,The Last Shadow Puppets,146.0
Czarnuch,T.Love,255.0
Pass the Dutchie,Musical Youth,204.0
Blood Turned To Tears,As I Lay Dying,97.0
Were You Thinking of Me?,Yonderboi,203.0
Nothing With You,Descendents,152.0
Candle,Sonic Youth,299.0
Remnants,Disturbed,164.0
Ten Words,Joe Satriani,209.0
Underneath the Cenotaph,Watain,252.0
Not Leavin' Yet,Nickelback,225.0
Pink Flamingos,High Contrast,319.0
Wretched World,Converge,431.0
Wooo,Vitalic,232.0
My Mind's Eye,Small Faces,175.0
Lustmord,Moonspell,225.0
Halfway Home,TV on the Radio,332.0
The Crown of Sympathy,My Dying Bride,733.0
Krack,Soulwax,326.0
Bags,Clairo,261.0
Dal,Skinny Puppy,286.0
Redefine,Incubus,200.0
Absent Elements,Finger Eleven,241.0
Losers' Ballet,DeadLock,400.0
Hollow Heart,Kalmah,284.0
Queer Fellow,Paul Kalkbrenner,213.0
Buck Rogers,Feeder,193.0
Renovation,Helmet,176.0
Don't Stop Movin',S Club 7,233.0
One Shine,The Roots,340.0
Mothership Connection (Star Child),Parliament,373.0
Wotan,Enslaved,253.0
The Day of Justice,All Shall Perish,212.0
Heart Heart Heartbreak,Boys Like Girls,204.0
"Sleep After Toyle, Port After Stormie Seas",Kammarheit,418.0
Tuyo Siempre,Andrés Calamaro,194.0
In Every Mind,Red Sparowes,186.0
Demon Speeding,Rob Zombie,225.0
One of Beauty's Daughters,My Dying Bride,342.0
Mixtape,Jamie Cullum,298.0
Never Know,Jack Johnson,213.0
Love Can Sing,Pauline London,268.0
Circles,Digitalism,228.0
Self Medication Blues,Eyehategod,286.0
It's All Your Fault,P!nk,232.0
Falling and Laughing,Orange Juice,231.0
Da Funk / Daftendirekt,Daft Punk,397.0
The Cry of Mankind,My Dying Bride,368.0
Fuck U,Archive,312.0
Nobody's Here,Devin Townsend,414.0
Lime Tree,Bright Eyes,354.0
Joe's Head,Kings of Leon,201.0
The Horned Goddess,The Sword,302.0
Falling From the Sun,The Album Leaf,297.0
Double Barrel,Dave & Ansel Collins,149.0
White Riot,The Clash,116.0
Pulled Under at 2000 Metres a Second,Anathema,323.0
Pencil Full of Lead,Paolo Nutini,147.0
In Between,Linkin Park,197.0
Rainstorming,Birdy Nam Nam,133.0
Brave New World,Iron Maiden,379.0
Rock Wit U,Alicia Keys,337.0
Blood Bank,Bon Iver,285.0
Human (Intro),Celtic Frost,41.0
Drukne I Taarer,Panzer AG,414.0
The Sweat Descends,Les Savy Fav,254.0
Let's Do It Together,Blue Six,405.0
Look Outside,Broadcast,234.0
Boot Scootin' Boogie,Brooks & Dunn,198.0
Bubble Life,Squarepusher,174.0
Credit In The Straight World,Young Marble Giants,141.0
Evil Devolution,Ayreon,391.0
Drive By,Train,196.0
To Decompose,Cannibal Corpse,184.0
Champing at the Bit,Every Time I Die,237.0
Felix Partz,Peaches,269.0
Do No Wrong,Thirteen Senses,292.0
A Dying Wish,Anathema,492.0
Cow,Melvins,271.0
Frühling in Paris,Rammstein,285.0
Sing Sang Sung,Air,188.0
Victims of Love,Good Charlotte,225.0
Behind Space '99,In Flames,239.0
Selector,Skindred,143.0
Rough,Soulfly,208.0
Robot Factory,Swell Maps,145.0
Dying Days,Screaming Trees,290.0
Under The Moon,Insane Clown Posse,300.0
(I Don't Know What's Going) On,The Cure,178.0
Wings Of Domain,Soilwork,199.0
Vedy Proshlogo,Arkona,322.0
Living Dead Girl,Rob Zombie,201.0
The Hollow,A Perfect Circle,178.0
Blame It on Bad Luck,Bayside,229.0
The Day The World Stopped,Hocico,311.0
Yawny At the Apocalypse,Andrew Bird,219.0
Fall in a River,Badly Drawn Boy,138.0
Tripled Manic State,CKY,203.0
Computer Age,Sonic Youth,313.0
Ljósið,Ólafur Arnalds,212.0
Long Way From Home,The Heavy,199.0
Breathe Underwater,Placebo,223.0
You Had Me at Hello,A Day to Remember,269.0
A Portable Death Ray And A Sterile Claw Hammer,See You Next Tuesday,100.0
Crystalline,Björk,308.0
Be Like You,Moloko,285.0
Half Past Four,Adam Steffey,156.0
Those Days You Felt Alive,Spitalfield,230.0
Slide In,Goldfrapp,258.0
Hearts Alive,Mastodon,820.0
An Era Of Revolution,Salt The Wound,203.0
Rascuache,At the Drive-In,201.0
Rex Regi Rebellis,Turisas,430.0
Weird Desire,Alice in Videoland,164.0
Gobbledigook,Sigur Rós,187.0
Round Round,Sugababes,235.0
Tire Swing,Kimya Dawson,188.0
Sick Little Games,All Time Low,216.0
Hang Wire,Pixies,121.0
Imaginary Bars,Great Lake Swimmers,143.0
Orphan Girl,Emmylou Harris,195.0
Names Mean Nothing,Carnifex,179.0
Kalawanji,Kromestar,317.0
Time for Heroes,The Libertines,161.0
Romantic Love,DJ Cam,280.0
Heirate mich,Rammstein,377.0
When You Sleep,Cake,238.0
Heartshaped Abyss,Moonspell,248.0
Courtship Dating,Crystal Castles,212.0
Tragedy of Empty Streets,Bleeding Through,178.0
Cella,Distance,335.0
Ash & Debris,Paradise Lost,256.0
Memories (Someone We'll Never Know),Clint Mansell,293.0
Half Time,Amy Winehouse,234.0
Arbeit Macht Frei,The Libertines,74.0
Mammagamma,The Alan Parsons Project,214.0
Your Betrayal,Bullet for My Valentine,291.0
I Look Into Mid Air,Rex the Dog,254.0
Red Socks Pugie,Foals,315.0
Police The Nation,The Planet Smashers,159.0
Webers,Caribou,333.0
The Iconoclast,Scar Symmetry,308.0
Hallways of Always,Ulver,390.0
Black to the Blind,Vader,243.0
Ulcer Breakout,Butthole Surfers,155.0
RV,Faith No More,222.0
Spitting Games,Snow Patrol,227.0
The Pestilence,Kreator,416.0
Skin Trade,Duran Duran,357.0
What We Had,Handsome Furs,237.0
Song Of The Black Swan,Pink Martini,131.0
Cara mia,Måns Zelmerlöw,185.0
East St. Louis Toodle-Oo,Steely Dan,169.0
Kreuzberg,Bloc Party,325.0
Kill the Switch,Circle Takes the Square,573.0
Time Out For Fun,Devo,167.0
In My Time of Need,Opeth,350.0
Perversion 99,Rob Zombie,103.0
Commodore Rock,Ladytron,287.0
Copy Cat,Derrick Morgan,156.0
Three Evils (Embodied In Love And Shadow),Coheed and Cambria,312.0
Hendrix With Ko,Caribou,239.0
Child of Curiosity and the Old Man of Knowledge,Mortiis,333.0
There Is No Mathematics To Love And Loss,Anberlin,192.0
The Grudge,Tool,515.0
Mayday!!!,Flobots,277.0
Suburban Home,Descendents,97.0
Dog And His Master,Marcy Playground,132.0
Cutman,Unearth,192.0
Falls Apart,Thousand Foot Krutch,215.0
Boneless,The Notwist,175.0
Grape Juice City,Ratatat,236.0
Weird Fishes/Arpeggi,Radiohead,317.0
Intestinal Incubation,Necrophagist,252.0
Magic vs. Midas,Sunset Rubdown,359.0
Superpopstar,Waldeck,273.0
The Escapist,The Streets,318.0
Punch Me I Bleed,Children of Bodom,291.0
Lovetones,The Duke Spirit,241.0
So Be It,Anaal Nathrakh,143.0
Future Foe Scenarios,Silversun Pickups,321.0
Babel,Mumford & Sons,209.0
Summer Hair = Forever Young,The Academy Is...,218.0
Woman Left Lonely,Cat Power,248.0
Citizen of the Planet,Alanis Morissette,262.0
Treehouse,I'm from Barcelona,303.0
Badream,Jakalope,204.0
Que Se Bote,Orishas,255.0
Rotted Body Landslide,Cannibal Corpse,204.0
Beside You,Van Morrison,367.0
Cut It Up,The Lawrence Arms,132.0
The Audience Is Listening,Steve Vai,330.0
Subterranean Sunlight,Madrugada,239.0
What's the Deal,Supreme Beings of Leisure,228.0
It Ain't You,Tom McRae,247.0
Sportbeat,Sportfreunde Stiller,164.0
Don't Trust,Kreator,223.0
American Slang,The Gaslight Anthem,221.0
Ain't It Fun,Paramore,297.0
Flavor Of The Weak,American Hi-Fi,189.0
Strange Things Will Happen,The Radio Dept.,268.0
Je T'aime Till My Dying Day,Enigma,259.0
The Sweetest Thing,Camera Obscura,265.0
Premonition (Reprise),Conjure One,186.0
Salomon's Gate,Beherit,220.0
Me And You,Nero,247.0
By the Throat,CHVRCHES,249.0
Say Hello Wave Goodbye,David Gray,538.0
Dead Friends (Around the Corner),Einstürzende Neubauten,299.0
Orient Orange,Squarepusher,655.0
The Melody,Eskmo,261.0
Losing Sleep,John Newman,280.0
Haitian Divorce,Steely Dan,351.0
Boys Wanna Be Her,Peaches,236.0
Modern Mafia,Athlete,165.0
In The Halls Of Awaiting,Insomnium,655.0
Protest Song '68,Refused,274.0
Nightwalker,Trentemøller,350.0
Passing The Time,Cream,272.0
Artificial Smile,Riverside,327.0
Caesar,Ty Segall,210.0
So Nice (Summer Samba),Bebel Gilberto,212.0
Over the Flows,Gojira,185.0
Scissor Fuck Paper Doll,PsyOpus,216.0
Brazen (Weep),Skunk Anansie,272.0
Heavy Metal Winner,Consumed,150.0
Stepping Outside The Circle,Shadows Fall,317.0
Broken Down,Sevendust,204.0
Someone 20,Benga,256.0
Time of the Assassins,Charlotte Gainsbourg,165.0
Beloved One,Ben Harper,244.0
Have You Never Been Mellow,Olivia Newton-John,221.0
Pam's Tan,Black Tambourine,79.0
Your Beloved Scapegoat,Soilwork,238.0
Ophelia,The Band,212.0
Passing Out In America,Alexisonfire,241.0
Consensual Worlds,Delerium,608.0
Ibelin,Harry Gregson-Williams,126.0
City of Delusion,Muse,288.0
Heron Blue,Sun Kil Moon,460.0
Winged/Wicked Things,Sunset Rubdown,286.0
Change of Ideas,Bad Religion,60.0
This Mess We're In,PJ Harvey,237.0
Hazey Jane II,Nick Drake,226.0
Lucky Pressure,Roni Size,314.0
S.O.S. (Anything but Love),Apocalyptica,262.0
The Everthere,Elbow,254.0
Guyamas Sonora,Beirut,211.0
High Life,Daft Punk,202.0
Bitches Ain't Shit,Dr. Dre,288.0
By Your Command,Devin Townsend,490.0
502,Marduk,195.0
Hey Luno,The Aquabats,169.0
Evoke,After Forever,266.0
The Canals Of Our City,Beirut,141.0
Black Water,Edward Sharpe & The Magnetic Zeros,231.0
Numbers,FKA twigs,224.0
Breña,A Perfect Circle,264.0
Quutamo,Apocalyptica,206.0
She Likes (Bittersweet Love),Forever the Sickest Kids,170.0
Warum,Juli,226.0
Let the Words of My Murder Be the Last Words You Hear,Ordo Rosarius Equilibrio,294.0
Deep Forest,Deep Forest,334.0
Survival of the Fittest,Utah Jazz,358.0
"Wow, I Can Get Sexual Too",Say Anything,179.0
Your Guardian Angel,The Red Jumpsuit Apparatus,229.0
Speedin',Rick Ross,210.0
All My Friends,LCD Soundsystem,462.0
Bigger Stronger,Coldplay,289.0
One More Lie,Heaven Shall Burn,304.0
Bag It,Peaches,183.0
World Spins Madly On,The Weepies,165.0
Common Reactor,Silversun Pickups,361.0
All My Colours,Nouvelle Vague,237.0
Dodeccaheedron,Aphex Twin,369.0
Shimmy,System of a Down,111.0
In Those Jeans,Ginuwine,243.0
The Call of Ktulu,Metallica,535.0
You Hid,Toro y Moi,205.0
Since 77,Paul Kalkbrenner,309.0
The Khlysti Evangelist,Therion,293.0
Be With,Koushik,252.0
Tripping,Robbie Williams,242.0
The Queen Of All Everything,Ott,462.0
María José,Federico Aubele,188.0
Forever And Always,Bullet for My Valentine,406.0
Wearing Thin,Further Seems Forever,265.0
Conquer All,Behemoth,211.0
Finnish Medley,Ensiferum,310.0
Bermuda Triangle,Gonzales,94.0
Trouble In Here,Howie Day,357.0
Opening Up (Ce Soir On Danse),Chromeo,301.0
Circulation,Deerhunter,305.0
In God's Hands,Nelly Furtado,252.0
Asator,Amon Amarth,184.0
I'm Into Something Good,Herman's Hermits,157.0
Sexual Sportswear,Sébastien Tellier,437.0
New York Girls,Morningwood,177.0
Groove Is On,Groove Armada,257.0
The Triumph Of The Lazer Viking,An Albatross,84.0
Seafarer,Tennis,183.0
Not Leavin' Yet,Nickelback,225.0
At The same time,Hindi Zahra,206.0
Brace Yourself Jason,µ-Ziq,382.0
Babies With Guns,Aesop Rock,307.0
Platinum Blonde Life,No Doubt,207.0
Wall of Gum,Black Moth Super Rainbow,60.0
Dreaming: The Romance,Anathema,1404.0
The Young Crazed Peeling,The Distillers,196.0
Pockets,Four Tet,319.0
Blindness,Metric,267.0
The One-Tet,Jazzanova,231.0
Do or Die,Testament,279.0
The Lucifer Effect,Anaal Nathrakh,237.0
I Wanna Be Your Limousine,Black Kids,195.0
Return The Favour,The Hives,189.0
Kid Charlemagne,Steely Dan,279.0
Fix Me,Rise Against,55.0
Cloudy,Simon & Garfunkel,141.0
Respire,Mickey 3D,223.0
Malacoda,Caspian,304.0
To Rid the Disease,Opeth,381.0
Passage,DJ Krush,96.0
J'Envoie Valser,Zazie,259.0
Stand Up (And Be Counted),Venom,210.0
Day 7,The Notwist,232.0
Childhood Dreams,Jazzamor,247.0
Mire Deep,Cult of Luna,311.0
Night of Sin,Blutengel,294.0
Stone the Crow,Down,283.0
Sometimes It Hurts,Stabbing Westward,220.0
And Sleep Al Mar,Au Revoir Simone,234.0
Riding the Fourth Wave,Catch 22,110.0
Digital World,Amaranthe,198.0
Cristobal,Devendra Banhart,270.0
I Forgive You,Kelly Clarkson,185.0
Indecision,Shura,214.0
Lugdūnon,Eluveitie,241.0
Ex Lover,Friendly Fires,231.0
Moons And Horror Shows,The Zutons,157.0
Sunbeams,The Concretes,204.0
Good Fortune,PJ Harvey,200.0
That Home,The Cinematic Orchestra,104.0
The Chimbley Sweep,The Decemberists,174.0
Wintersong,Sarah McLachlan,210.0
One Headlight,The Wallflowers,313.0
Wolfbiker,Evergreen Terrace,162.0
Rancid Amputation,Cannibal Corpse,196.0
Caramel Cognac,Milanese,351.0
Simpatico Holgazan,Ska-P,246.0
Open Your Eyes and Look North,Dance Gavin Dance,270.0
Nevergreen,Emancipator,216.0
Terror Zone,Kreator,357.0
Makeda,Les Nubians,295.0
Underwater,Tegan and Sara,171.0
Ronnie,Metallica,317.0
For the Revolution,Kalmah,307.0
Down,blink-182,184.0
The Fires...,Primordial,323.0
Shattered Soul,The Herbaliser,316.0
Vultures Like Lovers,Wild Nothing,185.0
Be My Angel,Mazzy Star,197.0
9669,The Joy Formidable,169.0
Pedrophilia,Busy P,250.0
The Safest Place,Sade,166.0
Do No Wrong,Thirteen Senses,292.0
Hot Head,Captain Beefheart & His Magic Band,201.0
K.I.N.G.,Satyricon,361.0
Cherbourg,Beirut,215.0
A Sadness Runs Through Him,The Hoosiers,192.0
Anywhere Is,Enya,238.0
Simple Boy,Karnivool,347.0
Heiderauche,Equilibrium,151.0
Crazy,Aerosmith,316.0
Trail Of Kings,Diablo,295.0
Forgot About Dre,Dr. Dre,222.0
Skating,Vince Guaraldi Trio,159.0
Promoter (Of Earthbound Causes),Clutch,194.0
Mala Strana,Gui Boratto,149.0
Cough/Cool,Misfits,137.0
Que Pasa,Horace Silver,469.0
Head,Prince,284.0
Love,The Smashing Pumpkins,263.0
The Propaganda,Limp Bizkit,316.0
Did You See Me Coming?,Pet Shop Boys,221.0
Croma,Novembre,384.0
Shaman,Amorphis,296.0
New Flowers,Tanlines,247.0
Get A Grip,Aerosmith,239.0
The Soul Receiver,Old Man's Child,271.0
Sassafras,The Devil Wears Prada,196.0
Night-Time Intermission,Charlotte Gainsbourg,164.0
Lost At Sea,In This Moment,226.0
Morning Rage,UNKLE,317.0
French Navy,Camera Obscura,199.0
Ghost Symbol,Zero 7,277.0
World,New Order,284.0
Benedictus,Wolfgang Amadeus Mozart,334.0
Dart For My Sweetheart,Archie Bronson Outfit,270.0
Chest And Horns,Winds of Plague,240.0
By the Sea,Suede,255.0
For My Fallen Angel,My Dying Bride,356.0
Home Life,John Mayer,254.0
"Glass, Concrete & Stone",David Byrne,255.0
We've Got A Big Mess On Our Hands,The Academy Is...,206.0
Ur Djupet,Finntroll,299.0
Aire,Los Cafres,258.0
Flim,Aphex Twin,177.0
Walking to New Orleans,Fats Domino,120.0
Love Souvenir,Calvin Harris,261.0
Feeding on the opiate,Lock Up,90.0
Eva,Nightwish,266.0
The Last Relapse,All Shall Perish,401.0
A Crippling Blow,The Killers,217.0
Throw Away Your Television,Red Hot Chili Peppers,225.0
Half Light,Athlete,222.0
Espera,Animals as Leaders,134.0
Wattershed,Foo Fighters,134.0
Battle Song,Ensiferum,195.0
Eu Me Amo,Ultraje A Rigor,214.0
Time Won't Wait,Jamiroquai,302.0
Humiliative,Meshuggah,318.0
Uhn Tiss Uhn Tiss Uhn Tiss,Bloodhound Gang,260.0
So Tonight That I Might See,Mazzy Star,439.0
In Blood We Trust,Powerwolf,183.0
Enforcers,2562,350.0
Slowness,Calexico,214.0
Pause,Pitbull,180.0
Summer Samba,Walter Wanderley,195.0
Smoking Gun,Robert Cray,247.0
Anglia,Laibach,216.0
Beware of the Bird,Claude VonStroke,400.0
Shempi,Ratatat,247.0
Return The Favour,The Hives,189.0
The Crows Are Coming For Us,From First to Last,296.0
"Pop, Lock & Drop It",Huey,264.0
Demon Woman,Flight of the Conchords,120.0
Silent Sea,KT Tunstall,228.0
Með suð í eyrum,Sigur Rós,295.0
Sword Chant,Ensiferum,283.0
One Step Too Far,Faithless,320.0
Little Bitch,The Specials,152.0
Early Mornin',Britney Spears,226.0
Towards The Bare Hill,Efterklang,190.0
Twilight Galaxy,Metric,294.0
The Asian Detective,Badmarsh & Shri,429.0
Losing Sleep,John Newman,280.0
Poppin' My Collar,Three 6 Mafia,176.0
Got A Feelin',The Mamas & the Papas,170.0
Lover Of Others,Shitdisco,219.0
In Other Worlds,Azam Ali,367.0
Un Dernier Verre (Pour La Route),Beirut,171.0
Heartstrings,Secret Garden,200.0
Centennial,Tokyo Police Club,114.0
The Harbinger,Julianna Barwick,351.0
Such Great Heights,The Postal Service,267.0
Either Way,Wilco,186.0
The Good That Won't Come Out,Rilo Kiley,272.0
Pasturn,Skinny Puppy,228.0
"Up on Your Leopard, Upon the End of Your Feral Days",Sunset Rubdown,287.0
Crackhead,H.O.S.H.,380.0
New Song,Warpaint,256.0
Burden,Opeth,461.0
Locust Reign,Converge,88.0
The New World,In Flames,202.0
Buck Up,High Tone,377.0
Turn My Back On You,Sade,367.0
Dalai Lama,Rammstein,338.0
One More Magic Potion,Ensiferum,321.0
North West,De-Phazz,283.0
The Drowners,Suede,251.0
Traum vom Tod,Subway to Sally,257.0
Sailor & Widow,Keren Ann,213.0
Flavor,Tori Amos,245.0
Flowers Grow Out of My Grave,Dead Man's Bones,159.0
Niech...,Habakuk,265.0
Jennifer Lost the War,The Offspring,155.0
Natural Disasters,Propagandhi,125.0
I Always Get What I Want,Avril Lavigne,151.0
I Love This Bar,Toby Keith,334.0
True Adventures,British Sea Power,473.0
Jocko Homo,Devo,219.0
Qué Onda Guero,Beck,209.0
Ascension Chamber,Scar Symmetry,229.0
The Silent Orchestra,Biosphere,473.0
Far-Flung Tonic,Xploding Plastix,292.0
Subcutaneous Phat,Desert Sessions,230.0
You Are Not Through,Evil Nine,288.0
Lords,The Sword,302.0
What We Had,Handsome Furs,237.0
Je suis de celles,Bénabar,206.0
"Down, Set, Go",Underoath,224.0
This Boy,Franz Ferdinand,142.0
Bloodlands,Cannibal Corpse,261.0
Burn In Hell,Dimmu Borgir,306.0
How's It Goin' Down,DMX,216.0
My Darkest Hour,Scary Kids Scaring Kids,210.0
Chickamauga,Uncle Tupelo,223.0
It Was a Strange Time in My Life,Jens Lekman,309.0
Scavenger of Human Sorrow,Death,417.0
Chest And Horns,Winds of Plague,240.0
Kooks,David Bowie,167.0
All Day Breakfast,Jel,259.0
Sampo,Amorphis,369.0
Fake Out,Bear in Heaven,194.0
Where Is My Love?,Blackfield,180.0
Should've Tried Harder,Hey Monday,187.0
I'm Willing,Ben Lee,241.0
City of God,Sodom,276.0
Heldenzeit,Wir sind Helden,264.0
Tap at My Window,Laura Marling,168.0
Alphabet Aerobics,Blackalicious,134.0
Silent Hedges,Bauhaus,192.0
Ultimate Trip,Riverside,793.0
Dog Guts,Macabre,195.0
Into the Sky,Switchblade Symphony,278.0
Money on My Mind,Sam Smith,194.0
Michael Jackson,Fatboy Slim,349.0
Bekännelse,Taken by Trees,260.0
Scarabs,Karnivool,131.0
Outshined,Soundgarden,311.0
Alpha Male,Röyksopp,491.0
Moss Mountain Town,The Album Leaf,564.0
Unmentionables,Parenthetical Girls,112.0
To Decompose,Cannibal Corpse,184.0
Sunset (Bird of Prey),Fatboy Slim,416.0
Uninvisible,"Medeski, Martin and Wood",218.0
Killing Smile,Death in Vegas,289.0
I Hate People,Nasum,97.0
I Really Hope,The Cranberries,223.0
"We Will Vacation, You Can Be My Parasol",Be Your Own Pet,123.0
Unleash the Bastards,Municipal Waste,117.0
Under the Milky Way,The Church,299.0
Paradise Circus (Gui Boratto Remix),Massive Attack,462.0
LIE BURIED WITH A VENGEANCE,DIR EN GREY,163.0
Got Ur Self A...,Nas,229.0
Flowers Grow Out of My Grave,Dead Man's Bones,159.0
Send It On,D'Angelo,357.0
Don't Give Up The Fight,The Magic Numbers,179.0
The Wall of Yawn,Sleep,333.0
Left of the Dial,The Replacements,223.0
Deer Lodge,These Arms Are Snakes,175.0
Slowdance,Soulwax,357.0
When a Hero Cries,Edguy,239.0
Abre los Ojos,Dark Sanctuary,281.0
Knot,CHON,183.0
Assoul,Tinariwen,246.0
All She Wrote,Default,239.0
Obstacles,Syd Matters,209.0
Sublevels,Meshuggah,314.0
Give Me Your Love,Curtis Mayfield,258.0
Tessellate,alt-J,181.0
Million Dollar Question,Radiohead,198.0
Making Enemies,Snow Patrol,259.0
Asleep In The Chapel,Thursday,226.0
Poney Part I,Vitalic,328.0
Buried Beneath,Red,227.0
Casanova Rodeo,The Word Alive,216.0
48,"Tyler, the Creator",247.0
Around My Smile,Hope Sandoval & The Warm Inventions,250.0
Reform The Countryside,Frog Eyes,324.0
Devil's Waitin',Black Rebel Motorcycle Club,231.0
Verde Mar,Chambao,240.0
Baska,Wilki,216.0
Essplode,Animal Collective,203.0
The Robot with Human Hair Pt. 3,Dance Gavin Dance,226.0
And It Rained All Night (Burial Remix),Thom Yorke,253.0
He Thinks He'll Keep Her,Mary Chapin Carpenter,240.0
We Own The Night,Dance Gavin Dance,206.0
Cry for Love,Clear View,365.0
Evidence In The Furnace,Cannibal Corpse,168.0
Murder Weapon,Tricky,179.0
Drifting (Swing Mix),Metropolitan Jazz Affair,301.0
Amber,311,211.0
Dragnalus,Unwound,209.0
Winter Is All Over You,First Aid Kit,220.0
Terrified,Story of the Year,240.0
The Wicker Man,Iron Maiden,276.0
Hot Pants,James Brown,55.0
Dumb Waiters,The Psychedelic Furs,304.0
Murphy Was An Optimist,Norma Jean,258.0
Animales De Laboratorio,Ska-P,286.0
I Always Get What I Want,Avril Lavigne,151.0
Emotional Man,Xandria,243.0
Puppets,Atmosphere,222.0
Where Are You Now,Mumford & Sons,220.0
In the Key of Blue,Quantic,413.0
The Headless Game,Edguy,331.0
Mon Meilleur Ami,Yelle,237.0
The Sublime Freak,Lightning Bolt,267.0
100 Years,Dr. Dog,246.0
The Best Deceptions,Dashboard Confessional,255.0
True Rulers,Common Rider,189.0
So Tonight That I Might See,Mazzy Star,439.0
Waiting for Tonight,Jennifer Lopez,246.0
Breaking Their Hold,Avenged Sevenfold,72.0
Marmalade Fires,múm,303.0
Death Of A Nation,Anti-Flag,116.0
El Son Reggae,Les Nubians,232.0
Boom Blast,Freestylers,369.0
Disaster,The Besnard Lakes,342.0
Second Streets Have No Name (feat. Beta Bow),The Bloody Beetroots,183.0
The Animal,Disturbed,254.0
Wage Slaves,All Shall Perish,222.0
Smooth Operator,Sade,298.0
Kreuzberg,Bloc Party,325.0
Ask Myself,Robin Thicke,228.0
Hongkongaton,Gorillaz,216.0
Bankrupt on Selling,Modest Mouse,174.0
You Are My Sister,Antony and the Johnsons,240.0
Boy Boy Boy,Andhim,422.0
Rock Wit U,Alicia Keys,337.0
"I Need Your Clothes, Your Boots, And Your Motorcycle",Austrian Death Machine,234.0
Smoking,Vavamuffin,300.0
God Complex,Perturbator,565.0
Can't Be Love,Pink Turns Blue,254.0
What The Hell Have I,Alice in Chains,234.0
From the Deep,Theatres Des Vampires,317.0
Confusion Is Next,Sonic Youth,209.0
Ocean and Atlantic,Mayday Parade,210.0
Come Into Our Room,Clinic,224.0
I'm Not Satisfied,Frank Zappa,159.0
A Second Glance,A Day to Remember,173.0
Anxiety Hangover,Eyehategod,296.0
Psychic Suicide,Sonic Syndicate,231.0
The Band,Mando Diao,196.0
How Do You Know You?,Days of the New,334.0
First Impressions,Kele,236.0
Snowball,Devo,149.0
High Speed,Coldplay,256.0
Time to Start,Blue Man Group,223.0
Theme from Sprite,Squarepusher,178.0
Starcleaner,The Brian Jonestown Massacre,149.0
Je bois,Boris Vian,213.0
Temazcal,Monsters of Folk,229.0
My Good Gal,Old Crow Medicine Show,259.0
Shining Bright Star,Black Strobe,332.0
June 9th,Boards of Canada,318.0
One Tin Soldier,Me First and the Gimme Gimmes,121.0
Sinful Nature,Bear in Heaven,313.0
Her Voices,Pain of Salvation,477.0
Hang Garden,Ochre,200.0
Rather Lovely Thing,Nick Cave & Warren Ellis,193.0
The Everthere,Elbow,254.0
Chapter II: The Final Victory,Haggard,216.0
Trümmerfeld,Extrawelt,424.0
Happy Up Here,Röyksopp,166.0
Love Controlled Despair,Poisonblack,232.0
Totalimmortal,AFI,164.0
Lux Aeterna,Clint Mansell,234.0
I'm Sorry I Failed You,Venetian Snares,129.0
Looks,De-Phazz,243.0
Cherry Cola,Eagles of Death Metal,198.0
Disease,Matchbox Twenty,219.0
Ambiantz,Skinny Puppy,268.0
For My Demons,Katatonia,347.0
Child Psychology,Black Box Recorder,248.0
The Dress Looks Nice on You,Sufjan Stevens,152.0
Lady Don't Fall Backwards,Peter Doherty,135.0
Meet Me By The River's Edge,The Gaslight Anthem,199.0
Local Authority,Mogwai,256.0
Want,The Cure,307.0
Sympathetic Noose,Black Rebel Motorcycle Club,258.0
Like Cattle,Nasum,99.0
Over the Wall,Testament,277.0
We Are All We Have,The Casualties,185.0
Why Took Your Advice,Grandaddy,248.0
Ventilaor R-80,Ojos de Brujo,200.0
Como Estais Amigos,Iron Maiden,330.0
In-A-Gadda-Da-Vida,Iron Butterfly,274.0
Bored Games,Wild Nothing,241.0
Take This Life,In Flames,215.0
Waiting for the Barbarians,Anaal Nathrakh,286.0
On These Endless Fields,Haggard,64.0
That's When I Reach for My Revolver,Mission of Burma,218.0
Love Your Daughters,Times New Viking,216.0
Bring Me The Night,Overkill,255.0
Blue Flower,Mazzy Star,215.0
Override of the Overture,Dismember,318.0
Jak Aniola Glos,Feel,207.0
Farewell My Hell,Millencolin,172.0
The Product Alive,Cattle Decapitation,185.0
We Won't Break,Zoot Woman,181.0
Don't Close Your Eyes,Parkway Drive,282.0
Lady Demeter,Tim Armstrong,146.0
Universal Mind,Liquid Tension Experiment,473.0
The Man I Want To Be,Chris Young,208.0
Suck Out The Poison,He Is Legend,203.0
Comatose (In The Arms Of Slumber),Eagle-Eye Cherry,277.0
Tallulah,Sonata Arctica,320.0
Shaking Hand Incision,At the Drive-In,217.0
"Maiden, Mother & Crone",The Sword,239.0
Amor Fati,Washed Out,269.0
Prophecies (Almost Over),Motograter,171.0
One Tree Hill,U2,323.0
The Art Of Losing,American Hi-Fi,203.0
Going for the Gold,Bright Eyes,307.0
I So Hate Consequences,Relient K,241.0
Bit 35,Broadcast,110.0
Come With Us,The Chemical Brothers,301.0
Put You Down,Alice in Chains,203.0
Hunger Strike,Temple of the Dog,246.0
Haunt Me,Sade,349.0
Ain't Got You,Bruce Springsteen,127.0
Death Whispered a Lullaby,Opeth,350.0
The Ice Dance,Bachelors of Science,332.0
Buzzsaw,Modulate,225.0
Innocent Bystander,Korn,208.0
All'Inizio È La Morte,Haggard,410.0
The Nasty,Amon Tobin,276.0
Hey Hey Hey,Katy Perry,215.0
Organized Scenery,Au Revoir Simone,192.0
Play the Blues,Danko Jones,172.0
Believe In Love,Scorpions,324.0
Mr. Krinkle,Primus,325.0
Grow Up,Paramore,231.0
The Frost-Giant's Daughter,The Sword,306.0
Cairo Keller,Bohren & der Club of Gore,539.0
Bond of Blood,Bathory,457.0
I Was The Devil For One Afternoon,Boys Night Out,201.0
Mornings,Portugal. The Man,279.0
Staying Power,Queen,252.0
Whaddit I Done,Animal Collective,246.0
This Time Was Mine,Unearth,250.0
Always Too Late,Annie,257.0
Ghost in the Graveyard,A Sunny Day In Glasgow,359.0
Work It,Missy Elliott,262.0
Loose Nuts On The Veladrome,Liars,139.0
Perennial Dreams,Edenbridge,313.0
Human Behaviour,Björk,252.0
Banging Camp,The Hold Steady,254.0
Na Na Na,The Knife,148.0
The (Shipped) Gold Standard,Fall Out Boy,199.0
We Build Then We Break,The Fray,228.0
Darker Side,Jonny Lang,308.0
The Way I Loved You,Taylor Swift,245.0
Boy Meets Girl,Junior Senior,225.0
Carry Me Ohio,Sun Kil Moon,381.0
Tu Guardian,Juanes,266.0
To Your Love,Fiona Apple,220.0
Hard Latin,Kenyon Hopkins,132.0
Trampoline,Kero Kero Bonito,244.0
The Red Telephone,Love,286.0
Telegraph,Orchestral Manoeuvres in the Dark,178.0
Hurry On Now,Alice Russell,225.0
That Home,The Cinematic Orchestra,104.0
"Holy Blood, Holy Grail",Marduk,148.0
Loke,Enslaved,262.0
At My Window Sad and Lonely,Billy Bragg & Wilco,208.0
I'll Be Doggone,Marvin Gaye,210.0
Desenchantee,Kate Ryan,219.0
Trying To Stop Your Leaving,Dierks Bentley,223.0
Tell You Now,Le Tigre,214.0
I Can See You,Black Flag,201.0
Dudley,Yeah Yeah Yeahs,222.0
Mendoza,Mustard Plug,169.0
The Perfect Fit,The Dresden Dolls,346.0
#16,Aphex Twin,286.0
Allan Dellon,Vitalic,191.0
The Spreading Disease,All Shall Perish,270.0
S.O.S. (Anything but Love),Apocalyptica,262.0
Sketch 1,Nick Drake,61.0
Sun Child,The Vines,274.0
White Belly,Belly,216.0
Rolodex Propaganda,At the Drive-In,175.0
Chic 'N' Stu,System of a Down,144.0
Velcro Fly,ZZ Top,213.0
Api-vat,Enslaved,417.0
Rise Today,Alter Bridge,261.0
A Portable Death Ray And A Sterile Claw Hammer,See You Next Tuesday,100.0
Paris Streatham,Cujo,297.0
Flight LB 7475,Loco Dice,581.0
A Passing Feeling,Elliott Smith,212.0
My Girlfriend's Shower Sucks,Goldfinger,67.0
Like Swimming,Foals,121.0
American Boy,Little Mix,192.0
Everything Means Nothing To Me,Elliott Smith,144.0
It's Tricky,Bloodhound Gang,156.0
Mal Poli,Yelle,175.0
A Cruel Taste of Winter,My Dying Bride,456.0
The Part That Hurts The Most (Is Me),Thousand Foot Krutch,239.0
Three Moons,Minsk,368.0
A Warning (Dub),Thievery Corporation,141.0
Both Hands,Ani DiFranco,202.0
Blah Blah Blah,Ke$ha,172.0
Pagan Purity,Elvenking,276.0
Sound Guardians,Lightning Bolt,292.0
Horchata,Vampire Weekend,207.0
Set Me on Fire,Type O Negative,210.0
Now We Are Free,Lisa Gerrard,256.0
Live and Learn,The Cardigans,253.0
The Pulse,Digitalism,259.0
A Decent Life,Mando Diao,105.0
Delphium,Aphex Twin,329.0
What About Love,Faithless,418.0
Almost Seems (Too Late To Turn),Clannad,289.0
The Lost City Of Refuge,...And You Will Know Us by the Trail of Dead,231.0
Such Is Life (Sunday Afternoon Rework),Rank 1,208.0
Frá upphafi,Ólafur Arnalds,106.0
Who Will Comfort Me,Melody Gardot,296.0
Blues Deluxe,Joe Bonamassa,440.0
Gold Guns Girls,Metric,266.0
Here Comes That Day,Siouxsie,242.0
Soulfire,12 Stones,175.0
Always Running Out of Time,Motion City Soundtrack,180.0
My Moon My Man,Feist,228.0
Calm Before the Storm,Fall Out Boy,267.0
Despicable Dogs,Small Black,232.0
Come to Daddy,The Dillinger Escape Plan,263.0
Reversal,Underoath,103.0
Paper Thin Hotel,Leonard Cohen,339.0
Meet Me In the City,The Black Keys,218.0
Home Again In Eireann,Dagda,324.0
So Be It,Anaal Nathrakh,143.0
Rise Of The Tyrant,Arch Enemy,273.0
Oh Sheila,Ready For The World,242.0
Metallic Rain,Vangelis,369.0
Endorphins,August Burns Red,190.0
SURVIVE,雅-MIYAVI-,213.0
Worlds Away,From First to Last,242.0
Syntykoski syömmehessäin,Korpiklaani,185.0
Gotta Tell You,Samantha Mumba,200.0
Calculate The Apocalypse,Scar Symmetry,241.0
Where Is My Love?,Blackfield,180.0
F.A.N.,New Young Pony Club,210.0
Black Mamba,The Academy Is...,166.0
Unbound,Jeremy Soule,93.0
The Tide And Its Takers,36 Crazyfists,238.0
Arose,Thomas Newman,65.0
Forsaken Horizon,Caliban,171.0
(This Is) The Dream of Evan and Chan (Superpitcher Kompakt remix),Dntel,428.0
Dandy,The Kinks,132.0
Greenthumb,Bongzilla,247.0
Get This Feeling,Fedde Le Grand,155.0
Override of the Overture,Dismember,318.0
My Darling,Wilco,218.0
Sing Tomorrow's Praise,Asobi Seksu,215.0
Let It Take You,Goldfrapp,269.0
CIA Man,The Fugs,207.0
Wild Love,Frank Zappa,249.0
I Sit On Acid (Soulwax remix),Lords of Acid,180.0
WOW,Marilyn Manson,295.0
Guns of Brixton,Nouvelle Vague,247.0
Here Come The Rome Plows,Drive Like Jehu,343.0
Everywhere,Fleetwood Mac,223.0
Bohemian Forest,Pantha du Prince,444.0
Passing the Pencil Test,The Acacia Strain,196.0
What You Sell,The Radio Dept.,190.0
Entering White Cecilia,The New Pornographers,209.0
Buried Beneath,Red,227.0
Crestfallen,The Smashing Pumpkins,237.0
Cupid's Trick,Elliott Smith,185.0
Hello Shitty,Bayside,74.0
Adios Ayer,José Padilla,334.0
Outlaw Heart,Tiger Army,239.0
Sinful Nature,Bear in Heaven,313.0
The Home,Portugal. The Man,177.0
Rosie,Tom Waits,243.0
Wings of Love,Liv,246.0
Why Can't I Have You,The Cars,244.0
Laid In Earth,Ane Brun,249.0
Power To The People,Black Eyed Peas,213.0
Forever Free,Stratovarius,360.0
False Idols,Unearth,223.0
Skyforger,Amorphis,316.0
You Hid,Toro y Moi,205.0
Something That I'm Not,Megadeth,307.0
Chet Baker,Vanessa Paradis,179.0
No Lie,2 Chainz,238.0
Sitting,M83,184.0
When She Cries,Andy McKee,223.0
Jói & Karen,Jóhann Jóhannsson,205.0
Gears,Miss May I,241.0
Hey Sexy Lady,Shaggy,201.0
Heron Blue,Sun Kil Moon,460.0
Princess Leia's Theme,John Williams,248.0
We Have Reached an Official Verdict: Nobody Gives a Shit,The Locust,83.0
Any Major Dude Will Tell You,Steely Dan,188.0
New Nail Bed,Big D And The Kids Table,217.0
While The Cold Winter Waiting,Trentemøller,311.0
Caecilia,Fennesz,233.0
Pulk/Pull Revolving Doors,Radiohead,247.0
It's a Bit of a Pain,Faust,188.0
The Fun Lovin' Criminal,Fun Lovin' Criminals,193.0
Faith Works,Soldiers of Jah Army,304.0
Dead Sound,The Raveonettes,213.0
Seven Months,Portishead,256.0
Good Sleep,I Am Robot and Proud,142.0
Here's To The Night,EVE 6,250.0
Sound the Alarm v.2.0,A Day to Remember,109.0
Pelican Narrows,Caribou,230.0
The Night Masquerade,Dimmu Borgir,265.0
Arsis,Gordian Knot,120.0
In Death - Is Death,Meshuggah,803.0
Could've Moved Mountains...,A Silver Mt. Zion,660.0
China Grove,The Doobie Brothers,202.0
See Dem Coming,Gentleman,231.0
The Dark Don't Hide It,Magnolia Electric Co.,351.0
Rapture at Sea,Eastern Sun,458.0
Being It,Arthur Russell,316.0
Frijolero,Molotov,210.0
We've Been Had,The Walkmen,199.0
Chase Scene,Broken Social Scene,211.0
Head Creeps,Alice in Chains,389.0
Banquet (Phones Disco Edit),Bloc Party,325.0
Of Keeping the Fire Down,Mortal Love,245.0
Emotional Breakdown,Parkway Drive,152.0
Seaside,The Kooks,99.0
Maundy Thursday,Air France,170.0
Plot In a Pot,Melt-Banana,80.0
From Blown Speakers,The New Pornographers,169.0
"I'm Made of Wax, Larry, What Are You Made Of?",A Day to Remember,181.0
Cats and Dogs,The Head and the Heart,116.0
Christian Incoherent Drivel,Carpathian Forest,221.0
Freaky Friday,Aqua,225.0
Stone's Ode,Mount Eerie,327.0
Juneau,Funeral for a Friend,217.0
Cruel Mistress,Flogging Molly,178.0
I Can't Talk About It,El Perro del Mar,173.0
Songs About Rain,Gary Allan,238.0
The Girl Next Door,blink-182,152.0
Hollywood Prison,Bleeding Through,172.0
Hospital Beds,Florence + the Machine,135.0
Rickshaw,Cymande,353.0
Faceless,Godsmack,215.0
White Palms,Black Rebel Motorcycle Club,295.0
Planet Of Women,ZZ Top,245.0
Heartfixer,De-Phazz,212.0
No Day Massacre,Mr. Oizo,259.0
Everything Will Be Alright,The Killers,345.0
Cold Wind,Black Rebel Motorcycle Club,258.0
Nice and Simple,Colleen,261.0
Big Crash,Less Than Jake,163.0
Take Your Mama,Scissor Sisters,272.0
Rabbit Heart (Raise It Up),Florence + the Machine,232.0
Leaves Scar,Amorphis,203.0
Phantom Limb,The Shins,288.0
Dreamin',Amos Lee,174.0
Wooly Bully,Sam The Sham & The Pharaohs,140.0
The Age Of Pamparius,Turbonegro,360.0
Humiliative,Meshuggah,318.0
Eat It Raw,Infected Mushroom,391.0
Wind Below,Rage Against the Machine,350.0
It Was a Strange Time in My Life,Jens Lekman,309.0
Tonite It Shows,Mercury Rev,220.0
V.c. (gloria Domini),Moonspell,299.0
Get In or Get Out,Hot Hot Heat,170.0
Sketchead,Arctic Monkeys,123.0
Such a Twat,The Streets,228.0
Ugly in the Morning,Faith No More,187.0
Hunting,Deep Forest,207.0
Regenerate,Booka Shade,333.0
Prime Mover,Ghost,233.0
Johnny Got A Boom Boom,Imelda May,180.0
Pitch the Baby,Cocteau Twins,194.0
Cheerleader Corpses,Pig Destroyer,36.0
belfast,Katie Melua,202.0
Goodnight Lover,Fluke,437.0
Q-Chord,Sunset Rubdown,81.0
Echonomix,Infected Mushroom,464.0
Yer So Bad,Tom Petty,185.0
Foreign Country,The Concretes,105.0
Turn The Radio Off,Reel Big Fish,159.0
Some Lessons,Melody Gardot,323.0
Julie Paradise,Screaming Trees,308.0
Vulgar Necrolatry,Amorphis,262.0
A Kiss Before I Go,Ryan Adams & The Cardinals,125.0
Legacy of Kings,HammerFall,253.0
Live In Dreams,Wild Nothing,208.0
Pretty In Casts,Pig Destroyer,76.0
Sunshine and Clouds (and Everything Proud),Clap Your Hands Say Yeah,62.0
Beast Of Man,Arch Enemy,216.0
The American Way,Sacred Reich,222.0
Tuxedo Hat,The Octopus Project,314.0
Key,C418,65.0
Early Birdie,Owl City,256.0
Tangled Up In Me,Skye Sweetnam,162.0
Wild Young Hearts,Noisettes,178.0
Vous,Camille,101.0
Mind on Fire,Kreator,237.0
Hit The Ground,Lizz Wright,213.0
Me!,Nightmares on Wax,357.0
White Belly,Belly,216.0
Slottet #2,The Radio Dept.,188.0
Kiss My Name,Antony and the Johnsons,168.0
Grimland Domain,Borknagar,379.0
Christmas Vacation,Descendents,159.0
Ajrisz,T.Love,198.0
Waking Every God,Pain of Salvation,320.0
I'm All Over It,Jamie Cullum,219.0
Overpowered,Róisín Murphy,240.0
Inside Us All,Creed,349.0
The King of Carrot Flowers Pt. One,Neutral Milk Hotel,120.0
A Reminder,Radiohead,234.0
Kettle's On,The Feeling,247.0
She's A Star,James,219.0
Everything Is OK,Halou,272.0
Grass-Hopper,Lemongrass,303.0
Threads,Portishead,348.0
Killing For Love,José González,183.0
Pink Stones,Memory Tapes,232.0
Stop And Stare,Fenech-Soler,246.0
It's Not Over Yet,Klaxons,215.0
Gun In Your Hand,Lagwagon,123.0
Pavane Pour Une Infante Defunte (Pavane For A Dead Princess),Maurice Ravel,339.0
Dreaming Of Andromeda (Jean F. Cochois Remix),Enigma,449.0
"You're Gonna Go Far, Kid",The Offspring,178.0
Growler,FC/Kahuna,424.0
Mist,Shugo Tokumaru,208.0
Stand Up,The Prodigy,330.0
Towards And Against,Amorphis,299.0
The Other Woman,Lana Del Rey,182.0
Two Silver Trees,Calexico,230.0
Cry for Mother,Suicide Commando,341.0
Day 7,The Notwist,232.0
Planet Rock,Afrika Bambaataa,484.0
Welt am Draht,Pantha du Prince,431.0
Nobody's Off The Hook,Rufus Wainwright,267.0
Small Town Boy,Dustin Lynch,207.0
One More Weekend,Bob Dylan,189.0
Junior's Eyes,Black Sabbath,403.0
Suicide Trees,Otep,386.0
English Rose,The Jam,170.0
Bury Me Alive,We Are the Fallen,286.0
Around the World in a Radio Flyer,Across Five Aprils,244.0
Under a Total Blackened Sky,Kreator,269.0
World Gone Mad,Bastille,196.0
Goodnight Rose,Ryan Adams,200.0
Lights Of Vein,Fact,196.0
The Song of Life,Eluveitie,239.0
Je pense à toi,Amadou & Mariam,317.0
Of Prometheus and the Crucifix,Trivium,280.0
Reborn,Slayer,131.0
Le Banquet,Yann Tiersen,91.0
Shadow Of A Man,Bedouin Soundclash,303.0
Last of The Lookers,The Metros,168.0
Brothers Of Metal (Part 1),Manowar,235.0
Why Won't You Talk About It?,The Radio Dept.,191.0
Yellin' in My Ear,Operation Ivy,93.0
One Last Shot,Klaus Badelt,286.0
Cook Me Into The Bowl,Buck-O-Nine,178.0
Mellow Doubt,Teenage Fanclub,162.0
The Booker Tease,The Residents,67.0
Beat It,Michael Jackson,258.0
Language,Porter Robinson,368.0
Kiss Me Where It Smells Funny,Bloodhound Gang,185.0
Headsfull,Amy Millan,112.0
Project Mayhem,Finch,319.0
Sleeping Princess In Devil's Castle,Emmure,216.0
Jinx Removing,Jawbreaker,193.0
Epona,Eluveitie,228.0
Silver Rider,Low,304.0
"Mixed Up, Shook Up Girl",Mink DeVille,224.0
A Song For You,Donny Hathaway,325.0
Lady Don't Fall Backwards,Peter Doherty,135.0
Baby Carni Bird,Camille,238.0
Heel Over Head,Puddle of Mudd,246.0
Summertime Den,Mystery Jets,73.0
I Can See My House From Here,Evergreen Terrace,180.0
Different But the Same,Ben Kweller,302.0
The Only Truth,Heaven Shall Burn,270.0
Arson,Amon Amarth,408.0
I staden växer inga blommor,Veronica Maggio,165.0
Discommunication,9mm Parabellum Bullet,191.0
More Than Anyone,Gavin DeGraw,178.0
All to All,Broken Social Scene,290.0
Biaxident,Liquid Tension Experiment,461.0
Session,Linkin Park,144.0
Never Named,Soundgarden,148.0
Where You'll Find Me Now,Neutral Milk Hotel,244.0
Katy Song,Red House Painters,502.0
Back in the Game,Jamie T,149.0
Cyan,Kindness,273.0
Sweet Demure,Beats Antique,307.0
New Nails,Mission of Burma,181.0
I Heard It Through The Grapevine,Gladys Knight & The Pips,165.0
A Certain Death,Misery Signals,206.0
Terrific Speech 2,Mogwai,250.0
Snow White Queen,Evanescence,261.0
Transmissionary,Lightning Bolt,740.0
Made of Stone,Evanescence,213.0
Police and Thieves,Junior Murvin,221.0
Forest Whitiker,Brother Ali,167.0
The Crystal Ship,The Doors,152.0
A Portable Death Ray And A Sterile Claw Hammer,See You Next Tuesday,100.0
The Omen,Heaven Shall Burn,218.0
Postales,Federico Aubele,244.0
Stepping Stone,Duffy,210.0
Polar Opposites,Modest Mouse,210.0
Up the Downstair,Porcupine Tree,615.0
I Love Paris,Ella Fitzgerald,190.0
remember love,Nôze,341.0
All My Friends,LCD Soundsystem,462.0
What I've Become,Lamb of God,209.0
One Gun,Lamb of God,239.0
Night Owl,Swan Island,221.0
Space,M.I.A.,188.0
Better Version Of Me,Fiona Apple,180.0
Hi Scores,Boards of Canada,297.0
Laundry Room,The Avett Brothers,291.0
Loving Every Minute,Lighthouse Family,250.0
In Secret Love We Drown,Cradle of Filth,89.0
Miss Meri,Two Gallants,199.0
My Half,Venetian Snares,424.0
Army Of Darkness,Amon Amarth,325.0
Get Out of This,Dinosaur Jr.,323.0
Sunday Evening in Your Street,Ulrich Schnauss,405.0
Scheme,Flaw,228.0
Oscar Tango,Penguin Cafe Orchestra,223.0
Only When You Leave,Spandau Ballet,301.0
Man On Your Mind,Little River Band,358.0
J'En Ai Marre,Alizée,307.0
The Rocket Builder (Io Pan!),Jóhann Jóhannsson,385.0
665,Soundgarden,97.0
Miss Teen Wordpower,The New Pornographers,204.0
The Crows Are Coming For Us,From First to Last,296.0
Slowdance,Soulwax,357.0
So Emotional,Whitney Houston,277.0
Almost Forgot Myself,Doves,283.0
(*Fin),Anberlin,524.0
Dig A Little Deeper,Peter Bjorn and John,230.0
Call It Pretending,Creedence Clearwater Revival,129.0
Mi Blenda,Damian Marley,281.0
Smokebomb,Ursula 1000,304.0
Saturday Satan,Powerwolf,318.0
Let's Lynch the Landlord,Dead Kennedys,134.0
Nothing Better,The Postal Service,227.0
Doll,Foo Fighters,84.0
Trooper,Boys Noize,341.0
Luna Roja,Soda Stereo,331.0
Send Me Your Money,Suicidal Tendencies,203.0
The Bells Play the Band,Bell Orchestre,80.0
Binti,Da Lata,353.0
Smash TV,Chase & Status,220.0
Promises,Nero,257.0
Double Vision,Foreigner,213.0
Circassian,Fennesz,349.0
Schrapnell,Isolée,262.0
Hey Saturday Sun,Boards of Canada,296.0
Cthulhu,The Acacia Strain,207.0
Syncopated City Revisited,London Elektricity,387.0
Werewolves of Armenia,Powerwolf,235.0
The Barren Lands,Ihsahn,315.0
Bad Sneakers,Steely Dan,199.0
Fisherman's Woman,Emilíana Torrini,107.0
Computer Face//Pure Being,Flying Lotus,153.0
Crawling King Snake,The Doors,299.0
Salt,Portugal. The Man,258.0
Beautiful Thieves,AFI,226.0
A Brief History of Love,The Big Pink,293.0
The Bleeding Heart Show,The New Pornographers,267.0
Space Beatle,The Beta Band,221.0
"Wake Dead Man, Wake",As Cities Burn,219.0
Who Will?,Patrick Wolf,211.0
Elusive Reaches,Ensiferum,206.0
Color Me Blind,Extreme,301.0
You Only Live Twice,Nancy Sinatra,165.0
A Little Wrong,Pati Yang,232.0
From The Rooftops,Groove Armada,289.0
My Half,Venetian Snares,424.0
Murder She Wrote,Chaka Demus & Pliers,218.0
My Life Inside Your Heart,Rise Against,182.0
Incessant Mace,Soundgarden,382.0
Panic in the Pentagram,Powerwolf,315.0
Les Grandes Marches,Moderat,268.0
Serge,The Herbaliser,335.0
Scars,Papa Roach,208.0
The Cancer,The Berzerker,189.0
World Eater,Bolt Thrower,286.0
Oi!,Orbital,304.0
Following You,Wolfsheim,299.0
Drunk Trumpet,Kid Koala,178.0
Forget Tomorrow,The Agonist,217.0
Nobody Does It Better,Carly Simon,212.0
My Last Semester,The Wonder Years,230.0
Innocent Bones,Iron & Wine,222.0
Purple Haze,Groove Armada,244.0
Sink,Brand New,200.0
For Miles,Thrice,267.0
Talk to Me,Peaches,185.0
Gin And Juice,Snoop Dogg,212.0
Tune Down,Chris Joss,281.0
In Snakes I Bathe,Annotations of an Autopsy,232.0
In The Shadow Of Life,Niyaz,246.0
Galeon,Łąki Łan,327.0
Been There All The Time,Dinosaur Jr.,221.0
You and I Misbehaving,Tilly and the Wall,257.0
Make Your Mind Up,Chairlift,265.0
Mind Killer,Freeland,208.0
This Will Never End,Blind Guardian,309.0
Soul Suckers,Amos Lee,170.0
Polyester Khakis,Mad Caddies,140.0
Come Clarity,In Flames,256.0
Chatma,Tinariwen,336.0
Ice Monster,Minus the Bear,244.0
Midnight Stars,Anoraak,173.0
Immortal Lives Young,Firewind,407.0
The Voice of Enigma,Enigma,141.0
Use You,Dave Gahan,288.0
House Music,Benny Benassi,242.0
Strugglin',Tricky,399.0
Chronological Order of Putrefaction,The Berzerker,170.0
Right You Are,Napalm Death,53.0
Riot in Everyone,Crashdïet,235.0
Home of the Brave,Spiritualized,156.0
One Time,Justin Bieber,215.0
Vivid Cheek Love Song,Deerhoof,135.0
Doomsday Party,Sybreed,261.0
Not So Sweet Martha Lorraine,Country Joe & The Fish,262.0
Taken Away (Instrumental),Digitalism,188.0
Manzanilla,Vibrasphere,536.0
One More Weekend,Bob Dylan,189.0
GIRL FRIEND,Base Ball Bear,247.0
Ionized,Monolake,678.0
Layers of Tranquility,Karunesh,427.0
Breathe Underwater,Placebo,223.0
Into The Night,Santana,222.0
Sun Doesn't Rise,Mushroomhead,194.0
The World Turned Upside Down,Coldplay,273.0
Fibre De Verre,Paris Combo,221.0
Cook Me Into The Bowl,Buck-O-Nine,178.0
Afro Left,Leftfield,453.0
Lyrics Of Fury,Tricky,201.0
Vomit the Soul,Cannibal Corpse,270.0
The Science Of Love,Foxy Shazam,184.0
Three Cheers for Five Years,Mayday Parade,343.0
When In Rome,Nickel Creek,256.0
Crutch Field Tongs,The Dillinger Escape Plan,53.0
Cellulose Sunshine,Stereolab,158.0
The Gulag Orkestar,Beirut,280.0
Steven's Last Night In Town,Ben Folds Five,208.0
Feeding Frenzy,Walls of Jericho,234.0
Manifest/Outro,Fugees,360.0
La Linea Scura,Ludovico Einaudi,307.0
Arsis,Gordian Knot,120.0
The Itch,Element Eighty,199.0
What We Know,Sonic Youth,236.0
We Gotta Live Together,Jimi Hendrix,352.0
Mista Mista,Fugees,162.0
Long May You Run,Neil Young,322.0
Tidal,Imogen Heap,230.0
She Paints Me Blue,Something Corporate,219.0
What I Miss About You,Katie Melua,228.0
I Won't Back Down,Tom Petty,178.0
Mean Monsoon,Dan Auerbach,225.0
Blood Of The Scribe,Lamb of God,264.0
From Sinking,Isis,657.0
Paper Tigers,Thrice,240.0
You're Gonna Pay,The Toasters,178.0
One Four Five,The Cat Empire,205.0
Shattered Soul,The Herbaliser,316.0
Still Remains,Stone Temple Pilots,213.0
Bird Gerhl,Antony and the Johnsons,195.0
The Broken Ones,Diva Destruction,255.0
Black Like Me,Spoon,206.0
Miss Gradenko,The Police,120.0
Keep Yourself Warm,Frightened Rabbit,333.0
James Blues,J. Tillman,148.0
Girl Anachronism,The Dresden Dolls,179.0
Sergeant Politeness,Failure,245.0
Tuolumne,Eddie Vedder,60.0
On The Motorway,Metronomy,157.0
Lie to Purify,Unearth,221.0
Zero M2,Benga,233.0
Suckerpunch,Delain,250.0
Early Birdie,Owl City,256.0
She'll Come Back To Me,Cake,144.0
Winter Is Blue,Vashti Bunyan,108.0
Listen Up,Oasis,381.0
Antisaint,Chevelle,261.0
Tears From the Moon,Conjure One,260.0
Head Home,Midlake,346.0
Good Friday,CocoRosie,263.0
Hell Hath No Fury Like a Woman Scorned,Angtoria,284.0
Devastator,The Blood Brothers,165.0
Jesus Doesn't Love Me,Dragonette,172.0
Killing You,Asking Alexandria,192.0
The One I Love,R.E.M.,198.0
Psychic Hearts,Thurston Moore,239.0
Everybody's Got Something To Hide (Except Me And My Monkey),The Feelies,249.0
Recess,Muse,216.0
My Reply,The Ataris,254.0
Hallelujah USA,Booka Shade,126.0
Kill to Believe,Bleeding Through,238.0
Insides,Jon Hopkins,278.0
Love's A Game,The Magic Numbers,290.0
GIRL FRIEND,Base Ball Bear,247.0
Father Of Lies,Whitechapel,244.0
White Willow,Elvenking,360.0
All Your Bass Belongs to Us,Combichrist,284.0
Look Away,Deerhoof,706.0
Funky Guru,Prem Joshua,345.0
Never Forget,Dropkick Murphys,169.0
Your Mistake,A Skylit Drive,228.0
Haunt Me,Sade,349.0
I Came Running,Ancient Astronauts,239.0
Sonata,Symphony X,86.0
Cue the Strings,Low,210.0
Cause and Effect,Napalm Death,85.0
Are You Ready for the Country?,Neil Young,204.0
Chapter II: The Final Victory,Haggard,216.0
Fix Me,Rise Against,55.0
Buggley Eyes,NOFX,91.0
The Sky And The Dawn And The Sun,Celtic Woman,319.0
48,"Tyler, the Creator",247.0
Shades Of Gray,Amorphis,328.0
Send Me Your Money,Suicidal Tendencies,203.0
"I'm Not A Thief, I'm A Treasure Hunter",A Skylit Drive,199.0
Too Close for Comfort,McFly,276.0
Your Place,Zero 7,366.0
Trip and Fall,The Planet Smashers,162.0
Despair,Yeah Yeah Yeahs,289.0
Everybody Is,Nine Black Alps,156.0
Crab,Weezer,155.0
I'm Not Satisfied,Frank Zappa,159.0
William Powers,The Maccabees,210.0
Self Immolation,Fear Factory,165.0
Amelia Desert Morning,Gustavo Santaolalla,83.0
We Gonna Rock,The Prodigy,278.0
...Baby One More Time,Britney Spears,210.0
See The Sky Again,Edwin McCain,253.0
The Difference,The Wallflowers,231.0
Crazy About You,Whiskeytown,166.0
IntenCity,ATB,326.0
Eddie's Gun,The Kooks,133.0
Reconstruction Site,The Weakerthans,165.0
K.I.N.G.,Satyricon,361.0
Not Listening,Papa Roach,190.0
Typical Girls,The Slits,248.0
Natureland,Amon Tobin,349.0
Set It Off Like Napalm,Emarosa,187.0
Die Motherfucker Die,Suicide Commando,370.0
2084,Ayreon,462.0
When the Sun Shone on Vetiver,Devendra Banhart,215.0
Sunshine Of Your Love,Ella Fitzgerald,198.0
Feral,Radiohead,193.0
Kidsos,Sebastian Ingrosso,401.0
Celtic Trance,Dagda,228.0
Dirty Black Summer,Danzig,313.0
Kiss Factory,Miss Kittin,278.0
Nilaya,Astral Projection,566.0
Remember (Walking in the Sand),Aerosmith,244.0
Embraced,Paradise Lost,269.0
Human Interest,Hooverphonic,228.0
Station Mir 2099,Vitalic,289.0
Midnite Cruiser,Steely Dan,240.0
Cottonflower,Moriarty,304.0
To Them These Streets Belong,Rise Against,169.0
Puzzle With a Piece Missing,Gotye,340.0
For Ex-Lovers Only,Black Tambourine,161.0
Copy Cat,Derrick Morgan,156.0
All Possibilities,Badly Drawn Boy,238.0
True To Myself,Ziggy Marley,225.0
The Last Hour,Elliott Smith,208.0
Butter,A Tribe Called Quest,219.0
A Pillar of Salt,The Thermals,164.0
So Haunted,Cut Copy,269.0
Krack,Soulwax,326.0
Vox Celeste,Deerhunter,216.0
Dance With Me Tonight,Leena Conquest,247.0
Without You Here,Finch,250.0
Planet Of Women,ZZ Top,245.0
Uncle Sam,Madness,256.0
Peeping Tom,Placebo,319.0
Bird Dream of the Olympus Mons,Pixies,181.0
El Castillo,Lara & Reyes,277.0
Tame,Pixies,116.0
Chic 'N' Stu,System of a Down,144.0
Crunked Up,Benga,219.0
Rub 'til It Bleeds,PJ Harvey,304.0
You Don't Belong,Daughtry,240.0
Going Away,Nitzer Ebb,250.0
Team Mate,Kaiser Chiefs,204.0
Dr. Bones,Cherry Poppin' Daddies,220.0
Beba,PANTyRAiD,232.0
Child-Heart Losers,Sunset Rubdown,122.0
Collapsing at Your Doorstep,Air France,274.0
White Sky,Vampire Weekend,179.0
Bad Trash,Switchblade Symphony,228.0
Cleo's Mood,Jr. Walker & The All Stars,162.0
Fall Silent,Groove Armada,273.0
Pacifique,Deep Forest,225.0
On Repeat,LCD Soundsystem,482.0
The Noise of Carpet,Stereolab,185.0
The Stops,Elbow,303.0
War Story,Choking Victim,173.0
Rumor Has It,Clay Walker,190.0
Westside,Athlete,241.0
Vox Celeste,Deerhunter,216.0
Say,John Mayer,229.0
Ask Me Anything,The Strokes,190.0
The Golden Floor,Snow Patrol,198.0
A Beautiful Mine,RJD2,329.0
Happy Guy,NOFX,119.0
Oh Sweet Woods,The Fiery Furnaces,150.0
Stranger Than Kindness,Nick Cave & The Bad Seeds,287.0
Something's Changed,Sharon Jones and the Dap-Kings,177.0
Lesson No. 2,Glenn Branca,295.0
Brown Metal,Hella,225.0
Mimeo,Efterklang,88.0
Swing Set,Jurassic 5,321.0
Tell Me What It's Worth,Lightspeed Champion,163.0
Redemption Song,Bob Marley & The Wailers,229.0
Touch Too Much,Hot Chip,247.0
The Headmaster Ritual,The Smiths,292.0
Perkission,Wagon Christ,332.0
Second Awakening,Kreator,288.0
Get Closer,Ben Westbeech,285.0
"This Month, Day 10",Cansei de Ser Sexy,237.0
When Distance Is The Closest Reminder,36 Crazyfists,228.0
Yama Yama,Yamasuki,135.0
Dorset Perception,Shpongle,493.0
A Little Something Refreshing,No Doubt,79.0
Passport Radio,Broken Social Scene,345.0
Theme From...,The Hives,171.0
Don't Look Down,Martin Garrix,221.0
Moon Theory,Miami Horror,265.0
Les Grandes Marches,Moderat,268.0
Two Steps Away,Mors Principium Est,347.0
Time To Say Goodbye,Katherine Jenkins,227.0
Simpatico Holgazan,Ska-P,246.0
Kickstand,Soundgarden,94.0
The Bottle,Gil Scott-Heron,305.0
Child Psychology,Black Box Recorder,248.0
Bloody Knuckles,Switchblade Symphony,162.0
Each Coming Night,Iron & Wine,208.0
Both Blood,Fear My Thoughts,246.0
Industry Standards,Comeback Kid,219.0
This Year,The Mountain Goats,232.0
Seven Days and One Week,BBE,270.0
"You're Crashing, But You're No Wave",Fall Out Boy,222.0
Viele,Fotos,302.0
Skrying,Mudvayne,338.0
Birds Of Fire,Mahavishnu Orchestra,342.0
Betrayal/Forgiveness,Apocalyptica,312.0
The Queen,Lady Gaga,317.0
I'm So Fly,Lloyd Banks,240.0
White Noise Monster,Arcturus,235.0
Long Vacation,Gold Panda,254.0
The Last Ammunition,Deathstars,249.0
Like Fountains,The Gathering,407.0
Say So,Doja Cat,238.0
If Leaving Me Is Easy,Phil Collins,296.0
Midnattens Widunder,Finntroll,264.0
Connected,Stereo MC's,242.0
Kiko,Dead Can Dance,482.0
Drive There Now,The Almost,191.0
Digging the Grave,Faith No More,184.0
Omission,John Frusciante,273.0
Scavenger of Human Sorrow,Death,417.0
Towards And Against,Amorphis,299.0
Om Hundrede Aar Er Alting Glemt,Borknagar,253.0
Oh Sheila,Ready For The World,242.0
Banish From Sanctuary,Blind Guardian,373.0
Comedia,Novembre,334.0
Hardships,Jenny Wilson,264.0
Skeleton Boy,Friendly Fires,214.0
Last Nite I Met a Costume,Glass Candy,232.0
Dreddoverboard,Nightmares on Wax,348.0
The Ruminant Band,Fruit Bats,201.0
All You Deliver,José González,140.0
"Heartbroken, In Disrepair",Dan Auerbach,201.0
A Certain Death,Misery Signals,206.0
Kungen är död,Kent,255.0
The Prize of Beauty,My Dying Bride,483.0
The Islander,Nightwish,306.0
I'm Not Crying,Flight of the Conchords,204.0
Broderskapets ring,Dimmu Borgir,331.0
Holdin' On Together,Phoenix,207.0
-1,Mudvayne,239.0
You Burn First,Alexisonfire,183.0
Nursery Rhyme / Breather,UNKLE,285.0
Tumbando Y Dando,Orishas,193.0
Cominagetcha,Propellerheads,423.0
New York (Ya Out There),Rakim,244.0
Marianas Trench,August Burns Red,258.0
Discotraxx,Ladytron,231.0
Shazam!,Beastie Boys,147.0
Gottes Tod,Das Ich,486.0
Line Up,Aerosmith,242.0
C'mon,A Sunny Day In Glasgow,268.0
Flak,The Future Sound of London,294.0
I Can't See You,Aemen,381.0
Endless Reverie,Azam Ali,347.0
Scheinwerfer,Beginner,294.0
Jealous Of The Moon,Nickel Creek,282.0
For All the Cows,Foo Fighters,209.0
Papua New Guinea (dub mix),The Future Sound of London,81.0
Skyforger,Amorphis,316.0
A Simple Restriction,God Module,235.0
Competition In Hatred,Heaven Shall Burn,154.0
Svartberg,Finntroll,247.0
Liebe zu dritt,Stereo Total,192.0
Grace Under Pressure,Elbow,298.0
Me Lambe,Raimundos,197.0
Back It Up,Caro Emerald,234.0
Heavenly Star,Genki Rockets,238.0
Nothing To Lose,Isabelle Antena,177.0
Sexy Love,Ne-Yo,220.0
Magic America,Blur,218.0
This Is a Call to Arms,Bandits of the Acoustic Revolution,83.0
So Low,Dope,195.0
You Make Me Like Charity,The Knife,185.0
Sea Of Joy,Blind Faith,322.0
Padded Cell,Black Flag,114.0
Bible Black,Heaven & Hell,390.0
Eaten,Bloodbath,261.0
Mirador,Efterklang,308.0
Eu Sei,Papas Da Língua,233.0
Under the Milky Way,The Church,299.0
"Someday, Right Now",Mustard Plug,206.0
Paper Thin Hotel,Leonard Cohen,339.0
I'm Sorry I Failed You,Venetian Snares,129.0
Riff Wraiths,Lightning Bolt,183.0
Street Fighting Man,The Rolling Stones,246.0
Bad Decisions,Ariana Grande,226.0
Kick Some Ass,Stroke 9,240.0
Banging Camp,The Hold Steady,254.0
Take On Me,Cap'n Jazz,183.0
Beast In Peace,Bear in Heaven,257.0
Side Of The Road,Babyshambles,129.0
My Superman,Santigold,181.0
Our Friend Lazarus Sleeps,I Am Ghost,175.0
Stings of Conscience,Unearth,305.0
"Very, Very Hungry",Brian Eno & David Byrne,200.0
Our Solemn Hour,Within Temptation,257.0
My Girlfriend's Boyfriend,Her Space Holiday,271.0
Come Here My Love,This Mortal Coil,222.0
Bells,The Naked and Famous,232.0
Let It All Hang Out,Weezer,198.0
Goody Goody,Frankie Lymon and The Teenagers,132.0
Untreatable Disease,Sparta,200.0
acid eyes,Kap Bambino,147.0
The Darkest Places,MxPx,155.0
Only Got One,Frou Frou,250.0
Sandpaper Kisses,Martina Topley-Bird,232.0
A Ballad to Forget,Soulwax,162.0
Zambra,Ojos de Brujo,406.0
St. John,We Are the Fallen,239.0
Shades Of Gray,Amorphis,328.0
Man Of Golden Words,Mother Love Bone,222.0
Dream Oblivion,Dark Tranquillity,229.0
Purple Haze,Groove Armada,244.0
Action & Action,The Get Up Kids,248.0
This Time Was Mine,Unearth,250.0
All Against All,The Haunted,275.0
A Matter of Time,Foo Fighters,276.0
Skywards,Dark Tranquillity,305.0
Curs in the Weeds,Horse Feathers,211.0
Brief Interviews With Hideous Men,I Set My Friends on Fire,98.0
Let It Rock,Kevin Rudolf,233.0
Fine Young Cannibals,Wolf Parade,392.0
Take,Low,152.0
It's Not A Tumor,Austrian Death Machine,195.0
Swisha,Ratatat,230.0
In Stone,Antimatter,470.0
A Girls Oath,Eluveitie,78.0
Trickbag,Refused,140.0
Turn Loose the Swans,My Dying Bride,608.0
Phone Home,The Dillinger Escape Plan,256.0
A Woman's Voice,Wax Tailor,203.0
Whamola,Les Claypool's Frog Brigade,297.0
Sweetheart Come,Nick Cave & The Bad Seeds,298.0
Salad Days,Mac DeMarco,149.0
This Cat Is a Landmine,65daysofstatic,285.0
Hushabye,Korn,232.0
Not Falling Apart,Maroon 5,244.0
Danger: Wildman,The Devil Wears Prada,276.0
Nlogax,Boards of Canada,414.0
The Final March,Heaven Shall Burn,246.0
Dying Light,Conjure One,405.0
Get Over It,OK Go,199.0
Don't Need It,Bad Brains,67.0
North American Scum,LCD Soundsystem,329.0
If We Don't Make It We'll Fake It,Death from Above 1979,122.0
Hotel Intro,Moby,115.0
Be Gone,Brand New,90.0
Horse Tears,Goldfrapp,310.0
Through The Horned Gate,3 Inches of Blood,127.0
Early Mornin',Britney Spears,226.0
Cover My Eyes,La Roux,272.0
Bluebirds,Adam Green,128.0
You Always Hurt The One You Love,The Mills Brothers,192.0
Let My Love Open The Door,Pete Townshend,163.0
Signs of Love,Moby,266.0
Shattered Pieces,Otep,250.0
A Whole Child Ago,Biffy Clyro,262.0
Deixa O Menino Jogar,Natiruts,280.0
You'll Always Find Me In The Kitchen At Parties,Jona Lewie,187.0
Cast Down the Heretic,Nile,345.0
Biscuits For Smut,Helmet,173.0
Two Ways Out,Darker My Love,203.0
Ces petits riens,Stacey Kent,242.0
Chapel Of Love,The Dixie Cups,167.0
Fleeting Instant,Delerium,247.0
Electric Hearts,Cash Cash,212.0
Demanufacture,Fear Factory,253.0
Mother Superior,Coheed and Cambria,398.0
Come Back Down,Lifehouse,275.0
Funky Acid Stuff,Luke Vibert,282.0
Agoraphobia,Incubus,233.0
Word Up!,Korn,171.0
Elektro M.J.,Le Peuple de l'Herbe,266.0
Red Alibi,Sparta,223.0
Jezebel,Sade,329.0
She Likes Surprises,Soundgarden,198.0
Making Enemies,Snow Patrol,259.0
Impossible Bouquet,No Age,130.0
Tahquamenon Falls,Sufjan Stevens,139.0
Olancha Farewell,Harold Budd,138.0
Artillery,Infected Mushroom,269.0
This Is What,Emigrate,278.0
One Tree Hill,U2,323.0
Watch Over You,Alter Bridge,259.0
Snow On The Sahara,Anggun,258.0
Pink Dress,Ayria,302.0
I Know There's Something Going On,Frida,248.0
Ghost Under Rocks,Ra Ra Riot,267.0
The Devil Rides Out,Reverend Bizarre,371.0
Monster Hit,Shpongle,537.0
Code,Faithless,96.0
No Man Can Find The War,Tim Buckley,199.0
I Won't Give Up,Jason Mraz,240.0
Blue Tag,At the Drive-In,197.0
A Bitch Iz a Bitch,N.W.A,191.0
Danger of the Water,The Futureheads,178.0
Just an Illusion,Imagination,389.0
Second Hand News,Fleetwood Mac,174.0
Silence Is Golden,The Tremeloes,190.0
Witchfinder General,Witchfinder General,232.0
Second Skin,The Chameleons,483.0
Die Trommel,Subway to Sally,232.0
Nocturnal Vision Revisited,Arcturus,316.0
Born In The 50's,The Police,222.0
Thousand Years Of Oppression,Amon Amarth,341.0
Cultivate,Mudvayne,258.0
Shroud (Exordium),Fields of the Nephilim,343.0
Desert Search for Techno Allah,Mr. Bungle,324.0
Bistro,Madvillain,68.0
Rüssel An Schwanz,Wir sind Helden,294.0
Tear Strips Off,Tipper,252.0
SURVIVE,雅-MIYAVI-,213.0
Turtle trouble,Para One,269.0
Don't Trust,Kreator,223.0
Great Hosannah,Kula Shaker,370.0
When the Sun Grows on Your Tongue,Black Moth Super Rainbow,160.0
Rainbow Warrior,Týr,329.0
Voices in the Fan,Devin Townsend,280.0
Themata,Karnivool,340.0
Meat Is Murder,The Smiths,366.0
The Heart Remains a Child,Everything But the Girl,230.0
I Love The Bloody Beetroots,The Bloody Beetroots,328.0
I Slept With Bonhomme at the CBC,Broken Social Scene,326.0
Half a Canyon,Pavement,370.0
21 Things I Want in a Lover,Alanis Morissette,208.0
Wataridori,Cornelius,417.0
Karaoke Plays,Maxïmo Park,248.0
La Bayamesa,Buena Vista Social Club,174.0
Twilight Omens,Franz Ferdinand,152.0
I'm Mad Again,The Animals,254.0
Waiting On A War,36 Crazyfists,250.0
Left For Dead,Chimaira,342.0
Miss U,Blackfield,280.0
Jericho,The Prodigy,223.0
I'll Keep On Dreaming,Stream of Passion,225.0
All in Forms,Bonobo,292.0
The Last Song Ever,Secondhand Serenade,278.0
Teach U a Lesson,Robin Thicke,269.0
Sangue De Beirona,Cesária Évora,211.0
Truman Sleeps,Philip Glass,112.0
Losers' Ballet,DeadLock,400.0
My Lover's Prayer,Otis Redding,191.0
Vanus Empty,Dead Poetic,234.0
Churning the Maelstrom,Nile,187.0
Winged/Wicked Things,Sunset Rubdown,286.0
Runnin' With A Gun,Slightly Stoopid,209.0
Land Ho!,The Doors,248.0
Maddening Disdain,Arsis,210.0
No Human Can Drown,Clan of Xymox,203.0
Basher,Slightly Stoopid,152.0
Chatma,Tinariwen,336.0
Your Kisses Are Wasted On Me,The Pipettes,132.0
To Know Our Enemies,Hate Eternal,255.0
Tear You Down,Brookes Brothers,352.0
Never Know,Jack Johnson,213.0
We Gathered In Spring,Midlake,215.0
Error 404,SKOLD vs. KMFDM,218.0
It's A Shame,The Spinners,192.0
Tom Waits,The Fall of Troy,183.0
Saw You Drown,Katatonia,304.0
Lucky Girl,DJ Mehdi,243.0
Ode To Isis,...And You Will Know Us by the Trail of Dead,77.0
Look of Today,Enigma,223.0
Yr Broom,Someone Still Loves You Boris Yeltsin,97.0
What Drives The Weak,Shadows Fall,284.0
Inner Strength,Flaw,223.0
Brand New Thing,Adema,221.0
Eddie Vedder,Local H,210.0
A Girls Oath,Eluveitie,78.0
One Mo!,PANTyRAiD,366.0
Last Year,Joanna Gruesome,172.0
One Rode to Asa Bay,Bathory,625.0
Good Morning Revival,Good Charlotte,57.0
Eu Sei,Papas Da Língua,233.0
Cycle Time,Liars,136.0
Nonus Aequilibrium,Emperor,349.0
Something So Strong,Crowded House,172.0
Sweet Feeling,Black Rebel Motorcycle Club,205.0
Tortured Soul Asylum,Cradle of Filth,466.0
Taste Of Blood,Archive,275.0
A Future Uncertain,Nevermore,368.0
Light My Fire (Live),Massive Attack,195.0
Won't You Come Home,Devendra Banhart,212.0
Electric Uncle Sam,Primus,176.0
Friday's Dust,Doves,215.0
Sentenced to Burn,Cannibal Corpse,186.0
Broken Little Sister,Death in Vegas,319.0
Queen Of The Air,Everclear,180.0
Universal Traveler,Air,262.0
All Is Loneliness,Moondog,98.0
Natja,Death in Vegas,230.0
Lightning Bulb,Dinosaur Jr.,226.0
The Girl From Back Then,Kings of Convenience,150.0
Fiskarens Fiende,Finntroll,227.0
Architects,Rise Against,223.0
Angela's Lament,Thunderball,279.0
The Animal Song,Savage Garden,278.0
Jacqueline,Franz Ferdinand,229.0
March of the Fire Ants,Mastodon,266.0
Lyrics Of Fury,Tricky,201.0
Blame It,Jamie Foxx,290.0
Survival Of The Sickest,Saliva,248.0
Like Gold,Erlend Øye,264.0
Förspel & Intrång,Lifelover,88.0
Divenire,Ludovico Einaudi,423.0
Don't Ask Me,OK Go,166.0
Purging,Boys Night Out,220.0
L'Aventurier,Indochine,233.0
Double Pump,Girl Talk,105.0
La Cerca,Sparta,224.0
Fanfare,Bathory,216.0
Hurry,The Starting Line,173.0
If U Can't Dance,Spice Girls,229.0
Dying Light,Conjure One,405.0
Driving This Road Until Death Sets You Free,Zombie Zombie,341.0
Don't Give a Damn,Chairlift,262.0
Enigmatism,Mike Oldfield,210.0
Sé Lest,Sigur Rós,524.0
Midas Touch,Midnight Star,234.0
Carolina Drama,The Raconteurs,355.0
Tuolumne,Eddie Vedder,60.0
Haunt Me,Sade,349.0
Braindome,Ufomammut,368.0
From the Deeps,1349,386.0
Switch Opens,Soundgarden,233.0
Escape (The Bloody Beetroots Remix),The Toxic Avenger,280.0
Pree-Sisters Swallowing a Donkey's Eye,Neutral Milk Hotel,829.0
Nailed. Dead. Risen.,Impending Doom,217.0
Recreation Day,Evergrey,319.0
No Man Can Find The War,Tim Buckley,199.0
Sehnsucht,Rammstein,244.0
Six Feet Up,The Octopus Project,233.0
Collapsing at Your Doorstep,Air France,274.0
You've Got It Bad Girl,Stevie Wonder,297.0
Tales of Brave Ulysses,Cream,167.0
La La Means I Love You,Alton Ellis,187.0
Per Te,Josh Groban,255.0
Guns of Brixton,Nouvelle Vague,247.0
She Moves She,Four Tet,282.0
Hands Open,Snow Patrol,196.0
Fatal Beating,Hybrid,270.0
Make Your Move,New Found Glory,242.0
I Don't Wanna Go There,Dinosaur Jr.,523.0
Ice Cube,Juno Reactor,423.0
Left Coast Envy,The Starting Line,265.0
Racecars,Allister,159.0
You Got The Style,Athlete,206.0
Holdin' On Together,Phoenix,207.0
Archipelago,Miike Snow,245.0
When We Are Together,Texas,211.0
The Emperor,Megadeth,232.0
Oregon,The Cinematic Orchestra,235.0
Una palabra,Carlos Varela,152.0
Reservations,Wilco,443.0
Sheet Metal Girl,Pig Destroyer,69.0
Les Nuits Parisiennes,Louise Attaque,152.0
Erotomania,Dream Theater,404.0
Modern Drift,Efterklang,294.0
All Possibilities,Badly Drawn Boy,238.0
Enfilade,At the Drive-In,301.0
Shake Is for 8th Graders,El Grupo Nuevo de Omar Rodriguez Lopez,133.0
Treasonous,Bloodbath,253.0
No More Tears,Ozzy Osbourne,443.0
Symphony of Destruction,Megadeth,290.0
Kangaroo Cry,Blue October,293.0
In Between 4th And 2nd Street,Emery,33.0
Happiness By The Kilowatt,Alexisonfire,303.0
Never Dead,Megadeth,273.0
Glora,Björk,103.0
Girl (You Chew My Mind Up),The Presets,232.0
Flowers In December,Mazzy Star,298.0
Darts,System of a Down,163.0
Down In It,Nine Inch Nails,226.0
2 Towers,Lightning Bolt,429.0
Date Line (I Am Gone),Yellowcard,203.0
Mindfields,The Prodigy,340.0
Rock'n Roll,Daft Punk,454.0
Blood of the Sunsets,At the Gates,269.0
School Spirit Skit 2,Kanye West,44.0
Bad Boy Boogie,AC/DC,268.0
The Way to Heaven,Buckethead,350.0
Sacred Hell,Edguy,338.0
Coming Up,Paul McCartney,206.0
Face Pollution,Soundgarden,144.0
Arion,Blue States,275.0
CAFO,Animals as Leaders,401.0
Love Has A Diameter,Biffy Clyro,271.0
Unless It's Kicks,Okkervil River,279.0
The Damage In Your Heart,Weezer,243.0
Radian,Air,458.0
Winning Style,Propellerheads,358.0
Hearing Voices,Suicidal Tendencies,253.0
Runamoine,Korpiklaani,243.0
The Air Is Getting Slippery,Primus,151.0
Coventry,Chicks On Speed,224.0
Tony Adams,Joe Strummer and the Mescaleros,393.0
Dirty Frank,Pearl Jam,341.0
Luminescence,Jean-Claude Chapuis,182.0
Square 1,Paul Kalkbrenner,396.0
An Ocean Between,This Providence,169.0
"If I Don't Live Today, Then I Might Be Here Tomorrow",Mando Diao,120.0
I Got A Feelin',Billy Currington,194.0
It's a Wonderful Life,Sparklehorse,179.0
Raped by the Devil,Imperia,254.0
Hello Joe,Beatsteaks,209.0
Jake Jeckel,Insane Clown Posse,86.0
Where You Are,Deine Lakaien,251.0
That Song In My Head,Julianne Hough,193.0
Impera,Era,280.0
Crimewave (Crystal Castles vs HEALTH),Crystal Castles,259.0
Black Door,The Black Keys,210.0
Mirrored,Beatsteaks,199.0
Soul Society,Kamelot,258.0
Rejoicing in the Hands,Devendra Banhart,101.0
Fast Car,Tracy Chapman,297.0
Everything You Know Is Wrong,Antimatter,244.0
The City Limit,The Radio Dept.,353.0
Montanita,Ratatat,300.0
Inner Flight,Primal Scream,302.0
From My Cold Dead Hands,Combichrist,258.0
Bloodletting,Marduk,348.0
Put It Down,The-Dream,302.0
All The World Is Mad,Thrice,238.0
Secret Smile,Semisonic,269.0
Hearts Alive,Mastodon,820.0
Adrienne,The Calling,270.0
Röyksopp Forever,Röyksopp,300.0
Della Brown,Queensrÿche,361.0
Live For This,Hatebreed,171.0
Tax Free,Jimi Hendrix,501.0
Mot Skuggornas Värld,Finntroll,283.0
Rotten Soil,Entombed,205.0
Zodiac Virtues,Diablo Swing Orchestra,288.0
The Pharaoh,Edguy,637.0
Find My Soul,Sally Shapiro,294.0
Buster Voodoo,Rodrigo y Gabriela,326.0
So Here We Are,Bloc Party,232.0
Beautiful Life,Ace of Base,221.0
Taylor,Jack Johnson,239.0
Benzai-Ten,Blackmore's Night,232.0
So I Need You,3 Doors Down,230.0
Like I Love You,The Hitmen,478.0
Blåjeans,Kent,178.0
Devil's Spoke,Laura Marling,218.0
Better Than You,Metallica,322.0
Goodnight Laura,Spoon,149.0
Alkohol,Herbert Grönemeyer,269.0
One Hour Empire,Broadcast,103.0
Foreign Policy,Megadeth,148.0
Astronomy,Metallica,398.0
The Sicilian,Bonobo,264.0
Scissor Lock,dredg,203.0
Eating Spiders,Psapp,256.0
Jazz it at Home,Birdy Nam Nam,357.0
The Sequel,St. Vincent,114.0
Uncanny,Anberlin,207.0
Thor Arise,Amon Amarth,391.0
Fuck this Band,mclusky,219.0
Cross Oceans,First Aid Kit,167.0
A Beautiful Morning,The Rascals,156.0
Drive My Car,The Beatles,153.0
A Call To Awake (the Quest),Orphaned Land,370.0
Seductive Barry,Pulp,511.0
Floating Vibes,Surfer Blood,234.0
Industry Standards,Comeback Kid,219.0
Straw Dog,Something Corporate,229.0
Bootylicious,Destiny's Child,208.0
The Best Day,Taylor Swift,245.0
Damages,Converge,266.0
Brave New World,Iron Maiden,379.0
Burn The Fleet,Thrice,227.0
Ella Guru,Captain Beefheart & His Magic Band,150.0
Midnattens Widunder,Finntroll,264.0
Verdelet,Akercocke,286.0
In These Arms,Bon Jovi,319.0
Clint Eastwood (Phi Life Cypher Version),Gorillaz,292.0
Mother Mary,Foxboro Hot Tubs,166.0
Something I Need,OneRepublic,240.0
Pretty Bird,Jenny Lewis,227.0
Azwethinkweiz,Incubus,228.0
An Imagined Affair,Elbow,284.0
Fall Apart,Less Than Jake,189.0
Like Blood Does,Cymbals Eat Guitars,454.0
Microsize Boy,Tweaker,193.0
"Mahna, Mahna",Cake,174.0
La Esquina,Federico Aubele,205.0
We've Been Had,The Walkmen,199.0
Links 2 3 4,Rammstein,220.0
Cutter,Converge,100.0
Don't Drink Poison,Le Tigre,169.0
Manu,Renaud,163.0
Precursor,Amon Tobin,279.0
Vodevil,Marilyn Manson,280.0
And I,Box Car Racer,192.0
In Transit,"Albert Hammond, Jr.",215.0
Between Shit and Piss We Are Born,Anaal Nathrakh,235.0
Bullet Theory,Funeral for a Friend,235.0
Convalescent,dredg,212.0
Summer Shudder,AFI,187.0
Tax Free,Jimi Hendrix,501.0
Blown,LFO,363.0
The High Road,Broken Bells,231.0
Settle For A Slowdown,Dierks Bentley,224.0
Heart's Done Time,Aerosmith,282.0
Give You My Lovin,Mazzy Star,230.0
Snakes On the Ladder,Handsome Furs,270.0
Break You,Lamb of God,215.0
Skies So Blue,The Rocket Summer,282.0
Sometimes When It Rains,Secret Garden,272.0
The Waves Of Gola,Altan,225.0
Dirty Window,Metallica,325.0
"Are You Okay, Kiddo?",Heavy Heavy Low Low,137.0
Circle of Power,Soundgarden,125.0
Bodies,Drowning Pool,202.0
The New World,In Flames,202.0
Plug 'N' Die,Dope Stars Inc.,375.0
Love Revolution,Lenny Kravitz,195.0
Faded Beauty Queens,The Thrills,220.0
Ash,Luna Mortis,281.0
Little Toy Brain,Gov't Mule,314.0
Bat You'll Fly,Animal Collective,304.0
Signal Fire,Snow Patrol,266.0
Good Bait,Nina Simone,326.0
Onemosphere,Atmosphere,137.0
Night Of The Thumpasorus Peoples,Parliament,310.0
Russian Literature,Maxïmo Park,187.0
"spieglein, spieglein",Gisbert zu Knyphausen,160.0
Clockface,Siouxsie and the Banshees,114.0
Kraft,Bosse,211.0
Jeopardy,Run the Jewels,202.0
Untouchable,Taylor Swift,311.0
Beauty Beats,Beats Antique,225.0
Mirror Remains,Bauhaus,298.0
Present Tense,Radiohead,307.0
Deora Ar Mo Chroí,Enya,169.0
I Won't Kneel,Groove Armada,299.0
Coma Complacency,Japandroids,185.0
Salute,Little Mix,235.0
Chambermaid Swing,Parov Stelar,335.0
Together We Will Live Forever,Clint Mansell,305.0
Waiting Phase One,Porcupine Tree,267.0
Blah Blah Blah,Ke$ha,172.0
The Stone of Impermanence,Fennesz,398.0
Sunspots,Nine Inch Nails,243.0
Starforsaken,In Flames,190.0
Illuminaughty,Infected Mushroom,290.0
In Reverie,Saves the Day,148.0
Cuffs,Zeigeist,211.0
Unleashed,Epica,383.0
Machine Men,Bruce Dickinson,342.0
"So Long, Lonesome",Explosions in the Sky,220.0
Ghost Mountain,The Unicorns,190.0
She Said,Plan B,208.0
I'll Tumble 4 Ya,Culture Club,156.0
Windowpane,Opeth,481.0
Sing Me Out the Window,múm,282.0
Who Shot Ya,The Notorious B.I.G.,228.0
My Last Semester,The Wonder Years,230.0
A Place in the Sun,Lit,260.0
Blood Turned To Tears,As I Lay Dying,97.0
O.N.E.,Yeasayer,321.0
Sister Ray,The Velvet Underground,1049.0
Hyperballad,Björk,322.0
Moneybox,Eliza Doolittle,184.0
Starlady,Pentagram,324.0
Forgotten,Linkin Park,194.0
If Lovin' You Is Wrong,Faithless,260.0
Touch of My Hand,Britney Spears,259.0
Baby Let Me Take You Home,The Animals,142.0
Dark Cell,DeadLock,265.0
Oh How I Miss You,Broadcast,77.0
Hoboken,Operation Ivy,72.0
Like A Bullet,Stefanie Heinzmann,147.0
Chemical Breed,Panzer AG,245.0
Crew Cut Chuck,Mad Caddies,116.0
Everyone I Went to High School With Is Dead,Mr. Bungle,165.0
Ending Theme,Pain of Salvation,299.0
Electric Alice,Grinderman,195.0
Principles of Lust,Enigma,189.0
Ain't No Sunshine,Jazzamor,251.0
Weird Era,Deerhunter,160.0
Two Silver Trees,Calexico,230.0
Heavy Cloud No Rain,Sting,228.0
Here Come The Rome Plows,Drive Like Jehu,343.0
Divenire,Ludovico Einaudi,423.0
I Ran Away,Coldplay,267.0
Out Of Control,Hoobastank,162.0
Medicine Ball,Eminem,237.0
Hahnenkampf,K.I.Z.,233.0
Internet Era Alienation,Insect Warfare,42.0
Sao Paulo,Morcheeba,269.0
Send The Death Storm,The Red Chord,205.0
Back Into Your System,Saliva,271.0
The '59 Sound,The Gaslight Anthem,188.0
Culpable,Vicentico,238.0
Messengers,Lagwagon,117.0
777,Autechre,350.0
Willow Tree,G. Love & Special Sauce,207.0
Missionary,Operation Ivy,127.0
Agenbite of Inwit,The Most Serene Republic,126.0
Knights of Damcar,Secret Chiefs 3,179.0
It's All In My Mind,Teenage Fanclub,221.0
Standing Next to Me,The Last Shadow Puppets,143.0
What Do You Go Home To?,Explosions in the Sky,300.0
Deafening Love,Bear in Heaven,294.0
Mommy Complex,Peaches,174.0
Gravedigging,The Classic Crime,225.0
Throw,Paperclip People,884.0
Beni Unutma,Sezen Aksu,293.0
Strange Vine,Delta Spirit,248.0
Flying Dream 143,Elbow,108.0
Kollaps,Einstürzende Neubauten,484.0
Moon Temple,Karunesh,349.0
Sketchead,Arctic Monkeys,123.0
Fade to Black,Metallica,417.0
Burden of Tomorrow,The Tallest Man on Earth,214.0
Avenious,Aborted,281.0
Die With Your Boots On,Iron Maiden,327.0
Where Were U in '92?,Zomby,124.0
Illegal i Song,Velvet Revolver,257.0
Morning Theft,Jeff Buckley,218.0
Red Red Wine (Edit),UB40,183.0
Giving It Away,MAE,327.0
Sing for Me,Yellowcard,234.0
From the Deeps,1349,386.0
Wurzelbert,Equilibrium,299.0
Why You Wanna Treat Me So Bad?,Prince,231.0
The One,Limp Bizkit,343.0
I'll Be Gone,Linkin Park,211.0
The Sacrifice,Michael Nyman,170.0
Dessumiis Luge,Eluveitie,208.0
Untouchable,Taylor Swift,311.0
California Dreamin',The Mamas & the Papas,149.0
My Love Is Shared,Death from Above 1979,112.0
In A Heartbeat,Koop,310.0
Contagious,Boys Like Girls,202.0
Never Before,Deep Purple,242.0
Kids,MGMT,305.0
Everglade,Tortoise,262.0
In The Woods,NORA&LEO,100.0
The Show,Lenka,236.0
357,Cam'ron,205.0
And Sleep Al Mar,Au Revoir Simone,234.0
The Climb,Miley Cyrus,237.0
Devoid,Whitechapel,171.0
Vacuum Garden,Squarepusher,363.0
Jam,Michael Jackson,338.0
Recycled Air,The Postal Service,269.0
Blackthorn,Anúna,199.0
U Missing,Smolik,233.0
Desperate Times Call for Desperate Housewives,Greeley Estates,188.0
On The DL,The Pharcyde,268.0
Spare Parts Express,Orbital,608.0
I Killed You,Torture Killer,199.0
Bullet,Misfits,99.0
Worn Out Blues,Gotye,38.0
Hit The Heartbrakes,Black Kids,224.0
Tonada Yanomaminista,Devendra Banhart,176.0
Sun Lips,Black Moth Super Rainbow,196.0
The Genuine Pulse,Borknagar,291.0
Baby (You've Got What It Takes),Dinah Washington,168.0
Prime Mover,Ghost,233.0
Coração Bobo,Alceu Valença,219.0
Introduktion,Koop,107.0
Hearts And Flowers,Lamb,323.0
A Reminder,Radiohead,234.0
Vices,Brand New,204.0
The Latest Toughs,Okkervil River,191.0
Kids on the Run,The Tallest Man on Earth,292.0
You Stayed,De-Phazz,247.0
Ever Dream,Nightwish,283.0
A Ghost Story,Atlas Sound,164.0
Nero,Two Steps from Hell,207.0
A Wolfchant From The Mountain Side,Wolfchant,307.0
Disintegration,The Cure,500.0
Asator,Amon Amarth,184.0
The Ballad of The RAA,The Rural Alberta Advantage,209.0
Can I Get a Witness,The Rolling Stones,176.0
Petrol,Orbital,380.0
Warheart,Children of Bodom,241.0
Polychords,Matmos,212.0
Long Lost Penpal,Hello Saferide,254.0
Needles,System of a Down,194.0
Genesis Torn,Borknagar,315.0
Song For Lovers,The Dø,144.0
From the Heaven of My Heart,Amorphis,320.0
Walk All Over You,AC/DC,310.0
Owlwood,Cult of Luna,460.0
What Is Wrong,Tricky,213.0
Clickity Clack,Alela Diane,230.0
O.C.B.,Timo Maas,319.0
Dante's Inferno,Iced Earth,987.0
Enterprise,Black Tide,270.0
I'm Above,Mad Season,345.0
In Every Mind,Red Sparowes,186.0
Dory Previn,Camera Obscura,256.0
(There's) Always Something There To Remind Me,Sandie Shaw,163.0
Rent,Pet Shop Boys,309.0
Default,Django Django,184.0
Knives,Colony 5,280.0
I Don't Know for Sure,Hüsker Dü,150.0
Get in the Ring,Guns N' Roses,341.0
Loathsome,Pig Destroyer,244.0
Something Kinda Funny,Spice Girls,245.0
Erla's Waltz,Ólafur Arnalds,135.0
Orosirian,The Ocean,389.0
Soul Society,Kamelot,258.0
Come With Me If You Want To Live,Austrian Death Machine,227.0
The Covenant,Betraying the Martyrs,219.0
Beep Street,Squarepusher,397.0
No. 6 Von Karman Street,A Sunny Day In Glasgow,256.0
You're Over,Parkway Drive,197.0
"No Light, No Hope",Swallow the Sun,282.0
Search and Destroy,The Stooges,213.0
Första sista,Familjen,259.0
Float Through Stars,The Funky Lowlives,252.0
Sorry Son,The Cranberries,206.0
Red Sun No. 5,Owen Pallett,221.0
Dråp,Finntroll,421.0
What It Feels Like,DAY26,250.0
I Wish I Had Duck Feet,Orbital,247.0
Time Is My Everything,Ian Brown,232.0
Ladybird,Ladytron,278.0
Hey Light,Animal Collective,341.0
The Curtain Falls,Riverside,480.0
Soap Star Joe,Liz Phair,164.0
So It Goes,The Verve,371.0
Iron Tusk,Mastodon,183.0
Good Bait,Nina Simone,326.0
Starved,Born of Osiris,167.0
Green Knight,Memory Tapes,276.0
Still Rainin',Jonny Lang,289.0
Youth Gone Wild,Skid Row,198.0
Mein Herz brennt,Rammstein,280.0
Sognariket Si Herskarinne,Windir,257.0
Angelic Particles,Hallucinogen,391.0
Eggplant,Gui Boratto,407.0
Hollywood's Not America,Ferras,195.0
Bath Of Least Resistance,NOFX,107.0
I Can't Wake Up,KRS-One,214.0
Tomorrow Comes Today,Gorillaz,194.0
Black Limousine,The Rolling Stones,214.0
Tannhäuser / Derivè,Refused,489.0
The Man That Knew Too Much,Silverchair,261.0
"Mahna, Mahna",Cake,174.0
Fake French,Le Tigre,173.0
Carbomb,The Acacia Strain,120.0
My Fantasy,Miles Kane,200.0
I Believe You,Celldweller,206.0
No Child Of Mine,PJ Harvey,65.0
Coming In From The Cold,Bob Marley & The Wailers,271.0
Commute,Theatre of Tragedy,329.0
I'll Stand by You,Glee Cast,230.0
Model,Balanescu Quartet,227.0
Steeled Blues,The Yardbirds,159.0
Stickshifts And Safetybelts,Cake,129.0
Missing The War,Ben Folds Five,259.0
Zero Nowhere,Eyehategod,263.0
Pistola Hub Club,Xploding Plastix,198.0
The Inch,Peaches,203.0
Let It Rock,Kevin Rudolf,233.0
Cruzer,Cujo,868.0
Hello Again,Hoobastank,182.0
Howling,Morcheeba,221.0
Andres,L7,184.0
I Can't Wake Up,KRS-One,214.0
Tire Me,Rage Against the Machine,178.0
Der Rutenmarsch,Belphegor,333.0
Circlewave,Squarepusher,388.0
Bhangra Fever,Midival Punditz,298.0
The Boys Are Leaving Town,Japandroids,239.0
"So Long, Lonesome",Explosions in the Sky,220.0
No Dream Can Heal A Broken Heart,Sonata Arctica,273.0
Babies With Guns,Aesop Rock,307.0
Something Real,Soil,187.0
With The Notes In My Ears,Peter Broderick,160.0
The Richest Man in Babylon,Thievery Corporation,230.0
Como Me Pongo,Ska-P,165.0
Like a Drug,Kylie Minogue,197.0
Orgelblut,Bohren & der Club of Gore,373.0
K Domu Svaroga,Arkona,321.0
Nevermind Me,Maria Mena,235.0
Screen Door,Uncle Tupelo,163.0
Since You Were Gone,Chromeo,176.0
Pod Mechami,Arkona,307.0
Thunderpick,Manowar,212.0
Brain,Banks,282.0
Obfuscation,Between the Buried and Me,555.0
Vermillion,ギルガメッシュ,190.0
Southern Cross,"Crosby, Stills & Nash",310.0
Rumor Has It,Clay Walker,190.0
Shelf In The Room,Days of the New,284.0
"Ravenous, Ravenous Rhinos",I Set My Friends on Fire,163.0
Together as Lost,Diablo,217.0
Autography,The Starting Line,218.0
In Difference,Holy Other,162.0
As The Ruin Falls,Thrice,124.0
Queens Get The Money,Nas,132.0
Day Is Done,Nick Drake,146.0
Take My Hand,Dido,403.0
Strange Feelin',Tim Buckley,340.0
Forhekset,Satyricon,272.0
Little Boys in the Ghetto,Suburban Kids with Biblical Names,202.0
The Winter Wake,Elvenking,259.0
An Honest Mistake,The Bravery,218.0
Angel Dance,Robert Plant,229.0
Daffodil Lament,The Cranberries,366.0
Evil Hoodoo,The Seeds,320.0
Kids With Guns (Hot Chip Remix),Gorillaz,430.0
Prozac vs. Heroin,The Brian Jonestown Massacre,234.0
Womanizer,Britney Spears,225.0
Trani,Kings of Leon,301.0
Settlin',Sugarland,207.0
Nothin' Good About Goodbye,Hinder,233.0
Seabird,Black Dice,398.0
The Casualty,Cursive,210.0
Are You Ten Years Ago,Tegan and Sara,198.0
Horchata,Vampire Weekend,207.0
Rhinestone Eyes,Gorillaz,200.0
Barael's Blade,The Sword,168.0
Riverdance,Celtic Spirit,240.0
Hurt Me,Kerli,217.0
Vai Vai,Thunderball,287.0
Everything Is OK,Halou,272.0
Graves Of The Fathers,Cryptopsy,118.0
Laughing Stock,Grandaddy,360.0
Rainstorming,Birdy Nam Nam,133.0
The Rocky Road to Dublin,Dropkick Murphys,157.0
Best God In Show,NOFX,210.0
Pollution,Limp Bizkit,233.0
Pulled Under at 2000 Metres a Second,Anathema,323.0
River,Joni Mitchell,245.0
A Little Bit of Soul,Kid Loco,245.0
In a Pale Moon's Shadow,Haggard,664.0
Happy Birthday!,Modeselektor,244.0
The Constant,I Blame Coco,212.0
Liquid Sun,Astral Projection,660.0
One Line,PJ Harvey,193.0
G-Force,Ciccone Youth,220.0
Kissed by a kisser,Xploding Plastix,407.0
Klavier,Rammstein,262.0
DARE (Junior Sanchez Remix),Gorillaz,326.0
You Are The Only One I Love,Jaymay,296.0
House At Pooh Corner,Loggins & Messina,257.0
Left of the Dial,The Replacements,223.0
Back From Space,Amon Tobin,293.0
Dance Hall,Modest Mouse,177.0
Where Shadows Dance,Anathema,118.0
#10,Aphex Twin,438.0
Don't Change Your Plans,Ben Folds Five,311.0
Centre,Pornopop,263.0
The Prettiest Sea Slug,Blockhead,276.0
Settling Down,Jerry Cantrell,373.0
Shadow On The Sun,Audioslave,343.0
Hypersonic,Jane's Addiction,213.0
Nowhere Near,Yo La Tengo,364.0
The Technicolor Phase,Owl City,268.0
Marshland,Mortiis,284.0
Forget Myself,Elbow,322.0
The Fortunate,Cartel,174.0
Unlike Me,Kate Havnevik,285.0
Riot Act,Skid Row,160.0
Taste in Men,Placebo,255.0
Tortured Soul Asylum,Cradle of Filth,466.0
Grand Designs,Rush,307.0
Truth of Tomorrow,Machinae Supremacy,276.0
Tonto,Battles,463.0
Twin,Muse,197.0
Set Free,Jazztronik,459.0
Aurora,Björk,279.0
Les Grandes Marches,Moderat,268.0
The Air Is Getting Slippery,Primus,151.0
Cores,Da Lata,210.0
Mr. Knowitall,Primus,229.0
Translator,Tim Armstrong,254.0
Resignación,Murcof,92.0
Kota,Bonobo,323.0
Ignominious & Pale,Necrophagist,241.0
Pincushion,Every Time I Die,196.0
"Wake Up, Little Sparrow",Devendra Banhart,174.0
Blur The Technicolor,White Zombie,249.0
Four Chord Wonder,The Ataris,106.0
Paper Tigers,Thrice,240.0
Hit The Lights,Black Tide,222.0
"death, murder, kill",Agonoize,322.0
Jeopardy,Run the Jewels,202.0
Publisher,Blonde Redhead,244.0
Teen Creeps,No Age,207.0
Collection Of Stamps,I'm from Barcelona,191.0
Nazi Driver,Soundgarden,238.0
Pull Up To The Bumper,Grace Jones,282.0
Forever and for Always,Shania Twain,284.0
Palmitos Park,El Guincho,149.0
Unknown Brother,The Black Keys,240.0
Molina,Creedence Clearwater Revival,163.0
A World Without Love,Peter & Gordon,161.0
"Richard Allen George...No, It's Just Cheez",Less Than Jake,106.0
Ghost Symbol,Zero 7,277.0
Face in the Crowd,Cat's Eyes,168.0
Get Over It,OK Go,199.0
Stadium Love,Metric,254.0
Nitlott,Lifelover,669.0
Andate,Todos Tus Muertos,252.0
Nervous In The Alley,Smash Mouth,150.0
Good to Go,Elliott Smith,145.0
Give Me Your Eyes,The Cardigans,201.0
Basin Dub,2562,293.0
Suspicious Eyes,The Rakes,228.0
Dancer in a Daydream,Ace of Base,221.0
Your Protector,Fleet Foxes,250.0
Padam,Maria Peszek,194.0
Plug In Baby,Muse,220.0
High Energy Protons,Juno Reactor,388.0
Tides Of Change,Winds of Plague,145.0
Doesn't Make It Alright,The Specials,195.0
The Knowledge,Toasty,306.0
Some Are White Light,Caspian,326.0
Never Known,The Durutti Column,305.0
Will Is My Friend,Devendra Banhart,185.0
Jäässä Varttunut,Kivimetsän Druidi,352.0
Pop Life,Prince,223.0
Contender,The Pains of Being Pure at Heart,160.0
Brown Eyes,Lady Gaga,243.0
Home Life,John Mayer,254.0
Apocalypse Now and Then,Every Time I Die,154.0
Dog It,Digable Planets,261.0
Bridge To Canada,Noisettes,205.0
Beta Boy,Trentemøller,431.0
Gorgon Sound,Horsepower Productions,253.0
Lucretia My Reflection,The Sisters of Mercy,523.0
"1,000 Shards",Isis,378.0
Spidersong,Say Anything,236.0
Akeldema,Haste the Day,169.0
"death, murder, kill",Agonoize,322.0
Kopf oder Zahl,Jennifer Rostock,142.0
Junoka,Marek Hemmann,391.0
Kick Out the Jams (Original Uncensored Version),MC5,184.0
Under Två Runor,Finntroll,336.0
Evolution (the Grand Design),Symphony X,318.0
Age Of Loneliness (Enigmatic Club Mix),Enigma,250.0
Dancing Through Sunday,AFI,147.0
Wherever You Will Go,The Calling,204.0
SHT MTN,Holy Fuck,172.0
Golden Seal,Fucked Up,215.0
Samba Triste,Stan Getz,257.0
Your Own Reality,Paradise Lost,245.0
Save Us,Helloween,313.0
Can't Stop,Red Hot Chili Peppers,269.0
The Legionnaire's Lament,The Decemberists,285.0
Mr. Soul,Buffalo Springfield,172.0
Selling The Drama,Live,205.0
La Vénus du mélo,Stacey Kent,227.0
Left Coast Envy,The Starting Line,265.0
Via con me,Paolo Conte,167.0
Consume Your Vengeance,Suicide Commando,300.0
That Bug Bit Me,The Mighty Mighty Bosstones,127.0
To A Friend,Alexisonfire,196.0
Heretics & Killers,Protest the Hero,189.0
Do Your Best,John Maus,167.0
One World,Dire Straits,221.0
Aladdin's Story,Death in Vegas,285.0
Micael,Juana Molina,184.0
Cypress Grove,Clutch,357.0
Prego Amore,Erlend Øye,234.0
Little Toy Brain,Gov't Mule,314.0
Hanged,Tunng,121.0
A Little Something Refreshing,No Doubt,79.0
Colony of Birchmen,Mastodon,260.0
Ein Teil von mir,Sido,213.0
PLAY THE STAR GUITAR,ストレイテナー,186.0
Dès Que J'Te Vois,Vanessa Paradis,204.0
Amity,Elliott Smith,140.0
Vargavinter,Thyrfing,179.0
Porc #1,Moderat,160.0
Shelf Wobbler,Mr. Scruff,391.0
The Only Night,James Morrison,218.0
Under 21,Save Ferris,157.0
Bombshell,Operation Ivy,64.0
The Thing That Should Not Be,Metallica,396.0
Knowledge God,Raekwon,265.0
Joan Landor,Moonbootica,389.0
Sleeping With Giants (Lifetime),The Academy Is...,217.0
I Believe You,Celldweller,206.0
As Your Voice Fades,Emery,243.0
You're Ever So Inviting,Underoath,252.0
Unfolding,Rival Consoles,358.0
Freya,The Sword,274.0
The Shrew,Beirut,226.0
Tomorrow's Just Another Day,Madness,194.0
Numbers 1-4,Penguin Cafe Orchestra,463.0
One Day You Will Cry,Children of Bodom,245.0
Final Goodbye,Comeback Kid,174.0
Back Here,BBMak,223.0
The Way to Heaven,Buckethead,350.0
Sunbathing,Lush,191.0
Crow Hymn,Eagle Twin,901.0
Deep Peace,Devin Townsend,455.0
Leave Right Now,Will Young,214.0
"Hello, Brooklyn",All Time Low,210.0
Sahti-Waari,Turisas,148.0
This S*it Will Fcuk You Up,Combichrist,286.0
Miss Blue,Filter,1189.0
Hora Zero,Rodrigo y Gabriela,352.0
Departure Plan,Soilwork,264.0
Two Girls,Ringo Deathstarr,178.0
End Theme,Zero 7,219.0
Doing It To Death,The Kills,248.0
Jealous Guy,Roxy Music,283.0
The Compromise,The Format,208.0
Is It Any Wonder,Sophie Ellis-Bextor,265.0
Belly Of The Beast,Anthrax,358.0
Hemkomst,Finntroll,226.0
The Numbers Game,Thievery Corporation,184.0
In The Presence Of Enemies Pt. 1,Dream Theater,540.0
Metsämies,Korpiklaani,180.0
The Perfect Space,The Avett Brothers,271.0
Robots 3 Humans 0,Norma Jean,266.0
This Pain,Kamelot,239.0
Stay Out Of Jail,Motörhead,181.0
Stop Loving You,Toto,268.0
Don't Let It End,Styx,294.0
Metalhead,Miss Kittin,324.0
Slaves & Bulldozers,Soundgarden,418.0
Misery Is a Butterfly,Blonde Redhead,308.0
I Can't Look At Your Skin,Graham Coxon,223.0
Ohrwurm,Cephalic Carnage,296.0
Je suis de celles,Bénabar,206.0
Shine,Years & Years,255.0
No One Wins,The Berzerker,110.0
Light Fuse And Get Away,Dream Theater,442.0
My Heart Is Yearning,NOFX,144.0
Murder You,Bong-Ra,281.0
Above the Earth,If These Trees Could Talk,139.0
3D Sex Show,Shitdisco,216.0
Jet Lag,Joss Stone,244.0
Carbomb,The Acacia Strain,120.0
Horrible Dream,Ayria,339.0
Angel Echoes,Four Tet,240.0
F-Train,Squarepusher,260.0
When Shall I Be Free?,Shpongle,277.0
The Scratch,7 Year Bitch,119.0
Sofa King,DANGERDOOM,177.0
"You Lost, You're Crazy",Big D And The Kids Table,128.0
Pete's Jazz,Pete Rock,315.0
Mowgli's Road,Marina & the Diamonds,190.0
The News,Jack Johnson,146.0
Ups,Cocteau Twins,214.0
X-Static,Foo Fighters,253.0
Kein Mitleid,Eisbrecher,331.0
If She Only Knew,Greeley Estates,289.0
Excuse Me While I Break My Own Heart Tonight,Whiskeytown,163.0
Bambi the Hooker and a Case of Beer,The Number Twelve Looks Like You,55.0
The Grouch,Green Day,132.0
Revelry,Kings of Leon,202.0
The Missing Suitcase,The Herbaliser,333.0
Woodpecker From Mars,Faith No More,342.0
777,Autechre,350.0
Sketch 1,Nick Drake,61.0
Solid As A Rock,Sizzla,213.0
The Word Hurricane,Air,153.0
Jesusland,Ben Folds,269.0
Razor Boy,Steely Dan,191.0
Copy Cat,Derrick Morgan,156.0
Sands of Time,Edguy,280.0
Song Beneath The Song,Maria Taylor,240.0
Won't Do That,Robbie Williams,218.0
Shelf In The Room,Days of the New,284.0
Smoking Tape,Mr. Oizo,93.0
Kill The Messenger,Aesop Rock,295.0
Words of Tranquility,Koop,314.0
Fotzepolitic,Cocteau Twins,214.0
Synaesthetic,Blue Man Group,332.0
Life's What You Make It,Talk Talk,267.0
Atari Teenage Riot,Atari Teenage Riot,215.0
Wow,Kylie Minogue,191.0
Black Box Theme,Tom Waits,162.0
Keys to the Kingdom,Linkin Park,219.0
My Sweet Dog,Hi-Standard,95.0
Tidal Pool,Conjure One,411.0
Witchfinder General,Witchfinder General,232.0
Bummed Out City,Joe Strummer and the Mescaleros,333.0
M.B.,Apocalyptica,239.0
A Goat In Sheep's Rosary,From Autumn To Ashes,229.0
Convalescent,dredg,212.0
God Part II,U2,196.0
Smile Lines,Incubus,239.0
Gore Gore Gadget,Annotations of an Autopsy,224.0
Through The Iris,10 Years,210.0
Crucifixion [re-recorded Version],Hellhammer,166.0
An American Dream,August Burns Red,282.0
Confide in Me,Kylie Minogue,265.0
Highwayman,The Highwaymen,182.0
Psychotic Precision,Cannibal Corpse,177.0
Paper Kitten Nightmare,Margot & the Nuclear So and So's,213.0
Mr. Soul,Buffalo Springfield,172.0
It's Today,Dope Stars Inc.,207.0
First Person Shooter,Celldweller,171.0
I'm Gonna Make It Better,She & Him,213.0
King Of Terrors,Symphony X,380.0
Of The Room,dredg,225.0
Leave It Behind,The Offspring,117.0
Lost in Space,Avantasia,232.0
Big Distraction,No Doubt,570.0
No Turn Un-Stoned,Shpongle,482.0
Predator,Vader,313.0
Triumph And Loss,Noumena,202.0
Devil's Plaything,Danzig,254.0
Flexibility,Miss Kittin & The Hacker,658.0
Don't Ask Me,OK Go,166.0
Weight of the Dead,Swallow the Sun,545.0
Adamedge,Nathan Fake,557.0
What You Meant,Franz Ferdinand,205.0
Adamedge,Nathan Fake,557.0
Strasbourg,The Rakes,151.0
Teenagers,My Chemical Romance,162.0
Duk Koo Kim,Sun Kil Moon,873.0
Flatline,Element Eighty,236.0
The World Without,A Fine Frenzy,256.0
Cover Up,Imagine Dragons,259.0
Pay to Cum,Bad Brains,85.0
The Morning Never Came,Swallow the Sun,561.0
Sweet Darlin',She & Him,163.0
Applebite,Soundgarden,310.0
A Great Fire,Silverstein,240.0
California Dreamer,Wolf Parade,361.0
Possibilities,Weezer,120.0
4 Out Of 5,Peter Bjorn and John,248.0
Into Battle,Ensiferum,353.0
Love Like This,Kodaline,216.0
Rockers East Vancouver,Japandroids,270.0
If Lovin' You Is Wrong,Faithless,260.0
No One Needs To Know,OZMA,247.0
Teenage Dirtbag,Wheatus,243.0
Sombre Detune,Röyksopp,292.0
Cool Yule,Louis Armstrong,180.0
The Lost Name of God,Amorphis,332.0
The Mixed Tape,Jack's Mannequin,195.0
Waiting Around to Die,The Be Good Tanyas,315.0
"Protons, Neutrons, Electrons",The Cat Empire,289.0
Healer,Chromatics,233.0
Hang the Pope,Nuclear Assault,81.0
Autumn Leaves Revisited,Thursday,414.0
Eternity Part 24,Antimatter,526.0
24-25,Kings of Convenience,218.0
"Piazza, New York Catcher",Belle and Sebastian,183.0
Grape Juice City,Ratatat,236.0
Masterswarm,Andrew Bird,396.0
Principles Of Lust: Sadeness/Find Love/Sadeness (Reprise) (Medley),Enigma,704.0
Oliver James,Fleet Foxes,204.0
Hunger Strike,Temple of the Dog,246.0
Under the Weather,KT Tunstall,217.0
Sing for Me,Yellowcard,234.0
Paint Pastel Princess,Silverchair,274.0
Oh La La Satan,Mustard Pimp,321.0
Smokin' Japanese Babe,The Future Sound of London,299.0
Illuminaughty,Infected Mushroom,290.0
213,Slayer,292.0
Allegretto,Ludwig van Beethoven,162.0
Matches,The Format,130.0
The Forgotten,Killswitch Engage,198.0
Blood Red Summer,Coheed and Cambria,239.0
Distortions,Clinic,244.0
Until You Came Along,Golden Smog,300.0
Shine a Light,Wolf Parade,225.0
Electioneering,Radiohead,231.0
Mercy,Duffy,221.0
Existence,August Burns Red,234.0
Just Abuse Me,Air Traffic,153.0
Janglin,Edward Sharpe & The Magnetic Zeros,230.0
Black Sabbath Medley,Candlemass,375.0
Medicine Wheel,Between the Buried and Me,258.0
A Future Corrupt,Whitechapel,177.0
My Last Mistake,Dan Auerbach,192.0
Rise Today,Alter Bridge,261.0
You Are Never Alone,Socalled,271.0
Erik's Song,Slowdive,266.0
Adios Ayer,José Padilla,334.0
City Kids,Motörhead,208.0
Need Ur Lovin',Zomby,144.0
The Departure,Michael Nyman,152.0
La Gloria,Gotan Project,249.0
Young Americans,David Bowie,314.0
They Looked Like Strong Hands,Bayside,296.0
Dime Store Rock,Slash's Snakepit,294.0
They Bring Me To You,Joshua Radin,239.0
Haven't Got a Clue,The Flaming Lips,204.0
Mama Say,Bloodhound Gang,179.0
Damage Done,Dark Tranquillity,207.0
Unholy Blasphemies,Morbid Angel,240.0
Oh Girl,The Chi-Lites,178.0
Modern World,Wolf Parade,172.0
Get Inside,Stone Sour,194.0
Paint Pastel Princess,Silverchair,274.0
Bluebottles,Ochre,476.0
Highest Star,Amorphis,284.0
Tumman virran taa,Ensiferum,53.0
Deranger,Hallucinogen,453.0
Unconditional Love,Gentleman,221.0
Bowie,Flight of the Conchords,196.0
Tropicana,Ratatat,277.0
Today's the Day,Aimee Mann,283.0
Ascension Chamber,Scar Symmetry,229.0
A Tear In The Open,Tiësto,562.0
Six,All That Remains,200.0
Sleepwalking Ballad,Apostle of Hustle,322.0
Nowhere Warm,Kate Havnevik,297.0
Mountainhead,65daysofstatic,334.0
Journey's End,Jeremy Soule,247.0
Older,Slightly Stoopid,335.0
Smells Like Nirvana,"""Weird Al"" Yankovic",222.0
Will You Be There For Me,Krypteria,285.0
So Scientific,Dabrye,229.0
He Took Her to a Movie,Ladytron,190.0
No One Knows You,Billie the Vision & the Dancers,293.0
Molfsee,Ulrich Schnauss,487.0
Scared of Girls,Placebo,181.0
I Can't Stand It,The Velvet Underground,478.0
Schaffino,At the Drive-In,169.0
Give It Up,The Format,232.0
Singled Out,New Found Glory,200.0
Disconnect The Dots,Smash Mouth,168.0
Peep Show,Sikth,251.0
A Beautiful Mine,RJD2,329.0
A Couple of Instruments,Suburban Kids with Biblical Names,192.0
Buenos Aires Beach,The War on Drugs,209.0
Holy Mountain,Sleep,696.0
"Depot, Depot",Tom Waits,227.0
I Clipped Your Wing,Michael Nyman,277.0
Energy of Death,Apostle of Hustle,215.0
The Accolade,Symphony X,591.0
Leila Came Around And We Watched A Video,Four Tet,99.0
Botanical Dimensions,Shpongle,278.0
Hellgate: Worcester,Sonic Syndicate,204.0
Jerk Me,New Young Pony Club,247.0
Junior Painkiller,Depeche Mode,130.0
Backyard,Mad Caddies,182.0
No More Can We Crawl,Crowbar,176.0
Love Don't Dance Here Anymore,Tiga,638.0
Broken Wing,Thousand Foot Krutch,235.0
Armchairs,Andrew Bird,423.0
Soulreaper,Dissection,416.0
Senza,Camille,149.0
Laid to Rest,Lamb of God,230.0
Under A Soil And Black Stone,Amorphis,254.0
Illuminaughty,Infected Mushroom,290.0
Sullen Girl,Fiona Apple,235.0
Mixtape,Jamie Cullum,298.0
Overboard,Justin Bieber,251.0
Because You Are A Woman,Brett Dennen,250.0
Poor Places,Wilco,332.0
Durch den Monsun,Tokio Hotel,343.0
Rigorous Vengeance,Municipal Waste,133.0
Monster Hit,Shpongle,537.0
This Cat Is a Landmine,65daysofstatic,285.0
Sneaky Red,Mice Parade,259.0
The Fourth Drink Instinct,Cute Is What We Aim For,250.0
When The Dying Calls,Danzig,212.0
Lost Message,Air,212.0
Your Country,Gogol Bordello,256.0
Kleptomane,Stereo Total,180.0
Dödens Landsväg,Lifelover,230.0
Last Song,Before the Dawn,173.0
Savoir Faire,Ursula 1000,345.0
Bring The Pain,Mindless Self Indulgence,219.0
Here Comes The Night,Them,165.0
Four Chord Wonder,The Ataris,106.0
In All Honesty,Paradise Lost,243.0
Pet Grief,The Radio Dept.,190.0
Desert Bus Ride,Gustavo Santaolalla,115.0
Caught Up in You,.38 Special,278.0
Epilogue (Relief),Apocalyptica,210.0
Knuddelmaus,Ulrich Schnauss,422.0
Underpass Tutorial,From Autumn To Ashes,198.0
Ef,Lite,234.0
Never Gonna Be The Same,Courtney Love,307.0
La Frontera,Lhasa de Sela,183.0
Step Ahead,Comeback Kid,110.0
Massage Situation,Flying Lotus,167.0
La Luz Del Ritmo,Los Fabulosos Cadillacs,243.0
Þú ert sólin,Ólafur Arnalds,205.0
How Do You Sleep?,Sam Smith,202.0
Suliman,Infected Mushroom,371.0
Your Rocky Spine,Great Lake Swimmers,216.0
Pearl,Katy Perry,248.0
Rolf Royce,Tosca,339.0
Get To The Choppa,Austrian Death Machine,167.0
Broken Vow,Josh Groban,274.0
Acoustic Funeral (For Love In Limbo),Him,238.0
Eh Massina Sintadoben,Tinariwen,270.0
Lunal,Boxcutter,298.0
She'll Come Back To Me,Cake,144.0
The Omen,Heaven Shall Burn,218.0
A Poisoned Gift,Moonspell,335.0
Auntie's Harp,Flying Lotus,442.0
One Slowdance,Rufio,255.0
Beat It,Michael Jackson,258.0
Clowns,Goldfrapp,248.0
A Red So Deep,Cursive,280.0
Sorry Seems To Be The Hardest Word,Joe Cocker,239.0
Black Cat John Brown,Alamo Race Track,219.0
Do,The White Stripes,185.0
It Is What It Is,Lifehouse,201.0
Fog Bound,Klaus Badelt,138.0
Better Living Through Chemistry,Queens of the Stone Age,349.0
I Talk Too Much,Just Jack,256.0
Wash Away the Poison,Edguy,280.0
AKA M80 the Wolf,Portugal. The Man,236.0
Savoir,Louise Attaque,106.0
Wippsteert,Extrawelt,467.0
P.:NTIL,Autechre,428.0
Adaptation of the Koto Song,The Kilimanjaro Darkjazz Ensemble,239.0
Jump In The Pool (Wild Geese Remix),Friendly Fires,372.0
Barcarolle,Tom Waits,240.0
Aquatic Dance,Vangelis,224.0
When It Flows,Great Lake Swimmers,215.0
The Parasites,Brain Drill,202.0
I'm the One,Descendents,135.0
Don't Give Up On Us,David Soul,217.0
Nour El Ain,عمر دياب,305.0
Full Moon Sonata,Suzanne Ciani,307.0
Looking Back,Jim Brickman,192.0
Recovery,Frank Turner,208.0
The Passage,Arcana,121.0
Smokin' In The Boys Room,Mötley Crüe,207.0
I'm a Wheel,Wilco,155.0
The Package,A Perfect Circle,461.0
Abysmal,The Haunted,291.0
Long Division,Death Cab for Cutie,230.0
Oh My Lover,PJ Harvey,243.0
Ride the Lightning,Metallica,398.0
I Found the F,Broadcast,142.0
Wait Until Tomorrow,Jimi Hendrix,175.0
Slight Figure Of Speech,The Avett Brothers,142.0
Over-rated,Gavin DeGraw,252.0
Paramilitar,Ska-P,237.0
Annihilation,A Perfect Circle,134.0
Simplesmente,Bebel Gilberto,289.0
Pollution,Limp Bizkit,233.0
The Devil Has Risen,Unearth,202.0
Parasites Of Paradise,Mors Principium Est,259.0
Repenti,Renan Luce,246.0
Stay Another Day,East 17,268.0
Phantom Lord,Metallica,299.0
Breathe In,Frou Frou,277.0
My Friend Dario,Vitalic,219.0
The Surge,Ion Dissonance,200.0
Weigh Me Down,Lorn,221.0
Gibraltar,The Radio Dept.,95.0
Woz Not Woz,Eric Prydz,427.0
All I Am,36 Crazyfists,276.0
"If I Don't Live Today, Then I Might Be Here Tomorrow",Mando Diao,120.0
Quart in Session,NOFX,98.0
Napoleon On The Bellerophon,Beirut,211.0
Million Dollar Question,Radiohead,198.0
High Speed,Coldplay,256.0
Botchla,Poison the Well,190.0
Clear Day,Ulrich Schnauss,463.0
See The Sky Again,Edwin McCain,253.0
Monday Morning,Fleetwood Mac,168.0
Streaks in the Sky,Thursday,267.0
Tripped And Fell In Portland,Breathe Carolina,235.0
The Athlete,Erlend Øye,222.0
Raining Again (Steve Angello's vocal mix),Moby,414.0
"Alanson, Crooked River",Sufjan Stevens,79.0
Not Too Bad,Skalpel,196.0
Differences,Ginuwine,266.0
Bitter Taste,Three Days Grace,241.0
Gunpowder Plot,Evol Intent,183.0
Nerve,Soilwork,219.0
Could Well Be In,The Streets,264.0
Marching Orders,Kosheen,301.0
Tone Bank Jungle,Holy Fuck,395.0
Consensual Worlds,Delerium,608.0
Cleaning My Gun,Mark Knopfler,283.0
Geist,Dioxyde,291.0
Heimat,Hauschka,221.0
Loose Translation,The New Pornographers,180.0
We Can Get Wild,Mark Knopfler,257.0
Flesh Canoe,Animal Collective,224.0
How To Hang A Warhol,Little Joy,130.0
Is This It,The Strokes,151.0
El Scorcho,Weezer,244.0
She'z N Control,Chromeo,195.0
Know You Now,Amy Winehouse,183.0
Linguistic Mystic,Shpongle,96.0
Nolita,Keren Ann,433.0
Derek,Animal Collective,181.0
"In the Cold, Cold Night",The White Stripes,178.0
Suspect Device,Stiff Little Fingers,219.0
These New Knights,Ou Est Le Swimming Pool,205.0
Seal Jubilee,Bat for Lashes,284.0
June Evenings,Air France,242.0
I Wish You Would,The Yardbirds,141.0
Heart and Crossbones,Pig Destroyer,49.0
Black Gold Reign,All Shall Perish,277.0
Eighties Fan,Camera Obscura,263.0
A Woman's Worth,Alicia Keys,302.0
Delicious,Skinny Patrini,220.0
I Love The Bloody Beetroots,The Bloody Beetroots,328.0
House Party At Boothy's,Little Man Tate,251.0
Sugarless,Autolux,322.0
Pythagoras's Trousers,Penguin Cafe Orchestra,202.0
There's Your Trouble,Dixie Chicks,193.0
The Dragons' Flight Across The Waves,Amon Amarth,274.0
Demonic Science,Arch Enemy,324.0
Cut Down,Control Denied,291.0
Chillout Tent,The Hold Steady,223.0
Final Sky,Blood Stain Child,245.0
Done 4 Me,Cassidy,209.0
Love Child,Accept,301.0
Sing Tomorrow's Praise,Asobi Seksu,215.0
Rage!,Chromeo,274.0
Jonny Sniper,Enter Shikari,243.0
Possessing The Angels,Soilwork,236.0
Sword Chant,Ensiferum,283.0
Call Me When You Get This,Corinne Bailey Rae,305.0
Pick Up,Bonobo,248.0
Autumn Music 2,Max Richter,229.0
Protest Song '68,Refused,274.0
Through Evidence,Ion Dissonance,167.0
IGUANA In Trouble,Melt-Banana,142.0
Dine Alone,Quicksand,208.0
Satta Massa Gana,The Abyssinians,220.0
Crunkalicious,PANTyRAiD,282.0
Old White Lincoln,The Gaslight Anthem,210.0
Something Diabolical,Bloodhound Gang,310.0
Demise,Heaven Shall Burn,144.0
She's Electric,Oasis,220.0
Stunt 101,G-Unit,233.0
The Creeps,Ed Rush & Optical,349.0
Sublime,Ferry Corsten,467.0
Ferrum Aeternum,Ensiferum,208.0
Everything Evil,Coheed and Cambria,351.0
Nefeli,Ludovico Einaudi,270.0
Thoughtforms,Lush,168.0
Dunkelheit,Burzum,425.0
At the Bottom of Everything,Bright Eyes,274.0
Assess The Mess,Powerman 5000,33.0
Don't Go Plastic,Squarepusher,261.0
What About...,Dope,203.0
Now I Fall,Wolfsheim,212.0
A Hail Of Bombs,Red Sparowes,262.0
Forsaker,Katatonia,246.0
Celestina,Tim Hecker,272.0
British Intelligence,Jamie T,199.0
"Say Something, Say Anything",Blood Red Shoes,195.0
Typhonian Soul Zodiack,Behemoth,270.0
The Heart Harmonicon,Colleen,234.0
Operation,Jamie T,349.0
Biaxident,Liquid Tension Experiment,461.0
Professional Crastination,NOFX,166.0
The Ice Dance,Bachelors of Science,332.0
What Is It About Men,Amy Winehouse,210.0
Get Me,Dinosaur Jr.,352.0
Hymn for the Wretched,The Black Dahlia Murder,259.0
Voulez-Vous Danser,Ace of Base,197.0
Functions,Tiger Lou,195.0
My Girlfriend's Dead,The Vandals,161.0
Fast as I Can,Stone Temple Pilots,214.0
Cruisin',Smokey Robinson,353.0
My Last Mistake,Dan Auerbach,192.0
Cecilia Ann,Pixies,126.0
Sweet Illusions,Ryan Adams & The Cardinals,302.0
Go Away (Live),Röyksopp,336.0
Us and Them,Pink Floyd,470.0
Turn Me Loose,Loverboy,337.0
Noose,Sentenced,245.0
S.O.S. (Anything but Love),Apocalyptica,262.0
California,Phantom Planet,195.0
Timebomb,The Whitest Boy Alive,224.0
Hooks And Splinters,Otep,213.0
Just Around The Riverbend,Judy Kuhn,150.0
We Carry On,Portishead,388.0
Headfirst for Halos,My Chemical Romance,208.0
Yoyo Waltz,The Cinematic Orchestra,77.0
You Can Make Him Like You,The Hold Steady,169.0
Turn The Radio Off,Reel Big Fish,159.0
"If I Don't Live Today, Then I Might Be Here Tomorrow",Mando Diao,120.0
Letters To God,Box Car Racer,196.0
Lamb And The Lion,The Mae Shi,144.0
Let's Get It Up,AC/DC,234.0
From the Flagstones,Cocteau Twins,220.0
Soldier Side,System of a Down,220.0
Chicago Falcon,The Budos Band,173.0
Enemy of God,Kreator,366.0
Pass Out,Tinie Tempah,237.0
Kyoto,Anoice,327.0
Birdie,Millencolin,152.0
No Sssweat,Enter Shikari,200.0
Among Grim Shadows,Carnifex,166.0
Free Tibet,Hilight Tribe,360.0
Knock Three Times,Tony Orlando & Dawn,178.0
Kiss Kiss Is Getting Old,Les Savy Fav,199.0
Ddamm,Slayer,61.0
Vicious Traditions,The Veils,290.0
Warlord,Cavalera Conspiracy,185.0
Pinch,Can,571.0
Twisted Logic,Coldplay,272.0
Denkmal,Wir sind Helden,197.0
Close,Télépopmusik,198.0
Mrs. Officer,Lil' Wayne,287.0
Do You Remember the Riots?,Jens Lekman,150.0
Sweet Girl,Ringo Deathstarr,216.0
Black Waters,Insomnium,300.0
New Toy,Junkie XL,261.0
Your Lips Are Red,St. Vincent,282.0
Cry My Name,Bloodbath,281.0
The Glow Of The Setting Sun,Nightrage,250.0
Teflon,The Mars Volta,304.0
More Sweet Soul,Pretty Girls Make Graves,194.0
Inizio,Ludovico Einaudi,207.0
Fast as I Can,Stone Temple Pilots,214.0
Love Is A Long Road,Tom Petty,248.0
Headfirst for Halos,My Chemical Romance,208.0
Why's Everybody Always Pickin' on Me?,Bloodhound Gang,202.0
Everybody Rize,Insane Clown Posse,202.0
Cuddle Fuddle,Passion Pit,273.0
Last Regret,Paradise Lost,266.0
Franks,Infected Mushroom,485.0
Underpass Tutorial,From Autumn To Ashes,198.0
Halo of Nembutals,The Mars Volta,331.0
Change In The Weather,The Concretes,173.0
Natural Disasters,Propagandhi,125.0
No Depression,Uncle Tupelo,140.0
"It's Dylan, You Know The Drill",Boys Night Out,217.0
Lucid Dream Iv,Riverside,274.0
War Out Of Peace,Tristan Prettyman,229.0
Prelude,Bonobo,78.0
Christian Brothers,Elliott Smith,301.0
Bright Pink Bookmark,Frightened Rabbit,75.0
Unintelligent Design,Cattle Decapitation,217.0
You Can't Steal My Love,Mando Diao,328.0
Fast as I Can,Stone Temple Pilots,214.0
"Up on Your Leopard, Upon the End of Your Feral Days",Sunset Rubdown,287.0
Strawberry Swing,Coldplay,250.0
Valletta Fanfares,Vitalic,143.0
Empress,Gentleman,246.0
Mehr,Rammstein,248.0
The World Is Not Enough,Garbage,237.0
Tumbando Y Dando,Orishas,193.0
Mass Strangulation,Bloodbath,212.0
GodDamn,Hellyeah,201.0
Wide Eyes,Local Natives,267.0
Take a Little Time,Les Rythmes Digitales,223.0
Fok,Ólafur Arnalds,269.0
Mind Sex,dead prez,291.0
Breeding Violence,Whitechapel,200.0
Aqueous Transmission,Incubus,467.0
On Your Side,Pete Yorn,303.0
Seven Days and One Week,BBE,270.0
Big Lie Small World,Sting,305.0
Price I Pay,Jane's Addiction,327.0
Big Bad Wolf,In This Moment,310.0
The Mullet Burden,The Dillinger Escape Plan,111.0
A Ribbon,Devendra Banhart,159.0
Ley De Gravedad,Ojos de Brujo,230.0
Leaves In The River,Sea Wolf,300.0
Bhindi Bhagee,Joe Strummer and the Mescaleros,345.0
Side Of The Road,Babyshambles,129.0
Petrol,Orbital,380.0
Checkered Floor,Silversun Pickups,291.0
Summertime Den,Mystery Jets,73.0
Not Pretty Enough,Kasey Chambers,199.0
"Do Right Woman, Do Right Man",Aretha Franklin,195.0
Sensory Deprivation Adventure,From Autumn To Ashes,176.0
A Darkened Mind,Circus Maximus,333.0
Stray With Me,Long Beach Shortbus,216.0
The Presence Is Ominous,Borknagar,295.0
Shake Is for 8th Graders,El Grupo Nuevo de Omar Rodriguez Lopez,133.0
All Possibilities,Badly Drawn Boy,238.0
Buried Alive in the Blues,Janis Joplin,145.0
Ain't Gonna Rain Anymore,Nick Cave & The Bad Seeds,226.0
Guyamas Sonora,Beirut,211.0
Act III Scene 2 (Shakespeare),Saul Williams,260.0
The Good That Won't Come Out,Rilo Kiley,272.0
Devil's Waitin',Black Rebel Motorcycle Club,231.0
Light It Up,Rev Theory,254.0
All Shall Fall,Immortal,358.0
Gave Dub,Boxcutter,269.0
Cypress Grove,Clutch,357.0
Si Volvieras A Mi,Josh Groban,258.0
Golden Porsche,Mogwai,168.0
Come Inside,The Chemical Brothers,286.0
Can't Stand Me Now,The Libertines,205.0
2113,Coheed and Cambria,587.0
Behemoth,Static-X,181.0
Hold My Finger,Sikth,224.0
French,St. Germain,345.0
Endorphins,August Burns Red,190.0
I Will Live Again,Arch Enemy,212.0
F*** you bitch,Suicide Commando,359.0
Castigation and Betrayal,Anaal Nathrakh,242.0
Son Of A Thief,Diary of Dreams,331.0
Agent Orange,Depeche Mode,304.0
Father Time,Animal Collective,274.0
Slowlife,Seeed,257.0
Vena Cava,Angelspit,210.0
Nesso,Vladislav Delay,192.0
Doesn't Make It Alright,The Specials,195.0
Stay The Course,Heaven Shall Burn,236.0
Cracked Plaster Cast,Melt-Banana,134.0
Pa Pa Power,Dead Man's Bones,245.0
In the Eyes of God,Today Is The Day,191.0
33 RPM,John Brown's Body,294.0
Baby Got Back,Richard Cheese,167.0
Already In,Jon McLaughlin,235.0
Cavorting,The Courteeners,183.0
The Way I Loved You,Taylor Swift,245.0
Sentenced to Burn,Cannibal Corpse,186.0
Opus 36,Dustin O'Halloran,105.0
Dead Duck,Emilíana Torrini,336.0
Get Around Town,Revolver,139.0
Deeper Underground,Jamiroquai,286.0
Me So Horny,2 Live Crew,276.0
Fat Ass Joint,Cujo,342.0
A Window,The Radio Dept.,208.0
The Equaliser,Clinic,223.0
If This Is It,Huey Lewis & The News,235.0
That Don't Make It Junk,Leonard Cohen,266.0
Five Hundred And One,Turisas,378.0
Then I Did,Rascal Flatts,192.0
Shiller,Ratatat,258.0
Weil Weil Weil,Einstürzende Neubauten,298.0
Tikwid,Animal Collective,258.0
Amour,Rammstein,291.0
Clear Channel (Fuck Off!),Leftöver Crack,173.0
Awakening (Radio Edit),Rank 1,175.0
Nectar,Opeth,609.0
Gloom and How It Gets That Way,Every Time I Die,118.0
A Loaded Smile,Adam Lambert,245.0
Hara Hara Mahadev,Krishna Das,273.0
Oi!,Orbital,304.0
Ja Funmi,King Sunny Ade,429.0
So Good,B.o.B,213.0
Next Generation,Culcha Candela,265.0
Inis Mona,Eluveitie,249.0
Edith and the Kingpin,Joni Mitchell,216.0
Kill Rock 'n Roll,System of a Down,148.0
I'm a Wicked One,The Hives,105.0
By the Throat,CHVRCHES,249.0
The 3rd,Metronomy,236.0
Ska Robot Army,The Aquabats,132.0
When It All Goes Wrong Again,Everclear,229.0
Rosemary,Deftones,413.0
Never...Again,All Shall Perish,193.0
Mensch,Herbert Grönemeyer,273.0
Linoleum,NOFX,136.0
The Dead of Night,Depeche Mode,290.0
Neon Rebels,Soilwork,204.0
Buzz Saw,Xiu Xiu,181.0
Half a Person,The Smiths,217.0
Watch Over Me,Bernard Fanning,213.0
Vicious Circle,Vader,157.0
The Party's Crashing Us,of Montreal,293.0
Cavalettas,The Mars Volta,572.0
Anything Is Possible,Astral Projection,507.0
Pink Flamingos,High Contrast,319.0
Wucan,Black Mountain,363.0
2 Wheel Nation,Acid King,323.0
Don't Hate the Player,Looptroop,231.0
I Don't Wanna Go There,Dinosaur Jr.,523.0
Disco Lady,Johnnie Taylor,266.0
Skin Trade,Duran Duran,357.0
Bad Vision,Acid King,233.0
The Sun Rising,The Beloved,271.0
Virginia Plain,Roxy Music,178.0
A Breath In The Eyes Of Eternity,As I Lay Dying,177.0
I Can't Sleep,The La's,158.0
Big Black Car,Gregory Alan Isakov,217.0
Music Takes You Back,Modjo,254.0
Ski Lesson Blues,Para One,346.0
Madrid Song,Julian Plenti,128.0
California Dreaming,The Flashbulb,224.0
You Do Something To Me,Ella Fitzgerald,146.0
Jamelia,Caribou,239.0
Dragon Queen,Yeah Yeah Yeahs,242.0
Skinned,No Age,155.0
Trail Of Sevens,Pendulum,265.0
The Car Song,The Cat Empire,259.0
Hypocrite,Lush,173.0
Den gjemte sannhets hersker,Dimmu Borgir,377.0
Katy Song,Red House Painters,502.0
Bring Down Like I,Anna Ternheim,234.0
Brood,Boxcutter,344.0
Shovel Headed Kill Machine,Exodus,176.0
Warpath,Hypocrisy,264.0
Steamworks,The Presets,276.0
Shake Your Body (Down to the Ground),The Jacksons,225.0
Scatology Domine (Intro),Cattle Decapitation,62.0
Awakening,Empire of the Sun,226.0
Kisses 3,The Crüxshadows,128.0
Mama Kin,Aerosmith,266.0
The Girl Got Hot,Weezer,195.0
Tessie,Dropkick Murphys,330.0
Feelin' Way Too Damn Good,Nickelback,257.0
Electric Bear,The Notwist,268.0
Sweepstakes (Feat. Mos Def and Hypnotic Brass Ensemble),Gorillaz,320.0
Since You Were Gone,Chromeo,176.0
...And We All Have A Hell,From First to Last,202.0
Child of Curiosity and the Old Man of Knowledge,Mortiis,333.0
Andy's Chest,Lou Reed,199.0
Big City Life,Mattafix,237.0
Mild Confusion,Tamaryn,255.0
Your Guts (I Hate 'Em),Reel Big Fish,127.0
The Turn of the Screw,Heaven & Hell,300.0
Don't Need A Gun,Billy Idol,363.0
"Save The Castle, Screw The Princess",Arsonists Get All The Girls,312.0
Petrol,Orbital,380.0
Symphonaire Infernus et Spera Empyrium,My Dying Bride,698.0
I've Been Let Down,Mazzy Star,198.0
Flaming Telepaths,Blue Öyster Cult,323.0
Unrepentant,Trivium,292.0
NEXT ...!,Seeed,187.0
Ein seltener Vogel,Einstürzende Neubauten,555.0
Bullet the Blue Sky,U2,272.0
He Wasn't Man Enough,Toni Braxton,262.0
Six Different Ways,The Cure,197.0
Create Desire,Angelspit,255.0
A Comet Appears,The Shins,229.0
Love Me Down,Britney Spears,199.0
Cousin Cleotis,Capdown,256.0
Druganaut,Black Mountain,228.0
Coils,Robert Rich,365.0
Walking Song,Meredith Monk,176.0
Professor Nutbutter's House Of Treats,Primus,432.0
Vodka Inferno,Diablo Swing Orchestra,248.0
The New Style,Beastie Boys,276.0
Astro Boy,Blonde Redhead,259.0
Forecast Fascist Future,of Montreal,263.0
End On 9,Guttermouth,165.0
Twilight at Carbon Lake,Deerhunter,264.0
Haitian Divorce,Steely Dan,351.0
Offshore Birmingham,Funki Porcini,177.0
Rip It Up,Orange Juice,320.0
Vulnerable,Secondhand Serenade,202.0
A Place for Parks,Mogwai,134.0
Heart of the Ocean,Gaelic Storm,270.0
All'Inizio È La Morte,Haggard,410.0
Teflon,The Mars Volta,304.0
O Tu O Ninguna,Luis Miguel,196.0
Hall of the Dead,Isis,471.0
Sampsa Meets Kafka,Showbread,70.0
Despite What You've Been Told,Two Gallants,269.0
Conjugal Burns,The Mars Volta,396.0
Leavin' Trunk,The Black Keys,180.0
Medicine Bottle,Red House Painters,591.0
Shakedown,London Elektricity,372.0
Long Vacation,Gold Panda,254.0
The Brilliant Dance,Dashboard Confessional,183.0
It Won't Be Like This For Long,Darius Rucker,216.0
Space Transmission,Porcupine Tree,179.0
Skies Over Cairo,Django Django,213.0
Satan-Prometheus,Gorgoroth,337.0
Ithyphallic,Nile,280.0
Ageing Had Never Been His Friend,Love Is All,163.0
"The Devil, You + Me",The Notwist,219.0
Channelling the Power of Souls Into a New God,Burzum,207.0
She's Got A Boyfriend Now,Boys Like Girls,246.0
Nightclubbing,Iggy Pop,315.0
Outta Hand,Dinosaur Jr.,300.0
Forgiveness Is Murder,I Killed the Prom Queen,256.0
Trying Not to Think About Time,The Futureheads,144.0
Mjölner,Thyrfing,331.0
DVNO (Justice remix),Justice,349.0
Dead On Arrival,Evol Intent,242.0
Race With The Falcons,Kiuas,288.0
Science Fiction,Rufio,185.0
National Express,The Divine Comedy,306.0
She's My Pusher,The Crystal Method,341.0
He Didn't Have To Be,Brad Paisley,282.0
Amber Changing,Rise Against,176.0
Regression to the Mean,Anaal Nathrakh,193.0
Tu Amor Eterno,Carlos Vives,244.0
No Regrets,The Von Bondies,155.0
Mother Mary,Foxboro Hot Tubs,166.0
Lurch,The Dillinger Escape Plan,123.0
"Jagadamba, You Might",First Aid Kit,226.0
You Are The Blood,Sufjan Stevens,614.0
Ride On,AC/DC,350.0
Golden Hair,Syd Barrett,104.0
What Happened to You?,Deftones,234.0
Play the Blues,Danko Jones,172.0
Mimeo,Efterklang,88.0
D'ror Yikra,Oi Va Voi,357.0
Weight of the World,Black Rebel Motorcycle Club,221.0
No More Runnin,Animal Collective,263.0
Black Winter Day,Amorphis,235.0
Crow Hymn,Eagle Twin,901.0
All Your Sisters,Mazzy Star,317.0
Foreign Country,The Concretes,105.0
All That Jazz,Echo & the Bunnymen,188.0
Collision,As I Lay Dying,191.0
Der Hölle Rache kocht in meinem Herzen,Anaal Nathrakh,219.0
The Grandest Accusation,Dark Tranquillity,295.0
This Boy's In Love,The Presets,252.0
Jerry's Kids,Cholera,138.0
Fugitive Motel,Elbow,307.0
Back Into Your System,Saliva,271.0
A Kiss Before I Go,Ryan Adams & The Cardinals,125.0
Golden,"Tyler, the Creator",343.0
Big Day Coming,Yo La Tengo,425.0
Ghosting,Mother Mother,286.0
Passing Bells,Amberian Dawn,242.0
System Check,Roni Size,242.0
One Day Remains,Alter Bridge,245.0
Receio do remorso,Móveis Coloniais de Acaju,234.0
That Golden Rule,Biffy Clyro,231.0
Sound the Alarm,A Day to Remember,109.0
Happy Guy,NOFX,119.0
Caravan Girl,Goldfrapp,245.0
Oscar See Through Red Eye,Boards of Canada,309.0
Watch That Grandad Go,Bauhaus,340.0
Boy's No Good,Rise Against,80.0
Breathe And Stop,Q-Tip,244.0
Taylor,Jack Johnson,239.0
Four Night Rider,The Rural Alberta Advantage,114.0
Every Kinda People,Robert Palmer,224.0
Sunshine Of Your Love,Ella Fitzgerald,198.0
The Inertia,Aborted,215.0
Life Is Killing Me,Type O Negative,395.0
Polychords,Matmos,212.0
Sadist,Bathory,177.0
Jesus Christ Was an Only Child,Modest Mouse,156.0
Don't You Forget It,Allah-Las,185.0
Love Is My Disease,Alicia Keys,242.0
The Traitor,Menahan Street Band,160.0
As Torches Rise,Turisas,291.0
Drips//Auntie's Harp,Flying Lotus,130.0
Angel Of Death,Angel Witch,292.0
True Love Will Find You In The End,Daniel Johnston,108.0
The Work of Art in the Age of Cultural Overproduction,Tim Hecker,455.0
At Least We Tried,Moby,249.0
The Devil Isn't Red,Hella,306.0
On My Sleeve,Creed,254.0
Which Will,Nick Drake,177.0
My Life Flashed Before My Eyes,The Cribs,210.0
Skinhead Love Affair,Bad Manners,106.0
Critical Hit,Emalkay,247.0
The Way To There,Au Revoir Simone,408.0
I Just Want To Make Love To You,Muddy Waters,167.0
Freaxxx,Brokencyde,217.0
Digital World,Amaranthe,198.0
Naïve,The Kooks,204.0
Rutti,Slowdive,607.0
Without Me,Halsey,202.0
When Animals Attack,Institute,241.0
Bees,Caribou,324.0
Stand up,Hindi Zahra,280.0
This Bed,Alicia Keys,225.0
July Jones,The New Pornographers,259.0
Cause a Rockslide,Badly Drawn Boy,356.0
Dance the Dance,Jazzanova,503.0
Midnight Sunrise,Turisas,495.0
Blackberry Song,Kurt Vile,206.0
Adrift and at Peace,Nine Inch Nails,173.0
Seasick,The Jesus Lizard,186.0
Ett Norrskensdåd,Finntroll,214.0
Snails,The Format,247.0
No Milk Today,Herman's Hermits,169.0
Feed Me To The Forest,The Blood Brothers,144.0
We Have All The Time In The World,Fun Lovin' Criminals,222.0
Silver Flowers,Talvin Singh,286.0
Circlewave 2,Squarepusher,234.0
Let Me Out,Future Leaders of the World,243.0
Deeply Disturbed,Infected Mushroom,502.0
The Riddler,Nightwish,316.0
Eisler on the Go,Billy Bragg & Wilco,177.0
Fabric,Dark Tranquillity,236.0
Day Sixteen: Loser,Ayreon,288.0
All My Love,Led Zeppelin,351.0
Tio Sam,Ska-P,261.0
On A Beach,Richard Ashcroft,310.0
Uncle Jonny,The Killers,266.0
Distorted Love,Enigma,251.0
Orinoco Flow,Enya,267.0
The Privateers,Andrew Bird,204.0
Marbles,Paul Kalkbrenner,257.0
Hangable Auto Bulb,AFX,413.0
The Fear,Lily Allen,206.0
Get Your Snack On,Amon Tobin,261.0
The Shot Heard 'Round The World,Boys Like Girls,209.0
The Way to Heaven,Buckethead,350.0
Enjoy,Björk,234.0
Live and Let Die,Guns N' Roses,184.0
Stop Loving You,Toto,268.0
Battle Ready,Otep,262.0
Dreadlock,Future Prophecies,388.0
Drumheller,Caribou,94.0
Under The Moon,Insane Clown Posse,300.0
I Wish I Knew (How It Would Feel To Be Free),The Derek Trucks Band,247.0
Cheval,Sexy Sushi,205.0
feedback,school food punishment,242.0
Intro,Gorillaz,67.0
Smoking Gun,Robert Cray,247.0
Actionist Respoke,Mouse on Mars,297.0
Good Man,Josh Ritter,249.0
Anywhere Is,Enya,238.0
Form,Poliça,222.0
Sidewinders,Sixtoo,122.0
Redeemer Of Flesh,Rose Funeral,240.0
In Fiction,Isis,672.0
Wish I Stayed,Ellie Goulding,220.0
Gold,Kiiara,226.0
Fallen Embers,Enya,149.0
Let's Save Tony Orlando's House,Yo La Tengo,299.0
Game of Diamonds,Deerhunter,195.0
Penumbra,Tortoise,70.0
Lonely Owl,Gold Panda,258.0
Hemorrhage (In My Hands),Fuel,237.0
Make Light,Passion Pit,296.0
Roller Skates,Steel Pulse,300.0
Abglanz,Pantha du Prince,364.0
Getchoo,Weezer,173.0
This is Not A Photograph,Mission of Burma,118.0
Lost Connection,Jochen Miller,111.0
What Do You Go Home To?,Explosions in the Sky,300.0
Chump Change,The New Pornographers,259.0
The Freak Show,Antimatter,311.0
Silence of the Darkness,Kamelot,223.0
Lozin' Must,Millencolin,133.0
Fender Bender,Kid Koala,235.0
Dance Halls Turn to Ghost Towns,The Audition,199.0
Something for the Weekend,The Divine Comedy,260.0
Girl I'm Gonna Miss You,Milli Vanilli,225.0
Bluebirds,Adam Green,128.0
Look Away,Deerhoof,706.0
Knot,CHON,183.0
My Hands,Leona Lewis,253.0
Radio Retaliation,Thievery Corporation,207.0
Lobotomized,Insect Warfare,79.0
Disposable Teens,Marilyn Manson,185.0
Gimme Gimme Gimme,A Perfect Circle,139.0
Saw Something,Dave Gahan,314.0
Saturation,John Frusciante,180.0
Zov Bitvy,Arkona,248.0
The Concussion Machine Process,Eyehategod,140.0
Return to the Closet,Refused,231.0
Karma's Messenger,Exodus,255.0
Dauden,Windir,259.0
I Been Gone a Long Time,Every Time I Die,185.0
Under 21,Save Ferris,157.0
10:15 Saturday Night,The Cure,219.0
On It,Mindless Self Indulgence,182.0
Dr. Stein,Helloween,303.0
Willow Tree,G. Love & Special Sauce,207.0
Dirt Lip,Big D And The Kids Table,154.0
Bye Bye,Mariah Carey,267.0
The Ongoing Horrible,Maps & Atlases,125.0
Another Me,Eternal Tears of Sorrow,232.0
Les Mémoires Blessées,Dark Sanctuary,302.0
Deteriorate,Demon Hunter,354.0
Bereit,Panzer AG,233.0
Stand In The Spotlight,Armor for Sleep,241.0
Death to Feelers,Matthew Dear,167.0
Electricityscape,The Strokes,213.0
Know Me,Frankie Rose,173.0
Alkohol,Herbert Grönemeyer,269.0
CIA Man,The Fugs,207.0
Overdraft,deadmau5,270.0
One Gun,Lamb of God,239.0
Day Seven: Hope,Ayreon,167.0
Story of Elaine,Jazzamor,262.0
Get Ready for Love,Nick Cave & The Bad Seeds,305.0
He Who Sought The Fire,Emperor,329.0
Forty One Ways,Azam Ali,369.0
I Think Ur a Contra,Vampire Weekend,269.0
Broken Heart,Motion City Soundtrack,182.0
A Night in Lenasia,Deepak Ram,259.0
Milk Lizard,The Dillinger Escape Plan,235.0
Let Me Take You There,Plain White T's,226.0
Change Of Heart,Tom Petty and The Heartbreakers,198.0
How Can Anybody Possibly Know How I Feel?,Morrissey,205.0
Turk,High on Fire,303.0
"Very, Very Hungry",Brian Eno & David Byrne,200.0
La Di Da,Asher Roth,227.0
Song For America,Destroyer,269.0
Bluebird of Happiness,Mojave 3,556.0
Cosmic Monsters Inc.,White Zombie,314.0
Superman (It's Not Easy),Five for Fighting,221.0
Seanchas,Clannad,294.0
The Gardener,The Tallest Man on Earth,237.0
I Got Lost,Dinosaur Jr.,277.0
Getaway (feat. Kool Keith),Peeping Tom,202.0
Sexy Bitch,David Guetta,194.0
Ghir Enta,Souad Massi,309.0
Bedroom Talk,The Starting Line,243.0
Walk,Pantera,315.0
Falling World,Swallow the Sun,309.0
Choose Your Fate,Story of the Year,214.0
Skinhead Love Affair,Bad Manners,106.0
A War Inside,We Came As Romans,321.0
God Knows (You Gotta Give To Get),El Perro del Mar,218.0
O Green World,Gorillaz,275.0
Millimillenary,Cocteau Twins,220.0
Catherine Blake,My Dying Bride,392.0
Pointed To My Heart,I Killed the Prom Queen,224.0
You Know Who I Am,Leonard Cohen,209.0
The Beacon,Enslaved,338.0
Beautiful Reason,Zach Gill,261.0
Can I Walk With You,India.Arie,233.0
Forgotten,Linkin Park,194.0
Napoleon Says,Phoenix,194.0
The Essence,Herbie Hancock,282.0
Small Time Shoot 'em Up,Massive Attack,405.0
We Run Things,Jamie Cullum,211.0
Abyssum,Imperia,409.0
Halo Of Ashes,Screaming Trees,245.0
Neon Tiger,The Killers,184.0
What Me Worry?,St. Vincent,237.0
Stupid and Shallow,The Futureheads,95.0
La La La Lies,The Who,146.0
Consolation Prizes,Phoenix,196.0
Hot Rod Heart,John Fogerty,209.0
Blueeyed Devil,Soul Coughing,253.0
Venus In Cancer,Amusement Parks On Fire,218.0
Dinosaurs Will Die,NOFX,168.0
The Savage Union,Edguy,255.0
Dayvan Cowboy (Odd Nosdam Remix),Boards of Canada,559.0
Stronger Than Me,Amy Winehouse,212.0
Sleep Don't Weep,Damien Rice,1314.0
Hot Soft Light,The Hold Steady,234.0
He Took Her to a Movie,Ladytron,190.0
Waving Not Drowning,Orbital,271.0
Nyana,Tiësto,402.0
Old Skool Ting,Breakage,319.0
The Garden's End,Sarah Blasko,235.0
The Stone,Dave Matthews Band,448.0
Now That We're Done,Metro Station,208.0
My Prerogative,Britney Spears,213.0
Gasthaus zum lachenden Stalin,Jan Delay,194.0
Bumper Ball Dub (Karmacoma),Massive Attack,359.0
Between the Bars,Elliott Smith,141.0
Reality Dream,Riverside,375.0
This Is How We Roll,Florida Georgia Line,221.0
Ease,Whirr,207.0
Clowne Towne,Xiu Xiu,201.0
Tired Hippo,Yo La Tengo,286.0
Face The Truth,Unsun,305.0
Too Many Questions,Sam Sparro,236.0
Kleptomane,Stereo Total,180.0
Summer Storm,Nest,322.0
It's Tricky,Bloodhound Gang,156.0
Cobwebs,Animal Collective,176.0
Revolver,Rage Against the Machine,329.0
Dying Inside,Saint Vitus,445.0
Lost Connection,Jochen Miller,111.0
Atticus,Noisettes,258.0
Kolapot,Amiina,280.0
Holló Utca 2,Venetian Snares,116.0
Memorare,The Crüxshadows,444.0
Into The Trees (Serenetti Part 3),Trentemøller,433.0
Arcady,Peter Doherty,173.0
Likbør,Windir,492.0
Paths of Glory,Faith No More,257.0
Not Ready To Die,Demon Hunter,306.0
AKA M80 the Wolf,Portugal. The Man,236.0
What's A Fella Gotta Do,Eels,206.0
Aurora,Björk,279.0
Pablo and Andrea,Yo La Tengo,256.0
Ophelia,The Band,212.0
Lake Of Fire,Nirvana,176.0
I Heard It Through The Grapevine,Gladys Knight & The Pips,165.0
Andate,Todos Tus Muertos,252.0
Dietro Casa,Ludovico Einaudi,262.0
1*15*96,The Ataris,234.0
Give'r (Reprise),Comeback Kid,85.0
Hysteric,Yeah Yeah Yeahs,230.0
Shotgun,George Ezra,201.0
Our Own Pretty Ways,First Aid Kit,208.0
Cranley's Gonna Make It,Broken Social Scene,327.0
Dance On Our Graves,Paper Route,357.0
The Platform on the Ocean,Arthur Russell,485.0
Amelia's Missing,Jon McLaughlin,168.0
Dancer in a Daydream,Ace of Base,221.0
Maktens Spira,Finntroll,208.0
Sonata I,John Cage,138.0
Holding Back The Years,Simply Red,264.0
Sadistic Lullabye,Soilwork,175.0
The Perfect Space,The Avett Brothers,271.0
Shunned Redeemer,Ion Dissonance,234.0
Dauði Baldrs,Burzum,529.0
Ready 2 Wear,Felix da Housecat,222.0
All You Want,Dido,234.0
Robin (The Hooded Man),Clannad,169.0
Doin' the Cockroach,Modest Mouse,259.0
Anywhere Is,Enya,238.0
The Scope Of Obsession,Carnifex,176.0
Boom Draw,Julian Marley,339.0
Sons & Daughters,The Decemberists,314.0
Let You Down,Three Days Grace,225.0
Genius of Love,Tom Tom Club,436.0
Sleeping Sickness,City and Colour,248.0
The Writhing South,Say Anything,287.0
Heaven Here,Dashboard Confessional,248.0
Battle Axe,From The Shallows,203.0
Twilight Omens,Franz Ferdinand,152.0
No One Receiving,Brian Eno,229.0
Home of Once Brave,Bathory,401.0
Skools Out...,Ladytron,248.0
Ghost Rider,Suicide,497.0
Cico Buff,Cocteau Twins,226.0
Brutal Weapons,Slagsmålsklubben,325.0
Guardian,Before the Dawn,281.0
Ever Falling,Amon Tobin,224.0
Know Your Onion!,The Shins,149.0
Junk Of The Hearts,The Cardigans,248.0
Temper,Attila,191.0
One Shine,The Roots,340.0
In Due Time,Killswitch Engage,198.0
Snooze Button,Snot,257.0
Don't Let Her Pull You Down,New Found Glory,219.0
Brick Shithouse,Placebo,198.0
Electricityscape,The Strokes,213.0
Your Weather,Dinosaur Jr.,186.0
Wasted Time,Kings of Leon,166.0
Afternoon Love In,Prefuse 73,241.0
Bathysphere,Cat Power,181.0
White Boots,The Vaughan Brothers,230.0
7 Baboker,Yael Naim,213.0
Old Money,Lana Del Rey,271.0
This Is The End,She Wants Revenge,344.0
Writer's Block,Just Jack,222.0
Feels Like Rain,Buddy Guy,275.0
"You Can't Hide, You Can't Run",Dilated Peoples,258.0
Junk Bond Trader,Elliott Smith,230.0
The Trickster,Radiohead,282.0
Bumper Ball Dub (Karmacoma),Massive Attack,359.0
King for a Day,Faith No More,395.0
Global War,Alborosie,234.0
Focus Group,Deerhunter,168.0
Triumph,Wale,146.0
Message to the World,Story of the Year,244.0
Jag är en vampyr,Markus Krunegård,257.0
As We Die,Charon,238.0
Going Nowhere Slow,Bloodhound Gang,261.0
Mantipede,Arsonists Get All The Girls,78.0
Black Balloon,Goo Goo Dolls,250.0
Brat Pack,The Rocket Summer,227.0
East Bay Night,Rancid,126.0
Latin America,Holy Fuck,289.0
Ain't Talkin' 'Bout Love,Van Halen,227.0
Repetition,TV on the Radio,223.0
The Art of Losing,Rise Against,111.0
Something That I'm Not,Megadeth,307.0
Celtic Dream,Ronan Hardiman,340.0
Blackthorn,Anúna,199.0
Shalom/Saalam,Matisyahu,64.0
Una palabra,Carlos Varela,152.0
Vault,Pendulum,431.0
Sunday Arak,Balkan Beat Box,308.0
Get Around Town,Revolver,139.0
Shitfire,Weedeater,275.0
God Complex,Perturbator,565.0
Shaman,Amorphis,296.0
Your Disco Song,Vitalic,217.0
Dreaming Neon Black,Nevermore,386.0
The Taming of the Hands That Came Back to Life,Sunset Rubdown,367.0
A Glow,Okkervil River,226.0
Syndrome,Deathstars,189.0
Witch Hunt,Wayne Shorter,491.0
Black Black Heart,David Usher,208.0
The Precipice,Mogwai,402.0
Altes Kamuffel,Paul Kalkbrenner,501.0
Steady As She Goes,Shellac,247.0
Sorrowspell,Carnifex,217.0
Fireworks At Dawn,Senses Fail,130.0
Hit The Ground,Lizz Wright,213.0
The Divine Falsehood,Job for a Cowboy,264.0
Zombie Ritual,Death,282.0
Through The Dark,Alexi Murdoch,330.0
Skjend Hans Lik,Carpathian Forest,320.0
Music And Wine,Blue Six,430.0
59,Amatory,208.0
God Rest Ye Merry Gentlemen,Bing Crosby,139.0
Make You Feel That Way,Blackalicious,206.0
Breadfan,Metallica,341.0
Zzzonked,Enter Shikari,207.0
You Are Not Alone,Michael Jackson,297.0
Out Of Control,Hoobastank,162.0
The Path,Him,462.0
Minors,Toro y Moi,183.0
Off The Grid,Beastie Boys,285.0
Heart of Darkness,Arch Enemy,293.0
Back To The Motor League,Propagandhi,161.0
Walking Barefoot,Ash,254.0
Total Gore?,Cattle Decapitation,191.0
So Easy,Röyksopp,249.0
Die Trommel,Subway to Sally,232.0
Layers,Asobi Seksu,241.0
Auf der guten Seite,Sportfreunde Stiller,225.0
Billie,Pavement,224.0
Apricot Morning,Quantic,386.0
I Will Never See the Sun,Great Lake Swimmers,216.0
Got Me Wrong,Alice in Chains,250.0
Grand Ideas,Lindstrøm,610.0
Such a Shame,Talk Talk,251.0
Posse (I Need You On The Floor),Scooter,242.0
Negasonic Teenage Warhead,Monster Magnet,268.0
Change of Time,Josh Ritter,247.0
Sleepless,Cradle of Filth,259.0
As Madness Took Me,Dragonland,238.0
Exactly What You Wanted,Helmet,156.0
Two Guys (For Every Girl),Peaches,244.0
Follow My Way,Chris Cornell,307.0
VINUSHKA,DIR EN GREY,580.0
49 Percent,Röyksopp,312.0
Dearly Demented,Bleeding Through,322.0
Chapter II: Upon Fallen Autumn Leaves,Haggard,397.0
Whoa! Shut It Down,The Acacia Strain,178.0
Conception,Penumbra,399.0
We Will Fall Together,Streetlight Manifesto,289.0
Dominhate,Elvenking,537.0
The Witch,The Sonics,159.0
Panda,Desiigner,248.0
Mind on Fire,Kreator,237.0
Black Mamba,The Academy Is...,166.0
Glass Walls of Limbo (dance mix),Type O Negative,404.0
Smoked Glass and Chrome,Ott,514.0
The Fifth Column,Photek,429.0
All Or Nothing,The Subways,192.0
Pap Smear,Crystal Castles,221.0
Haunt Me,Sade,349.0
Exploding Head,A Place to Bury Strangers,213.0
The Propaganda,Limp Bizkit,316.0
Return Of The Warlord,Manowar,320.0
Warto to przetrwać,Jamal,190.0
I'm Mad Again,The Animals,254.0
Winter Kills,Yazoo,246.0
Coming of Age,Foster the People,280.0
Rich Kid Blues,The Raconteurs,274.0
We Are The Sound,Alexisonfire,220.0
Silent Wars,Arch Enemy,255.0
Calling The Rain,Eluveitie,306.0
Different But the Same,Ben Kweller,302.0
Snowblind Friend,Steppenwolf,234.0
Divine Blasphemer,Municipal Waste,119.0
Carnaval De Sao Vicente,Cesária Évora,228.0
The Ring Song,The Bravery,205.0
Barael's Blade,The Sword,168.0
Raped by the Devil,Imperia,254.0
Am I Not Merciful?,Hans Zimmer,393.0
Beams,Tape,234.0
Borders and Shading,In Flames,262.0
Ella Guru,Captain Beefheart & His Magic Band,150.0
Choke on a Cock,Adam Green,98.0
Slight Night Shiver,M83,125.0
Look Alive,We Are the Ocean,181.0
Fame < Infamy,Fall Out Boy,186.0
Blue Alert,Madeleine Peyroux,250.0
Expecting,The White Stripes,123.0
Ghost of the Navigator,Iron Maiden,409.0
Crazy,Aerosmith,316.0
Hard to Tell,Old Crow Medicine Show,195.0
When The Stars Go Blue,Ryan Adams,212.0
Trail Of Sevens,Pendulum,265.0
I've Got You Under My Skin,Diana Krall,370.0
Before Today,Everything But the Girl,258.0
Ice Monster,Minus the Bear,244.0
Kill The Messenger,Aesop Rock,295.0
Ever Dream,Nightwish,283.0
Get It And Go,Razorlight,202.0
Suckling the Mender,Cocteau Twins,211.0
Renovation,Helmet,176.0
Almost Seems (Too Late To Turn),Clannad,289.0
Old Artist,Archive,244.0
I Never Told You,Colbie Caillat,235.0
Ambrosia,Alesana,185.0
Suicide Is Painless,Ania,177.0
Black Magic Rituals & Perversions,Electric Wizard,663.0
Nothing Is Everything,Death,199.0
News From A Bird,Deerhoof,83.0
Well All Right!,The Hives,209.0
I'm a Mess,Ed Sheeran,245.0
Clockface,Siouxsie and the Banshees,114.0
Sumiregusa (Wild Violet),Enya,283.0
The Eleventh Hour,August Burns Red,290.0
Time Out For Fun,Devo,167.0
Together We Will Live Forever,Clint Mansell,305.0
Continuing War on Stupidity,Napalm Death,191.0
Cemetery,Say Anything,236.0
Cliffs,Karen O and the Kids,179.0
I Got Punched in the Nose for Sticking My Face in Other People's Business,Boys Night Out,238.0
Cold Blows the Wind,Ween,280.0
It's For You,Out Hud,291.0
One Headlight,The Wallflowers,313.0
Come Find Yourself,Fun Lovin' Criminals,260.0
Henry Lee,Nick Cave & The Bad Seeds,238.0
The Gentle Art of Making Enemies,Faith No More,210.0
To Know You,Sophie Zelmani,163.0
Hedphelym,Aphex Twin,364.0
Summerlong,Kathleen Edwards,246.0
Life Effect,Stars,195.0
Ubriaco Canta Amore,Bandabardò,212.0
Aqueous Transmission,Incubus,467.0
The North,Dirty Pretty Things,209.0
Dial My Number,Rusko,308.0
Hill Stuck,The Presets,102.0
Minds Eye,Pendulum,424.0
What Drives The Weak,Shadows Fall,284.0
Water Under My Bridges,Hird,369.0
Someday We'll All Be Free,Donny Hathaway,251.0
The Devil Never Sleeps,Iron & Wine,127.0
The Inertia,Aborted,215.0
Mr. Zebra,Tori Amos,67.0
Sound the Alarm,A Day to Remember,109.0
Rotting Misery,Paradise Lost,316.0
Perversion 99,Rob Zombie,103.0
Celebrity Sanctum,Dogs Die in Hot Cars,286.0
Implosion of Eternity,Origin,187.0
Twilight at Carbon Lake,Deerhunter,264.0
Eggplant,Gui Boratto,407.0
Seventeen,Ladytron,278.0
My Moon My Man,Feist,228.0
Earth Story,Nicholas Gunn,228.0
Agonizer,Melvins,100.0
Hey Saturday Sun,Boards of Canada,296.0
Fix the Sky a Little,65daysofstatic,330.0
In Our Nature,José González,163.0
Themata,Karnivool,340.0
Ska De La Tierra,Bebe,222.0
My Evil Plan To Save The World,Five Iron Frenzy,206.0
The Rising Tide,The Killers,257.0
Pigs Is Pigs,Every Time I Die,160.0
You Don't Need It,The Pigeon Detectives,167.0
Back Burner,August Burns Red,223.0
Hunt,Goldfrapp,275.0
A 2nd Glance,A Day to Remember,174.0
Sailing In The Dark Isn't Smart Kid!,Emarosa,197.0
Kickstand,Soundgarden,94.0
Brooklyn Bound,The Black Keys,191.0
Billy Fish,Melvins,234.0
Regenerate,Booka Shade,333.0
Spring Arrives,Azam Ali,318.0
Know Your Quarry,Biffy Clyro,209.0
If I Could Cry (It Would Feel Like This),Jens Lekman,204.0
Back To The Motor League,Propagandhi,161.0
Joint,RIP SLYME,295.0
Third Stone From The Sun,Jimi Hendrix,405.0
Come Cover Me,Nightwish,274.0
Stand Here With Me,Creed,257.0
The Blue Nun,Beastie Boys,32.0
You Know What You Are,Ministry,285.0
Sonata VIII,John Cage,181.0
No Fit State,Hot Chip,338.0
Jealous Of The Moon,Nickel Creek,282.0
Electric Blue,Arcade Fire,242.0
Ma Radio,Stereo Total,143.0
Intimate Slavery,Pig Destroyer,66.0
Kein Mitleid,Eisbrecher,331.0
Queen of Light,Imperia,298.0
Head Cut,Siouxsie and the Banshees,264.0
Those Dancing Days,Those Dancing Days,196.0
The Storm Still Rages Inside,Orphaned Land,560.0
Furr,Blitzen Trapper,248.0
Grand Canyon,Tracey Thorn,368.0
Reform The Countryside,Frog Eyes,324.0
Endlich Ein Grund Zur Panik,Wir sind Helden,226.0
Crash Tactics,65daysofstatic,239.0
The Sermon to the Hypocrites,Behemoth,304.0
Better not to Tell,Kalmah,239.0
Newgrange,Clannad,323.0
Boa vs Python,Test Icicles,183.0
Mountains,Biffy Clyro,203.0
Uncle Arthur,David Bowie,128.0
Under the Gun,The Killers,153.0
The Apocalypse Song,St. Vincent,227.0
Ground Level,Stereo MC's,253.0
Dom dimmiga dagarna,Håkan Hellström,192.0
Pleasant Valley Sunday,The Monkees,187.0
Sea Breezes,Roxy Music,420.0
Valley Of The Dolls,Mylo,208.0
Sirensong,The Cure,142.0
Ships Passing Through The Night,Jimi Hendrix,352.0
Off Broadway,Every Time I Die,148.0
Talamak,Toro y Moi,148.0
So Here We Are,Bloc Party,232.0
Fake Out,Bear in Heaven,194.0
Dance Macabre,Ghost,220.0
Madam Me,Alkaline Trio,180.0
Get Him Back,Fiona Apple,325.0
Thanatophobia,Funker Vogt,314.0
Stumble Then Rise on Some Awkward Morning,A Silver Mt. Zion,365.0
Leaves Me Cold,Lush,178.0
We Have Reached an Official Verdict: Nobody Gives a Shit,The Locust,83.0
Birthday Cake,Rihanna,78.0
Don't Look Back in Anger,Oasis,288.0
The Dream Seeker,Dragonland,333.0
Indigo Eyes,Peter Murphy,293.0
Sexy Girl,2raumwohnung,286.0
Sin Sin Sin,Robbie Williams,250.0
Northern Fall,Korpiklaani,184.0
Show You How,The Killers,166.0
Granite Wall,Bolt Thrower,243.0
Della Brown,Queensrÿche,361.0
Kiss On My List,Hall & Oates,260.0
Sunset Girl,ATB,412.0
Cheaper Than Therapy,Rogue Wave,329.0
The Heavens,The Raveonettes,235.0
Kabuki Girl,Descendents,71.0
In the Waiting Line,Zero 7,270.0
Doomsower,Reverend Bizarre,336.0
Operative Word,Comeback Kid,135.0
I Will Buy You A New Life,Everclear,275.0
Ddiamondd,Battles,154.0
Satellite Skin,Modest Mouse,239.0
Lullaby in Winter,Green Carnation,470.0
Hellhound On My Trail,Robert Johnson,158.0
Unter Der Eiche,Equilibrium,291.0
Cover Your Eyes,The Shoes,236.0
Synthesizer,OutKast,311.0
I Defy,Machine Head,222.0
The Dethbridge in Lethbridge,The Rural Alberta Advantage,133.0
A Stranger,A Perfect Circle,192.0
Consumer,August Burns Red,251.0
That's How Country Boys Roll,Billy Currington,226.0
Forsaker,Katatonia,246.0
Amityville,Eminem,255.0
Responsibles,The Red Chord,222.0
Metropolis,Motörhead,215.0
Steamer Trunk,Alkaline Trio,170.0
Coming Down The Hill,El Perro del Mar,153.0
Zombie Eaters,Faith No More,360.0
The Devil's Tears,Angus & Julia Stone,283.0
Renegade Princess,Sonic Youth,348.0
Not Falling Apart,Maroon 5,244.0
Where Is Home?,Bloc Party,293.0
One With the Earth,Carpathian Forest,195.0
Song For The Rich,Tristan Prettyman,223.0
Macht und Dummheit,In Extremo,250.0
All I Want,The Offspring,113.0
Black Horsemen,King Diamond,483.0
Holiday,Green Day,233.0
A&E (Gui Boratto Remix),Goldfrapp,423.0
The Home,Portugal. The Man,177.0
A Fortune In Lies,Dream Theater,311.0
God Rest Ye Merry Gentlemen,Bing Crosby,139.0
Lotus,Minus the Bear,528.0
Beautiful Disgrace,Orgy,253.0
Altes Kamuffel,Paul Kalkbrenner,501.0
Make Me Dream,Flying Saucer Attack,266.0
Cycle,Beck,40.0
Music By Cavelight,Blockhead,251.0
Betrayed,Avenged Sevenfold,406.0
Rejoicing in the Hands,Devendra Banhart,101.0
Mean Low Water,65daysofstatic,241.0
The Candle,King Diamond,400.0
Lemon Yoghourt,Caribou,144.0
Beskyddaren,Kent,285.0
Olympians,Fuck Buttons,655.0
Sweedeedee,Cat Power,233.0
I Touch Myself,Divinyls,223.0
Than The Serpents In My Hands,Moonspell,354.0
Lil' Bloodred Ridin' Hood,Children of Bodom,205.0
I Just Died In Your Arms,Northern Kings,350.0
"Come on, Let's Go",Ritchie Valens,123.0
Rise Up,Yves Larock,453.0
Tire Swing,Kimya Dawson,188.0
Wish I Could Forget You,Silverstein,208.0
I'll Throw The First Rock,Sentenced,206.0
The Void,Metric,200.0
Dental Care,Owl City,191.0
Finding Level Ground,My Bitter End,264.0
Capturing Moods,Rilo Kiley,215.0
Half Jack,The Dresden Dolls,357.0
Guajira,Santana,343.0
When You Say You Love Me,Josh Groban,272.0
Endless Endings,The Dillinger Escape Plan,153.0
Blow Yr Mind,Be Your Own Pet,44.0
Summer Storm,Nest,322.0
Selbstportrait mit Kater,Einstürzende Neubauten,373.0
She Turns Me On,Smash Mouth,192.0
Wow,Kylie Minogue,191.0
Queen Anne Chair,Sonic Youth,278.0
Funky Guru,Prem Joshua,345.0
Crimes,A Perfect Circle,155.0
Another Brick in the Wall (Part 2),Pink Floyd,239.0
Seven Stars,Air,266.0
Hate Yer State,Choking Victim,170.0
Hill Farmer's Blues,Mark Knopfler,224.0
Confused Images,Massive Attack,119.0
Good Man,Josh Ritter,249.0
Careless Whispers,Tim Hecker,311.0
Why Took Your Advice,Grandaddy,248.0
The Thing That Should Not Be,Metallica,396.0
No Sympathy For A Sinking Ship,United Nations,127.0
Martyrdom Unsealed,Job for a Cowboy,156.0
Lille,Lisa Hannigan,247.0
Citizen XT99,Dope Stars Inc.,266.0
No Name #4,Elliott Smith,149.0
Yèkèrmo sèw,Mulatu Astatke,253.0
Mad Professor,Insane Clown Posse,350.0
Aerial Boundaries,Michael Hedges,283.0
Dancing With Kadafi,Infected Mushroom,622.0
Koupes - I'll Smash Glasses,Shantel,258.0
Goodway,Monsters of Folk,121.0
Two (Vaya con Dios),Ill Niño,204.0
Comes and Goes (In Waves),Greg Laswell,254.0
Northstar,Cujo,370.0
Lionheart,Emancipator,293.0
Finish Line,Fanfarlo,220.0
Paperthin Hymn,Anberlin,196.0
Life Is A Minestrone,10cc,281.0
Caipirinha (feat. Bebel Gilberto),Peeping Tom,167.0
Welt am Draht,Pantha du Prince,431.0
Jesus Walking On The Water,Violent Femmes,189.0
Hot Pursuit,Camo & Krooked,260.0
Scientist,The Dandy Warhols,193.0
Funeral Face,Suburban Kids with Biblical Names,178.0
198d,At the Drive-In,244.0
Right Where I Need To Be,Gary Allan,182.0
Please Sister,The Cardigans,277.0
My Mom,Eminem,320.0
43% Burnt,The Dillinger Escape Plan,271.0
Automatic Schmuck,The Hives,137.0
Lord Anthony,Belle and Sebastian,255.0
Cast Me Aside,Drowning Pool,253.0
Soundso,Wir sind Helden,254.0
Give Me A Chance,Black Tide,214.0
Jataman,Jamal,202.0
Vätteanda,Finntroll,276.0
Mourning Heart - Interlude,Ensiferum,84.0
I Once Was Lost But Now Am Profound,From First to Last,219.0
Business In The Front,Arsonists Get All The Girls,74.0
Mandatory Suicide,Slayer,241.0
She Takes Me High,We the Kings,246.0
Radiance,Anathema,352.0
The Tyrant,Kivimetsän Druidi,345.0
So Says I,The Shins,168.0
Courtesy Laughs,Phoenix,195.0
From My Cold Dead Hands,Combichrist,258.0
"Mama Do (Uh Oh, Uh Oh)",Pixie Lott,197.0
Mandylion,The Gathering,302.0
Rock Music,Pixies,112.0
Scarabs,Karnivool,131.0
I'm a Wicked One,The Hives,105.0
Splitkein Fever,Darkthrone,286.0
Cherry Lips,Archie Bronson Outfit,257.0
Gideon,My Morning Jacket,219.0
Passion And The Opera,Nightwish,291.0
Lady Midnight,Leonard Cohen,179.0
Með suð í eyrum,Sigur Rós,295.0
Neon Tiger,The Killers,184.0
Don't Make Fun Of Daddy's Voice,Morrissey,174.0
No Rest,Dry the River,188.0
They Tell Me,Cat Power,174.0
A Remark You Made,Weather Report,411.0
Sweet Child,Micatone,273.0
Bleeder,Zombie Girl,268.0
There's No Here,Dinosaur Jr.,219.0
Join The Army,Suicidal Tendencies,217.0
Cyco Vision,Suicidal Tendencies,109.0
I Don't Owe You Anything,The Smiths,247.0
Shake! Shake!,The Subways,166.0
Hide Nowhere,Devin Townsend,301.0
Me And Charlie Talking,Miranda Lambert,252.0
Nattleite,Ulver,131.0
1184,Windir,329.0
Seems Fine,The Concretes,132.0
The World is Growing Loud,Covenant,297.0
Waves,Hooverphonic,241.0
Black Refuge,Junip,208.0
The Oscillator's Hum,Frog Eyes,148.0
What I Wouldn't Do,A Fine Frenzy,176.0
Jet Lag,Joss Stone,244.0
Cubicles,My Chemical Romance,232.0
I Wanted You To Feel The Same,The Radio Dept.,151.0
Decontamination,Insect Warfare,70.0
Broken Eyes,Concord Dawn,408.0
Who Will Save Your Soul,Jewel,239.0
Favorite Year,Dixie Chicks,269.0
Police The Nation,The Planet Smashers,159.0
Edenbeast,My Dying Bride,683.0
Formula,Aphex Twin,347.0
Price I Pay,Jane's Addiction,327.0
Under the Westway,Blur,257.0
Carrie Cooksey,Rocketship,273.0
My Rights Versus Yours,The New Pornographers,259.0
Sun Won't Shine,Sentenced,245.0
Ebethron,The Sword,335.0
Calling My Name,Dragonland,290.0
Spitshine,dredg,214.0
This Love Is Not Wrong,The Field Mice,199.0
Night Falls Fast,Arch Enemy,217.0
Astral Days,Immanu El,363.0
Miss Fortune,Aloe Blacc,260.0
Reelin' In The Years,Steely Dan,274.0
Blame It,Jamie Foxx,290.0
Buried Beneath,Red,227.0
Here It Goes Again,OK Go,180.0
Query,Peter Broderick,146.0
Shirin,Jens Lekman,237.0
Little Miss Obsessive,Ashlee Simpson,222.0
Sucka Nigga,A Tribe Called Quest,246.0
Japanese Electronics,Commix,365.0
Start To Melt,Peter Bjorn and John,136.0
Oscillations,Silver Apples,167.0
Deus Ibi Est,Isobel Campbell & Mark Lanegan,172.0
Grand Ideas,Lindstrøm,610.0
To Be Me,London Elektricity,379.0
You're Gone,Something Corporate,277.0
Reclusion,Anberlin,211.0
Black River Killer,Blitzen Trapper,208.0
Moongate,Samael,211.0
Sex appeal,Sexy Sushi,210.0
Harvester Of Hearts,Rufus Wainwright,215.0
Parada,Marcomé,270.0
When Love Comes Close,Masterplan,249.0
Dead Emotion,Paradise Lost,273.0
The Crows Are Coming For Us,From First to Last,296.0
Girl With One Eye (Bayou Percussion Version),Florence + the Machine,235.0
Nothing From Nothing,Billy Preston,155.0
Phoney Smiles & Fake Hellos,Black Label Society,258.0
Walk Into the Sea,Low,176.0
Boomtown,Less Than Jake,154.0
Eating Spiders,Psapp,256.0
Ain't Complaining,Beatsteaks,168.0
The Telephone Call,Chromatics,110.0
A Face In The Crowd,Tom Petty,239.0
Dechristianize,Vital Remains,536.0
Strange Friends,Pati Yang,223.0
Boris,Boy,199.0
Lemuria,Therion,255.0
Charge,Elbow,317.0
The Damage In Your Heart,Weezer,243.0
Lucky Love,Ace of Base,172.0
Been A Long Time,Black Label Society,186.0
I'm Not Satisfied,Frank Zappa,159.0
Fly Low Carrion Crow,Two Gallants,237.0
Crimes,A Perfect Circle,155.0
Nice Things That Look Good,Mates of State,267.0
Bleed to Death,Hatesphere,213.0
Old White Lincoln,The Gaslight Anthem,210.0
Where The Streets Have No Name,Tony Allen,231.0
Roommates,"Now, Now",184.0
Askepios,The Mars Volta,311.0
Psycho Love,Skid Row,237.0
Taste Of Blood,Archive,275.0
Wanderlust,Björk,347.0
Mother May I,Coheed and Cambria,272.0
"Stay Close, Don't Go",Secondhand Serenade,214.0
Mode2,Moderat,316.0
Weenie Beenie,Foo Fighters,165.0
Erase/Replace,Foo Fighters,253.0
Curls,Madvillain,96.0
In Stone,Antimatter,470.0
Cash Machine,Hard-Fi,224.0
All We Ever Look For,Kate Bush,229.0
That's Just The Way It Is Now,Rancid,173.0
Burberry Blue Eyes,Razorlight,208.0
Metallic Division,Fear Factory,90.0
Do You Hear?,Mr. Scruff,410.0
Dance With You,Live,277.0
Frijolero,Molotov,210.0
I Will Love Again,Lara Fabian,227.0
Bleed For Ancient Gods,Amon Amarth,271.0
Fifteen Feet of Pure White Snow,Nick Cave & The Bad Seeds,337.0
Brain Bypass,Combichrist,510.0
Orange County Girl,Gwen Stefani,204.0
The Dead Can't Testify,Billy Talent,269.0
Dangereux,IAM,225.0
Home,Three Days Grace,261.0
Bleed For Ancient Gods,Amon Amarth,271.0
Swing The Heartache,Bauhaus,354.0
Minuit Jacuzzi (datA remix),Tepr,262.0
Better Things To Do,Terri Clark,189.0
Bhindi Bhagee,Joe Strummer and the Mescaleros,345.0
Ain't It Fun,Paramore,297.0
I Am Abomination,1349,251.0
Mobility,Moby,371.0
Beat Crazy,Joe Jackson,261.0
Fordlândia,Jóhann Jóhannsson,823.0
The Chosen Legacy,Dimmu Borgir,257.0
Eyes Burst At Dawn,Darkthrone,211.0
Hand of Sorrow,Within Temptation,336.0
Bestial Invasion,Destruction,274.0
Camera Talk,Local Natives,223.0
Cutsman,HORSE the band,231.0
Evidence,Faith No More,294.0
Bad Magick,Godsmack,257.0
My Perfect Cousin,The Undertones,156.0
Dearest Helpless,Silverchair,214.0
This Is All I Came to Do,Dinosaur Jr.,322.0
Cypress Grove,Clutch,357.0
The Last Relapse,All Shall Perish,401.0
Falling Over,The Pains of Being Pure at Heart,193.0
Delicate,Damien Rice,319.0
0040,Ólafur Arnalds,268.0
Acetone,The Crystal Method,316.0
Ainda É Cedo,Legião Urbana,237.0
War Ensemble,Slayer,292.0
I'm Not a Loser,Descendents,89.0
Maria Lisboa,Mariza,163.0
What We Know,Sonic Youth,236.0
King Volcano,Bauhaus,212.0
Auburn and Ivory,Beach House,270.0
Black Sunshine,White Zombie,289.0
Woe,Tom Waits,80.0
The Handshake,MGMT,220.0
241,Reel Big Fish,160.0
She's Got It,Little Richard,147.0
Smokin' In The Boys Room,Mötley Crüe,207.0
Contort Yourself,James Chance & The Contortions,530.0
Parklife,Blur,187.0
I Saw The Bright Shinies,The Octopus Project,239.0
On My Own,Ulrich Schnauss,403.0
More You Understand,Howie Day,293.0
Where Do We Go From Here,Filter,335.0
Let It Happen,Tame Impala,469.0
Tonight (Nicola Conte New Jazz Version),Koop,397.0
If I Found Out,Athlete,302.0
Slain,Cannibal Corpse,213.0
What I've Become,Lamb of God,209.0
The Impossible,Joe Nichols,244.0
The Sound of Violence,Cassius,433.0
You Must Follow (Evol Intent VIP),Stratus,339.0
In the Aeroplane Over the Sea,Neutral Milk Hotel,203.0
Waiting for the Sirens' Call,New Order,340.0
The Concubine,Beirut,208.0
Backspace Century,Deerhunter,139.0
Peking Saint,Cat Power,145.0
Infinity Farm,Lightning Bolt,167.0
Kanske är jag kär i dig,Jens Lekman,284.0
Fairmount Hill,Dropkick Murphys,238.0
Some Things Just Are The Way They Are,ATB,328.0
"As It Was, As It Soon Shall Be",Exodus,316.0
Give a Man a Rod,James Blake,276.0
Piccola Radiolina,Manu Chao,60.0
Ghost Key,Isis,509.0
Keep Fallin',Hot Chip,286.0
Bad Stone,The Crystal Method,310.0
Room for the Life,Kate Bush,246.0
No Cars Go,Arcade Fire,344.0
Alphabet Town,Elliott Smith,252.0
Dub About Me,Miss Kittin,431.0
Tetragrammaton,The Mars Volta,1002.0
Barfly,Ray LaMontagne,235.0
Valhall Awaits Me,Amon Amarth,284.0
Dog Shelter,Burial,179.0
Infection 13,Dope Stars Inc.,210.0
Sad Robot,Stars,131.0
Everybody Dance,Chic,410.0
Slow Jam,Four Tet,318.0
You Always Hurt The One You Love,The Mills Brothers,192.0
I'm a Mess,Ed Sheeran,245.0
Bewilderbeast,Badly Drawn Boy,211.0
Day of the Dead,Hollywood Undead,235.0
Slide In,Goldfrapp,258.0
Dark Lines,Gossip,209.0
Damien,DMX,222.0
Lullaby in Winter,Green Carnation,470.0
Non Objective Portrait of Karma,Circle Takes the Square,402.0
Tryst With Mephistopheles,Owen Pallett,413.0
What's Coming Over You,Beatsteaks,195.0
1978,Do Make Say Think,630.0
Over It,Bullet for My Valentine,228.0
Stay Another Day,East 17,268.0
Preacher,OneRepublic,248.0
Gib Mir,Heimataerde,208.0
Pastime Paradise,Stevie Wonder,208.0
Johnny,Suicide,131.0
Show You How,The Killers,166.0
Genetic World,Télépopmusik,239.0
Paper Hanger,mewithoutYou,252.0
Stay In The Shade,José González,143.0
Long Tomorrow,toe,318.0
City Love,John Mayer,240.0
Watch The World,Box Car Racer,232.0
She Was Great,Beatsteaks,166.0
Prostatic Fluid Asphyxiation,Whitechapel,213.0
Pushing Through,Mudvayne,208.0
Burn Fetish,Eyedea & Abilities,175.0
Weed Demon,Wavves,159.0
A Fury Divine,Amon Amarth,396.0
Please Don't Go,Mike Posner,197.0
Kuu saa valtansa auringolta,Mokoma,259.0
Made Too Pretty,As Cities Burn,246.0
What New York Used to Be,The Kills,196.0
Carry The Cross,Arch Enemy,252.0
Contagious Chemistry,You Me at Six,210.0
Astounded,Bran Van 3000,357.0
colorless,Venetian Snares,147.0
Soft Serve,Soul Coughing,193.0
Step Down,Sick of It All,208.0
More Sweet Soul,Pretty Girls Make Graves,194.0
Mourning Palace,Dimmu Borgir,313.0
Pretty Good,POLYSICS,182.0
The Old Man's Back Again (Dedicated To The Neo-Stalinist Regime),Scott Walker,223.0
Skeleton Boy,Friendly Fires,214.0
Still in Love,Cat Power,210.0
Tremens,Sonic Youth,202.0
No Jane,Radio Moscow,321.0
The Icicle Melts,The Cranberries,174.0
Whistle,Flo Rida,224.0
Forsaker,Katatonia,246.0
All Secrets Known,Alice in Chains,283.0
Story of Elaine,Jazzamor,262.0
The Running Free,Coheed and Cambria,253.0
Epilepsy Is Dancing,Antony and the Johnsons,162.0
Sex in Your Mouth,Gay For Johnny Depp,58.0
Fear Of The Future,Shitdisco,236.0
See You In The Next One (Have A Good Time),The Verve,187.0
L.E.S. Artistes,Santigold,204.0
Can't Be Caught,Big D And The Kids Table,176.0
Amor Fati,Washed Out,269.0
D Is for Dangerous,Arctic Monkeys,136.0
Headbanger Face Rip,Municipal Waste,112.0
Eastern Glow,The Album Leaf,367.0
I Can Only Imagine,MercyMe,248.0
The Fifth Column,Photek,429.0
Keeper of the Plaguelands,Annotations of an Autopsy,216.0
Bad Trails,Battles,318.0
Welcome To Sludge City,Annotations of an Autopsy,164.0
M.B.,Apocalyptica,239.0
Franks,Infected Mushroom,485.0
Another Step Away,A Place to Bury Strangers,251.0
Meathead,Story of the Year,145.0
Chasing The Night,Every Avenue,169.0
Yeah,Usher,251.0
Lost On Yer Merry Way,Grandaddy,379.0
Noam Chomsky Spring Break 2002,Department of Eagles,195.0
Rammstein,Rammstein,265.0
Bullets Are Blind,Kalmah,267.0
I'm Not Down,The Clash,186.0
The First Tones,ATB,127.0
A Horse Is Not A Home,Miike Snow,253.0
Setting Sun,The Chemical Brothers,240.0
I Will Never Let You Down,Rita Ora,202.0
Suicide Commando,No More,202.0
I Love This Bar,Toby Keith,334.0
Alameda,Elliott Smith,223.0
Catch A Fire,Damian Marley,291.0
Our Mutual Friend,The Divine Comedy,357.0
In Our Blood,Horse Feathers,201.0
Big Bad Wolf,In This Moment,310.0
Tall Latte,Devin Townsend,63.0
Back In Time,Au Revoir Simone,319.0
Blitzed,The Raveonettes,183.0
Spirit Fingers,Four Tet,202.0
Goodnight Rose,Ryan Adams,200.0
French Song,Kate Walsh,198.0
Les OS,The Unicorns,212.0
SexyBack,Justin Timberlake,243.0
My Halo,Atlas Sound,197.0
World in Motion,New Order,271.0
This Loneliness,El Perro del Mar,278.0
Desperate Graves,The Mars Volta,297.0
Brokenheartsville,Joe Nichols,231.0
Love Dog,TV on the Radio,336.0
Little Steps,Nostalgia 77,189.0
Pure Morning,Placebo,238.0
Separated,Avant,252.0
Haiti,Arcade Fire,247.0
Deadly Weapons,Eyes Set to Kill,216.0
Tube Snake Boogie,ZZ Top,184.0
To What End,Thrice,185.0
One Day I'll Fly Away,Randy Crawford,303.0
Bukkake Tsunami,Cattle Decapitation,273.0
Mothership Connection (Star Child),Parliament,373.0
I Believe to My Soul,Donny Hathaway,228.0
Your Blessened,Melvins,339.0
Pretend,Nat King Cole,165.0
Strange Fires,Ariel Pink's Haunted Graffiti,247.0
Police The Nation,The Planet Smashers,159.0
Cold Song,Sting,196.0
Shpongle Spores,Shpongle,436.0
Just The Past,Peter Bjorn and John,312.0
Breathing Underwater,Metric,236.0
Interlude With Ludes,Them Crooked Vultures,225.0
This Dust Makes That Mud,Liars,1808.0
Swim Until You Can't See Land,Frightened Rabbit,262.0
Keeper,Yellowcard,236.0
Redeemer Of Flesh,Rose Funeral,240.0
Drone,Panda Bear,241.0
L'Ultima Volta,Ludovico Einaudi,224.0
What A Friend,Esperanza Spalding,295.0
Norden on Fire,Immortal,376.0
Cheri Cheri Lady,Modern Talking,226.0
Calling It Quits,Aimee Mann,250.0
Brand New Love,Sebadoh,244.0
All The Things That Are Left Behind,Blue Rodeo,266.0
Who Me?,Buckethead,128.0
Man on the Moon,R.E.M.,307.0
Reality Dream,Riverside,375.0
Come on Home,Lali Puna,215.0
The Endless Knot,Eluveitie,419.0
Does My Breath Smell?,blink-182,158.0
I Can Feel Your Pain,Manchester Orchestra,172.0
The Innocent,Goldfinger,182.0
Got My Favourite,Jack Peñate,233.0
Bed Space,Darwin Deez,212.0
End of the World,Armor for Sleep,251.0
Hjärta,Kent,338.0
Devil In My DNA,Less Than Jake,209.0
Lives,Modest Mouse,198.0
Alley Cats,Hot Chip,320.0
Efilnikufesin (N.F.L.),Anthrax,295.0
Jet Lag,Joss Stone,244.0
Tij,Battles,424.0
Dead Skin Cells,The Future Sound of London,411.0
Love Confusion,Kat DeLuna,243.0
Devouring The Feeble,Bloodbath,191.0
I Never Wanted To,Saosin,210.0
Harley Davidson,Brigitte Bardot,150.0
Undercovers On,Rival Schools,330.0
Apricot Morning,Quantic,386.0
Have You Forgotten?,Darryl Worley,243.0
Fine Without You,Armin van Buuren,198.0
All That You Are,Mudvayne,372.0
Just Couldn't Tie Me Down,The Black Keys,178.0
Scars and Stripes,Angelspit,288.0
Horse Tears,Goldfrapp,310.0
Blooded Shore,Bathory,336.0
I'm With Stupid,Static-X,204.0
Thérapie De Groupe,Olivia Ruiz,201.0
Send The Death Storm,The Red Chord,205.0
Roman Candle,Elliott Smith,217.0
I Only Think of You,The Horrors,427.0
Operate,Peaches,209.0
In Transit,"Albert Hammond, Jr.",215.0
I'm Crying,The Animals,169.0
Zambra,Ojos de Brujo,406.0
Adonai,Head,319.0
Teeth,Lady Gaga,221.0
Foreword,"Tyler, the Creator",194.0
Boom!,System of a Down,135.0
Altered Course,Isis,937.0
Na Na Na,The Knife,148.0
Porc #2,Moderat,183.0
Rust Never Sleeps,Kalmah,316.0
Red Sun,Anoushka Shankar,290.0
Deixa O Menino Jogar,Natiruts,280.0
Mono,Courtney Love,222.0
Sink Into The Underground,CKY,178.0
Black Car,Beach House,251.0
Beatcrusher,Dope Stars Inc.,215.0
Seventy Times 7,Brand New,214.0
The Pioneers,Tunng,266.0
At The Last,Thrice,245.0
City of Electric Light,Chad VanGaalen,153.0
God Willing,Dropkick Murphys,205.0
"The Wife, The Kids, and The White Picket Fence",Fair to Midland,208.0
Paper Tigers,Thrice,240.0
"Good Times, Bad Times",The Rolling Stones,150.0
Your Own Reality,Paradise Lost,245.0
Psychotic Reaction,The Count Five,189.0
Famous Monsters,Saliva,283.0
Bomb This Track,Mindless Self Indulgence,200.0
Ultra Blue,Thrice,182.0
I Could Be Nothing,Great Lake Swimmers,317.0
The Show Tonight,Johnossi,232.0
Shimmer,Fuel,214.0
Where Shadows Dance,Anathema,118.0
Love Infernal,Poisonblack,237.0
Little Boys in the Ghetto,Suburban Kids with Biblical Names,202.0
Black Label,Lamb of God,292.0
Absent Are The Saints,36 Crazyfists,233.0
Let It Fall,Lykke Li,162.0
Sanzen,dredg,274.0
Ludlow St.,Julian Casablancas,343.0
Faces on Fire,Times New Viking,117.0
"The Gangsta, The Killa And The Dope Dealer",Westside Connection,251.0
Slave Machinery,Kreator,238.0
Billy 1,Los Lobos,243.0
Life Ain't Always Beautiful,Gary Allan,225.0
Skinny Boy,Amy Millan,209.0
Park Bench People,José James,363.0
Please Stand Up,British Sea Power,194.0
Some Kinda Love,The Velvet Underground,243.0
Wrong Girl,Jane's Addiction,272.0
I'm Deranged,David Bowie,271.0
The Devil Has Risen,Unearth,202.0
Real Desire,Dan Auerbach,263.0
Scatman's World,Scatman John,225.0
Falls Apart,Thousand Foot Krutch,215.0
Compulsive Psychosis,Hypocrisy,255.0
Coney Island,Good Old War,164.0
Lost Blue Heaven,Photek,194.0
The Neighborhood Is Bleeding,Manchester Orchestra,169.0
Neon Sky Rain,Vector Lovers,240.0
Love Your Love The Most,Eric Church,168.0
In Too Far,Acceptance,173.0
Vapour Rumours,Shpongle,626.0
White Sparrows,Billy Talent,195.0
Dead and Buried,Alien Sex Fiend,242.0
Never Ending War,All Shall Perish,383.0
Counting to 100,Matt Wertz,237.0
Gorecki,Lamb,388.0
The Returning,Dragonland,282.0
Blindness,Metric,267.0
Thieves,She & Him,248.0
Tulimyrsky,Moonsorrow,1773.0
Most Beautiful Plague,Say Anything,294.0
Enjoy the Abuse,Combichrist,314.0
Wall Street,Battles,325.0
Bitches Brew,Miles Davis,1619.0
Yours Alone,Dum Dum Girls,136.0
Bricks,Rise Against,91.0
Peep Show,Sikth,251.0
Neocon,The Offspring,66.0
Morphogenesis,Scar Symmetry,234.0
Sailing In The Dark Isn't Smart Kid!,Emarosa,197.0
Clean Today,Katatonia,264.0
Universe,Scars on Broadway,255.0
The Son Never Shines (On Closed Doors),Flogging Molly,265.0
Stop And Stare,Fenech-Soler,246.0
Hybrids Of Steel,Arch Enemy,229.0
Surrendering,Alanis Morissette,276.0
For Love and Failing,Bleeding Through,214.0
Check My Brain,Alice in Chains,239.0
Spawn Again,Silverchair,208.0
An Airbag Saved My Dub,Easy Star All-Stars,297.0
Cheyne Stokes,Chelsea Grin,170.0
Eric's Song,12 Stones,203.0
I'll Keep On Dreaming,Stream of Passion,225.0
Can't Get There from Here,R.E.M.,221.0
Doomed Now,"Does It Offend You, Yeah?",221.0
Darlin' Do Not Fear,Brett Dennen,309.0
San Franciscan Nights,Eric Burdon & The Animals,202.0
Someone Else's Song,Wilco,201.0
Pax Deorum,Enya,300.0
Snakes On the Ladder,Handsome Furs,270.0
Long Goodnight,The Get Up Kids,290.0
Over My Shoulder,Mike & The Mechanics,215.0
Don't Call Me Peanut,Bayside,237.0
Beelzeboss (The Final Showdown),Tenacious D,336.0
Hunger Strike,Temple of the Dog,246.0
Balloon Maker,Midlake,303.0
Laments of an Icarus,Textures,254.0
From Hell They Came,Misfits,136.0
How It Should Be (Sha Sha),Ben Kweller,109.0
All These Things That I've Done,The Killers,303.0
Basic Space,The xx,188.0
Transit Cop,Beastie Boys,78.0
Cores,Da Lata,210.0
Always Running Out of Time,Motion City Soundtrack,180.0
Þú ert jörðin,Ólafur Arnalds,274.0
Doing It To Death,The Kills,248.0
It Could Be The Same,Van She,239.0
Jake Jeckel,Insane Clown Posse,86.0
Fire Like This,Hardknox,279.0
Stare At The Sun,Thrice,203.0
Gliss,Asobi Seksu,244.0
What Lies Beneath,Breaking Benjamin,215.0
Arawan,Tinariwen,247.0
Regiment,Brian Eno & David Byrne,238.0
Scream For More,Kate Ryan,240.0
Corazon Espinado,Santana,274.0
Uncertain Times,The Raveonettes,238.0
Empty Bottles,I Break Horses,203.0
Night Falls Fast,Arch Enemy,217.0
Window Song,Finger Eleven,219.0
Warm Blooded,Despised Icon,224.0
Night of Sin,Blutengel,294.0
Perfect Way,Scritti Politti,275.0
The District Attorneys Are Selling Your Blood,War from a Harlots Mouth,166.0
Ain't It Fun,Paramore,297.0
Dom kommer kliva på dig igen,Håkan Hellström,227.0
I Didn't Understand,Elliott Smith,138.0
RX Coup,Sparta,194.0
Cloud Connected,In Flames,221.0
Doll Parts,Hole,212.0
Peace and Tranquility to Earth,Roudoudou,255.0
Hazey Jane I,Nick Drake,269.0
Good Friday,CocoRosie,263.0
Call You,Reel Big Fish,184.0
Beautiful Bride,Flyleaf,183.0
Bottom Of the Barrel,Amos Lee,120.0
Little Bit (CSS remix),Lykke Li,278.0
Flip Ya Lid,Nightmares on Wax,324.0
The Mother,Nick Cave & Warren Ellis,166.0
Breaking the Law,Judas Priest,153.0
I Need Some Sleep,Eels,148.0
Pain Divine,Morbid Angel,238.0
Culinary Hyperversity,Necrophagist,305.0
Get Me,Dinosaur Jr.,352.0
Always Running Out of Time,Motion City Soundtrack,180.0
Cross Bones Style,Cat Power,273.0
The Whaler,Thrice,249.0
Contort Yourself,James Chance & The Contortions,530.0
Metatron,Darkside,307.0
Kids on the Run,The Tallest Man on Earth,292.0
Black Heroes,Ratatat,249.0
Badream,Jakalope,204.0
All You Want,Dido,234.0
Demonium,Immortal,236.0
Rock n Roll Nigger,Patti Smith,204.0
Swing Set,Jurassic 5,321.0
Sanctus Perversum,Belphegor,303.0
She Hangs Brightly,Mazzy Star,384.0
The Ecstasy of Gold,Ennio Morricone,121.0
Woe,Tom Waits,80.0
Bye Bye,Mariah Carey,267.0
F**k the System,System of a Down,133.0
Tamra,Sonic Youth,515.0
What Me Worry?,St. Vincent,237.0
Our Solemn Hour,Within Temptation,257.0
Discord,After Forever,279.0
Surfer Calavera,Los Fabulosos Cadillacs,184.0
I'm So Sick,Flyleaf,176.0
Send The Death Storm,The Red Chord,205.0
The Sparrow,Mastodon,331.0
Last Stand Of Humanity,Bolt Thrower,191.0
Elizabeth My Dear,The Stone Roses,55.0
Circle None,Mice Parade,145.0
Faith Is Blind,Black Label Society,216.0
A Little Bit of Soul,Kid Loco,245.0
Sierra Leone,Frank Ocean,149.0
Music Is Happiness,The Octopus Project,220.0
Let Me In,Beatsteaks,209.0
Jack and Sally Montage,Vitamin String Quartet,343.0
Wait Until Tomorrow,Jimi Hendrix,175.0
To Them These Streets Belong,Rise Against,169.0
I'm Gonna Miss Her,Brad Paisley,194.0
Shaman,Amorphis,296.0
Even Deeper,Nine Inch Nails,348.0
Fools Like Me,Lisa Loeb,216.0
Pulled Under at 2000 Metres a Second,Anathema,323.0
Plastic Stress,Terranova,277.0
Adult Content,Combichrist,351.0
Cold Rain And Snow,Grateful Dead,152.0
Personal Stereo,Flunk,276.0
Mansize Rooster,Supergrass,155.0
Firdous E Bareen,Isis,471.0
Collection Of Stamps,I'm from Barcelona,191.0
Bentley's Gonna Sort You Out,Bentley Rhythm Ace,295.0
Queen Anne Chair,Sonic Youth,278.0
Sleepyhouse,Blind Melon,269.0
Piece By Piece,Slayer,123.0
In the Backseat,Arcade Fire,380.0
The Canals Of Our City,Beirut,141.0
Omission,John Frusciante,273.0
The Living Toys,Animal Collective,469.0
You're So Vain,Carly Simon,257.0
Memory Man,Van She,211.0
Havoc B,Enter Shikari,172.0
Mire Deep,Cult of Luna,311.0
The Machinist,Have Heart,167.0
All Hope in Eclipse,Cradle of Filth,400.0
The Lucid Door,Sirenia,289.0
Todeswalzer,Windir,295.0
Ausser Dir,Wir sind Helden,222.0
"I Breathe In, I Breathe Out",Chris Cagle,245.0
Message to the World,Story of the Year,244.0
Break In-City (Storm the Gate!),Tenacious D,82.0
Southern Weather,The Almost,209.0
Havanna Sex Dwarf,Booka Shade,230.0
Shack Up,Nouvelle Vague,226.0
French Inquisition,Bleeding Through,253.0
Always Feel This Way,Tristan Prettyman,176.0
Radio Nufonia,Kid Koala,51.0
Type Slowly,Pavement,322.0
All Time,Archive,232.0
Traffic Lights,Lena,166.0
Lil' Ghetto Boy,Dr. Dre,329.0
Sunblocks,Ratatat,222.0
Three Times a Fool,Otis Rush,171.0
Southernplayalisticadillacmuzik,OutKast,245.0
She Don't Use Jelly,The Flaming Lips,222.0
All Day Breakfast,Jel,259.0
One Body Too Many,Winds of Plague,217.0
Assistant to the Regional Manager,The Devil Wears Prada,217.0
Can't Stop,Red Hot Chili Peppers,269.0
D.O.A.,The Haunted,262.0
Endless Pain,Kreator,210.0
I Will Live Again,Arch Enemy,212.0
Crutch Field Tongs,The Dillinger Escape Plan,53.0
Like Angels Weeping (The Dark),Kataklysm,267.0
Clowne Towne,Xiu Xiu,201.0
The Magic of the Night,Enya,214.0
One Last Shot,Klaus Badelt,286.0
Lewis Takes Off His Shirt,Owen Pallett,308.0
Bad Magick,Godsmack,257.0
Walk It Off,Angus & Julia Stone,205.0
Head Rolls Off,Frightened Rabbit,224.0
The End of Biters - International,Prefuse 73,78.0
Half Full Glass Of Wine,Tame Impala,267.0
Erè Mèla Mèla,Mahmoud Ahmed,279.0
Don't Be Light,Air,379.0
I'll Be Lovin' U Long Time,Mariah Carey,181.0
Miss Clare Remembers,Enya,120.0
The Sky Moves Sideways,Porcupine Tree,761.0
Sota,Shantel,197.0
We're Already Gone,The Beautiful Girls,304.0
This Is More,Stick to Your Guns,109.0
"Marilyn, My Bitterness",The Crüxshadows,416.0
In Truth,Paradise Lost,294.0
Come on Home,Lali Puna,215.0
Road to Joy,Bright Eyes,234.0
Souls for Sale,Mad Caddies,220.0
Starry Night,Joe Satriani,234.0
Sakrileg,sToa,177.0
Perca peso,Móveis Coloniais de Acaju,320.0
My Lover's Prayer,Otis Redding,191.0
Schwarze Biene (Black Maja),Bohren & der Club of Gore,491.0
One Kill Wonder,The Haunted,179.0
Vad du vill,Familjen,237.0
Bisbee Blue,Calexico,168.0
Trouble Sleeping,Corinne Bailey Rae,207.0
Behind Closed Eyelids,Shpongle,749.0
Apocalyptic Feasting,Brain Drill,220.0
Done 4 Me,Cassidy,209.0
Bridge To Nowhere,Sam Roberts,190.0
Addicted!,Devin Townsend Project,336.0
Waves,Hooverphonic,241.0
Of No Avail,Heaven Shall Burn,297.0
To Breathe In a Casket,Necrophagist,341.0
Of Sins And Shadows,Symphony X,443.0
Arms Around Your Love,Chris Cornell,214.0
Wotan's Fire,Thyrfing,272.0
If We Want To,Big D And The Kids Table,253.0
Shyness,Thieves Like Us,219.0
"Oh, Me",Meat Puppets,182.0
Candle,Sonic Youth,299.0
Devil's Carriage,Elvenking,244.0
The Way She Moves,Forever the Sickest Kids,223.0
Shoot,Sonic Youth,317.0
Last Rites,Caspian,567.0
Love It or Left It,From Autumn To Ashes,194.0
The 5th Exotic,Quantic,248.0
Det som var Haukareid,Windir,341.0
Your Rocky Spine,Great Lake Swimmers,216.0
Morden,Good Shoes,149.0
All These Things That I've Done,The Killers,303.0
On Wings Of Integrity,MyChildren MyBride,167.0
Free Will Sacrifice,Amon Amarth,249.0
Ghost Outfit,Deerhunter,33.0
Ich weiß warum,2raumwohnung,228.0
Earth,Imogen Heap,214.0
Used To Be A Sweet Boy,Morrissey,169.0
Idolatress,Arch Enemy,294.0
Posers,Sykotik Sinfoney,261.0
Exterminate Annihilate Destroy,Rotersand,317.0
Offline P.K.,Pinback,198.0
Sincerely Me,New Found Glory,168.0
Jails And Bombs,Amos Lee,251.0
Debris,Theatre of Tragedy,304.0
Monopolist,Efterklang,417.0
Tessellate,alt-J,181.0
Radiant Strain,Scar Symmetry,256.0
Cheers Darlin',Damien Rice,350.0
Altered State,Mike Oldfield,312.0
Shipwrecked Frontier Pioneer,Arcturus,513.0
Orestes,A Perfect Circle,286.0
The Enemy Are The Future,Late of the Pier,363.0
Death Magick for Adepts,Cradle of Filth,354.0
A Tear In The Open,Tiësto,562.0
Roots Rock Riot,Skindred,182.0
We Carry On,Portishead,388.0
Breathe In,Frou Frou,277.0
Clockwork Tin Soldiers,Jonny Greenwood,229.0
Success,Interpol,207.0
Use Your Mind,Extreme Noise Terror,124.0
Redneck,Lamb of God,220.0
Goodbye Blue Sky,Pink Floyd,167.0
Pagan Baby,Creedence Clearwater Revival,384.0
Temptation Waits,Garbage,277.0
The Whaler,Thrice,249.0
This Island,Le Tigre,201.0
Opiate of the Masses,Heathen,450.0
My Judgement Day,Ignite,146.0
Remembrance Day,God Is An Astronaut,254.0
Tumman virran taa,Ensiferum,53.0
My Promise,It Dies Today,207.0
Godeatgod,Marilyn Manson,156.0
Killamangiro,Babyshambles,205.0
It Was Mine,AFI,234.0
In Every Mind,Red Sparowes,186.0
Transmissions,God Is An Astronaut,244.0
The Cowboy Song,Faith No More,314.0
End This Day,Despised Icon,213.0
Anyone Who Knows What Love Is (Will Understand),Irma Thomas,176.0
Booze Cruise,Mad Caddies,145.0
My Lover's Gone,Dido,268.0
Tu Amor Eterno,Carlos Vives,244.0
You Shouldn't Be Alive,Ion Dissonance,138.0
The Fever,Bonobo,261.0
Cuando Pase El Temblor,Soda Stereo,229.0
Tremens,Sonic Youth,202.0
Silence The Voices,Chris Cornell,267.0
You'll See It,Washed Out,175.0
Hairy Trees,Goldfrapp,277.0
T.V.O.D.,The Normal,172.0
No Competition,Babylon Circus,167.0
The Pharaoh,Edguy,637.0
The Salad,Mr. Oizo,183.0
Inside what's within behind,Meshuggah,271.0
Heartbeat,Childish Gambino,271.0
From the Ritz to the Rubble,Arctic Monkeys,195.0
Temple Bar,Rodrigo y Gabriela,268.0
TV & Me,Mando Diao,226.0
Da Frame 2R,Arctic Monkeys,143.0
Away From Me,Puddle of Mudd,238.0
End This Day,Despised Icon,213.0
The MacGuffin,The Kilimanjaro Darkjazz Ensemble,454.0
Den gjemte sannhets hersker,Dimmu Borgir,377.0
Proxima Centauri,At the Drive-In,166.0
Sex Toyz,Brokencyde,177.0
Baby Carni Bird,Camille,238.0
The Other Side Of The Crash/Over And Out (Of Control),Thursday,281.0
Natural Suction,Wagon Christ,453.0
Two Worlds Collide,Demi Lovato,198.0
Suffused With Love,Sondre Lerche,171.0
Everybody's Got Something To Hide (Except Me And My Monkey),The Feelies,249.0
Bring Em Back Alive,Audioslave,329.0
Soulreaper,Dissection,416.0
Don't Tell And We Won't Ask,Thrice,240.0
Bajo Un Mismo Sol,Macaco,211.0
Another Story,The Head and the Heart,274.0
The Rivalry,Running Wild,337.0
Hard To Make A Stand,Sheryl Crow,187.0
Your Shameful Heaven,My Dying Bride,420.0
The Passenger,Iggy Pop,285.0
Volle Distanz,Kettcar,166.0
Miss U,Blackfield,280.0
Desperate Religion,ATB,279.0
Woman Tonight,America,142.0
Frankie,Mississippi John Hurt,207.0
Interstellar Overdrive,Pink Floyd,583.0
Englabörn,Jóhann Jóhannsson,94.0
Last Nite I Met a Costume,Glass Candy,232.0
Stay Awhile,She & Him,157.0
Brain,Banks,282.0
Crossing the Triangle of Flames,Darkthrone,373.0
Fluorescent Adolescent,Arctic Monkeys,178.0
Macbeth,Ciccone Youth,328.0
Laid To Rest,All Shall Perish,279.0
The Ex,Billy Talent,161.0
Kiss You All Over,Exile,210.0
Something That I'm Not,Megadeth,307.0
M. Shepard,Thursday,216.0
Stacked Actors,Foo Fighters,256.0
Let's Kill Music,The Cooper Temple Clause,253.0
Ice Cube,Juno Reactor,423.0
At The same time,Hindi Zahra,206.0
Lucky Pressure,Roni Size,314.0
Never Know,Jack Johnson,213.0
Giving Up On Love,Slow Club,171.0
Girl Of My Dreams,Charles Mingus,249.0
See You When You're 40,Dido,320.0
Selector,Skindred,143.0
Baby Phife's Return,A Tribe Called Quest,199.0
What Would They Know,Liars,192.0
Starved,Born of Osiris,167.0
The Stillborn One,Necrophagist,264.0
Lurch,The Dillinger Escape Plan,123.0
What Makes A Man A Man,Emery,264.0
Regen en patchoulli,Spinvis,249.0
Angel Echoes,Four Tet,240.0
One of Fail,Kalmah,250.0
Wings of Gabriel,Arcana,240.0
Lovesong of the Buzzard,Iron & Wine,267.0
Nlogax,Boards of Canada,414.0
Jenny's Cryin',Dope,191.0
Don't Make Me Prove It,Veruca Salt,149.0
We Can Get Wild,Mark Knopfler,257.0
Wicked Wisdom,of Montreal,300.0
Dying Breed,Five Finger Death Punch,175.0
Angelene,PJ Harvey,214.0
Lazy Eye,Silversun Pickups,354.0
Below It,Peter Broderick,242.0
Unleashed,Epica,383.0
Our World Is Grey,As Cities Burn,358.0
Cat People,David Bowie,403.0
Hitsville U.K.,The Clash,263.0
Since I Told You It's Over,Stereophonics,283.0
You On My Mind In My Sleep,Richard Ashcroft,306.0
Better Be,Anna Ternheim,254.0
The Tide And Its Takers,36 Crazyfists,238.0
No Mans Land,Mike Oldfield,368.0
How I Know,Toro y Moi,245.0
Gay Porn,Валентин Стрыкало,319.0
Los niños del parque,Liaisons Dangereuses,301.0
Insurrection,Trivium,297.0
Postcards From Italy,Beirut,255.0
Ceephax Mix,Squarepusher,363.0
Warheart,Children of Bodom,241.0
Stars and Sons,Broken Social Scene,309.0
Marknadsvisan,Finntroll,120.0
Epoxi-Lips,RX Bandits,365.0
From My Hands,Salt The Wound,242.0
Lick It Up,Kiss,236.0
The Pinnacle,Kansas,576.0
Something Wicked,British Sea Power,193.0
Zebra,Beach House,289.0
Unsaid,Little People,230.0
Dream Girl,Basshunter,267.0
Vodevil,Marilyn Manson,280.0
Sun (acoustic),MAE,322.0
Navajo,Black Lips,161.0
Bad Up Your Betterness,The Presets,249.0
Ban The Tube Top,Reel Big Fish,191.0
Strange Terrain,Circa Survive,239.0
All The King's Horses,Blind Guardian,254.0
Je veux,Zaz,215.0
Rock The Party,Benzino,228.0
Dragostea Din Tei,O-Zone,216.0
Damien,DMX,222.0
Small Town Boy,Dustin Lynch,207.0
"Heartbroken, In Disrepair",Dan Auerbach,201.0
Light Pollution,Bright Eyes,197.0
Almost Home,Trent Reznor and Atticus Ross,213.0
All His Suits Are Torn,NOFX,139.0
Ramlar,Håkan Hellström,197.0
Adios Nonino,Astor Piazzolla,485.0
How Great Is Our God,Chris Tomlin,305.0
Subsonic,Com Truise,279.0
Hold My Finger,Sikth,224.0
There Is So Much More,Brett Dennen,305.0
Minerva,Deftones,258.0
Chase the Tear,Portishead,315.0
Simon,Lifehouse,361.0
Youlogy,Volcano Choir,217.0
Chillout Tent,The Hold Steady,223.0
The Mercy Seat,Nick Cave & The Bad Seeds,438.0
Shelcha,Yael Naim,279.0
The Castaway,Amorphis,333.0
Watching Lara,Yann Tiersen,88.0
In the Rain,The Dramatics,207.0
Where The Wild Things Are (Monsters),Anarbor,193.0
Ridin' in My Car,She & Him,195.0
Diabolic Scheme,The Hives,180.0
Get Confused,Fischerspooner,251.0
Snooze Button,Snot,257.0
Wake Up and Go Berserk,Mogwai,288.0
Exogenesis: Symphony Part 1 [Overture],Muse,258.0
Good Directions,Billy Currington,216.0
Eternal Light,Derdian,314.0
Coastal Brake,Tycho,334.0
This Is Giving Up,The Flatliners,147.0
Thinking About Tomorrow,Beth Orton,401.0
A Window,The Radio Dept.,208.0
Immaculate Heart 1,The American Analog Set,160.0
What Would They Know,Liars,192.0
Milan,Karsh Kale,534.0
Toca Me,Fragma,215.0
"Oh, Me",Meat Puppets,182.0
Forever Blind,At the Gates,239.0
Ein seltener Vogel,Einstürzende Neubauten,555.0
The Leanover,Life Without Buildings,286.0
It Ain't No Crime,Joe Nichols,218.0
Friday I'll Be Over U,Allison Iraheta,196.0
After Thousand Words,Era,297.0
Flugufrelsarinn,Sigur Rós,468.0
Mirror Remains,Bauhaus,298.0
So Good,B.o.B,213.0
Funky Ride,OutKast,391.0
Glass In The Trees,Dead Poetic,301.0
The Architects,At the Gates,206.0
The Harvest Floor,Cattle Decapitation,187.0
Clip The Apex...Accept Instruction,The Dillinger Escape Plan,209.0
The Tyrant,Kivimetsän Druidi,345.0
Gin Soaked Boy,Tom Waits,144.0
Christian Says,Tones on Tail,223.0
Blue Flower,Mazzy Star,215.0
Wal-Mart Parking Lot,Chris Cagle,263.0
Desilusión,Gotan Project,265.0
Baptism of Solitude,Buckethead,370.0
Ophidian,Nevermore,47.0
Hold Your Head Up,Argent,377.0
Jorge Regula,The Moldy Peaches,187.0
Coolidge,Descendents,167.0
Nonpareil of Favor,of Montreal,349.0
No Wrong No Right,Soundgarden,288.0
Kill to Believe,Bleeding Through,238.0
Time's Arrow,The Weakerthans,173.0
Rock On,David Essex,203.0
Captor Of Sin (Slayer Cover),At the Gates,199.0
I'll Buy,The Replacements,205.0
The Republic,Gang of Four,202.0
Neighborhoods,Matthew Dear,190.0
Cancer,My Chemical Romance,143.0
Hilli,Amiina,189.0
Remember When (Side A),The Black Keys,202.0
The Metal,Tenacious D,166.0
Aldimarkt,Ascii.Disko,352.0
Ten Dollar High,"Medeski, Martin and Wood",222.0
Velvet Touch,The 69 Eyes,278.0
If Things Were Perfect,Moby,259.0
Ringfinger,Nine Inch Nails,345.0
Atrum Inritus,Molotov Solution,140.0
Out Of Control,Hoobastank,162.0
It's Been Eight Years,The Radio Dept.,154.0
Sick ZiP Everywhere,Melt-Banana,112.0
Like Me,Girlicious,174.0
Anything But You,Way Out West,344.0
Coin-Operated Boy,The Dresden Dolls,286.0
The Child In Me,Clan of Xymox,272.0
The Moon Is Down,Explosions in the Sky,603.0
2 + 2 = 5 (Live At Earls Court),Radiohead,215.0
Just A Touch Of Love,Slave,228.0
ZDRLT (Rewind),Digitalism,311.0
Dear Someone,Gillian Welch,194.0
Young Bride,Midlake,292.0
Magick,Klaxons,217.0
Every You Every Me (Single Mix),Placebo,214.0
Brand New Thing,Adema,221.0
Modern Morbid Prophecies,Dead Poetic,233.0
Here Come The Rome Plows,Drive Like Jehu,343.0
You're Better Off Dead,Children of Bodom,241.0
Close chorus,A Sunny Day In Glasgow,384.0
Tu Quieres Volver,Sarah Brightman,229.0
Broke,Modest Mouse,199.0
Disciples Of The Sacred Oath II,Orphaned Land,511.0
Something Less,Comeback Kid,118.0
D Song,Bonobo,320.0
Sweet and Low,Fugazi,215.0
Daggers Speak Louder Than Words,Alesana,207.0
Roadhouse Blues,The Doors,372.0
Kirby's House,Razorlight,171.0
Much Farther to Go,Rosie Thomas,390.0
Kreuzberg,Bloc Party,325.0
Doghouse,Descendents,107.0
See a Little Light,Belinda,245.0
Lightning Strikes Twice,Iron Maiden,290.0
The Weapon They Fear,Heaven Shall Burn,278.0
On The Verge,Le Tigre,211.0
Up From The Skies,Jimi Hendrix,176.0
Pretty as a Swastika,Marilyn Manson,165.0
Lightworks,J Dilla,115.0
Sleeping Pills,Suede,233.0
International Dateline,Ladytron,257.0
Ruf In Den Wind,Equilibrium,294.0
Soy,Gipsy Kings,187.0
Looking For Love,September,205.0
Final Fatal Force,Soilwork,300.0
The Modern Things,Björk,250.0
Angel Of Retribution,Belphegor,332.0
La Cerca,Sparta,224.0
The Harder Ships of the World,Keren Ann,249.0
The Year Summer Ended in June,Misery Signals,247.0
Dog and Pony Show,Shellac,240.0
Giving Up On Love,Slow Club,171.0
Aerodynamic,Daft Punk,208.0
Far Gone and Out,The Jesus and Mary Chain,249.0
Iron Swallow,Jonny Greenwood,130.0
Are You Satisfied?,Marina & the Diamonds,201.0
Song of Silence,Jazzamor,270.0
Hyperventilation,Apocalyptica,266.0
Everybody I Love You,"Crosby, Stills, Nash & Young",142.0
Funnel of Love,Wanda Jackson,128.0
Finally Woken,Jem,238.0
On A Mission,The Rakes,187.0
Pull My Heart Away,Jack Peñate,247.0
Clowne Towne,Xiu Xiu,201.0
No I in Threesome,Interpol,231.0
I'm On My Way,The Proclaimers,213.0
Do-Wah-Doo,Kate Nash,156.0
Bug Powder Dust,Bomb the Bass,258.0
Bring it Back,Limp Bizkit,138.0
Body of Years,Mother Mother,278.0
If You're Into It,Flight of the Conchords,106.0
Mr. Soul,Buffalo Springfield,172.0
Milk Lizard,The Dillinger Escape Plan,235.0
No More Angels,Soilwork,242.0
Dance On Glass,Q-Tip,181.0
The District Attorneys Are Selling Your Blood,War from a Harlots Mouth,166.0
Luminescence,Jean-Claude Chapuis,182.0
Should've Listened,Nickelback,223.0
Microcastle,Deerhunter,220.0
Settlin',Sugarland,207.0
Reinvent the Pain,Neuroticfish,314.0
Photography,The Starting Line,364.0
In Loss,Neaera,212.0
Stupid Girl,Garbage,259.0
Nerve,Soilwork,219.0
Stand In The Spotlight,Armor for Sleep,241.0
To Fix the Gash In Your Head,A Place to Bury Strangers,231.0
Grippo,Saul Williams,183.0
Why Can't I Have You,The Cars,244.0
The Witching Hour,Wild Nothing,252.0
Children Of The Grounds,Midlake,235.0
O I Sleep,Mogwai,56.0
Gone Up In Flames,Morning Runner,175.0
Awesome Fucker,MC Chris,169.0
Date Of Expiration,Funker Vogt,367.0
Smells Like Nirvana,"""Weird Al"" Yankovic",222.0
Far Far,Yael Naim,261.0
Luminum,Cryptopsy,106.0
Cycle Time,Liars,136.0
True Fine Love,Steve Miller Band,160.0
Now Night Her Course Began,Sephiroth,544.0
Bootleg,Creedence Clearwater Revival,190.0
Crescendolls (Laidback Luke remix),Daft Punk,326.0
The Perfect Me,Deerhoof,161.0
Non-Zero Possibility,At the Drive-In,334.0
No Fall Too Far,Becoming the Archetype,346.0
Nedgång,Finntroll,224.0
Dirty Frank,Pearl Jam,341.0
Maxine's Interlude,John Legend,110.0
Re-Birth,Ill Niño,173.0
Untrust Us,Crystal Castles,189.0
Morbid Tales,Celtic Frost,209.0
"Illuminate My Heart, My Darling!",Yndi Halda,1051.0
All I Am,36 Crazyfists,276.0
Two As One,From First to Last,200.0
13 Fingers,Acid Bath,250.0
Bye Bye Bayou,LCD Soundsystem,429.0
Heimwärts,Empyrium,406.0
I Just Want To Make That Sad Boy Smile,Kleerup,287.0
Tyrants,Immortal,377.0
My Dreaming Hill,Flying Saucer Attack,372.0
Ocean Breathes Salty,Modest Mouse,224.0
My Coco,stellastarr*,306.0
Samba da Bencao,Bebel Gilberto,287.0
LIE BURIED WITH A VENGEANCE,DIR EN GREY,163.0
Yoga Means Union,Ambulance Ltd,296.0
Your Only Doll (Dora),Laura Marling,180.0
Heat Miser,Massive Attack,219.0
Well All Right,Blind Faith,267.0
Let Me In,Beatsteaks,209.0
Rigorous Vengeance,Municipal Waste,133.0
Emerald Eyes,Jimmy Page,201.0
Crossing the Triangle of Flames,Darkthrone,373.0
Beachcoma,Hybrid,390.0
The Running Board,The Dillinger Escape Plan,202.0
Out Of Focus,Blue Cheer,227.0
Ever Fallen in Love,Nouvelle Vague,200.0
Armour Love,La Roux,233.0
Das Licht,Frittenbude,156.0
Bedlam Sticks,Diablo Swing Orchestra,209.0
Whatever it is,Zac Brown Band,208.0
Tidal Pool,Conjure One,411.0
City Escape,The Dear Hunter,356.0
Sink Into The Underground,CKY,178.0
Differences,Ginuwine,266.0
Rave Is King,Fukkk Offf,390.0
Forever Dead,Torture Killer,345.0
Minimal,Pet Shop Boys,261.0
Every Night My Teeth Are Falling Out,The Antlers,204.0
Kill the Light,Lacuna Coil,215.0
Anniversary,The Cure,263.0
Light On,David Cook,229.0
Fire Is Everything,Gojira,297.0
Little Hells,Marissa Nadler,146.0
This Glorious Nightmare,Unearth,262.0
Groovin',The Young Rascals,150.0
whiteman's ballad,Moriarty,275.0
Deadbeat I,Desiderii Marginis,326.0
Buffalo!,Dance Gavin Dance,160.0
Waiting For The Night,Armin van Buuren,270.0
Ain't No Way,Aretha Franklin,254.0
Before We Talked,Gold Panda,320.0
Rich Bitch,Die Antwoord,211.0
Englefjes,DumDum Boys,197.0
Rhyme & Reason,Dave Matthews Band,314.0
Rag Doll,Aerosmith,261.0
Era Of Diversion,Evol Intent,363.0
You're the Good Things,Modest Mouse,214.0
Baobab,Mouth of the Architect,629.0
On The DL,The Pharcyde,268.0
Computer Age,Sonic Youth,313.0
Son Of A Widow,mewithoutYou,208.0
Bird Gerhl,Antony and the Johnsons,195.0
A Cautionary Song,The Decemberists,189.0
French Song,Kate Walsh,198.0
The Tremor,Nightrage,198.0
Murder Tonight,DJ Hazard,386.0
The Mountains Of Navaho,Scouting for Girls,201.0
Court to Love,Clannad,230.0
Memory Man,Van She,211.0
Prolog Auf Erden,Equilibrium,219.0
Good Things,Rival Schools,223.0
Music Is My Hot Hot Sex,Cansei de Ser Sexy,187.0
Breaking the Law,Judas Priest,153.0
She'z N Control,Chromeo,195.0
Lovesick Teenagers,Bear in Heaven,196.0
Come Round Soon,Sara Bareilles,213.0
Christmas Eve,Billy Eckstine,192.0
Non-Stop Party Now,Girl Talk,244.0
Prosthetic Erection,Annotations of an Autopsy,200.0
The Great Divide,In This Moment,251.0
Tulsa,Rufus Wainwright,138.0
The Time Has Come Again,The Last Shadow Puppets,142.0
Frijôs goldene Tränen,Burzum,159.0
Lost in the Harbour,Tom Waits,225.0
Beat Goes On,Madonna,267.0
Try Honesty,Billy Talent,256.0
This Punishment,Katatonia,167.0
Song Of Sorn,Deerhoof,148.0
Techno Widows,Astrix,460.0
Knew It All Along,Midtown,157.0
The 15th,Fischerspooner,238.0
The Hoard,As Cities Burn,234.0
Hit You Back,Nitzer Ebb,259.0
Mourning Palace,Dimmu Borgir,313.0
Fortunate Son,Creedence Clearwater Revival,138.0
Fragilidad,Sting,232.0
If Looks Could Kill...,A Day to Remember,198.0
He Wasn't Man Enough,Toni Braxton,262.0
SRXT,Bloc Party,292.0
Exitlude,The Killers,147.0
N.Y.,Doves,346.0
Masterpiece Conspiracy,P.O.D.,192.0
How Do,Sneaker Pimps,314.0
Better Be Home Soon,Crowded House,188.0
Years In The Making,Dilated Peoples,191.0
The Chills,Peter Bjorn and John,230.0
En Mäktig Här,Finntroll,259.0
Faust Arp,Radiohead,130.0
Insides,Jon Hopkins,278.0
Back To The River,Riverside,390.0
Hash Driven,Timo Maas,178.0
Badream,Jakalope,204.0
Cosmic Egg,Wolfmother,244.0
Look Alive,We Are the Ocean,181.0
Right Where I Need To Be,Gary Allan,182.0
Nothing (Why),Dope,240.0
Barcelona Loves You,I'm from Barcelona,164.0
Bath Of Least Resistance,NOFX,107.0
Sun Dance,Tomahawk,182.0
Nocturne urbain 2,Sylvain Chauveau,60.0
Changing Colours,Great Lake Swimmers,284.0
City Escape,The Dear Hunter,356.0
God Knows (You Gotta Give To Get),El Perro del Mar,218.0
Thresher's Flail,Be Your Own Pet,127.0
Disco Heaven,Lady Gaga,221.0
Steelbath Suicide,Soilwork,175.0
dead tree,DIR EN GREY,291.0
I Need Something Stronger,UNKLE,249.0
Black Man's Cry,Fela Kuti,695.0
Thanks Vision,Toro y Moi,224.0
Receiver,Cult of Luna,489.0
Form,Poliça,222.0
World Domination,Skindred,145.0
To Go Beyond (II),Enya,180.0
Northern Fall,Korpiklaani,184.0
The Part That Hurts The Most (Is Me),Thousand Foot Krutch,239.0
Behind A Wall Of Silence,Heaven Shall Burn,221.0
Transmissionary,Lightning Bolt,740.0
To What End,Thrice,185.0
Shoot Me Again,Metallica,430.0
蜷局,DIR EN GREY,238.0
Make My Mind,Screaming Trees,250.0
The Saga,The Libertines,114.0
Battleship Grey,Tiësto,313.0
Neither Can I,Slash's Snakepit,403.0
Salt Water Sound,Zero 7,331.0
Decency Defied,Cannibal Corpse,180.0
Asleep In The Chapel,Thursday,226.0
Cry Cry Cry,Ziggy Marley,243.0
Ain't No Good,Cake,161.0
Seventeen,Ladytron,278.0
Wonder What's Next,Chevelle,250.0
The Fall of Math,65daysofstatic,239.0
Flash Delirium,MGMT,256.0
Hard Tits,Jackson and His Computer Band,193.0
Black Tide,Beneath the Massacre,147.0
Spin The Globe,Reel Big Fish,261.0
Can't Stop Partying,Weezer,262.0
Titelheld,Extrawelt,486.0
The Lantern,The Rolling Stones,263.0
Calvary Scars II/Aux. Out,Deerhunter,612.0
No Christmas While I'm Talking,The Walkmen,265.0
Carpe Diem Baby,Metallica,372.0
Supersede,Carbon Based Lifeforms,494.0
The Woodworm,9 Lazy 9,315.0
Candy Andy Jane,Supershine,212.0
Bambi the Hooker and a Case of Beer,The Number Twelve Looks Like You,55.0
One And One,Robert Miles,462.0
Devil in Jersey City,Coheed and Cambria,288.0
Baby Day,Animal Collective,272.0
Oh Horatio,Tiger Lou,193.0
Alarm Call,Björk,260.0
Running Thoughts,Deerhoof,225.0
Acheron,The Evpatoria Report,1176.0
Big Balls,AC/DC,159.0
Gem Of A Bird,The View,212.0
The Oscillator's Hum,Frog Eyes,148.0
Pow,Beastie Boys,134.0
Corporeal,Broadcast,235.0
Pescador De Ilusões,O Rappa,245.0
Hell Awaits,Slayer,410.0
People Passing By,Pain of Salvation,548.0
Nausea,Beck,175.0
She'll Hang the Baskets,Cake,162.0
Cycle Time,Liars,136.0
Marching Orders,Kosheen,301.0
We All Wanna Be Prince,Felix da Housecat,213.0
No Hits,Black Mountain,406.0
Sigma,Secret Garden,185.0
Ripping Corpse,Kreator,215.0
The Atrocity Exhibition,Exodus,633.0
Any Major Dude Will Tell You,Steely Dan,188.0
Something I Call Personality,New Found Glory,160.0
Livin' on a Chain Gang,Skid Row,238.0
Tree Village,Dance Gavin Dance,202.0
X-Static,Foo Fighters,253.0
Ark Of The Covenant,The Congos,379.0
Omegaman,The Police,167.0
Saints,The Breeders,152.0
Misery's Introduction,All Shall Perish,62.0
Whatever You Became,Cold,225.0
Umm Hmm,Erykah Badu,226.0
Breaking Up Again,Accept,277.0
Piste Bleue,Para One,122.0
Computer Camp Love,Datarock,188.0
I'm Gonna Make It Better,She & Him,213.0
Then Came To Kill,The Chariot,300.0
The Divine Wings Of Tragedy,Symphony X,1243.0
Revolutions In Graphic Design,United Nations,125.0
Hangable Auto Bulb,AFX,413.0
Until the Last,The Album Leaf,256.0
24 Hour Party People,Happy Mondays,281.0
American Witch,Rob Zombie,228.0
Symptom Of The Universe,Sepultura,255.0
This Is All I Came to Do,Dinosaur Jr.,322.0
Faith Is Blind,Black Label Society,216.0
Big Bad Wolf,In This Moment,310.0
Stuck With You,Huey Lewis & The News,267.0
Change Of Heart,Tom Petty and The Heartbreakers,198.0
Something Kinda Funny,Spice Girls,245.0
Blue Would Still Be Blue,Guillemots,315.0
Birth Of The Anti Mother,Norma Jean,168.0
Prinzesschen,Lafee,257.0
Detroit Rock City,Kiss,235.0
On Fire,Lloyd Banks,187.0
Rikta,Boxcutter,312.0
Black History Month (Josh Homme Remix),Death from Above 1979,279.0
Take No Prisoners,Megadeth,209.0
Door of Celestial Peace,Samael,246.0
Ein seltener Vogel,Einstürzende Neubauten,555.0
Holló Utca 5,Venetian Snares,137.0
"Next Year, Baby",Jamie Cullum,288.0
Just Until Sundown,Further Seems Forever,192.0
The Virus of Life,Slipknot,325.0
As Rosas Não Falam,Cartola,173.0
Atom,Nari & Milani,334.0
Throw Away Your Television,Red Hot Chili Peppers,225.0
Melody,The Rolling Stones,347.0
Harold of the Rocks,Primus,377.0
I Don't Want to Die (in the Hospital),Conor Oberst,213.0
Could You Be The One?,Hüsker Dü,155.0
Minus Two,Broadcast,256.0
Rotten Hell,Menomena,259.0
Walk Upright,Seeed,215.0
Standing on the Edge,Feeder,193.0
Solo City,Booka Shade,275.0
These Words Are Bullets,The Flatliners,193.0
Holy Symphony of War,Kalmah,285.0
Winter Wind,Jon Schmidt,266.0
I Was Never Young,of Montreal,213.0
Copy Cat,Derrick Morgan,156.0
A Wolf In Sheep's Clothing,This Providence,191.0
Need To Shout,Architecture in Helsinki,250.0
Mithridate,The Evpatoria Report,656.0
Nothing Special,Boris,138.0
Deadsong,Before the Dawn,204.0
Freeze Up,Operation Ivy,140.0
I Will Return,The Black Dahlia Murder,335.0
The Man Who Can't Be Moved,The Script,241.0
Son Of A Gun,Bruce Dickinson,355.0
Kollaps,Einstürzende Neubauten,484.0
Sappy,Red Velvet,200.0
The Queen,Lady Gaga,317.0
For Your Own Good,Turisas,272.0
The Set Up (You Need This),Reel Big Fish,258.0
Figure 8,Ellie Goulding,247.0
Hets,Nasum,88.0
Go Zombie,Zombie Girl,227.0
To the Wind,Neurosis,460.0
Articulo Mortis,Whitechapel,244.0
Keep on Movin',Soul II Soul,211.0
Black Sunshine,White Zombie,289.0
On Most Surfaces,The Gathering,415.0
För sent för edelweiss,Håkan Hellström,241.0
The Ex,Billy Talent,161.0
"Nursery, Academy",Tokyo Police Club,146.0
What I Bleed Without You,Bleeding Through,184.0
Don't Go Breaking My Heart,Elton John,275.0
We Are the Dead,Ulver,221.0
Bloodsoaked Memories,Hatebreed,173.0
The Same Song,Israel Vibration,240.0
After Eight,Neu!,285.0
Don't Go Lose It Baby,Hugh Masekela,365.0
When Good Dogs Do Bad Things,The Dillinger Escape Plan,362.0
You Walk Away,Blutengel,236.0
Christmas Eve,Billy Eckstine,192.0
Get Ready for Love,Nick Cave & The Bad Seeds,305.0
With Tomorrow,This Mortal Coil,161.0
Jaws Theme Swimming,Brand New,274.0
Nectar,Opeth,609.0
August Day Song,Bebel Gilberto,268.0
Moonchild,Iron Maiden,340.0
Trilobite,Mastodon,389.0
El Cargo,Amon Tobin,264.0
Orange County Girl,Gwen Stefani,204.0
"Keep It Loose, Keep It Tight",Amos Lee,188.0
Goddess of Sodomy,Dark Funeral,254.0
Bird Mess,Belleruche,244.0
Cocotte,Teenage Bad Girl,261.0
Plunging Hornets,Venetian Snares,309.0
Killers About,Benga,309.0
Tram #7 to Heaven,Jens Lekman,186.0
Two Weeks & Counting...,Clint Mansell,120.0
In Death - Is Death,Meshuggah,803.0
Id Engager,of Montreal,205.0
Pink Moon,Nick Drake,124.0
"I Breathe In, I Breathe Out",Chris Cagle,245.0
Wrath Upon Ourselves,As I Lay Dying,241.0
Incessant Mace,Soundgarden,382.0
Expiration Date,Blockhead,342.0
Chapter 24,Pink Floyd,222.0
Polyphony,Strapping Young Lad,115.0
Needy Girl,Chromeo,257.0
Enemy Fire,Ryan Adams,249.0
Born In The 50's,The Police,222.0
I Can Climb Mountains,Hell Is For Heroes,201.0
Giving Birth To Imagined Saviors,Red Sparowes,369.0
Zombie Ritual,Death,282.0
Car,Built to Spill,188.0
Wasting,The Soft Moon,350.0
Comin' Back,The Crystal Method,339.0
Ask the Mountains,Vangelis,473.0
Father Figure,George Michael,340.0
Oh You (Christmas Blues),LCD Soundsystem,231.0
Cold Night,Galaxie 500,159.0
Attic Lights,Atlas Sound,224.0
Longitude,Tape Five,240.0
Steven,Senses Fail,273.0
The Terrible Secret,Emery,209.0
See You In The Next One (Have A Good Time),The Verve,187.0
Demon Woman,Flight of the Conchords,120.0
Approaching Menace,µ-Ziq,422.0
Sovereignty,Japandroids,212.0
Sancta Terra,Epica,298.0
Everybody's Broken,Bon Jovi,253.0
Feeling Redundant,Napalm Death,203.0
Acknowledgement,John Coltrane,469.0
Black Star Deceiver,Soilwork,282.0
Per Te,Josh Groban,255.0
Barcarolle,Tom Waits,240.0
Alpha Beta Gaga,Air,280.0
Thrasher,N*E*R*D,172.0
My Coco,stellastarr*,306.0
Vodka,Korpiklaani,180.0
California Dreamin',The Mamas & the Papas,149.0
Spinning Cotton Candy In a Shack Made of Shingles,Black Moth Super Rainbow,191.0
She's Half,The American Analog Set,269.0
Born,Nevermore,358.0
Unbreakable Heart,Three Days Grace,206.0
In Other Worlds,Azam Ali,367.0
Unchained (Tales of the Unexpected),Anathema,258.0
Not Falling Apart,Maroon 5,244.0
Smile Around the Face,Four Tet,274.0
Burden Of Solacement,Noumena,319.0
Caesar,Ty Segall,210.0
Speak in Tongues,Placebo,246.0
Possessed To Skate,Suicidal Tendencies,208.0
Unohduksen lapsi,Moonsorrow,497.0
Changing Opinion,Philip Glass,601.0
Love Missile F1-11,Sigue Sigue Sputnik,223.0
One Body Too Many,Winds of Plague,217.0
Home To Me,All That Remains,407.0
To Know You,Sophie Zelmani,163.0
Tomhet och Tystnad Härska (outro),Finntroll,275.0
Come Round Soon,Sara Bareilles,213.0
Vulture Piano,Xiu Xiu,204.0
Lissoms,Toro y Moi,134.0
Fine Without You,Armin van Buuren,198.0
It's All Related,Hot Water Music,205.0
Ego Bypass Generator,Sybreed,296.0
Radical Friends,Head Wound City,101.0
"Always Dirty, Never Clean",Anarbor,206.0
King of You,Psapp,255.0
Best Beating Heart,Sing It Loud,228.0
Center,Enslaved,453.0
Shard,Solar Fields,437.0
Can't Turn Back The Years,Phil Collins,281.0
Flume,Bon Iver,212.0
If Leaving Me Is Easy,Phil Collins,296.0
Cancer,My Chemical Romance,143.0
Alphabet,The Notwist,182.0
Culinary Hyperversity,Necrophagist,305.0
Huge Gold AK-47,The Blood Brothers,151.0
Big Calm,Morcheeba,361.0
Seven Months,Portishead,256.0
Telegraph Avenue Kiss,Thursday,222.0
Worship The Sun,PANTyRAiD,361.0
On the Mountain at Dawn,Om,1278.0
Devouring The Feeble,Bloodbath,191.0
Scimitar,Concord Dawn,404.0
The Revolution,Attack Attack!,252.0
Im Bann,Pantha du Prince,206.0
Phantom Other,Department of Eagles,281.0
Spanish Metal,Kaiser Chiefs,139.0
007 (Shanty Town),Desmond Dekker,149.0
Mount North,Immortal,308.0
Love Infernal,Poisonblack,237.0
The Universe!,Do Make Say Think,303.0
Won't Fall In Love Today,Suicidal Tendencies,50.0
Language,Porter Robinson,368.0
In My Tears,Emigrate,274.0
Talk (Junkie XL Remix),Coldplay,705.0
Winter Wonder Land,Animal Collective,163.0
Mirando,Ratatat,232.0
Wolftribe,Vader,145.0
Longitude,Tape Five,240.0
Date Of Expiration,Funker Vogt,367.0
Little Kids,Kings of Convenience,226.0
The Frozen Tears of Angels,Rhapsody of Fire,678.0
I Will Buy You A New Life,Everclear,275.0
Flight LB 7475,Loco Dice,581.0
Artificial Life,Operation Ivy,125.0
Invitation to the Blues,Tom Waits,325.0
Darkness Before Dawn,Killing Joke,322.0
Steam Engenius,Modest Mouse,266.0
Todo Los Dolores,Devendra Banhart,150.0
Never Win,Fischerspooner,240.0
Bohemian Forest,Pantha du Prince,444.0
Long As I Can See the Light,Creedence Clearwater Revival,219.0
Venosa,Amusement Parks On Fire,263.0
Pete's Jazz,Pete Rock,315.0
I'll Be Doggone,Marvin Gaye,210.0
Bad Boy Boogie,AC/DC,268.0
A Loaded Smile,Adam Lambert,245.0
Until You're Mine,Demi Lovato,211.0
Mannish Boy,Muddy Waters,176.0
Kiss You Better,Maxïmo Park,125.0
Robot Factory,Swell Maps,145.0
Oró,Máire Brennan,235.0
Dreambound,Helloween,357.0
I Love You My Hope,Hird,479.0
We Flood Empty Lakes,Yndi Halda,701.0
Pork Soda,Primus,140.0
Spitting Venom,Modest Mouse,507.0
Halfway to Crazy,The Jesus and Mary Chain,221.0
Wind And The Mountain,Liz Phair,334.0
Angel From Montgomery,John Prine,297.0
Kfir,Camille,224.0
Standing on the Edge,Feeder,193.0
Christmas Eve,Billy Eckstine,192.0
Quarantined,At the Drive-In,325.0
If You Can't Sleep,She & Him,167.0
Negra Presentuosa,Susana Baca,256.0
Genesis,Justice,440.0
Pocket Piano,DJ Mehdi,273.0
Amber Sky,Samantha James,197.0
Too Much Too Young (Live),The Specials,116.0
These Arms,Matt Costa,251.0
World Essence,Mortiis,358.0
The World Is Not Enough,Garbage,237.0
Stretch Out and Wait,The Smiths,158.0
Melody,The Rolling Stones,347.0
All You Need Is Love,The Beatles,220.0
Eu Me Amo,Ultraje A Rigor,214.0
Mysteria,Edguy,344.0
First Class Riot,The Tough Alliance,205.0
This Is More,Stick to Your Guns,109.0
Shoot,Sonic Youth,317.0
Aquarian,Sleep,338.0
Don't Change,INXS,266.0
So Fremd,Fotos,182.0
Ride Captain Ride,Blues Image,222.0
Such Great Heights,The Postal Service,267.0
twirl,Venetian Snares,269.0
"Marilyn, My Bitterness",The Crüxshadows,416.0
Subotnick,Caribou,66.0
Runeii,Talk Talk,299.0
Clone Your Lover,Zeromancer,229.0
World On Fire,Above & Beyond,284.0
Could Heaven Ever Be Like This,Idris Muhammad,519.0
Roseblood,Mazzy Star,291.0
New York City Boy,Pet Shop Boys,392.0
Brewster,Milburn,172.0
I Gotta Fire,Spiritualized,147.0
O Fridur,Sigur Rós,288.0
Victoria's Secret,Sonata Arctica,303.0
We Killed It,Say Anything,111.0
NW Apt.,Band of Horses,181.0
Ugly Truth,Soundgarden,326.0
Svartberg,Finntroll,247.0
Baker Street,Gerry Rafferty,366.0
U Don't Know Me,Basement Jaxx,215.0
Digital Monkey,Balkan Beat Box,229.0
#1 Zero,Audioslave,299.0
Not Ready To Love,Rufus Wainwright,351.0
Fireball Log Dump,Underneath the Gun,191.0
Silver Stallion,Cat Power,174.0
One Hand Holding,The Maccabees,181.0
Red,Taylor Swift,221.0
The Shape,Slipknot,218.0
Paris Nights/New York Mornings,Corinne Bailey Rae,231.0
The World Is Our ___,This Will Destroy You,432.0
Romborama (feat. All Leather),The Bloody Beetroots,222.0
Small Mountain,Midlake,218.0
The Queen of Argyll,Silly Wizard,208.0
New Intro,Drive Like Jehu,212.0
That's It That's All,Beastie Boys,149.0
Nothing Special,Boris,138.0
"Lost, Picking Flowers In the Woods",Black Moth Super Rainbow,202.0
Glamour Girl,Louie Austen,294.0
There's No Here,Dinosaur Jr.,219.0
High Friends In Places,Giant Drag,191.0
Flume,Bon Iver,212.0
Anchorage,Surfer Blood,384.0
Soon This Space Will Be Too Small,Lhasa de Sela,285.0
That's My Goal,Shayne Ward,218.0
No New Wave No Fun,mclusky,139.0
Day Twelve: Trauma,Ayreon,540.0
Til Kingdom Come,Coldplay,251.0
Boble,Hanne Hukkelberg,292.0
Ricky's Hand,Fad Gadget,248.0
Not Addicted,The Streets,220.0
Chemical Warfare,Dead Kennedys,179.0
Deceptacon,Le Tigre,185.0
Stay Out All Night,Bent,280.0
Feuer Frei,Nachtmahr,278.0
Wonderlust King,Gogol Bordello,240.0
Words Of Love,Hyde,269.0
Forged In Fire,Winds of Plague,215.0
I'm Not Yours,Angus & Julia Stone,239.0
Funnyman,KT Tunstall,176.0
Sexfaldur,Amiina,282.0
To Rid the Disease,Opeth,381.0
Big City Train,No Doubt,236.0
House On Fire,Beatsteaks,231.0
Jesus and Tori,The Number Twelve Looks Like You,198.0
Wal-Mart Parking Lot,Chris Cagle,263.0
Stop Your Crying,Spiritualized,314.0
Paramilitar,Ska-P,237.0
Super Colossal,Joe Satriani,255.0
Always Never,Porcupine Tree,341.0
Bootzilla,Bootsy Collins,337.0
The Accolade,Symphony X,591.0
Talking Bout My Baby,Fatboy Slim,224.0
Totally Natural,...And You Will Know Us by the Trail of Dead,256.0
Heard This Noise,The Chariot,164.0
California Girls,The Beach Boys,167.0
Why Do I Keep Counting?,The Killers,264.0
Sweet Escape,Alesso,231.0
Spoonful,Cream,394.0
Your Love,The Outfield,223.0
Do They Know It's Christmas?,Band Aid,229.0
Speak Low,Billie Holiday,142.0
On My Sleeve,Creed,254.0
My Backwards Walk,Frightened Rabbit,205.0
Pong Pang,Booka Shade,351.0
"The Policy Merchant, The Silver Bay",Frog Eyes,151.0
A Swarm,Red Sparowes,430.0
Liar in the Glass,Eyes Set to Kill,238.0
Erotomania,Dream Theater,404.0
Spring Arrives,Azam Ali,318.0
Heimdalls Ruf,Equilibrium,111.0
Logan Circle,The Wonder Years,176.0
What A Friend,Esperanza Spalding,295.0
Enjoy,Björk,234.0
Goodnight Rose,Ryan Adams,200.0
Kontact Me,Boys Noize,262.0
All Around,Ceo,200.0
Deadhead,The Devin Townsend Band,485.0
Tchaparian,Hot Chip,201.0
We Got More,Eskmo,250.0
Gideon,My Morning Jacket,219.0
Strangers In The Night,Cake,171.0
I Transpire,Katatonia,356.0
Opening: Prelude to Purgatory,Powerwolf,74.0
The Face of My Innocence,Arsis,333.0
A Lonely September,Plain White T's,267.0
Mother Tongue,White Lies,204.0
Bright Young Thing,"Albert Hammond, Jr.",192.0
The Rabbit Hole,In This Moment,60.0
"Here Is Subzero, Now Plain Zero",Austrian Death Machine,189.0
Fed Up,Hocico,283.0
Blood Red Summer,Coheed and Cambria,239.0
For Agent 13,The Besnard Lakes,312.0
Que Sera,Wax Tailor,164.0
Society,Eddie Vedder,236.0
Blacklist,Exodus,377.0
Fall Line,Jack Johnson,96.0
Damned Below Judas,Hatesphere,279.0
That Great Love Sound,The Raveonettes,196.0
Your Love Is Evil,Avantasia,235.0
Lagartija Nick,Bauhaus,185.0
Mystery Hours,The New Pornographers,191.0
Slide Down,Melt-Banana,50.0
everytime,Ariana Grande,172.0
Fall Back,Factory Floor,443.0
Benzin,Rammstein,226.0
The Tide,Neurosis,528.0
Enigma of the Absolute,Dead Can Dance,254.0
A Year From Now,Across Five Aprils,157.0
Sunflower River Blues,John Fahey,156.0
Acid for Nothing,1200 Micrograms,481.0
I'll Throw The First Rock,Sentenced,206.0
Reasons to Quit,Phosphorescent,193.0
Bite My Tongue,You Me at Six,224.0
Shoot You In The Back,Motörhead,157.0
Last Call,Elliott Smith,279.0
Í Gær,Sigur Rós,387.0
Little Steps,Nostalgia 77,189.0
Let the Blind Lead Those Who Can See But Cannot Feel,Atlas Sound,226.0
So Did We,Isis,523.0
I Should Know,Dirty Vegas,369.0
Childhood Dream,Anathema,131.0
In Keeping Secrets Of Silent Earth: 3,Coheed and Cambria,492.0
Mr Clown,Babylon Circus,241.0
Medicate,Breaking Benjamin,225.0
Jean Is Dead,Descendents,94.0
Firesuite,Doves,276.0
Siderian,The Ocean,117.0
Spirit dreams inside,L'Arc~en~Ciel,224.0
The Song of Life,Eluveitie,239.0
Chaconne,Secret Garden,209.0
Conception,Penumbra,399.0
Flesh Into Gear,CKY,186.0
A Million Cheap Tricks,Smolik,240.0
Abysmal,The Haunted,291.0
Ice Monster,Minus the Bear,244.0
Daughter,Pearl Jam,234.0
Oh Horatio,Tiger Lou,193.0
Dirty Shadows,The Future Sound of London,375.0
Autobiography,Ashlee Simpson,214.0
Mama Kin,Aerosmith,266.0
Old Skool Ting,Breakage,319.0
Naval,Yann Tiersen,218.0
Her Alone,Amorphis,362.0
Silent Hedges,Bauhaus,192.0
Terror in the Mind of God,Anaal Nathrakh,207.0
Slowness,Calexico,214.0
Clear Channel (Fuck Off!),Leftöver Crack,173.0
Space-Dye Vest,Dream Theater,449.0
Mexico City,Balkan Beat Box,220.0
Firesuite,Doves,276.0
Have You Seen Her Lately?,Pulp,251.0
Over the Top,Mr. Flash,175.0
Powder to the People,Dance Gavin Dance,312.0
Eagle Fly Free,Helloween,308.0
A Predator's Portrait,Soilwork,271.0
So Insane,Discovery,193.0
Horndog,Overseer,210.0
Harvest Breed,Nick Drake,95.0
Harlem,New Politics,165.0
Eighteen Robins Road,The Evpatoria Report,1013.0
Baltimore Blues No. 1,Deer Tick,181.0
Stork & Owl,TV on the Radio,242.0
True Dat (Interlude),OutKast,76.0
Bite Your Lip,Sing It Loud,207.0
On Your Side,Pete Yorn,303.0
Stick to My Side (Four Tet version),Pantha du Prince,406.0
The Deutsch Mark Is Coming,Yann Tiersen,71.0
Pipe Dreams,Travis,246.0
Red Turned White,Architecture in Helsinki,167.0
The New Workout Plan,Kanye West,323.0
Grey Room,Damien Rice,344.0
Mount Alpentine,Owen Pallett,49.0
Alone in Kyoto,Air,291.0
Husks and Shells,Volcano Choir,224.0
Rebel Yell,Billy Idol,223.0
Fake French,Le Tigre,173.0
Hotel Chelsea Nights,Ryan Adams,311.0
Sell My Pulse,Flykkiller,290.0
Evacuee,Enya,231.0
See Through Head,The Hives,142.0
Grottans Barn,Finntroll,276.0
Black Embrace,Amorphis,218.0
Kicking and Screaming,Miley Cyrus,178.0
Bottom Of The Sea,The Duke Spirit,249.0
No Station,65daysofstatic,132.0
Music Non Stop,Kraftwerk,398.0
End Of The Line,DevilDriver,302.0
Oscillate Wildly,The Smiths,208.0
Searchers,Amon Tobin,345.0
Joan Landor,Moonbootica,389.0
For All Have Sinned,Impending Doom,163.0
I'm Kissing You,Des'ree,292.0
A Crater to Cough In,Circle Takes the Square,493.0
Caipirinha (feat. Bebel Gilberto),Peeping Tom,167.0
Live It Out,Metric,226.0
Delicious,Skinny Patrini,220.0
We Won't Break,Zoot Woman,181.0
Polygyne,Efterklang,418.0
colorless,Venetian Snares,147.0
Brass Buttons,Howard Shore,457.0
The Swan,Camille Saint-Saëns,122.0
Rainbow Blues,Blackmore's Night,270.0
Reborn from Isolation,Bleeding Through,271.0
Bit 35,Broadcast,110.0
The Flame In All Of Us,Thousand Foot Krutch,202.0
Tengo,Macaco,230.0
Totalimmortal,AFI,164.0
Pink Cloud Tracing Paper,Asobi Seksu,207.0
Wordplay,Jason Mraz,187.0
When We Are Together,Texas,211.0
Die Reise Nach Riad,Boris Brejcha,383.0
Goodnight Bad Morning,The Kills,232.0
Breaking Into Cars,The Raveonettes,188.0
Americana,The Offspring,194.0
Only One In Color,Trapt,259.0
Cassie,Flyleaf,178.0
The Mirrors Of My Soul,Naglfar,298.0
...And The World Files For Chapter 11,The Flatliners,200.0
Stadium Love,Metric,254.0
Mossy,Boxcutter,321.0
Walking Zero,Sneaker Pimps,272.0
Godless,The Dandy Warhols,319.0
Hectic,Enter Shikari,197.0
Harlem's Nocturne,Alicia Keys,104.0
Paco!,Ladytron,180.0
Since 77,Paul Kalkbrenner,309.0
Briony,Dario Marianelli,104.0
Oil Of Angels,Cocteau Twins,278.0
Deathcar,Fightstar,266.0
Daydreaming (Luv It Dub),Massive Attack,327.0
Dormir Soñando,El Gran Silencio,189.0
egoist,school food punishment,317.0
Heart Cooks Brain,Modest Mouse,243.0
Mansion Song,Kate Nash,202.0
Widars Hallen,Equilibrium,497.0
Wet Dog,Mad Caddies,189.0
Pickin' Wildflowers,Keith Anderson,186.0
Three Bags Full,Nu:Tone,363.0
The Sporting Life,The Decemberists,278.0
We Are the Storm,The Dillinger Escape Plan,279.0
Kleptomane,Stereo Total,180.0
Ride the Dragon,Manowar,270.0
Behind Silence and Solitude,All That Remains,260.0
I'm Not Afraid,Jill Scott,206.0
I Don't Feel Very Receptive Today,Underoath,222.0
City Boy,Donkeyboy,205.0
Setlon,Eluveitie,157.0
The Triumph Of The Lazer Viking,An Albatross,84.0
Elation Station,Infected Mushroom,336.0
Sometimes on a Happy Cloud,Colleen,116.0
The Lost Song,The Cat Empire,200.0
Goodbye Heartbreak,Lighthouse Family,249.0
Pentagram,Cake,140.0
Unstoppable,Santigold,213.0
Black Rain,Ozzy Osbourne,282.0
What Color Is Death,Acid Bath,199.0
The Boys Are Leaving Town,Japandroids,239.0
Reflections of the Marionette,Two Gallants,342.0
Luckydutch,Radio Moscow,281.0
Unholy Confessions,Avenged Sevenfold,284.0
Wintersong,Sarah McLachlan,210.0
Oval Shaped Incisions,Despised Icon,242.0
Ratio Shmatio,Infected Mushroom,390.0
Nation of Boar,Lightning Bolt,370.0
Completely Pleased,Semisonic,198.0
All At Once,Jack Johnson,218.0
Leaves Me Cold,Lush,178.0
She Turns Me On,Smash Mouth,192.0
It Won't Be Like This For Long,Darius Rucker,216.0
Freaks Come Out At Night,Whodini,283.0
Howling,Morcheeba,221.0
Home To Me,All That Remains,407.0
Roger That,Young Money,210.0
Paint The Sky With Stars,Enya,254.0
The Perfect Night,Haste the Day,177.0
J'Aime Plus Paris,Thomas Dutronc,185.0
Twilight at Carbon Lake,Deerhunter,264.0
Fornfamnad,Finntroll,223.0
Heat Miser,Massive Attack,219.0
Sad Eyes,Crystal Castles,207.0
Baker Street,Gerry Rafferty,366.0
Dash And Blast,Yndi Halda,1011.0
Principles of Lust,Enigma,189.0
A Festa,Trüby Trio,411.0
Going Strong,Dropkick Murphys,186.0
Pink Dress,Ayria,302.0
Goodbye Girls,Broadcast,189.0
Ballad Of The Broken Seas,Isobel Campbell & Mark Lanegan,161.0
Mirror,Era,239.0
Walking In The Rain,The Ronettes,196.0
Pretend. Release. The Close,Emarosa,180.0
As Above So Below,Behemoth,302.0
Pack Up,Eliza Doolittle,189.0
Baby Phife's Return,A Tribe Called Quest,199.0
In A Dream,Tiamat,274.0
Always Be,Jimmy Eat World,185.0
I'm Cool,Reel Big Fish,104.0
Ultra Blue,Thrice,182.0
Doomed Now,"Does It Offend You, Yeah?",221.0
Music Is Everything,High Contrast,456.0
A Girl Like You,Edwyn Collins,236.0
January 1979,mewithoutYou,206.0
Pocketful Of Dreams,Billy Talent,200.0
Skinny Love,Bon Iver,239.0
Gunpowder Plot,Evol Intent,183.0
Apologies to Insect Life,British Sea Power,171.0
It's Only a Paper Moon,Nat King Cole,136.0
Dark Matter Dimensions,Scar Symmetry,252.0
Super Taranta!,Gogol Bordello,405.0
Duchess,The Stranglers,149.0
Would You...?,Touch and Go,190.0
"Out of Egypt, Into the Great Laugh of Mankind, and I Shake the Dirt From My Sandals as I Run",Sufjan Stevens,262.0
I Can't Stop This Feeling I've Got,Razorlight,206.0
Speak Of The Devil,Misfits,108.0
She Dances,Gravenhurst,242.0
A Lot To Learn About Livin',Easton Corbin,227.0
Mass Nerder,Descendents,168.0
English Girls Approximately,Ryan Adams,341.0
Sunset on Ibiza,Three Drives,477.0
Harold of the Rocks,Primus,377.0
Race Against Myself,The Offspring,212.0
Old Days,Chicago,209.0
Collapsing at Your Doorstep,Air France,274.0
Pearls Before Swine,Corrosion of Conformity,405.0
Govinda Hare,Krishna Das,317.0
Assassinate Me,Jesus On Extasy,231.0
Of Prometheus and the Crucifix,Trivium,280.0
Prenzlauerberg,Beirut,227.0
Save Room,John Legend,235.0
Stay Now,Jem,224.0
Crusader of Hopelessness,Refused,173.0
Shades Of Deep Green,Insomnium,453.0
What Light,Wilco,215.0
On My Horsey,Moloko,35.0
Three Imaginary Boys,The Cure,192.0
Big Lie Small World,Sting,305.0
Emma-0,Sybreed,268.0
Meet Me By The River's Edge,The Gaslight Anthem,199.0
Romance to the Grave,Broken Social Scene,288.0
This Is How It Goes,Billy Talent,207.0
Time of Our Lives,Pitbull,229.0
Genesis,Justice,440.0
Over Your Shoulder,Motörhead,198.0
remember love,Nôze,341.0
My Mom,Eminem,320.0
Combustion,Meshuggah,249.0
Jah Live,Bob Marley & The Wailers,255.0
Little Boy,Sodom,249.0
All The Things She Said,Simple Minds,257.0
My Star,Ian Brown,314.0
Can't Stop Feeling,Franz Ferdinand,363.0
I Hate Danger,Bikini Kill,119.0
Moving In Stereo,The Cars,282.0
Pizza Day,The Aquabats,245.0
Fatman,G. Love & Special Sauce,253.0
Can't Repeat,The Offspring,207.0
Terrific Speech,Mogwai,286.0
Every Other Way,BT,667.0
No Subject (Come With Me),Cartel,154.0
Beautiful Burnout,Underworld,489.0
Latin America,Holy Fuck,289.0
Elusive Reaches,Ensiferum,206.0
Oriental Dawn,Samael,264.0
Fake French,Le Tigre,173.0
L'Astronaut,Every Time I Die,185.0
Slash Dot Dash,Fatboy Slim,173.0
The Man Who Can't Be Moved,The Script,241.0
Thumbing My Way,Pearl Jam,248.0
Wild Frontier,Gary Moore,254.0
Englabörn,Jóhann Jóhannsson,94.0
Eternal Kingdom,Cult of Luna,401.0
(Something),The Microphones,162.0
Emergency on Planet Earth,Jamiroquai,244.0
Eight Days a Week,The Beatles,165.0
Angry White Boy Polka,"""Weird Al"" Yankovic",303.0
Now There's That Fear Again,múm,237.0
I Found the End,Broadcast,125.0
The Crossing,Enslaved,552.0
Music In Me,Roksonix,307.0
Hafsól,Sigur Rós,587.0
Mr. Marley,Damian Marley,266.0
Blodssvik,Windir,347.0
Sleepy Time Time,Cream,265.0
Going In Blind,P.O.D.,268.0
Resistansen,Kaizers Orchestra,271.0
Call My Name,Cheryl,205.0
To Sirius,Gojira,338.0
Sabrosa,Beastie Boys,212.0
Casanova Rodeo,The Word Alive,216.0
Gone To The Movies,Semisonic,232.0
Gone To The Dogs,KT Tunstall,240.0
LIE BURIED WITH A VENGEANCE,DIR EN GREY,163.0
Mama Kin,Aerosmith,266.0
Mount Wroclai (Idle Days),Beirut,196.0
Double Pump,Girl Talk,105.0
Strange Vine,Delta Spirit,248.0
Wedding Day,Veronica Falls,119.0
Liquid Burns,The Haunted,284.0
Cruel Summer,Bananarama,210.0
Happiness & The Fish,Our Lady Peace,215.0
What I Can Do For You,Sheryl Crow,255.0
La Caravane,Caravan Palace,305.0
Colony of Birchmen,Mastodon,260.0
Kungen är död,Kent,255.0
Guns.Guns...Guns,Portugal. The Man,511.0
Boom Box,Institute,277.0
Bullet Theory,Funeral for a Friend,235.0
Dark Cell,DeadLock,265.0
Garden of Light,Isis,557.0
Sister Luck,The Black Crowes,381.0
Bad Case Of Broken Heart,The Ataris,118.0
Hand Me Down,Matchbox Twenty,303.0
Deranger,Hallucinogen,453.0
The New Boy,Mando Diao,203.0
Right Here Waiting,Richard Marx,268.0
Broken Little Sister,Death in Vegas,319.0
Sky Blue Sky,Wilco,203.0
Face Of The Earth,Days of the New,317.0
Feuer und Wasser,Rammstein,313.0
Thorns On My Grave,Emperor,356.0
Woof Woof,Dan Deacon,284.0
Border Ska,Camper Van Beethoven,177.0
Bad Boy Boogie,AC/DC,268.0
Napoleon Solo,At the Drive-In,288.0
Procreating The Infection,Beneath the Massacre,164.0
One Last Shot,Klaus Badelt,286.0
Amendment,Flaw,320.0
Hope You're Feeling Better,Santana,251.0
Made of Stone,Evanescence,213.0
Fazers,King Geedorah,197.0
Shadrach,Beastie Boys,248.0
Radio/Video,System of a Down,249.0
The Luxury Of A Grave,Sentenced,284.0
Method Man,Wu-Tang Clan,260.0
The Road To Home,Amy Macdonald,327.0
That Should Be Me,Justin Bieber,233.0
Trust In Fear,This Romantic Tragedy,229.0
Hold This Woe,Swallow the Sun,485.0
Don't Cry,Deerhunter,169.0
P,Labradford,558.0
The Formative Years,Atheist,211.0
Every Thought A Thought Of You,mewithoutYou,211.0
Girl Toy,Boom Bip,326.0
Beloved One,Ben Harper,244.0
I35,Aborted,225.0
Pincushion,Every Time I Die,196.0
Ascending,Actress,188.0
Oakenshield,Elvenking,398.0
Overpowered,Róisín Murphy,240.0
User-Maat-Re,Nile,555.0
Arabian Disco,Faith No More,196.0
Elephant And Castle,Houston Calls,211.0
Distant Lights (Kode9 remix),Burial,278.0
You Are What You Are (Beautiful),Christina Aguilera,284.0
Truth Begins,Dirty Pretty Things,322.0
Kirby's House,Razorlight,171.0
The Closest Thing To Closure,Haste the Day,154.0
It Don't Have to Change,John Legend,203.0
Mystic Rhythms,Rush,354.0
Lolo (Intro),Dr. Dre,41.0
Monster Hit,Shpongle,537.0
Horse Hunter,The Dillinger Escape Plan,191.0
Disorder,Joy Division,210.0
Autumn Harmony,For My Pain...,286.0
Feel Me Heaven,Enigma,290.0
Dumb Luck,Red Line Chemistry,258.0
Touch of Hate,Graveworm,190.0
Talullah,Jamiroquai,362.0
Vaccination,Helmet,184.0
Rosa Morena,João Gilberto,125.0
Boys On The Radio,Hole,310.0
Suicide Blonde,INXS,231.0
Ersatz,Fischerspooner,236.0
The Legend Of The Black Shawarma,Infected Mushroom,432.0
Music Box,The Cinematic Orchestra,298.0
Daffy Duck,Animal Collective,454.0
Milk Lizard,The Dillinger Escape Plan,235.0
Baska,Wilki,216.0
End of the Movie,Cake,110.0
Hidden Houses,Dave Gahan,301.0
Love Confusion,Kat DeLuna,243.0
Nonus Aequilibrium,Emperor,349.0
The Sacrilegious Scorn,Dimmu Borgir,351.0
Bottle Up And Explode!,Elliott Smith,178.0
My Own Way,Duran Duran,278.0
Jellybones,The Unicorns,164.0
Polyfusion,Seefeel,384.0
Do mesmo ar,Móveis Coloniais de Acaju,260.0
The Stix,Jaga Jazzist,422.0
Oregon,The Cinematic Orchestra,235.0
I Can't Win,The Strokes,162.0
Let's Face It,The Mighty Mighty Bosstones,153.0
Prissy Prancin',Eagles of Death Metal,220.0
Falling From the Sun,The Album Leaf,297.0
Felicidad,Gondwana,341.0
Trampled Under Hoof,Mastodon,181.0
Assassin,Muse,211.0
Jamais,Charlotte Gainsbourg,277.0
The Sukkubus Lustrate,Belphegor,178.0
Burn In Hell,Dimmu Borgir,306.0
My Electricity,The Gathering,362.0
Green Tambourine,The Lemon Pipers,146.0
Now You've Got Something To Die For,Lamb of God,220.0
Generale,Francesco De Gregori,290.0
Beat Boy,Die Antwoord,500.0
Moje mieszkanie,Mikromusic,290.0
High Friends In Places,Giant Drag,191.0
Sunnshine Green,Bongzilla,261.0
Medicine Wheel,Between the Buried and Me,258.0
We're Not Alone,Dinosaur Jr.,275.0
Question,The Moody Blues,351.0
Hellgate: Worcester,Sonic Syndicate,204.0
Clang Boom Steam,Tom Waits,46.0
Kyle Quit The Band,Tenacious D,90.0
The Way To There,Au Revoir Simone,408.0
Someday When I'm Old,Easton Corbin,202.0
Manifest/Outro,Fugees,360.0
The New World,In Flames,202.0
Knives,Colony 5,280.0
Standing Around Crying,Muddy Waters,206.0
Taste You,Auf Der Maur,278.0
Eighties Fan,Camera Obscura,263.0
Take a Little Time,Les Rythmes Digitales,223.0
The Eternal,Joy Division,520.0
"Stay Close, Don't Go",Secondhand Serenade,214.0
Freeze Time,311,202.0
Debaser,Pixies,188.0
Lil' Ghetto Boy,Dr. Dre,329.0
Purging,Boys Night Out,220.0
Farewell Ride,Beck,259.0
Suomi Finland,Jaga Jazzist,449.0
Sweet and Low,Fugazi,215.0
thoughts on the floor,I Love You But I've Chosen Darkness,373.0
In Your Room,The Bangles,209.0
Înarborat,Negură Bunget,382.0
Balu,Kettcar,271.0
Human Trafficking,Insect Warfare,79.0
Hip Like Junk,7 Year Bitch,230.0
Whimsical,Days of the New,362.0
Consolation Prizes,Phoenix,196.0
The Guitar,They Might Be Giants,230.0
Checkin' on Me,Róisín Murphy,279.0
Saffron's Curse,Cradle of Filth,393.0
Get Confused,Fischerspooner,251.0
Spill Your Guts,Hadouken!,245.0
Two Sails on a Sound,Animal Collective,741.0
Last Stand,Adelitas Way,225.0
Bloop,Dabrye,118.0
Bohemian Rhapsody,Queen,356.0
Raunioilla,Moonsorrow,817.0
Moment of Truth,Damageplan,411.0
Wailing Wintry Wind,Baroness,355.0
It's Not My Problem,The Future Sound of London,242.0
Oh Girl,The Chi-Lites,178.0
Flight Of The Feathered Serpent,Fuck Buttons,572.0
Home Again,Carole King,149.0
"Go On, Say It",Blind Pilot,201.0
Me And You,Nero,247.0
One More Time (Romanthony's Unplugged),Daft Punk,221.0
"Rest, Shame, Love",Augustana,239.0
Feel Good Lost,Broken Social Scene,112.0
A Burning Arrow,Thyrfing,171.0
朔-saku-,DIR EN GREY,177.0
The Neighborhood Is Bleeding,Manchester Orchestra,169.0
Disincarnated,Gorguts,269.0
It's Not,Aimee Mann,208.0
He'd Send In the Army,Gang of Four,221.0
American Folded,Kurt Vile,88.0
The O-Men,Butthole Surfers,208.0
Solamente Por Pensar,Ska-P,214.0
A Rancid Romance,Diablo Swing Orchestra,268.0
Kids With Guns,Gorillaz,226.0
Lost in the Harbour,Tom Waits,225.0
The Concubine,Beirut,208.0
War Is My Shepherd,Exodus,290.0
Drunk Trumpet,Kid Koala,178.0
Love Comes Close,Cold Cave,266.0
Detroit Falls,Pariah,212.0
The Light's Really Bad,Mistabishi,361.0
ZDRLT (Rewind),Digitalism,311.0
Chase Scene,Broken Social Scene,211.0
It Is Finished,The Blackwood Brothers,263.0
Snowy Lava,Ametsub,262.0
The Wedding Of The Lamb,Aphrodite's Child,219.0
Nurse,Miss Kittin & The Hacker,316.0
Love Your Love The Most,Eric Church,168.0
The Wolves (Act I and II),Bon Iver,322.0
In The Halls Of Awaiting,Insomnium,655.0
Winter Blues,Logistics,339.0
En vän med en bil,Håkan Hellström,221.0
Coils,Robert Rich,365.0
Wooly Bully,Sam The Sham & The Pharaohs,140.0
No More Runnin,Animal Collective,263.0
Descendents,Descendents,104.0
What's Been Going On,Amos Lee,254.0
June Evenings,Air France,242.0
Bicycles,The Maccabees,123.0
Query,Peter Broderick,146.0
Siamsa,Ronan Hardiman,270.0
Sand & Stones & Bricks & Rocks,Aromabar,264.0
Apathy,KMFDM,190.0
Stop Coming to My House,Mogwai,282.0
Song Away,Hockey,198.0
"Stay Gold, Ponyboy",The Get Up Kids,175.0
Dez Moines,The Devil Wears Prada,244.0
Ye Entrancemperium,Emperor,315.0
Absence of Fear,War Of Ages,198.0
$300,Soul Coughing,195.0
Grey Room,Damien Rice,344.0
Heston,Ikonika,280.0
Learn To Hate,Silverchair,258.0
Watch The Sky For Me,Powerman 5000,320.0
Gravedancer,Pig Destroyer,181.0
Mire Deep,Cult of Luna,311.0
Weaving The Incantation,Amorphis,297.0
Sinister Exaggerator,The Residents,211.0
Banned in D.C.,Bad Brains,130.0
Already Died,Eagles of Death Metal,180.0
Heroes and Villains,The Beach Boys,292.0
Satta Massa Gana,The Abyssinians,220.0
The Coat Is Always On,Cat Power,214.0
A Window,The Radio Dept.,208.0
Dandelion Wine,Blackmore's Night,341.0
The Last Track,Pnau,568.0
Horchata,Vampire Weekend,207.0
Slowlife,Seeed,257.0
Then Comes Dudley,The Jesus Lizard,264.0
La-La Means I Love You,The Delfonics,203.0
No More Runnin,Animal Collective,263.0
Hell Chose Me,Carnifex,212.0
Planetary Deadlock,Beanfield,345.0
Live A Lie,Default,220.0
The Prowl,Dan Auerbach,196.0
Everybody Everybody,Black Box,248.0
Group Four,Massive Attack,492.0
Competition In Hatred,Heaven Shall Burn,154.0
We All Roll Along,The Maine,229.0
I Got The Six,ZZ Top,173.0
D'ror Yikra,Oi Va Voi,357.0
Evil Eyes,Dio,224.0
Yoga Means Union,Ambulance Ltd,296.0
Life And Limb,Napalm Death,243.0
357,Cam'ron,205.0
The Answer,Bad Religion,201.0
Voyage of Bran,Brendan Perry,333.0
Trail Of Fire,Oceansize,487.0
Country Roads,Me First and the Gimme Gimmes,131.0
...But Nothing Is Lost,Shpongle,279.0
"You're Crashing, But You're No Wave",Fall Out Boy,222.0
The Bunting Song,"The Good, the Bad & the Queen",227.0
Straight Lines,Silverchair,256.0
Totale Luftherrschaft,Panzer AG,226.0
When Will I See You Again,The Three Degrees,179.0
An Ocean Between,This Providence,169.0
Doctor Jones,Aqua,202.0
Summer Haze,Manual,306.0
Her Advice Cost Us A Life,Emarosa,274.0
Antikörper,Eisbrecher,255.0
Mind of the Wonderful,Blank & Jones,253.0
No Ceiling,Eddie Vedder,94.0
My Girlfriend's On Drugs,Big D And The Kids Table,189.0
Leaving on a Jet Plane,John Denver,218.0
Dear Miami,Róisín Murphy,221.0
Homme,Brazilian Girls,288.0
Litany,Vader,189.0
Dental Care,Owl City,191.0
House of Diamonds,Bowerbirds,178.0
As the Stars Fall,The Cinematic Orchestra,355.0
Metalhead,Miss Kittin,324.0
Napoleon Solo,At the Drive-In,288.0
Better Love,Foxes,215.0
July Jones,The New Pornographers,259.0
Stinging Velvet,Neko Case,176.0
Public Service Announcement,Eminem,33.0
Tourist,Julian Casablancas,303.0
Mandy,Barry Manilow,200.0
It's Only Natural,Crowded House,213.0
All These Years,Camila Cabello,164.0
Les Cigales,La Rue Kétanou,268.0
As De Corazones,Chambao,267.0
Scientist,The Dandy Warhols,193.0
From Mars,Gojira,145.0
Leave House,Caribou,312.0
Last Broadcast,Doves,202.0
Sometimes It Hurts,Stabbing Westward,220.0
Upgrade^Brigade,Fair to Midland,234.0
Question Of Faith,Lighthouse Family,273.0
Unsaid,Little People,230.0
Secret Circles,Hybrid,62.0
Irish Drinking Song,Buck-O-Nine,118.0
Dial.,Autechre,377.0
Pounding,Doves,285.0
Plain Parade,The Cardigans,212.0
Dream Baby,Roy Orbison,156.0
Old Skin,Acid Bath,71.0
New Model No. 15,Marilyn Manson,221.0
White Chords,These New Puritans,222.0
Oh Boy,Cam'ron,208.0
A Little Bitter,Alice in Chains,232.0
Into The Black,Naglfar,273.0
All I Know Is Tonight,Jaga Jazzist,471.0
White Houses,Vanessa Carlton,225.0
The Hoard,As Cities Burn,234.0
The New Migrator,Ayreon,497.0
Palästinalied,In Extremo,366.0
Dog Problems,The Format,294.0
Luau,Drive Like Jehu,568.0
Bullet Theory,Funeral for a Friend,235.0
Mysterious Skies,ATB,331.0
I Found the F,Broadcast,142.0
I Am The Rape,Neaera,240.0
Start a Band,And So I Watch You From Afar,294.0
Segue - Baby Grace (A Horrid Cassette),David Bowie,100.0
Nothingness,Living Colour,211.0
Ludlow St.,Julian Casablancas,343.0
Wasting Time (Eternal Summer),Four Year Strong,197.0
Fuck You All,Ektomorf,190.0
Levels,Avicii,202.0
Question,The Moody Blues,351.0
Garden State,Senses Fail,219.0
To Remain Tombless,My Dying Bride,369.0
Alcoholiday,Teenage Fanclub,326.0
It's a Wonderful Life,Sparklehorse,179.0
Shattered By Broken Dreams,Avenged Sevenfold,428.0
Bringer Of Truth,Through the Eyes of the Dead,233.0
Clients,The Red Chord,60.0
Panamericana,Gotan Project,273.0
Dropout Boogie,Captain Beefheart & His Magic Band,151.0
Hjärta,Kent,338.0
The Baskervilles,Tokyo Police Club,141.0
Fisher of Men,M. Ward,193.0
Half The Perfect World,Madeleine Peyroux,260.0
Love Is The Seventh Wave,Sting,212.0
Crow Killer,Unearth,197.0
On Our Own,The Meeting Places,217.0
Your Only Friends Are Make Believe,Bloodhound Gang,422.0
Asian Hooker,Steel Panther,242.0
Universe & U,KT Tunstall,241.0
Heavens Die,Entombed,254.0
Two Dots,Lusine,278.0
Emitiendo,Macaco,222.0
Scatterheart,Björk,398.0
What A Bringdown,Cream,241.0
Is This Music?,Teenage Fanclub,197.0
In Our Bedroom After the War,Stars,407.0
Merestä Maalle,Stam1na,244.0
Channelling the Power of Souls Into a New God,Burzum,207.0
...And The World Laughs With You ft. Thom Yorke,Flying Lotus,175.0
Willard,Bran Van 3000,145.0
Head On,The Jesus and Mary Chain,251.0
Les Mémoires Blessées,Dark Sanctuary,302.0
Boring Machines Disturbs Sleep,Mogwai,185.0
0040,Ólafur Arnalds,268.0
UV Ray,The Jesus and Mary Chain,247.0
Bird Flew By,Nick Drake,174.0
Perkission,Wagon Christ,332.0
Suspension Of Disbelief,Into Eternity,268.0
T.T.C.,Rank 1,257.0
Sailor's Lament,Creedence Clearwater Revival,226.0
Mary Pretends,Fuel,216.0
Mourning Palace,Dimmu Borgir,313.0
Anywhere On This Road,Lhasa de Sela,275.0
Chapter VII,Estatic Fear,292.0
I'll Keep On Dreaming,Stream of Passion,225.0
Iluvya,Thom Yorke,180.0
Groove Is On,Groove Armada,257.0
"Jackals, False Grails: The Lonesome Era",Pavement,202.0
Champion Nibble,Mr. Scruff,213.0
Even So,Rachael Yamagata,258.0
Ready Aim Riot,Kittie,194.0
Xiberia (Seasons in the Ice Cage),Fields of the Nephilim,453.0
Hot Tubs Full of Brand New Fuel,The Locust,120.0
Swordfish Hotkiss Night,Empire of the Sun,236.0
Elizabeth,Team Sleep,227.0
Starved,Born of Osiris,167.0
New Kicks,Le Tigre,259.0
Team,Bon Iver,117.0
Woof Woof,Dan Deacon,284.0
Century II,Into The Moat,114.0
So Much More,Supreme Beings of Leisure,355.0
Breathing Neutron Empire,Solar Fields,171.0
49 Percent,Röyksopp,312.0
Amesoeurs,Amesoeurs,243.0
Out the Window,Yo La Tengo,240.0
Spare-Ohs,Andrew Bird,247.0
The Ocean And The Sun,The Sound of Animals Fighting,339.0
Another Day,Air,201.0
Silence Is Golden But Duct Tape Is Silver,Against All Authority,226.0
Go!,Nasum,87.0
Cock Pushups,Tenacious D,48.0
Children Talking,AFX,322.0
Dreaming Your Dreams,Hybrid,433.0
As Life Flows By,Green Carnation,285.0
Playing Your Song,Hole,200.0
Serge,The Herbaliser,335.0
Early Mornin',Britney Spears,226.0
Bad Stone,The Crystal Method,310.0
One Step Too Far,Faithless,320.0
Uncle Jonny,The Killers,266.0
Africa Must Wake Up,"Nas & Damian ""Jr. Gong"" Marley",400.0
I-E-A-I-A-I-O,System of a Down,189.0
The Downward Spiral,Nine Inch Nails,237.0
Center,Enslaved,453.0
It's Like That,Mariah Carey,203.0
The Worst Part Is Waking Up,This Romantic Tragedy,253.0
Life Advocate,Animosity,180.0
The Barracuda,The 5.6.7.8's,148.0
Romance to the Grave,Broken Social Scene,288.0
"It's Dylan, You Know The Drill",Boys Night Out,217.0
Exit Does Not Exist,Sun Kil Moon,88.0
Gotta Boyfriend?,Frankmusik,200.0
Eppur si muove,Enigma,221.0
One Hit,The Knife,268.0
Ride A White Swan,T. Rex,136.0
The House of Flying Daggers,梅林茂,87.0
Crack Hitler,Faith No More,279.0
Tallahassee,Earth,231.0
Espera,Animals as Leaders,134.0
Woods,Bon Iver,285.0
My Kinda Country,Randy Houser,175.0
Rave Is King,Fukkk Offf,390.0
Ground,Celtic Frost,235.0
Opened Once,Jeff Buckley,208.0
Commute,Theatre of Tragedy,329.0
Damn Rough Night,Artist vs. Poet,201.0
Eu Me Amo,Ultraje A Rigor,214.0
Me and the Devil,Gil Scott-Heron,211.0
She Just Happened,The Mighty Mighty Bosstones,172.0
The Angel Of Death Came To David's Room,mewithoutYou,234.0
"Nocturne, Op. 32, No. 2 in A-Flat",Evgeny Kissin,341.0
We Stand Alone,Covenant,330.0
Scene at the Open Air Market,Thievery Corporation,157.0
Ode To Isis,...And You Will Know Us by the Trail of Dead,77.0
Sword,ASHES dIVIDE,389.0
Entombed Monarch,Carnifex,225.0
Everything in Its Right Place,Radiohead,250.0
Witchcult Today,Electric Wizard,476.0
Lizard Skin,Gojira,270.0
Dog It,Digable Planets,261.0
Enfilade,At the Drive-In,301.0
New Moon Rising,Wolfmother,225.0
Straight To The Bank,50 Cent,191.0
Bullet And A Target,Citizen Cope,263.0
Thin Line,Graveyard,324.0
Way Beyond,Morcheeba,214.0
King Of Terrors,Symphony X,380.0
Black Man's Cry,Fela Kuti,695.0
Astrud Astronette,De-Phazz,205.0
Beat,Bowery Electric,436.0
Alien Nation,Scorpions,344.0
More Time,NEEDTOBREATHE,264.0
Don't Stop Me Now,Queen,268.0
Automatic Schmuck,The Hives,137.0
Do Your Best,John Maus,167.0
Sky Starts Falling,Doves,252.0
Devil,Gothminister,186.0
Wearing Thin,Further Seems Forever,265.0
Without Fear,Amon Amarth,290.0
Medicine Wheel,Between the Buried and Me,258.0
Sunset (Bird of Prey),Fatboy Slim,416.0
Tonight (Nicola Conte New Jazz Version),Koop,397.0
In The Dragon's Den,Symphony X,239.0
Food,Chezidek,250.0
Der Hölle Rache kocht in meinem Herzen,Anaal Nathrakh,219.0
My Blood Stained Path,Catamenia,282.0
The Loco-Motion,Grand Funk Railroad,176.0
Yellow Butterfly,Tahiti 80,274.0
Ho,Ludacris,171.0
How's It Goin' Down,DMX,216.0
Learn to Lose,Hockey,223.0
Another Way,Paul van Dyk,324.0
Come Wander With Me,Jeff Alexander,175.0
Second Heartbeat,Avenged Sevenfold,420.0
Dan Abnormal,Blur,204.0
Johnny,Suicide,131.0
Strength of Strings,This Mortal Coil,281.0
Gaia Bleeds (Make Way For Man),Set Your Goals,174.0
Wir sind ja schließlich nicht Metallica,Jupiter Jones,220.0
Touch 2 Feel,Girl Talk,218.0
God Eats God,Panzer AG,251.0
Sons Of The Fallen Nation,Haste the Day,200.0
Wer braucht schon Worte,Philipp Poisel,275.0
I Forgive You,Kelly Clarkson,185.0
Gopher Mambo,Yma Sumac,139.0
Ghostship,Menomena,148.0
"My, My, My",Johnny Gill,322.0
Osaka Loop Line,Discovery,242.0
Downfall 24,Soilwork,236.0
ZTO,Devin Townsend,77.0
Give It Away,Red Hot Chili Peppers,284.0
Girl's Not Grey,AFI,191.0
Jupiter Approach,Digitalism,73.0
Head Home,Midlake,346.0
Transatlanticism,Death Cab for Cutie,475.0
Snowman,Martina Topley-Bird,160.0
Only Shallow,My Bloody Valentine,221.0
Conceiving You,Riverside,222.0
"Save Your Neck, Save Your Brother",I Am Robot and Proud,189.0
Vocari Dei,Pain of Salvation,230.0
I Lived My Life To Stand In The Shadow Of Your Heart,A Place to Bury Strangers,340.0
My Party,Kings of Leon,251.0
In Coalesce With Filth And Faith,Carnifex,197.0
17 Year Locust,Rob Zombie,247.0
Cosmic Monsters Inc.,White Zombie,314.0
I.D.G.A.F.,Breathe Carolina,194.0
From My Hands,Salt The Wound,242.0
Cemetary Party,Air,157.0
Now That You're Home,Manchester Orchestra,188.0
Silver Bride,Amorphis,253.0
The Beatles,Devendra Banhart,104.0
How Do You Like Me Now?!,Toby Keith,207.0
Imprint After,Toro y Moi,184.0
Maggie's Farm,Rage Against the Machine,394.0
Mushroom Compost,µ-Ziq,200.0
Human (Intro),Celtic Frost,41.0
Dominion Day,Gary Numan,291.0
Death 9000,Mux Mool,232.0
The Oscine's Lament,Evol Intent,256.0
Rhinestone Eyes,Gorillaz,200.0
Hybrid Stigmata,Dimmu Borgir,418.0
I Defy,Machine Head,222.0
Perhaps Perhaps Perhaps,Doris Day,153.0
TV Star,Butthole Surfers,187.0
Waiting Just For You,Blackmore's Night,193.0
Death Dies Hard,Deathstars,198.0
Velvet Darkness They Fear,Theatre of Tragedy,64.0
Desire Lines,Deerhunter,404.0
Ceephax Mix,Squarepusher,363.0
Trench Town,Bob Marley & The Wailers,193.0
My Hands,Leona Lewis,253.0
Stars and Boulevards,Augustana,261.0
Out the Window,Yo La Tengo,240.0
Mishale,Andru Donalds,241.0
Clickity Clack,Alela Diane,230.0
Moje Serce,Marika,195.0
Descending,Lamb of God,217.0
Bittersweet Bundle Of Misery,Graham Coxon,295.0
Dom andra,Kent,226.0
Roter Sand,Rammstein,196.0
Die With Your Boots On,Iron Maiden,327.0
Mistreating Queen,Radio Moscow,272.0
Doesn't Really Matter,Janet Jackson,296.0
Ascension Chamber,Scar Symmetry,229.0
Road Rage,Catatonia,308.0
What Could Have Been,Groundation,342.0
Blinding Tears Will Break The Skies,Trivium,311.0
Felonies Of The Christian Art,Old Man's Child,349.0
Southbound,The Allman Brothers Band,311.0
Classical Records,Department of Eagles,170.0
Still Feels Like Tears,Broadcast,221.0
672,The Dresden Dolls,85.0
Flowerstand Man,Faithless,203.0
Going Going Gone,Exodus,299.0
The Separation Of Church And Skate,NOFX,190.0
Hush Hush,The Pussycat Dolls,252.0
Don't Go Breaking My Heart,Elton John,275.0
Devil Town,Bright Eyes,183.0
As Rosas Não Falam,Cartola,173.0
He Was Dead When I Got There,The Red Chord,450.0
White Noise,Mogwai,304.0
Si Volvieras A Mi,Josh Groban,258.0
Shell Shock,Manowar,248.0
Throw Away Your Television,Red Hot Chili Peppers,225.0
Orion,Metallica,503.0
It's Today,Dope Stars Inc.,207.0
Lux Triumphans,Rhapsody,120.0
Bloodbeat,Patrick Wolf,231.0
La Flaca,Jarabe de Palo,261.0
Resignación,Murcof,92.0
Sunday Seance,Blockhead,329.0
Alameda,Elliott Smith,223.0
The Tide And Its Takers,36 Crazyfists,238.0
Cross My Heart,The Rocket Summer,288.0
Natural Suction,Wagon Christ,453.0
Haunted Graffiti,Ariel Pink's Haunted Graffiti,231.0
Learn To Hate,Silverchair,258.0
Furr,Blitzen Trapper,248.0
I'm Into Something Good,Herman's Hermits,157.0
Call You,Reel Big Fish,184.0
Going Going Gone,Exodus,299.0
User-Maat-Re,Nile,555.0
"Enjoy Your Worries, You May Never Have Them Again",The Books,246.0
Go Motherfucker Go,Nashville Pussy,120.0
Beside You,Van Morrison,367.0
Yesterday Never Tomorrows,The Stills,321.0
Swingin Party,Lorde,222.0
Slide In,Goldfrapp,258.0
Miyaabele,Baaba Maal,235.0
Nursery Rhyme / Breather,UNKLE,285.0
Give It Back,The Ting Tings,215.0
You Never Knew,Hieroglyphics,242.0
Intermezzo,Pietro Mascagni,238.0
Back In My Arms Again,The Supremes,178.0
Well All Right!,The Hives,209.0
Evolution (the Grand Design),Symphony X,318.0
The Hurting,Tears for Fears,254.0
Still Here,Girl Talk,237.0
Remenissions,Avenged Sevenfold,367.0
Lupus,Carpathian Forest,186.0
Ian Curtis,Thursday,223.0
Never Ending Romance Disaster,Anoraak,254.0
Night Bus,Burial,140.0
Riot Coming,Elliott Smith,224.0
Shitty Weekend,Suburban Kids with Biblical Names,163.0
Trouble's Braids,Tom Waits,78.0
Sea of Fate,Rhapsody of Fire,288.0
Boys On The Radio,Hole,310.0
Does It Matter Now?,Peter Bjorn and John,273.0
Thirteen,Big Star,154.0
Break Out! Break Out!,All Time Low,184.0
Sticky Situation,Danko Jones,156.0
Wayfaring Stranger,Eva Cassidy,267.0
A Silent Tide,Flying Saucer Attack,229.0
The Valley of the Moon,Lisa Gerrard,205.0
Porc #1,Moderat,160.0
Faraway Swimmingpool,múm,176.0
Tenuousness,Andrew Bird,231.0
Swords Of Truth,These New Puritans,193.0
The Rivalry,Running Wild,337.0
Donna Diaspora,Shantel,290.0
Parisian Skies,Maxïmo Park,236.0
We Are The Nightmare,Arsis,243.0
Shamanic Tea,Tripswitch,426.0
I Must Belong Somewhere,Bright Eyes,379.0
A Temperamental Widower,Norma Jean,167.0
Broken Levee Blues,DJ Shadow,128.0
feedback,school food punishment,242.0
Mo Ghile Mear,Celtic Woman,293.0
The Fifth Extinction,Ayreon,627.0
I Talk Too Much,Just Jack,256.0
Playing With Fireworks,Yppah,253.0
In Snakes I Bathe,Annotations of an Autopsy,232.0
Etheriel,Lush,208.0
Ich Bin Für Dich Da,Fotos,196.0
T.R.I.C.,Otep,185.0
Attic Lights,Atlas Sound,224.0
Duet,Everything Everything,222.0
So I Need You,3 Doors Down,230.0
Mais Feliz,Bebel Gilberto,257.0
Love Sweet Sound,Groove Armada,276.0
Paper Cup Exit,Sonic Youth,356.0
Whorses,Biffy Clyro,236.0
13 Monsters,Lightning Bolt,169.0
Pferdesegen,In Extremo,171.0
E-Pro,Beck,202.0
Time To Stop Talking,The Rakes,218.0
Scraping Past,Atlas Sound,271.0
Piano Fights,65daysofstatic,231.0
L'Amour,Rouge Rouge,249.0
Atrophy,The Antlers,460.0
Done With You,The Whitest Boy Alive,323.0
Clip The Apex...Accept Instruction,The Dillinger Escape Plan,209.0
Things You Can Do,Deltron 3030,300.0
These Photographs,Joshua Radin,206.0
"Quizás, Quizás",Buena Vista Social Club,228.0
Exogenesis: Symphony Part 3 [Redemption],Muse,277.0
Rootless,Marina & the Diamonds,209.0
No Sleeves,Les Savy Fav,252.0
National Express,The Divine Comedy,306.0
Julie,Jens Lekman,172.0
Filth,The Plot in You,177.0
Ddamm,Slayer,61.0
To France,Mike Oldfield,277.0
Set Down Your Glass,Snow Patrol,223.0
World,New Order,284.0
My Hopes and Dreams,jj,163.0
Keep Quiet,Hot Chip,240.0
Bring Your Whole Crew,DMX,221.0
The Gulag Orkestar,Beirut,280.0
Perfect Way,Scritti Politti,275.0
Where Did You Sleep Last Night,Nirvana,303.0
King of the Kill,Annihilator,238.0
It's Been Eight Years,The Radio Dept.,154.0
Laughing Stock,Grandaddy,360.0
Girlie Girlie,Sophia George,183.0
April Skies,The Jesus and Mary Chain,239.0
Dan Abnormal,Blur,204.0
Plastic Sun,Sonic Youth,131.0
VargTimmen,Finntroll,209.0
Father's Son,3 Doors Down,252.0
Merica,Live,201.0
Your Hands (Together),The New Pornographers,213.0
Shatter the Empyrean,Anaal Nathrakh,184.0
Sketchead,Arctic Monkeys,123.0
Wax the Van,Arthur Russell,131.0
Dream of a Dead Sun,ColdWorld,455.0
Pink Love,Blonde Redhead,373.0
Live For Better Days,Ignite,316.0
Old Fashioned Morphine,Jolie Holland,275.0
Skinwalkers,blessthefall,239.0
Embody the Invisible,In Flames,218.0
Face Area Solution,The Red Chord,122.0
Taste in Men,Placebo,255.0
Out From Under,Incubus,208.0
The Mother,Nick Cave & Warren Ellis,166.0
Let Me Down Gently,La Roux,340.0
Fist Of God,MSTRKRFT,244.0
Psychameleon,Booka Shade,296.0
3 Play It Cool,Crazy Penis,382.0
This Is Our Sound,Ladytron,249.0
Atlantis,Donovan,299.0
Roadside,Rise Against,201.0
Beautiful Bride,Flyleaf,183.0
Electra Made Me Blind,Everclear,224.0
Maddening Disdain,Arsis,210.0
It Ain't Like That,Alice in Chains,277.0
New Sneakers,Deerhoof,135.0
Paris Streatham,Cujo,297.0
Smoking Tape,Mr. Oizo,93.0
Like A Bullet,Stefanie Heinzmann,147.0
Goodbye Great Britain,A Hawk and a Hacksaw,94.0
Headlong,Queen,278.0
For The Babies,Damian Marley,294.0
Kill The Messenger,Aesop Rock,295.0
Bored Stiff,Every Time I Die,138.0
Lights Up,Harry Styles,172.0
"Halo, Halo",Jamal,185.0
Warp 7.7,The Bloody Beetroots,230.0
The Genuine Pulse,Borknagar,291.0
Back That Thang Up,Juvenile,274.0
Busy Being Fabulous,Eagles,261.0
Jesus Walking On The Water,Violent Femmes,189.0
Patent Pending,Daedelus,155.0
IO,Autechre,188.0
Older,Slightly Stoopid,335.0
My Diamond Star Car,Deerhoof,92.0
Lost in Cold Dreams,Rhapsody of Fire,312.0
Mala Strana,Gui Boratto,149.0
"Desperate Times, Desperate Measures",Underoath,208.0
Devil In My DNA,Less Than Jake,209.0
Skanky Panky,Kid Koala,204.0
The Hand That Held Me Down,Two Gallants,333.0
Don't Fake This,Chevelle,219.0
Happy Audio,Fennesz,653.0
Rain Wizard,Black Stone Cherry,205.0
Golden Gaze,Ian Brown,235.0
She's My Pusher,The Crystal Method,341.0
Don't Get Me Down (Come On Over Here),The Walkmen,240.0
Napolese,Ochre,333.0
She Takes Me High,We the Kings,246.0
Some Kinda Love,The Velvet Underground,243.0
Rickshaw,Cymande,353.0
Young Tender Hearts Beat Fast,You Love Her Coz She's Dead,245.0
The Hopeless Pursuit Of Remission,Venetian Snares,263.0
Tequila Sunrise,Eagles,173.0
Beach,Mew,163.0
Für immer und dich,Jan Delay,275.0
Sweet Lew,Pearl Jam,130.0
Stardrowned,At the Gates,235.0
Ripe (With Decay),Nine Inch Nails,394.0
Happiness By The Kilowatt,Alexisonfire,303.0
Come On Over,Institute,238.0
Chewing Gum,Annie,236.0
That Kind Of Man,The Heavy,219.0
Bottomed Out,The Suicide Machines,159.0
Flushed Chest,Joan as Police Woman,240.0
Mimeo,Efterklang,88.0
This Dream Is Over,Mando Diao,203.0
Marian,Nouvelle Vague,233.0
The Disease,Suicide Silence,263.0
Saruman's Wish,Orange Goblin,366.0
Star Shpongled Banner,Shpongle,503.0
Tears and Rain,James Blunt,244.0
colorless,Venetian Snares,147.0
Everybody I Love You,"Crosby, Stills, Nash & Young",142.0
Les Vieux Amoureux,Olivia Ruiz,268.0
Dog It,Digable Planets,261.0
Buster Voodoo,Rodrigo y Gabriela,326.0
Ohrwurm,Cephalic Carnage,296.0
The Hanged Man,Moonspell,386.0
Your Life and Mine,Just Surrender,169.0
Insurrection,Trivium,297.0
Boy Crazy,New Found Glory,197.0
Work It,Missy Elliott,262.0
Fifteen Minutes Old,Snow Patrol,187.0
Please Do Not Let Me Go,Ryan Adams,216.0
Grandiflora,Biosphere,48.0
Chuva,Mariza,245.0
Wouldn't Have It Any Other Way,The Streets,276.0
Mechanize,Fear Factory,281.0
Careless,Amos Lee,288.0
Free Tibet,Hilight Tribe,360.0
Brace Yourself,Howie Day,220.0
Every Single Day,Benassi Bros.,285.0
Fools Like Me,Lisa Loeb,216.0
I Don't Want to Grow Up,Descendents,81.0
And Then Patterns,Four Tet,284.0
Failure's Not Flattering,New Found Glory,231.0
Where The Boat Leaves From,Zac Brown Band,223.0
Me Cago en el Amor,Tonino Carotone,367.0
Vicious Streak,New Order,340.0
Start The Machine,Angels & Airwaves,251.0
My Promise,It Dies Today,207.0
Omstart,Cornelius,278.0
Burn the Evil,The Berzerker,149.0
Walk It Off,Angus & Julia Stone,205.0
She's Got Everything,The Kinks,188.0
Sunshine V.I.P.,Boxcutter,386.0
Mosh,Eminem,318.0
Puppy,Netsky,260.0
Italian Leather Sofa,Cake,351.0
Sister (Part 1),M83,136.0
"Nursery, Academy",Tokyo Police Club,146.0
Following Betulas,Cult of Luna,536.0
Time Moves Slow,BADBADNOTGOOD,274.0
Copycat,Lacrimosa,296.0
Meu Destino,Thievery Corporation,206.0
Blazing Arrow,Blackalicious,160.0
Delicious,Skinny Patrini,220.0
With Strangers,Little Joy,172.0
Only One In Color,Trapt,259.0
Ye Entrancemperium,Emperor,315.0
The Feeling,La Roux,246.0
Stacked Actors,Foo Fighters,256.0
Bullshit,Mindless Self Indulgence,161.0
Lux Aeterna,Clint Mansell,234.0
That's Just the Way It Is,Phil Collins,320.0
Houstatlantavegas,Drake,290.0
Heart's Done Time,Aerosmith,282.0
RED SOIL,DIR EN GREY,205.0
Coma Cat,Tensnake,416.0
That Don't Make It Junk,Leonard Cohen,266.0
Luces Sensacional,Los Látigos,263.0
Things Stay The Same,Halou,269.0
Las Batallas,Café Tacvba,137.0
Sitting,M83,184.0
I'm Still Waiting,Diana Ross,225.0
Bible Black,Heaven & Hell,390.0
New Nails,Mission of Burma,181.0
Zombie Executioner,Six Feet Under,172.0
P.S. You Rock My World,Eels,189.0
Everybody Is,Nine Black Alps,156.0
Drone State,Project Pitchfork,283.0
To the Bobmobile,BoBmo,224.0
Trace A Line,Au Revoir Simone,238.0
Russian Literature,Maxïmo Park,187.0
Earth,Imogen Heap,214.0
La Carencia,Panteón Rococó,214.0
Radio Player,Allister,207.0
Don't Pull Your Love,"Hamilton, Joe Frank & Reynolds",164.0
Dirty Frank,Pearl Jam,341.0
"Down, Set, Go",Underoath,224.0
Dying,Hole,225.0
Africa Bamba,Santana,280.0
Something I Need,OneRepublic,240.0
Hustle Rose,Metric,333.0
No Name #1,Elliott Smith,183.0
The Other Side Of The Crash/Over And Out (Of Control),Thursday,281.0
Ophidian,Nevermore,47.0
Time Will Come,Shaman,333.0
Beautiful Worlds,ATB,310.0
Kill a Commie,Gang Green,69.0
Your Friends Are Scary,Younger Brother,401.0
Adonai,Head,319.0
Baby Said,Hot Chip,297.0
I've Underestimated My Charm (Again),Black Kids,235.0
Himmelskind,Die Apokalyptischen Reiter,213.0
Fortune,Little Dragon,192.0
Switch / Twitch,Fluke,573.0
Det som var Haukareid,Windir,341.0
Sands of Time,Edguy,280.0
Fergalicious,Fergie,292.0
Prego Amore,Erlend Øye,234.0
Skypager,A Tribe Called Quest,132.0
Ham Green,Beak>,387.0
Walk Into the Sea,Low,176.0
Ten Storey Love Song,The Stone Roses,270.0
Hot Air Balloon,Owl City,213.0
Like Herod (live),Mogwai,473.0
Skeleton Jar,Youth Group,236.0
Furthest Moment,Quantic,333.0
Better Half,The Get Up Kids,205.0
Bye Bye Badman,The Stone Roses,244.0
Microcastle,Deerhunter,220.0
Go To Hell,Megadeth,275.0
Give Yourself A Chance,Raised Fist,130.0
Dawn of Victory,Rhapsody,377.0
M i ?,Orphaned Land,161.0
Letting Go,Nitin Sawhney,252.0
Tear Strips Off,Tipper,252.0
FantasMic,Nightwish,498.0
Conspiracy of One,The Offspring,137.0
White Daisy Passing,Rocky Votolato,191.0
Why So Looking Back,The Most Serene Republic,287.0
I Must Confess,Everything But the Girl,192.0
Danger of the Water,The Futureheads,178.0
Rock Fort Rock,The Skatalites,421.0
Dick In A Box,The Lonely Island,161.0
Midnight Stars,Anoraak,173.0
Child of Curiosity and the Old Man of Knowledge,Mortiis,333.0
Tension 2,Blue Man Group,126.0
Terrified,Story of the Year,240.0
I'm Content With Losing,Underoath,235.0
Play 'N' Kill,Dope Stars Inc.,290.0
Johnny,Suicide,131.0
La Paix,Amadou & Mariam,258.0
Palm of Your Hand,Cake,177.0
She's My Baby,Mazzy Star,265.0
God's Money VII,Gang Gang Dance,196.0
The Lemon Song,Led Zeppelin,380.0
Freedom of Choice,Devo,209.0
Suicide Trees,Otep,386.0
Don't Let Her Pull You Down,New Found Glory,219.0
Red Shoes by the Drugstore,Tom Waits,195.0
Julianne,Ben Folds Five,151.0
Carry You,VNV Nation,372.0
Mariella,Kate Nash,256.0
Fire Burns Below,Judas Priest,418.0
1978,Do Make Say Think,630.0
Sinister Exaggerator,The Residents,211.0
Fundamentally Loathsome,Marilyn Manson,290.0
Firebrothers,This Mortal Coil,234.0
I'm Down With Brown Town,Dance Gavin Dance,181.0
Hey Hey Hey,Katy Perry,215.0
Barcelona Loves You,I'm from Barcelona,164.0
If Lovin' You Is Wrong,Faithless,260.0
Hearts And Flowers,Lamb,323.0
The Heart Of The Matter,Don Henley,321.0
Rip Van Winkle,Witch,284.0
Do,The White Stripes,185.0
Reckless (With Your Love),Azari & III,344.0
Closer to Julie,Stéphane Pompougnac,453.0
Beautiful Mind,The Verve,328.0
Fall Line,Jack Johnson,96.0
Little Round Mirrors,Harvey Danger,315.0
Curs in the Weeds,Horse Feathers,211.0
Sentenced to Burn,Cannibal Corpse,186.0
Roda Viva,Fernanda Porto,213.0
Computer Camp Love,Datarock,188.0
Devil's Plaything,Danzig,254.0
Too Fast For Love,Mötley Crüe,203.0
Allan Dellon,Vitalic,191.0
Eat It,"""Weird Al"" Yankovic",200.0
If You Fear Dying,One Day as a Lion,236.0
Let the Drums Speak,Mighty Dub Katz,509.0
Rites Of Spring,The Bravery,201.0
Poker Face,Lady Gaga,237.0
Left Behind,Slipknot,241.0
Always Attract,You Me at Six,366.0
Reebok Commercial,blink-182,156.0
Flota Zjednoczonych Sił,Voo Voo,291.0
Nobody's Off The Hook,Rufus Wainwright,267.0
The (Shipped) Gold Standard,Fall Out Boy,199.0
Via Chicago,Wilco,315.0
Plastik Hearts,Dirty Pretty Things,190.0
The Deutsch Mark Is Coming,Yann Tiersen,71.0
Insatiable (two),...And You Will Know Us by the Trail of Dead,184.0
Memorare,The Crüxshadows,444.0
Worlds Collide,Apocalyptica,268.0
Old Movies,Amplifier,351.0
Soft Serve,Soul Coughing,193.0
Don't Close Your Eyes,Parkway Drive,282.0
Here to Stay,Korn,271.0
Ayo Technology,Milow,212.0
Mixtape,Jamie Cullum,298.0
Runamoine,Korpiklaani,243.0
Satellite Anthem Icarus,Boards of Canada,365.0
Viridian,Between the Buried and Me,171.0
Pretty Visitors,Arctic Monkeys,221.0
Heathen's Song,Heathen,566.0
Running Up That Hill,Placebo,297.0
Mable,Goldfinger,139.0
Radio Fireworks,Surkin,287.0
The Joust,Mad Caddies,226.0
Paul Revere's Midnight Ride,Four Year Strong,234.0
War on War,Wilco,228.0
Boot Scootin' Boogie,Brooks & Dunn,198.0
I Want To See The Bright Lights Tonight,Richard Thompson,177.0
Harlem River Drive,Bobbi Humphrey,468.0
Q-Chord,Sunset Rubdown,81.0
Lifeless Dead,Mad Season,267.0
Mammagamma,The Alan Parsons Project,214.0
Razorbliss,Flowing Tears,198.0
Illusions,Cypress Hill,268.0
Infested,Choking Victim,166.0
Beni Baraale,Orchestra Baobab,351.0
Feed Your Anger,Combichrist,290.0
Leaving,The Starting Line,210.0
Mama Say,Bloodhound Gang,179.0
Furthest Moment,Quantic,333.0
Black Balloon,Goo Goo Dolls,250.0
Melankoli,Lulu Rouge,292.0
Essplode,Animal Collective,203.0
I Love,Athlete,230.0
The Mess I Made,Parachute,231.0
Heart,Darkside,298.0
Poppin' Them Thangs,G-Unit,241.0
Pinch,Can,571.0
Our Mutual Friend,The Divine Comedy,357.0
Father's Son,3 Doors Down,252.0
Fat City,Airbourne,207.0
Everything's Ruined,Faith No More,273.0
Reservations,Wilco,443.0
The Nature Of Depravity,Carnifex,197.0
Apple Shampoo,blink-182,172.0
One Nation,Soulfly,223.0
My God,Jethro Tull,431.0
Reception Fades,Rise Against,130.0
Sunday Afternoon,The Black Angels,164.0
Lightworks,J Dilla,115.0
"Vipers, Snakes, And Actors",Norma Jean,253.0
The Innocence Spilled,As I Lay Dying,217.0
Riding the Fourth Wave,Catch 22,110.0
Kidsos,Sebastian Ingrosso,401.0
Like Light To The Flies,Trivium,341.0
Endless Summer Of The Damned,Bauhaus,284.0
Kisses 3,The Crüxshadows,128.0
Break The Glass,The Suicide Machines,187.0
Magnetized,Laura Veirs,157.0
Kar Kar Madison,Boubacar Traoré,339.0
"Dargor, Shadowlord of the Black Mountain",Rhapsody,288.0
Howling,Morcheeba,221.0
Pretty Bird,Jenny Lewis,227.0
BND,No Doubt,46.0
Duk Koo Kim,Sun Kil Moon,873.0
Rock the Night,Europe,244.0
Going Through Changes,Eminem,299.0
Boy,Ra Ra Riot,191.0
Needleman,A Life Once Lost,202.0
Baptized by the Blood of Angels,Eternal Tears of Sorrow,261.0
"Those Eyes, That Mouth",Cocteau Twins,218.0
Tell Me It's Real,K-Ci & JoJo,279.0
Separated,Avant,252.0
So Wrong,Atreyu,200.0
Jacksonville,Sufjan Stevens,325.0
A Gentleman's Sport,Every Time I Die,155.0
Underneath It All,No Doubt,302.0
Airport Taxi Reception,Sondre Lerche,148.0
S.O.S. (Too Bad),Aerosmith,171.0
Mountain Halo,The Appleseed Cast,250.0
Outta Hand,Dinosaur Jr.,300.0
Burnt Orange Peel,Beck,99.0
The Dress Looks Nice on You,Sufjan Stevens,152.0
Tell Me What It's Worth,Lightspeed Champion,163.0
Feel Good Drag,Anberlin,188.0
In Keeping Secrets Of Silent Earth: 3,Coheed and Cambria,492.0
Cross The Fader,Jamaica,199.0
Houseclouds,Liars,201.0
Exitlude,The Killers,147.0
Knutsford City Limits,Robbie Williams,285.0
Moonbeams,Bent,165.0
Resonance,Insomnium,150.0
An Orchid,Atlas Sound,186.0
Plasticities,Andrew Bird,265.0
10:15 Saturday Night,The Cure,219.0
Les enfants,Yann Tiersen,121.0
Typhon,Therion,277.0
Da Funk / Daftendirekt,Daft Punk,397.0
You Are My Joy,The Reindeer Section,225.0
Die meisten meiner Feinde,Fettes Brot,320.0
Morphine & Chocolate,4 Non Blondes,284.0
Pipeline/Kill Time,Sonic Youth,275.0
Refined By Your Embrace,As I Lay Dying,104.0
In My Room,The Last Shadow Puppets,151.0
The District Attorneys Are Selling Your Blood,War from a Harlots Mouth,166.0
Distortion To Static,The Roots,258.0
Freak Of The World,Puddle of Mudd,216.0
Kimbie,Nick Drake,206.0
Gone Too Soon,Simple Plan,196.0
Janglin,Edward Sharpe & The Magnetic Zeros,230.0
The Sky And The Dawn And The Sun,Celtic Woman,319.0
Sit And Wonder,The Verve,412.0
Amber Sky,Samantha James,197.0
Stork & Owl,TV on the Radio,242.0
Fight Music,D12,259.0
Tribulation,Don Carlos,204.0
Crystal Moonlight,Rhapsody of Fire,265.0
Pretend We're Dead,L7,208.0
Trick or Treat,Peaches,195.0
Je pense à toi,Amadou & Mariam,317.0
Steppin' Out,Joe Jackson,253.0
Under The Sun,DIIV,227.0
Gin & Milk,Dirty Pretty Things,186.0
The Devil In Miss Jones,Mike Ness,231.0
Murphy Was An Optimist,Norma Jean,258.0
Shiller,Ratatat,258.0
The End Of All Things Will Be Televised,Norma Jean,312.0
Incessant Mace,Soundgarden,382.0
No Rest for the Wicked,Lykke Li,223.0
Fuck America,Choking Victim,139.0
The Sea Whisperer,Lisa Gerrard,266.0
Nattfödd,Finntroll,292.0
K.O.,Brodka,298.0
Inaudible Melodies,Jack Johnson,217.0
Tote Heldensagen,Equilibrium,551.0
Ham Green,Beak>,387.0
One Dove,Antony and the Johnsons,334.0
Steven's Last Night In Town,Ben Folds Five,208.0
Sanzen,dredg,274.0
Servant Ties,Haste the Day,253.0
Fields Of Gold,Eva Cassidy,283.0
Love Sweet Sound,Groove Armada,276.0
Beautiful Day Without You,Röyksopp,329.0
My Life for Hire,A Day to Remember,214.0
Too Much On My Mind,The Kinks,149.0
Water & Air,Cat Power,283.0
Slow Moves,José González,172.0
Megacorps,Dope Stars Inc.,215.0
All The World Is Mad,Thrice,238.0
Jump Over,De-Phazz,274.0
Dark Intentions,The Haunted,87.0
Truths Arise,Red Sparowes,109.0
Ostrichsized,Lifetime,145.0
Serenity Painted Death,Opeth,554.0
Blasting The Virginborn,Bloodbath,206.0
The Mixed Tape,Jack's Mannequin,195.0
Smash Into You,Beyoncé,272.0
In Love,Jon Foreman,279.0
S.O.S.,ABBA,200.0
Hey Little Girl,Icehouse,257.0
Reality Clash,Antimatter,465.0
Raspberry Fields,Cannibal Ox,242.0
It's Not Easy,The Rolling Stones,176.0
The Crash,Kavinsky,109.0
Dust and Water,Antony and the Johnsons,170.0
Keep My Grave Open,Sentenced,233.0
People Help The People,Cherry Ghost,238.0
My Old School,Steely Dan,349.0
As You Sleep,Something Corporate,189.0
Volcano Girls,Veruca Salt,199.0
The End of the Line,Metallica,472.0
Magia,Kalafina,309.0
Fanfare For The Conscious Man,Enter Shikari,225.0
Man Must Dance,Johnossi,155.0
Death Tone,Manowar,291.0
"My, My, My",Johnny Gill,322.0
A Wolfchant From The Mountain Side,Wolfchant,307.0
As You Are,Travis,254.0
The Worst Hangover Ever,The Offspring,178.0
Sin Deep My Wicked Angel,Cradle of Filth,143.0
Lunar Force,Enslaved,424.0
Wabby Legs,AFX,335.0
Mayhem,Sepultura,198.0
Something (Radio Edit),Lasgo,221.0
Setting Fire to Sleeping Giants,The Dillinger Escape Plan,208.0
Fortune Teller,Xavier Rudd,207.0
Give You My Lovin,Mazzy Star,230.0
The Moor,Opeth,686.0
Shiner,The Ghost Inside,217.0
A Glow,Okkervil River,226.0
Bird Gerhl,Antony and the Johnsons,195.0
Courting Blues,Bert Jansch,238.0
I Wish I Had Duck Feet,Orbital,247.0
Enjoy The Wait,Morcheeba,68.0
Destiny For The Willing,Memphis May Fire,186.0
Scenic World (Version),Beirut,173.0
Bad Weather,High Tone,363.0
Dragondawn,Dragonland,160.0
Mechanical Animals,Marilyn Manson,273.0
"Sickness, Bury",Peter Broderick,366.0
No Milk Today,Herman's Hermits,169.0
Waste of Love,Ashbury Heights,324.0
Hot Rod Heart,John Fogerty,209.0
Undersea War Romance,The Verbrilli Sound,543.0
Auge um Auge,In Extremo,258.0
Allt varð hljótt,Ólafur Arnalds,202.0
I Can Learn,The White Stripes,212.0
Heartfixer,De-Phazz,212.0
Suco De Tangerina,Beastie Boys,198.0
Rubaiyat,Coldcut,402.0
X-Static,Foo Fighters,253.0
Distant Lights (Kode9 remix),Burial,278.0
Cut! Print It,The Starting Line,225.0
Theme From a NOFX Album,NOFX,257.0
Hand It Over,MGMT,253.0
You'll Always Find Me In The Kitchen At Parties,Jona Lewie,187.0
Drop It Low,Ester Dean,191.0
Angelene,PJ Harvey,214.0
The Regality Dance,Elvenking,347.0
The First Big Weekend,Arab Strap,239.0
Everything Is Borrowed,The Streets,244.0
Lost High,Booka Shade,280.0
Woman Tonight,America,142.0
Vulnerable,Secondhand Serenade,202.0
Risky Nap Under Blue Tree,Cell,420.0
Can't Turn Back The Years,Phil Collins,281.0
When the Water Breaks,Liquid Tension Experiment,1018.0
Giving Up On Love,Slow Club,171.0
Divide and Conquer,Story of the Year,184.0
Go Zombie,Zombie Girl,227.0
Aaron,Venetian Snares,104.0
La La Means I Love You,Alton Ellis,187.0
Theme,Flying Lotus,84.0
Mind Terrorist,Public Enemy,81.0
Misery's Introduction,All Shall Perish,62.0
Mädchen Und Rabauken,Pohlmann.,201.0
Chac Mool,Rodrigo y Gabriela,111.0
Love Has A Diameter,Biffy Clyro,271.0
Stray,Lush,128.0
Police The Nation,The Planet Smashers,159.0
Riverdance,Celtic Spirit,240.0
"You Don't Love Me (No, No, No)",Rihanna,260.0
The Man With the Red Face,Laurent Garnier,211.0
Cycle,Beck,40.0
Free Will Sacrifice,Amon Amarth,249.0
Golden Ball,Stereolab,412.0
Spectrum,Florence + the Machine,312.0
Lady Midnight,Leonard Cohen,179.0
Each Coming Night,Iron & Wine,208.0
Childhood Dreams,Jazzamor,247.0
Funky Fire,The Aggrolites,251.0
She Puts The Ho In Homewrecker,Lovehatehero,225.0
Born That Way,Anja Garbarek,60.0
"Hey, Snow White",The New Pornographers,266.0
Disengage,Suicide Silence,245.0
Dry and Dusty,Fever Ray,225.0
Be Gone,Brand New,90.0
Crushing Me,Stabbing Westward,259.0
I Hung My Head,Johnny Cash,233.0
Prix Choc,Étienne de Crécy,236.0
A Temperamental Widower,Norma Jean,167.0
I'm a Pilot,Fanfarlo,271.0
Get Your Shine On,Florida Georgia Line,213.0
Velvet Belly,This Mortal Coil,80.0
Black Lung,The Aggrolites,229.0
Mescaline,1200 Micrograms,392.0
State Of Emergency,Papa Roach,307.0
The Backseat,The Gaslight Anthem,262.0
Wind Below,Rage Against the Machine,350.0
Come Cover Me,Nightwish,274.0
Fiery Nights,Ronan Hardiman,191.0
Soundso,Wir sind Helden,254.0
The Need for Pain,Neaera,330.0
A Coral Room,Kate Bush,374.0
Bed Space,Darwin Deez,212.0
Golden Hair,Syd Barrett,104.0
In This Hole,Cat Power,266.0
Inaction,We Are Scientists,152.0
The Moma Dance,Phish,268.0
Always Fade,Low,238.0
Galgasång,Finntroll,225.0
Wildhoney,Tiamat,54.0
The Other Woman,Lana Del Rey,182.0
Bitter Taste,Three Days Grace,241.0
Regarde,IAM,236.0
Till the End,Yann Tiersen,469.0
Jude Law and a Semester Abroad,Brand New,220.0
Shadrach,Beastie Boys,248.0
Foreword,"Tyler, the Creator",194.0
Selector,Skindred,143.0
Any Colour You Like,Easy Star All-Stars,218.0
Cause For Alarm,The Heavy,284.0
Baharim (Outro),Balkan Beat Box,115.0
But Tonight We Dance,Rise Against,168.0
Space Shanty,Leftfield,434.0
Prison Province,Broken Social Scene,103.0
Long Long Journey,Enya,197.0
A Fuoco,Ludovico Einaudi,270.0
Deceptacon,Le Tigre,185.0
My Empty Room,Queensrÿche,92.0
I Want Some More,Dan Auerbach,227.0
Too Real,Black Rebel Motorcycle Club,295.0
Sun Of Jamaica,Goombay Dance Band,261.0
The Stellar Dome,Borknagar,337.0
We Are the Storm,The Dillinger Escape Plan,279.0
Duel In The Deep,Lightning Bolt,377.0
Gave Dub,Boxcutter,269.0
Noctuary,Bonobo,322.0
Missed Me,The Dresden Dolls,293.0
Supersede,Carbon Based Lifeforms,494.0
A Night in Lenasia,Deepak Ram,259.0
Plainclothes Man,Heatmiser,208.0
The Green And Black,Overkill,492.0
GARBAGE,DIR EN GREY,170.0
What A Bringdown,Cream,241.0
Oh Timbaland,Timbaland,211.0
Modern Crusaders,Enigma,234.0
Blue Alert,Madeleine Peyroux,250.0
Nothing Special,Boris,138.0
Tough,Craig Morgan,196.0
Hydra,Arch Enemy,57.0
Consolation Prizes,Phoenix,196.0
The Down Town,Days of the New,255.0
Greenthumb,Bongzilla,247.0
Perish in Flames,Marduk,466.0
A Lunatic's Lament,Alesana,245.0
Trunk,Kings of Leon,237.0
Just Like That,Insane Clown Posse,84.0
Sun Lips,Black Moth Super Rainbow,196.0
Mango Pickle Down River (with The Wilcannia Mob),M.I.A.,234.0
Trows Kind,Elvenking,358.0
Ruby II,Amy Millan,107.0
Stop Me If You Think You've Heard This One Before,The Smiths,212.0
The Backseat,The Gaslight Anthem,262.0
Q-Chord,Sunset Rubdown,81.0
I and I Survive,Bad Brains,366.0
July! August! Reno!,The Flatliners,184.0
Ironside,Nine Black Alps,166.0
Abysmo,Moonspell,300.0
Questions And Answers,Biffy Clyro,243.0
Peace Thru War (Thru Peace And War),Eyehategod,107.0
Ribbon On a Branch,Younger Brother,469.0
Pain & Torture,Jadakiss,190.0
O'Appalachia,Baroness,157.0
Isku Pitkästä Ilosta,Korpiklaani,251.0
Absolute Space,Koop,306.0
Dedication,Beastie Boys,153.0
Voulez-Vous,ABBA,310.0
J'ai Fait Une Promesse,Anathema,262.0
Healer,Chromatics,233.0
O'Appalachia,Baroness,157.0
She Moves,Alle Farben,198.0
Artificial Immortality,Becoming the Archetype,237.0
Kids With Guns,Gorillaz,226.0
Sota,Shantel,197.0
Levitate Me,Pixies,157.0
Ballad of a Comeback Kid,The New Pornographers,231.0
Your Wall's Too High,Steppenwolf,343.0
"Frank, AB",The Rural Alberta Advantage,205.0
The Fall of Math (65dos remix),65daysofstatic,247.0
To The End Of The World,Dragonland,281.0
Paper Gangsta,Lady Gaga,260.0
Den Hornkrönte Konungen (Rivfaders Tron),Finntroll,223.0
Water Shows the Hidden Heart,Enya,281.0
Houstatlantavegas,Drake,290.0
Dummy Discards a Heart,Deerhoof,159.0
The Earth Will Shake,Thrice,316.0
D'ror Yikra,Oi Va Voi,357.0
Ya Man,Balkan Beat Box,215.0
The Blend,The Herbaliser,221.0
Emily Kane,Art Brut,162.0
Trumpets In Summer,Kurt Vile,146.0
Aberinkula,The Mars Volta,345.0
Mushaboom,Feist,223.0
Sleep to Dream,Fiona Apple,249.0
Joint,RIP SLYME,295.0
Gloop,Zomby,153.0
Circles from the Rue Simon-Crubellier,Max Richter,64.0
To A Breathless Oblivion,The Black Dahlia Murder,297.0
Evoke,After Forever,266.0
My Propeller,Arctic Monkeys,208.0
Hoo-Bangin' (WSCG Style),Westside Connection,238.0
Creation Lake,Silversun Pickups,224.0
If That Ain't Country,David Allan Coe,290.0
You Could Easily Have Me,Metronomy,187.0
Dumb Waiters,The Psychedelic Furs,304.0
Deadfall,Benediction,279.0
Kalpol Introl,Autechre,199.0
Cannabis,Ska-P,265.0
Son's Gonna Rise,Citizen Cope,233.0
Hallelujah USA,Booka Shade,126.0
The Wedding Toccata Theme,Modeselektor,233.0
The Loneliness of a Tower Crane Driver,Elbow,314.0
Det lilla livet,Familjen,250.0
Detroit Rock City,Kiss,235.0
The Ponytail Parades,Emery,246.0
Times Of Trouble,Temple of the Dog,341.0
What They Say,Maya Jane Coles,370.0
Ache,Pharmakon,423.0
Shine it,"Medeski, Martin and Wood",299.0
Ruins,Portico Quartet,334.0
Little Honda,Yo La Tengo,187.0
Stream Of Consciousness,Dream Theater,676.0
I Am A Man Of Constant Sorrow,The Soggy Bottom Boys,254.0
What They Do,The Roots,357.0
Spay Me,Say Anything,194.0
Bury Them Bones,Emancipator,278.0
Cico Buff,Cocteau Twins,226.0
Instruments Of Persuasion,Napalm Death,179.0
Bernadette,The Four Tops,182.0
Breeding Death,Bloodbath,266.0
Somebody Else's Guy,Jocelyn Brown,256.0
Releasing Surtur's Fire,Amon Amarth,330.0
Starrsha,Ringo Deathstarr,127.0
Driving South,The Stone Roses,310.0
In Ear Park,Department of Eagles,243.0
Savage Curtain,Symphony X,211.0
Interlude With Ludes,Them Crooked Vultures,225.0
Focker,Late of the Pier,196.0
From My Own True Love (Lost at Sea),The Decemberists,222.0
Simple Lessons,Candlebox,173.0
The Machinist,Have Heart,167.0
Waiting Phase One,Porcupine Tree,267.0
Jigsaw Puzzle,The Rolling Stones,365.0
I Am Young,Coconut Records,187.0
As I Moved On,Blue Foundation,242.0
Break 'em on Down,Soledad Brothers,184.0
To Rottendom,1349,353.0
Die Clubnummer,Modeselektor,273.0
If She Only Knew,Greeley Estates,289.0
Cemetery,Say Anything,236.0
Nouveau Nova,Daedelus,217.0
St. Peter's Day Festival,Ra Ra Riot,215.0
Stereo 99,Blue States,280.0
Man of War,Sabaton,228.0
In Coma,Dead Poetic,239.0
Just One Second (Apex Remix),London Elektricity,378.0
Amendment,Flaw,320.0
Land of a Thousand Words,Scissor Sisters,230.0
Punish Me With Kisses,The Glove,221.0
Everything Sux,Descendents,90.0
Le Casio,Athlete,149.0
Christina Death,The 69 Eyes,242.0
Hudson Line,Mercury Rev,182.0
Things I Cannot Recall,Blind Pilot,198.0
Rhyme & Reason,Dave Matthews Band,314.0
Good to Be Alive,Matthew Dear,229.0
Chuva,Mariza,245.0
Dirty Thirty,The Crystal Method,324.0
10 Miles Wide,Escape the Fate,166.0
Gold Key,Chew Lips,360.0
Meh No Mae,Asobi Seksu,244.0
Unbreakable Heart,Three Days Grace,206.0
Your Darkest Hour,Evergrey,375.0
Now I Fall,Wolfsheim,212.0
Suspect Device,Stiff Little Fingers,219.0
Rise of the Leviathan,Annotations of an Autopsy,54.0
DARE (DFA Remix),Gorillaz,734.0
Work On You,MSTRKRFT,363.0
Atom And Evil,Heaven & Hell,315.0
Truth Hurts,Lizzo,173.0
Atom And Evil,Heaven & Hell,315.0
Mr. Decay,Gui Boratto,418.0
L.E.F.,Ferry Corsten,203.0
My Sweet Dog,Hi-Standard,95.0
Sinners Like Me,Eric Church,233.0
Call It a Ritual,Wolf Parade,165.0
Lizard Skin,Gojira,270.0
Dipshit,Rufio,174.0
No Way Back,Foo Fighters,197.0
Get Closer,Ben Westbeech,285.0
Sing This All Together,The Rolling Stones,227.0
How Lester Lost His Wife,of Montreal,151.0
The Ascent,The Devil Wears Prada,70.0
"I Think, I Love",Jamie Cullum,255.0
Overdraft,deadmau5,270.0
Clean Today,Katatonia,264.0
Common Tear,Novika,214.0
Washing Machine,Sonic Youth,574.0
Ocean In The Way,Dinosaur Jr.,259.0
Aldimarkt,Ascii.Disko,352.0
Waltz #1,Elliott Smith,202.0
You Hid,Toro y Moi,205.0
The Dagger,Roadrunner United,332.0
Modern Day Bonnie And Clyde,Travis Tritt,284.0
Zobi La Mouche,Les Négresses Vertes,206.0
Carrie Cooksey,Rocketship,273.0
Crystalline,Björk,308.0
Still Light,The Knife,196.0
Commodore Rock,Ladytron,287.0
Native Belle,Animal Collective,232.0
Your Embrace,Shakira,213.0
Soul Rebel,Bob Marley & The Wailers,224.0
If Love Is The Drug,The Brian Jonestown Massacre,239.0
AOTKPTA,The Locust,182.0
Astronomy,Metallica,398.0
How We Know,The Thermals,198.0
Flare Gun,Owen Pallett,141.0
Sun God,Cut Copy,907.0
Golden Hair,Syd Barrett,104.0
Tigerlily,La Roux,204.0
Sir Yes Sir,Tomahawk,130.0
Last Nite I Met a Costume,Glass Candy,232.0
Warm Air,Vanessa-Mae,221.0
Within The Grove,Eluveitie,112.0
Trail Of Kings,Diablo,295.0
Trailblazers,HammerFall,279.0
I'm Not Yours,Angus & Julia Stone,239.0
Unaffected,Hoobastank,214.0
Dinner Party,White Rabbits,228.0
Dungeons of Darkness,Burzum,292.0
Unforgettable Season,Cut Copy,193.0
Granite Wall,Bolt Thrower,243.0
Look of Today,Enigma,223.0
Unless It's Kicks,Okkervil River,279.0
Himmelbjerget,Efterklang,457.0
It's Only,Herbert,442.0
Only Superstition,Coldplay,229.0
Forever Heavy,Black Moth Super Rainbow,256.0
The Snow in My Hand,My Dying Bride,393.0
Birthday,Katy Perry,215.0
Selbstportrait mit Kater,Einstürzende Neubauten,373.0
Chinese Bombs,Blur,85.0
Col,Morcheeba,250.0
Invisible Kid,Metallica,510.0
You Shouldn't Kiss Me Like This,Toby Keith,222.0
The Ballad of Michael Valentine,The Killers,232.0
Harmonia Mundi,Mike Oldfield,226.0
Pozytywka,Farben Lehre,208.0
Disfigured,Cannibal Corpse,227.0
Lorelei,Cocteau Twins,223.0
Golden Hair,Syd Barrett,104.0
Count Souvenirs,Junior Boys,285.0
Lost in Space,Avantasia,232.0
Vem Vet,Lisa Ekdahl,187.0
Circle None,Mice Parade,145.0
Carl Barker,Dance Gavin Dance,313.0
The Girls,Calvin Harris,315.0
Someday You Will Be Loved,Death Cab for Cutie,191.0
Catatonic,Slayer,293.0
Hijo de la Luna,Haggard,261.0
Watje,Doe Maar,174.0
Lost?,Coldplay,222.0
Undefined,As I Lay Dying,137.0
White Palms,Black Rebel Motorcycle Club,295.0
Bukowski,Modest Mouse,255.0
Song Of Sorn,Deerhoof,148.0
Buenos Hermanos,Ibrahim Ferrer,278.0
Birthday Cake,Rihanna,78.0
The End With You,Box Car Racer,191.0
Saddic Gladdic,Wagon Christ,293.0
I Only Want You,Eagles of Death Metal,169.0
The Dress,Blonde Redhead,241.0
In Human Form,Death,238.0
For Kalaja Mari,School of Seven Bells,258.0
Vox Celeste,Deerhunter,216.0
Amelia,Joni Mitchell,362.0
Triumphant,Röyksopp,261.0
Chandelier,Sia,216.0
El Scorcho,Weezer,244.0
Scratch The Surface,Sick of It All,159.0
Statutory Ape,The Black Dahlia Murder,222.0
Love In The First Degree,Bananarama,209.0
Killian's Red,Nada Surf,373.0
Hold Hands And It Will Happen Anyway,Liars,291.0
Emigrate,Emigrate,247.0
Dog On The Sidewalk,Deerhoof,73.0
Songs About Rain,Gary Allan,238.0
Bond of Blood,Bathory,457.0
Marietta,"Drop Dead, Gorgeous",172.0
Basher,Slightly Stoopid,152.0
Laundry Room,The Avett Brothers,291.0
Girl/Boy Song,Aphex Twin,293.0
Wotan's Fire,Thyrfing,272.0
India In Me,Cobblestone Jazz,822.0
Sofa King,DANGERDOOM,177.0
"Say Something, Say Anything",Blood Red Shoes,195.0
Los Piratas,Los Auténticos Decadentes,184.0
Prego Amore,Erlend Øye,234.0
Pets,Porno for Pyros,217.0
Passion And The Opera,Nightwish,291.0
True To Myself,Ziggy Marley,225.0
Steelrose,Project Pitchfork,244.0
Holes To Heaven,Jack Johnson,175.0
City Song,Daughters,356.0
How Dirty Girls Get Clean,Hole,295.0
House Fire,Someone Still Loves You Boris Yeltsin,200.0
No Surprises,Radiohead,229.0
Sadô-masô,Móveis Coloniais de Acaju,227.0
Don and Sherri,Matthew Dear,204.0
Waterfront,Simple Minds,291.0
I den svartaste jord,Månegarm,437.0
Already Died,Eagles of Death Metal,180.0
Maracatu Atômico,Chico Science & Nação Zumbi,284.0
9 Crimes,Damien Rice,219.0
Exciter,Judas Priest,333.0
I Did It My Way,Jay-Z,223.0
Gravity's Rainbow (Van She Remix),Klaxons,323.0
Preacher,OneRepublic,248.0
It Ain't Like That,Alice in Chains,277.0
El Viejo,La Vela Puerca,187.0
The Great Divide,In This Moment,251.0
Red Flags And Long Nights,She Wants Revenge,304.0
Them Eyes,The Black Keys,143.0
La Belle Dame Sans Regrets,Sting,317.0
Dalai Lama,Rammstein,338.0
Altostratus,Biosphere,311.0
Eternal Odyssey,Delerium,586.0
Crystal Skull,Mastodon,205.0
Not What It Seems,Something Corporate,199.0
Sermon,Drowning Pool,259.0
Clipped,Curve,231.0
Please Don't Die,Robbie Williams,288.0
Motherzone,Deathstars,247.0
Government Flu,Dead Kennedys,124.0
Face Drop,Sean Kingston,185.0
Peace in Mississippi,Earth,356.0
Trouble In Here,Howie Day,357.0
The Grudge,Tool,515.0
Diamente,Blue States,270.0
Skeleton Boy,Friendly Fires,214.0
Mumuki,Astor Piazzolla,306.0
Mirror Remains,Bauhaus,298.0
Desperate Times Call for Desperate Housewives,Greeley Estates,188.0
Station Approach,Elbow,349.0
Re-Hash,Gorillaz,221.0
Love Comes Close,Cold Cave,266.0
She's Got It,Little Richard,147.0
One Four Five,The Cat Empire,205.0
The Softest Voice,Animal Collective,406.0
Easy Easy,King Krule,170.0
"Softer, Softest",Hole,208.0
Smells Like Teen Spirit,Paul Anka,163.0
Solo Dolo (Nightmare),Kid Cudi,266.0
Kick The Tragedy,Drop Nineteens,536.0
Pollution,Limp Bizkit,233.0
Too Many Happy Faces,K's Choice,208.0
Nightclubbing,Iggy Pop,315.0
Sportbeat,Sportfreunde Stiller,164.0
For Miles,Thrice,267.0
Soulfire,12 Stones,175.0
Sunglasses at Night,Corey Hart,286.0
Thickfreakness,The Black Keys,228.0
Palace Station,Melody Club,196.0
After Thousand Words,Era,297.0
Xtal,Aphex Twin,294.0
Hands Playing Butterfly,Efterklang,271.0
Jorge Regula,The Moldy Peaches,187.0
Forgiven,Alanis Morissette,300.0
Finnis Fatalis Spei,Bleeding Through,115.0
Altes Kamuffel,Paul Kalkbrenner,501.0
Gloop,Zomby,153.0
Dandys Lungern durch die Nacht,Bohren & der Club of Gore,305.0
Fergalicious,Fergie,292.0
Final Day,Tokio Hotel,193.0
You Sang To Me,Marc Anthony,347.0
This Island,Le Tigre,201.0
Ain't Talkin' 'Bout Love,Van Halen,227.0
Torn To Pieces,Death,216.0
Done With You,The Whitest Boy Alive,323.0
And This Is What We Call Progress,The Besnard Lakes,311.0
Fear The Voices,Alice in Chains,298.0
Røvhaugane,Windir,336.0
Primitive Painters,Felt,360.0
Swallowtail,Elvenking,266.0
Enthroned In Isolation,Carnifex,210.0
Wild Out,Collie Buddz,191.0
When I Fall,Barenaked Ladies,244.0
Sing! Captain,Handsome Furs,321.0
Shadows That Move,Mastodon,234.0
"I'm Not A Thief, I'm A Treasure Hunter",A Skylit Drive,199.0
Re-Entry,Limp Bizkit,158.0
Dauden,Windir,259.0
First Time,Helloween,330.0
My Propeller,Arctic Monkeys,208.0
Shadowsouls,Imperanon,205.0
Departer,Katatonia,327.0
Lazy (Lazy),Architecture in Helsinki,176.0
We Can Work It Out,The Beatles,132.0
We Are Rebels,Alice in Videoland,220.0
Lock and Key,Rush,310.0
Who Shot Ya,The Notorious B.I.G.,228.0
Self Defense,Arca,141.0
The Backseat,The Gaslight Anthem,262.0
Pida Me La,Gipsy Kings,197.0
Boga,Amiina,551.0
Sovereignty,Japandroids,212.0
Sonata II,John Cage,122.0
Chinaberry Tree,Mew,213.0
All I Am,36 Crazyfists,276.0
Your Mistake,A Skylit Drive,228.0
Graves,CHVRCHES,284.0
All I See Is You,Dusty Springfield,202.0
Besatt,Lifelover,216.0
"Sleeping Bear, Sault Saint Marie",Sufjan Stevens,172.0
The Apollo Programme Was a Hoax,Refused,254.0
Sing Tomorrow's Praise,Asobi Seksu,215.0
Giggy Smile,Faust,353.0
Smoke 'Em,Fun Lovin' Criminals,286.0
Metalingus,Alter Bridge,279.0
Second Streets Have No Name (feat. Beta Bow),The Bloody Beetroots,183.0
Salmarnir,Underoath,177.0
This Is Our Sound,Ladytron,249.0
Artifacts of the Black Rain,In Flames,197.0
Gonna Find You,Operation Ivy,114.0
Time Is My Everything,Ian Brown,232.0
Abode,Azam Ali,358.0
You Always Believed,In This Moment,221.0
Empty Glass,Defeater,206.0
Kalpol Introl,Autechre,199.0
The Nameless,Slipknot,268.0
Team,Bon Iver,117.0
Fear Catalyst,Scar Symmetry,304.0
Both Hands,Ani DiFranco,202.0
Spun,Chelsea Wolfe,329.0
Everything In Moderation (Especially Moderation),NOFX,84.0
Chewing Gum,Annie,236.0
Evil Eyes,Dio,224.0
TV Family,The Rocket Summer,253.0
"Honey, I've Never Had Sex That Wasn't Awkward",See You Next Tuesday,88.0
Pretty In Pink,The Dresden Dolls,237.0
From Blown Speakers,The New Pornographers,169.0
Just A man,The Classic Crime,176.0
Apocalyptic Feasting,Brain Drill,220.0
Wild Honey,U2,227.0
Lovely Creature,Nick Cave & The Bad Seeds,254.0
Love Revolution,Lenny Kravitz,195.0
Blame It on Bad Luck,Bayside,229.0
My Monkey,Marilyn Manson,286.0
Those Damned Blue-Collar Tweekers,Primus,318.0
I Ei Krystallnatt,Windir,317.0
The Hungry Ghost,The Cure,269.0
Gin And Juice,Snoop Dogg,212.0
Sketch on Glass,Mount Kimbie,260.0
Exitlude,The Killers,147.0
Parada,Marcomé,270.0
Ain't No Right,Jane's Addiction,215.0
Programmable Soda,Tori Amos,85.0
Wiener Blut,Rammstein,232.0
Don't Want To Know If You Are Lonely,Hüsker Dü,211.0
Macht und Dummheit,In Extremo,250.0
End of a Century,Blur,167.0
Prog,Pinback,243.0
Sunshine V.I.P.,Boxcutter,386.0
Rockupation,Mad Caddies,184.0
Le Champagne,Trentemøller,457.0
Evil in a Closet,In Flames,242.0
Courtship Dating,Crystal Castles,212.0
Rhymes Of An Hour,Mazzy Star,253.0
Friends Don't Let Friends Dial Drunk,Plain White T's,202.0
Slowlife,Seeed,257.0
Contagious Chemistry,You Me at Six,210.0
The Garden's End,Sarah Blasko,235.0
Hotel Yorba,The White Stripes,130.0
Like Blood Does,Cymbals Eat Guitars,454.0
One Better,Les Claypool,359.0
Tram #7 to Heaven,Jens Lekman,186.0
Crooked Legs,The Acorn,304.0
Out Of Focus,Blue Cheer,227.0
Never Let It Go,Mushroomhead,279.0
Grandfather,The Number Twelve Looks Like You,280.0
All That,Carly Rae Jepsen,278.0
Leopard-Skin Pill-Box Hat,Bob Dylan,236.0
Lady,Chromatics,307.0
The Sequel,St. Vincent,114.0
Cool To Be A Fool,Joe Nichols,175.0
Big Black Car,Gregory Alan Isakov,217.0
Whereabouts Unknown,Rise Against,242.0
STUCK MAN,DIR EN GREY,215.0
Inadequate,Rings of Saturn,238.0
Going Nowhere,Elliott Smith,232.0
Prairie Wedding,Mark Knopfler,267.0
Pale Blue Dot (Interlude),Story of the Year,66.0
The Harbinger,Julianna Barwick,351.0
La chute de l'ange,Dark Sanctuary,520.0
SA BIR,DIR EN GREY,121.0
Change of Ideas,Bad Religion,60.0
Holdin' It Down for the Underground,A Day to Remember,204.0
Rise of the Leviathan,Annotations of an Autopsy,54.0
Aurora,Björk,279.0
Nero,Two Steps from Hell,207.0
Silver Screen Shower Scene,Felix da Housecat,283.0
Existing in a Crisis (Evelyn),Bayside,264.0
Yesterday Never Tomorrows,The Stills,321.0
Mad Kidz,Crookers,299.0
Stone Cold Metal,Ensiferum,445.0
Waitress in the Sky,The Replacements,123.0
This Is Music,The Verve,216.0
Beer Goggles,Lagwagon,163.0
I'm Happy Your Grave is Next To Mine,Evol Intent,350.0
Sinequanon,Hybrid,439.0
The Influence,Jurassic 5,236.0
The Picture Inside,Quantic,253.0
Packaged Rebellion,Anthrax,377.0
Radio Player,Allister,207.0
In Death's Embrace,Dimmu Borgir,374.0
Careful What You Wish For,Testament,210.0
Ainda É Cedo,Legião Urbana,237.0
The Turn of the Screw,Heaven & Hell,300.0
Through The Horned Gate,3 Inches of Blood,127.0
Down By The River,Milky Chance,235.0
Strong Will Continue,"Nas & Damian ""Jr. Gong"" Marley",361.0
She's Royal,Tarrus Riley,250.0
Confused Images,Massive Attack,119.0
Ricky's Hand,Fad Gadget,248.0
The Beauty Of Gray,Live,251.0
Gax,Boys Noize,275.0
Black Paper Planes,Long Distance Calling,437.0
Why I'm So Unhappy,Dntel,420.0
Omen Sore,Era,283.0
Boo-Wah,The Bad Plus,236.0
The Ills,Mayer Hawthorne,170.0
Sonata I,John Cage,138.0
Open Scars,Kataklysm,247.0
A Boy Like Me,Patrick Wolf,208.0
Staatsfeind,Agonoize,274.0
Transfer Affection,A Flock of Seagulls,318.0
Canceled Check,Beck,194.0
The Mother Could Be You,Hella,211.0
City Song,Daughters,356.0
Salt,Portugal. The Man,258.0
International Harvester,Craig Morgan,231.0
Towards The Bare Hill,Efterklang,190.0
Yeah (Crass Version),LCD Soundsystem,563.0
Pavane Pour Une Infante Defunte (Pavane For A Dead Princess),Maurice Ravel,339.0
The Ballad Of Chasey Lain,Bloodhound Gang,142.0
Broken Vow,Josh Groban,274.0
Mercy,Duffy,221.0
El Cargo,Amon Tobin,264.0
A Question Mark,Elliott Smith,161.0
13 Years of Grief,Black Label Society,247.0
Teacher's Pet,Venom,283.0
The Pinnacle,Kansas,576.0
The Blend,The Herbaliser,221.0
Moon Theory,Miami Horror,265.0
Mr. Knowitall,Primus,229.0
Hyperdrive,Devin Townsend,284.0
After Afterall,William Fitzsimmons,167.0
Roll With It,Oasis,284.0
...All The Go Inbetweens,Silversun Pickups,470.0
No Buses,Arctic Monkeys,199.0
All alright,Sigur Rós,378.0
Mann gegen Mann,Rammstein,231.0
Gallery,Mario Vazquez,224.0
Mas Que Nada,Sérgio Mendes & Brasil '66,157.0
Learn To Live,Architects,241.0
Flaming Telepaths,Blue Öyster Cult,323.0
It's For You,Out Hud,291.0
Heathen's Song,Heathen,566.0
Santa Monica Bay,Johnossi,156.0
Triveni,Rodrigo y Gabriela,234.0
Arawan,Tinariwen,247.0
Suicide Blonde,INXS,231.0
Streamside,The Album Leaf,214.0
Love Comes Close,Cold Cave,266.0
Freeze Up,Operation Ivy,140.0
Bullet Theory,Funeral for a Friend,235.0
K Domu Svaroga,Arkona,321.0
I and I Survive,Bad Brains,366.0
Meet Me In the City,The Black Keys,218.0
Grey Room,Damien Rice,344.0
Ride A White Swan,T. Rex,136.0
Yours Alone,Dum Dum Girls,136.0
Filipino Ray,Les Claypool,232.0
Servant Ties,Haste the Day,253.0
Father Is Late,Yann Tiersen,92.0
Come Thou Fount of Every Blessing,Sufjan Stevens,281.0
Heroin & Cocaine,The Tiger Lillies,173.0
Meathead,Story of the Year,145.0
Good Morning Night,Bad Astronaut,233.0
Crucifixion [re-recorded Version],Hellhammer,166.0
Wish I Didn't Miss You,Angie Stone,268.0
The Green Manalishi (With The Two-Pronged Crown),Judas Priest,202.0
Titus Andronicus,Titus Andronicus,193.0
Mayfair Song,Air,259.0
Angel in the Snow,Elliott Smith,155.0
Use Your Mind,Extreme Noise Terror,124.0
Five Minutes To Midnight,Boys Like Girls,227.0
Miss U,Blackfield,280.0
Blind To You,Collie Buddz,226.0
Red Vines,Aimee Mann,224.0
Freaxxx,Brokencyde,217.0
Threesome,Fenix TX,154.0
Ambulances,Institute,275.0
Brandon,Caribou,324.0
Bass Creator,Basshunter,301.0
Playdough,The Aquabats,220.0
Circlewave,Squarepusher,388.0
You,Radiohead,209.0
Look Outside,Broadcast,234.0
Three Changes,"The Good, the Bad & the Queen",255.0
Only Two Can Play,High Contrast,273.0
Herr Mannelig,In Extremo,296.0
Russian Literature,Maxïmo Park,187.0
Little Eyes,Yo La Tengo,260.0
In the Meantime,Spacehog,300.0
Endless Endings,The Dillinger Escape Plan,153.0
Magic America,Blur,218.0
"If I Don't Live Today, Then I Might Be Here Tomorrow",Mando Diao,120.0
English Girls Approximately,Ryan Adams,341.0
Un autre monde,Téléphone,271.0
You Can Make Me Feel Bad,Arthur Russell,89.0
The Frozen Tears of Angels,Rhapsody of Fire,678.0
Bled White,Elliott Smith,203.0
Treefingers,Radiohead,223.0
I Stand Corrected,Vampire Weekend,160.0
Freeze Time,311,202.0
Longitude,Tape Five,240.0
Sentimental Heart,She & Him,156.0
Yodel 2,Penguin Cafe Orchestra,277.0
Better Late Than Forever,Allister,161.0
Como Estais Amigos,Iron Maiden,330.0
The Grey Estates,Wolf Parade,206.0
Take You Higher,Wilkinson,287.0
Great American Sharpshooter,Less Than Jake,92.0
Reality Clash,Antimatter,465.0
She's Royal,Tarrus Riley,250.0
Twenty,Labradford,1107.0
Master's Apprentices,Opeth,630.0
Das alte Leid,Rammstein,344.0
Beautiful You,Devil's Gift,174.0
Always Too Late,Annie,257.0
The Dark Night Of The Soul,Loreena McKennitt,405.0
DOS,Ayria,277.0
Brian the Vampire,Xiu Xiu,159.0
Give Me A Chance,Black Tide,214.0
Science Of Silence,Richard Ashcroft,255.0
Jungle Telegraph,Eels,219.0
Basher,Slightly Stoopid,152.0
The Snake And The Moon (Remastered),Dead Can Dance,372.0
Love Like Crazy,Lee Brice,215.0
Goldfish Bowl,Stereophonics,183.0
Mornington Crescent,Belle and Sebastian,340.0
Night of Sin,Blutengel,294.0
Don't Look Back in Anger,Oasis,288.0
241,Reel Big Fish,160.0
He Didn't Have To Be,Brad Paisley,282.0
"Illuminate My Heart, My Darling!",Yndi Halda,1051.0
Mothership Reconnection (Feat Parliament/Funkadelic) (Daft Punk Remix),Scott Grooves,241.0
Just Like I Pictured It,"Medeski, Martin and Wood",208.0
Ingen kommer undan (inte ens i Sverige),Veronica Maggio,108.0
Quit While You're Ahead,The Word Alive,225.0
Super Taranta!,Gogol Bordello,405.0
Aged Dolls,...And You Will Know Us by the Trail of Dead,437.0
Opus 26,Dustin O'Halloran,199.0
"Piazza, New York Catcher",Belle and Sebastian,183.0
Youth of the Nation,P.O.D.,256.0
RobertaFlack (feat. Dolly),Flying Lotus,188.0
Innocent Bystander,Korn,208.0
Late Lounge Lover,Hacienda,290.0
Fuckoff Is Not the Only Thing You Have to Show,Cansei de Ser Sexy,243.0
Baudelaire,...And You Will Know Us by the Trail of Dead,216.0
Twist,Korn,51.0
Faking My Own Suicide,Relient K,204.0
Empty Wall,Blue Foundation,196.0
Mr Blue Sky,Lily Allen,222.0
Sticky Situation,Danko Jones,156.0
Perverse Party,Amduscia,306.0
You Know I Love You,The Pigeon Detectives,184.0
Dying Days,Screaming Trees,290.0
Wide Eyes,Local Natives,267.0
Valkyrie in the Roller Disco,The New Pornographers,212.0
All We Know,Paramore,194.0
The Equalizer,Junior Boys,299.0
ATM,J. Cole,217.0
Cubicles,My Chemical Romance,232.0
Floating on the Lehigh,Department of Eagles,367.0
The Legacy Of Odio,In This Moment,247.0
Top Ranking,Blonde Redhead,208.0
Reconsider Everything,311,168.0
Gravedigging,The Classic Crime,225.0
Percussion Gun,White Rabbits,189.0
I Saw The Bright Shinies,The Octopus Project,239.0
One Tree Hill,U2,323.0
For Your Own Benefit,Philip Glass,123.0
Magnolia Mountain,Ryan Adams & The Cardinals,352.0
The Gathering,Amorphis,253.0
Without Me,Halsey,202.0
Asator,Amon Amarth,184.0
Mon amie la rose,Françoise Hardy,137.0
The Funeral Portrait,Opeth,525.0
Pockets,Four Tet,319.0
Just Call My Name (I'll Be There),Blackmore's Night,288.0
Filigree & Shadow,This Mortal Coil,79.0
The Latest Toughs,Okkervil River,191.0
Last Living Souls,Gorillaz,190.0
Fiery Nights,Ronan Hardiman,191.0
Tropicana,Ratatat,277.0
I Hate People,Nasum,97.0
Inward Movement,Gojira,354.0
Frankie,Mississippi John Hurt,207.0
True To me,Metro Station,172.0
Know,System of a Down,177.0
Under the Westway,Blur,257.0
Various Stages,Great Lake Swimmers,252.0
3000 Miles,Valencia,166.0
Iron Swan,The Sword,346.0
Gallery,Mario Vazquez,224.0
She's Got A Boyfriend Now,Boys Like Girls,246.0
My Coco,stellastarr*,306.0
Mango Pickle Down River (with The Wilcannia Mob),M.I.A.,234.0
She'd Rather Be With Me,The Turtles,140.0
You Are What You Are (Beautiful),Christina Aguilera,284.0
Glory Box,Portishead,305.0
Solifugae (Intro),Anaal Nathrakh,65.0
Hopkins (The Witchfinder General),Cathedral,319.0
Shake It Out,Manchester Orchestra,311.0
An Island,Devendra Banhart,125.0
It's Only,Herbert,442.0
Lick It Up,Kiss,236.0
Paschendale,Iron Maiden,507.0
A Slight Burning Sensation,Salt The Wound,149.0
Whispers Of October,In This Moment,67.0
"Prickly Thorn, But Sweetly Worn",The White Stripes,186.0
Help Is Round the Corner,Coldplay,156.0
Blood Visions,Jay Reatard,91.0
Soldier On,The Temper Trap,354.0
Wayfaring Stranger,Eva Cassidy,267.0
Long Division,Death Cab for Cutie,230.0
Tragic Hero,Funker Vogt,303.0
You Won't Know,Brand New,342.0
The New Cannonball,Fila Brazillia,275.0
Space,M.I.A.,188.0
Cruisin',Smokey Robinson,353.0
Hello It's Me,Todd Rundgren,266.0
Morning Theft,Jeff Buckley,218.0
To Rid the Disease,Opeth,381.0
Sycamore,Caspian,546.0
Biblical Violence,Hella,170.0
Don't Run Our Hearts Around,Black Mountain,364.0
Tiger By My Side,Empire of the Sun,348.0
Grape Juice City,Ratatat,236.0
This Island Earth,Misfits,135.0
The Ice Dance,Bachelors of Science,332.0
Batonga,Angélique Kidjo,213.0
Guess Who's Gonna Get Some Tonight,Moneybrother,206.0
Guernican Perspectives,The Kilimanjaro Darkjazz Ensemble,288.0
Let It All Come Down,Boom Boom Satellites,282.0
A Little Bit of Soul,Kid Loco,245.0
Nightrain,Guns N' Roses,268.0
The Men Are Called Horsemen There,Sunset Rubdown,425.0
Ode to Joy,Ludwig van Beethoven,176.0
How 'Bout Us,Champaign,274.0
My Friends Over You,New Found Glory,220.0
Black Dragon,Dissection,288.0
The Wolf Is Loose,Mastodon,214.0
Need You Like a Drug,Zeromancer,213.0
The Soul Receiver,Old Man's Child,271.0
Reasons to Quit,Phosphorescent,193.0
Surface Tension,Penguin Cafe Orchestra,143.0
Waiting for Tonight,Jennifer Lopez,246.0
The Gardener,The Tallest Man on Earth,237.0
The Weight of Lies,The Avett Brothers,270.0
Computer Eyes,Ayreon,437.0
Trench Town,Bob Marley & The Wailers,193.0
The Night He Died,My Dying Bride,385.0
Night Of Joy,The Breeders,206.0
Sublime,Ferry Corsten,467.0
Comedia,Novembre,334.0
Girlfriend in a Coma,The Smiths,124.0
Fields Of Gold,Eva Cassidy,283.0
This Time Around,Michael Jackson,261.0
Abschied,Sopor Aeternus & The Ensemble of Shadows,422.0
Da Ya Think I'm Sexy?,Rod Stewart,221.0
Young Adult Friction,The Pains of Being Pure at Heart,248.0
Carnt Sleep,Saint Etienne,284.0
Elk River,Six Organs of Admittance,191.0
Local Boy Makes God,Amusement Parks On Fire,321.0
Shroud of False,Anathema,97.0
Happy Death Day,Alien Ant Farm,274.0
First Doom,Amorphis,232.0
Entre Le Bien Et Le Mal,Despised Icon,238.0
To Be Me,London Elektricity,379.0
My Lover,The Sounds,265.0
The Earth Isn't Humming,Thrice,350.0
They Provide the Paint for the Picture-Perfect Masterpiece That You Will Paint on the Insides of Your Eyelids,Bandits of the Acoustic Revolution,220.0
Aldrig ensam,Jonathan Johansson,287.0
John Allyn Smith Sails,Okkervil River,273.0
Sweet Escape,Alesso,231.0
Kirby's House,Razorlight,171.0
Credit In The Straight World,Young Marble Giants,141.0
A Ghost Town For A Graveyard,Here I Come Falling,189.0
LAM,Behemoth,253.0
Don't Even Trip (feat. Amon Tobin),Peeping Tom,347.0
Texas Keller,Bohren & der Club of Gore,282.0
This Boy's In Love,The Presets,252.0
Tessitura,Animals as Leaders,66.0
Tchaparian,Hot Chip,201.0
Cursed Be Iron,Turisas,303.0
Heru Ra Ha: Let There Be Might,Behemoth,183.0
Adonai,Head,319.0
Welcome to Europe,Squarepusher,276.0
Plot In a Pot,Melt-Banana,80.0
I Know There's Something Going On,Frida,248.0
Voices in the Fan,Devin Townsend,280.0
A Life Less Ordinary,Ash,256.0
One Hit,The Knife,268.0
Beautiful Disaster,311,238.0
Take You,Justin Bieber,221.0
Lost My Way,Saturnus,288.0
Through the Red,At the Gates,209.0
At Dawn They Sleep,Slayer,376.0
Distorted Love,Enigma,251.0
Beneath A Bronze Sky,Primordial,207.0
December Flower,In Flames,253.0
You Got Me Up,Jamie Lidell,109.0
Jeenge,Infected Mushroom,423.0
St. Anger,Metallica,441.0
Awaking the Centuries,Haggard,612.0
Tiden Utan Tid,Finntroll,298.0
Lonely Planet Boy,New York Dolls,248.0
Divine Blasphemer,Municipal Waste,119.0
What They Say,Maya Jane Coles,370.0
Brown Noise,The Acacia Strain,191.0
Layers of Tranquility,Karunesh,427.0
Chasing The Night,Every Avenue,169.0
The Juggler,Weather Report,303.0
Emily,Bowling for Soup,208.0
No Reason To Live,Chimaira,225.0
Eggplant,Gui Boratto,407.0
Happiness: We're All In It Together,This Will Destroy You,514.0
Made by Maid,Laura Marling,172.0
No Surprises,Radiohead,229.0
Painter in Your Pocket,Destroyer,250.0
Losers' Ballet,DeadLock,400.0
Lillian,+44,279.0
Black Melt,Massive Attack,313.0
Beer Pressure,Municipal Waste,158.0
The Mule,METZ,145.0
Make Love All Night Long,TV on the Radio,210.0
The Perennial Sophia,Therion,294.0
Meet Me By The River's Edge,The Gaslight Anthem,199.0
When We Fall,Grouper,128.0
C'mon,A Sunny Day In Glasgow,268.0
Drinking Song,Rob Dougan,238.0
Nothing Left 1,Orbital,469.0
Little Impulse,Michael Nyman,133.0
Act III Scene 2 (Shakespeare),Saul Williams,260.0
Things Stay The Same,Halou,269.0
Labor Day (It's A Holiday),Black Eyed Peas,239.0
Shard,Solar Fields,437.0
Give A Little Love,Noah and the Whale,255.0
Quart in Session,NOFX,98.0
Stein um Stein,Rammstein,232.0
A New Language,Coalesce,135.0
Electric Avenue,Skindred,190.0
Missionary,Operation Ivy,127.0
Hand Me Down,Matchbox Twenty,303.0
Stickwitu,The Pussycat Dolls,208.0
Into The West,Howard Shore,275.0
True Nature,Jane's Addiction,230.0
Beatific,Glass Candy,259.0
Ghost Dream,Blouse,202.0
Lay Lady Lay,Bob Dylan,198.0
If Leaving Me Is Easy,Phil Collins,296.0
Easy To Be Hard,Three Dog Night,190.0
"If I Don't Live Today, Then I Might Be Here Tomorrow",Mando Diao,120.0
Nobody Came,Silverchair,369.0
The Chosen Few,Electric Wizard,500.0
Something Against You,Pixies,110.0
Girlfriend in a Coma,The Smiths,124.0
It's a Bit of a Pain,Faust,188.0
Les Etoiles,Melody Gardot,198.0
Idiom,Aeroc,217.0
The Rescue Blues,Ryan Adams,218.0
Idioglossia,Pain of Salvation,510.0
See You Later Alligator,Bill Haley & His Comets,167.0
Celtic Trance,Dagda,228.0
The Lucky One,Au Revoir Simone,272.0
Procreation (Of The Wicked),Sepultura,219.0
Aquatic Dance,Vangelis,224.0
Death Magick for Adepts,Cradle of Filth,354.0
Love Is All Around,Wet Wet Wet,237.0
Those Who Cannot Speak,Shadows Fall,317.0
Killing The Beast,Chimaira,228.0
Success,Interpol,207.0
Birds of Paradise,Chromatics,266.0
Brace Yourself,Howie Day,220.0
Ritz 107,Fischerspooner,276.0
Braindamage,Dope Stars Inc.,290.0
Enter the Circus,Christina Aguilera,102.0
Teenage Whore,Hole,177.0
The Ship of Pills and Needed Things,I Am Ghost,222.0
The Covenant,Betraying the Martyrs,219.0
Yesh Yesh Ya'll,Redman,239.0
The Universe Is You,Sophie Ellis-Bextor,219.0
Interstellar Overdrive,Pink Floyd,583.0
While Your Lips Are Still Red,Nightwish,259.0
Slow Light,Fila Brazillia,260.0
Boondigga,Fat Freddy's Drop,358.0
Warum,Juli,226.0
Hill Farmer's Blues,Mark Knopfler,224.0
Rather Lovely Thing,Nick Cave & Warren Ellis,193.0
Shrimp,Mr. Scruff,422.0
Dark Matter Dimensions,Scar Symmetry,252.0
Walhalla,Gouryella,485.0
Forged In Fire,Winds of Plague,215.0
Roygbiv,Boards of Canada,150.0
Teenage Lust!,Times New Viking,122.0
Mansion Song,Kate Nash,202.0
Chant A Psalm,Steel Pulse,271.0
Pitch Black Progress,Scar Symmetry,206.0
Lost?,Coldplay,222.0
Yeah Right,Dinosaur Jr.,167.0
In remembrance,Arcana,172.0
Black Mirror,Arcade Fire,253.0
Court to Love,Clannad,230.0
Breath of Ghosts,Assemblage 23,272.0
Say Hello 2 Heaven,Temple of the Dog,382.0
Polar Opposites,Modest Mouse,210.0
I Can't Make It Anymore,Spyder Turner,134.0
What You Deserve,Ill Niño,181.0
Voodoo Lady,Ween,228.0
Snails,The Format,247.0
Sex Born Poison,Air,379.0
Anchor,Motorama,197.0
Human Racing,St. Vincent,229.0
Meet Virginia,Train,240.0
Black Cab Motorcade,State Radio,231.0
Black Seeds of Vengeance,Nile,216.0
Cheerleader Corpses,Pig Destroyer,36.0
Unsterblich,Die Toten Hosen,227.0
On A Lonely Screen,RX Bandits,165.0
This Joint,Slightly Stoopid,247.0
Bassment Party,The Cool Kids,207.0
Send in the Clowns,Barbra Streisand,282.0
"Broken, Beat & Scarred",Metallica,385.0
All That You Have Is Your Soul,Tracy Chapman,318.0
Tacobel Canon,Ratatat,267.0
Cara mia,Måns Zelmerlöw,185.0
Post Houmous,Morcheeba,309.0
Summer Sun (Carlito remix),Koop,391.0
Hang Wire,Pixies,121.0
In Your Back,Keren Ann,336.0
Nocturnal Fear,Celtic Frost,218.0
Face The Truth,Unsun,305.0
Golden Avatar,Kula Shaker,272.0
Suckling the Mender,Cocteau Twins,211.0
This Could Be Anywhere In The World,Alexisonfire,244.0
March Of The Mutes,Unearth,209.0
Forever Is A Long Time,Avantasia,305.0
How You Remind Me,Nickelback,224.0
Brainfeeder,Flying Lotus,92.0
The Cop,The Knife,44.0
Gigantic,Pixies,235.0
Weekends,The Perishers,296.0
The Ostrich,Steppenwolf,342.0
Red Red Wine (Edit),UB40,183.0
Crying Over You,Ken Boothe,202.0
Nowhere Near,Yo La Tengo,364.0
What The Hell Have I,Alice in Chains,234.0
Barbossa Is Hungry,Klaus Badelt,247.0
Kitten Moon,Fluke,558.0
Rotting Misery,Paradise Lost,316.0
Mornings Eleven,The Magic Numbers,334.0
Dead Dreams,Parkway Drive,201.0
Journey To A Star,Lemongrass,218.0
You Know You're Right,Nirvana,218.0
Opening Up (Ce Soir On Danse),Chromeo,301.0
Lady of the Moon,2002,291.0
Titelheld,Extrawelt,486.0
She Just Likes to Fight,Four Tet,274.0
My Girlfriend's Dead,The Vandals,161.0
A Girl in Port,Okkervil River,397.0
Player's Ball (Reprise),OutKast,140.0
Wooden Toy,Amon Tobin,145.0
State of Emergency,Skindred,242.0
Shpongleyes,Shpongle,536.0
We Won't Back Down,Escape the Fate,211.0
Terror Flynn Ok Ok,Slagsmålsklubben,228.0
Treefingers,Radiohead,223.0
What's Been Going On,Amos Lee,254.0
Make Light,Passion Pit,296.0
Pensando En Ti,Mägo de Oz,268.0
He Who Sought The Fire,Emperor,329.0
Wildflower,Nostalgia 77,253.0
Tuna 1613,Therion,263.0
Silver Inches,Enya,98.0
Voices of the Dead,Kreator,273.0
Janglin,Edward Sharpe & The Magnetic Zeros,230.0
Gorgon,Angel Witch,213.0
We Killed It,Say Anything,111.0
The Photos On My Wall,Good Shoes,112.0
Eiszeit,Eisbrecher,219.0
Revolution Rock,Los Fabulosos Cadillacs,296.0
Scorn Haven,Ion Dissonance,255.0
The Feeling,La Roux,246.0
Inertia,Carbon Based Lifeforms,633.0
Shpongle Spores,Shpongle,436.0
Mayfly,Belle and Sebastian,222.0
Dance Yrself Clean,LCD Soundsystem,536.0
Vomit the Soul,Cannibal Corpse,270.0
Wormholes,Volumes,333.0
Dig,Incubus,258.0
Fuck this Band,mclusky,219.0
Au crépuscule de nos rêves,Amesoeurs,474.0
"Far Away, By My Side",Peter Bjorn and John,202.0
Hard to Tell,Old Crow Medicine Show,195.0
Thieves,She & Him,248.0
The Kiss,The Cure,376.0
Gravedancer,Pig Destroyer,181.0
Into The Black,Naglfar,273.0
The Damnation Game,Symphony X,272.0
Poughkeepsie,Devendra Banhart,138.0
If This World Were Mine,Slightly Stoopid,203.0
She Don't Care,Descendents,112.0
Burial,Miike Snow,261.0
Give And Take,Comeback Kid,100.0
Give'r (Reprise),Comeback Kid,85.0
I Wish I Knew (How It Would Feel To Be Free),The Derek Trucks Band,247.0
Alive in 85,Broken Social Scene,315.0
Loose Translation,The New Pornographers,180.0
Zombie Inc.,In Flames,305.0
Teflon,The Mars Volta,304.0
Hold Hands And It Will Happen Anyway,Liars,291.0
To Hell With Good Intentions,mclusky,145.0
The Hardest Button to Button,The White Stripes,212.0
Sorrow Throughout The Nine Worlds,Amon Amarth,231.0
To Bring You My Love,PJ Harvey,334.0
Non-Stop Party Now,Girl Talk,244.0
Run It!,Chris Brown,193.0
Move To Newlyn,The Subways,165.0
Luminescence,Jean-Claude Chapuis,182.0
Your Say,Headhunter,334.0
What I Can Do For You,Sheryl Crow,255.0
Here Come The Rome Plows,Drive Like Jehu,343.0
Sunset Girl,ATB,412.0
Speck Of Gold,Afterlife,334.0
Flowers Grow Out of My Grave,Dead Man's Bones,159.0
The Way You Want It To Be,Delerium,292.0
Entertain,Sleater-Kinney,296.0
Stonefruit,Halou,204.0
Human Hands,Bowerbirds,200.0
A Good Start,Maria Taylor,253.0
Resolve!,Devin Townsend Project,191.0
Going Going Gone,Exodus,299.0
Chapter III,Estatic Fear,213.0
Speechless,Lady Gaga,271.0
South Of Heaven,Slayer,299.0
Shadowland,Kreator,268.0
Zeroes,Sonata Arctica,264.0
Ol' Bunkhouse,Cujo,355.0
Could You Be The One?,Hüsker Dü,155.0
Crying Over You,Ken Boothe,202.0
Nazi Driver,Soundgarden,238.0
Chronological Order of Putrefaction,The Berzerker,170.0
The Men Are Called Horsemen There,Sunset Rubdown,425.0
The Alternative,IAMX,254.0
Shrine,Beats Antique,354.0
Beliefs,We Came As Romans,247.0
Murder For The Money,Morphine,217.0
Pack The Pipe,The Pharcyde,304.0
Edge of the Ocean,Ivy,266.0
Advanced (Original Mix),Marcel Woods,438.0
Last Call,Elliott Smith,279.0
Nation of Boar,Lightning Bolt,370.0
Balloon Maker,Midlake,303.0
Talullah,Jamiroquai,362.0
Servant Ties,Haste the Day,253.0
Laid To Rest,All Shall Perish,279.0
Meet Me By The River's Edge,The Gaslight Anthem,199.0
What Took You So Long?,The Courteeners,219.0
Fueled,Anthrax,266.0
Da Frame 2R,Arctic Monkeys,143.0
Get Down Make Love,Nine Inch Nails,259.0
That's What She Said,The Automatic,196.0
Hush Hush; Hush Hush,The Pussycat Dolls,252.0
X & Y,Coldplay,274.0
Boris The Blade,MyChildren MyBride,272.0
Double Checked,Sascha Funke,436.0
Gorgon Sound,Horsepower Productions,253.0
Wires & Snakes,Amon Tobin,327.0
One Of A Kind (Love Affair),The Spinners,214.0
Soulfly IV,Soulfly,364.0
4X4,The Acacia Strain,146.0
Only Shallow,My Bloody Valentine,221.0
Cico Buff,Cocteau Twins,226.0
In Transmission,Thursday,217.0
Towards the Sky,Kalmah,309.0
Stand And Feel Your Worth,Thrice,352.0
Kabuki Girl,Descendents,71.0
Avalost,Seabound,371.0
Shadow Of A Soul,Godsmack,282.0
Momentum,VNV Nation,376.0
The Conspiracy of Seeds,65daysofstatic,428.0
Sebastian,Reptar,265.0
In the White,Katatonia,294.0
Pretty Noose,Soundgarden,253.0
Come Tenderness,Lisa Gerrard,209.0
No Dice,Beirut,324.0
Tessie,Dropkick Murphys,330.0
Think of You,A Fine Frenzy,246.0
Bird With Broken Wing,Don Francisco,203.0
Hold Time,M. Ward,185.0
El Ciervo Vulnerado,The Mars Volta,530.0
Virtual World,The Verve,380.0
Bring It,Soulfly,202.0
Waiting For You,Ben Harper,214.0
Break The Glass,The Suicide Machines,187.0
Starforsaken,In Flames,190.0
A Boy Like Me,Patrick Wolf,208.0
Insurrection,Trivium,297.0
Water Shows the Hidden Heart,Enya,281.0
Siamsa,Ronan Hardiman,270.0
A Threnody For Modern Romance,It Dies Today,211.0
Happy Birthday to Me (Feb. 15),Bright Eyes,230.0
Random Firl,Late of the Pier,136.0
Alternate Route To Vulcan Street,Super Furry Animals,271.0
Alphabet Town,Elliott Smith,252.0
Whatever Forever,Abe Vigoda,44.0
Transition,DJ Krush,117.0
On Guard,Atlas Sound,220.0
So I Need You,3 Doors Down,230.0
Sexfaldur,Amiina,282.0
Square One Here I Come,The Hives,190.0
Frederick,Patti Smith,331.0
Green Mind,Dinosaur Jr.,299.0
Look Away,Deerhoof,706.0
How the Leopard Got Its Spots,Portugal. The Man,240.0
Keep Your Dreams,Primal Scream,323.0
Trash Box,De-Phazz,251.0
See Emily Play,Pink Floyd,167.0
A Taste Of Honey,Herb Alpert and the Tijuana Brass,168.0
My Mind's Eye,Small Faces,175.0
Edge and Pearl,Machinae Supremacy,240.0
Nothing Matters When We're Dancing,The Magnetic Fields,147.0
All I Had (I Gave),Crowbar,192.0
Battle Axe,From The Shallows,203.0
Crestfallen,The Smashing Pumpkins,237.0
How 'Bout You,Eric Church,231.0
Dance The Way I Feel,Ou Est Le Swimming Pool,207.0
The Adjustor,The Octopus Project,173.0
Hey Little World,The Hives,203.0
The Great Deceiver,Evergrey,261.0
Twice The First Time,Saul Williams,273.0
Mr. Crowley,Cradle of Filth,341.0
A Visit From Drum,Liars,259.0
Rise and Fall,The Offspring,179.0
Hunt You Down,Ke$ha,198.0
Pathfinders,Elvenking,323.0
Fuk Tha Prince a Pull Iz Dum,Japanther,170.0
Linoleum,NOFX,136.0
sweet harmony,Danny Byrd,918.0
We Have a Map of the Piano,múm,320.0
Drinking For 11,Mad Caddies,234.0
Know How,Kings of Convenience,234.0
Here Come The Blues,Nick Drake,233.0
Iron Head,Rob Zombie,251.0
Oculus Ex Inferni,Symphony X,155.0
Nuvole Nere,Ludovico Einaudi,300.0
Night Of Joy,The Breeders,206.0
True Skool,Coldcut,214.0
Home Zone,Digitalism,129.0
Roses to No One,Edguy,343.0
Yeyo (feat. Raw Man),The Bloody Beetroots,210.0
Dance On Our Graves,Paper Route,357.0
Mon Meilleur Ami,Yelle,237.0
Daylight Storms,Air Formation,292.0
Beyond the Pale,Exodus,460.0
Why Do You Let Me Stay Here?,She & Him,154.0
The Itchy Glowbo Blow,Cocteau Twins,199.0
Brain Bypass,Combichrist,510.0
To Russia My Homeland,...And You Will Know Us by the Trail of Dead,86.0
Body M/F Count,Body Count,135.0
Beautiful Burnout,Underworld,489.0
We Like Sportz,The Lonely Island,124.0
The Black Rider,Tom Waits,203.0
Somewhere Around Nothing,Apocalyptica,248.0
Intifada,Ska-P,214.0
Second Flute,Zbigniew Preisner,78.0
Blow Me Away,Breaking Benjamin,205.0
Tequila Fish,Squarepusher,369.0
Animal Machine,The Vines,208.0
Boots,The Residents,99.0
Arbeit Macht Fleisch,Carcass,262.0
Love Drunk,Boys Like Girls,227.0
The Sounder (Edit),Gorillaz,270.0
Cloud Number Nine,Bryan Adams,226.0
Pentecost III,Anathema,234.0
Catalyst,Slayer,187.0
Cruelty,The Crüxshadows,406.0
Rosemary Had an Accident,The Devil Wears Prada,310.0
Only Holding On,Eyes Set to Kill,259.0
Fame < Infamy,Fall Out Boy,186.0
Crash Tactics,65daysofstatic,239.0
My Darkest Hour,Scary Kids Scaring Kids,210.0
Fresh Born,Deerhoof,215.0
The Power of Orange Knickers,Tori Amos,216.0
Long Distance Runner,Fugazi,262.0
Erdbeermund,In Extremo,247.0
Wailing Wintry Wind,Baroness,355.0
Mailbox Arson,Alexisonfire,212.0
Movie (Never Made),A Silver Mt. Zion,203.0
Heimfard,Bathory,126.0
Gold Dust,DJ Fresh,192.0
DOA,Foo Fighters,252.0
Sigh Your Children,...And You Will Know Us by the Trail of Dead,323.0
Mild Confusion,Tamaryn,255.0
Medicinal Reality,From First to Last,190.0
Bloodsoaked Memories,Hatebreed,173.0
Birthday Gallery,Daphne Loves Derby,208.0
Without Me,Halsey,202.0
DARE (Junior Sanchez Remix),Gorillaz,326.0
The Gun Song,Ayria,208.0
Carnivores Unite,Blockhead,286.0
Sleeping By The Fyris River,Ane Brun,247.0
Heads Will Roll,Yeah Yeah Yeahs,222.0
Jabo's Night Out,Plej,385.0
Never Gonna Say I'm Sorry,Ace of Base,393.0
Don't Damn Me,Guns N' Roses,318.0
Du trägst keine Liebe in dir,Echt,262.0
Insignificant,Nevermore,297.0
Black Ships Seen Last Year South Of Heaven,Current 93,248.0
Lonely Carousel,Rodrigo Leão,217.0
The Riddler,Nightwish,316.0
Wassiye,Habib Koité,287.0
Bondage Goat Zombie,Belphegor,241.0
Suck Out The Poison,He Is Legend,203.0
Stop Me If You Think You've Heard This One Before,The Smiths,212.0
False Sense of Sanity,Chelsea Grin,165.0
Reconquering the Throne,Kreator,254.0
Penny Dreadfuls,Animal Collective,479.0
To Be Gone,Anna Ternheim,167.0
Crying Blue Rain,Jimi Hendrix,297.0
High Come Down,Junior Boys,270.0
Metallic Rain,Vangelis,369.0
After Every Party I Die,IAMX,230.0
Smokescreen,Amusement Parks On Fire,251.0
Deeply Disturbed,Infected Mushroom,502.0
Another Innocent Girl,Alkaline Trio,218.0
Today Is A Good Day To Die,Manowar,583.0
Bleeding Heart,Jimi Hendrix,381.0
Beanbag Chair,Yo La Tengo,183.0
Potato Girl,Our Lady Peace,268.0
Limb from Limb,Protest the Hero,263.0
Themata,Karnivool,340.0
3750,The Acacia Strain,150.0
The Only Truth,Heaven Shall Burn,270.0
Never Leave Your Heart Alone,Butterfly Boucher,223.0
Killers About,Benga,309.0
The Black Swan,Story of the Year,224.0
Breña,A Perfect Circle,264.0
The Mind Maelstrom,Sirenia,288.0
To Fix the Gash In Your Head,A Place to Bury Strangers,231.0
Eight Days a Week,The Beatles,165.0
Lords,The Sword,302.0
Things & Times,De-Phazz,102.0
I Quit Girls,Japandroids,295.0
Hard Time Killing Floor Blues,Chris Thomas King,200.0
Loyal to None,Beatsteaks,88.0
Fotzepolitic,Cocteau Twins,214.0
Wooden Toy,Amon Tobin,145.0
Blessa,Toro y Moi,163.0
Alec Eiffel,Pixies,167.0
Powershifter,Fear Factory,232.0
Blaue Augen,Ideal,207.0
24 Hour Party People,Happy Mondays,281.0
Emma-0,Sybreed,268.0
Acid Food,Mogwai,223.0
"Prickly Thorn, But Sweetly Worn",The White Stripes,186.0
Don't Lose Your Head,Queen,278.0
Gipsy Threat,Ratatat,98.0
Pessimist,Wild Nothing,107.0
Catatonic,Slayer,293.0
Blind Little Rain,Asobi Seksu,160.0
Holey Dime,Desert Sessions,213.0
The Legacy Of Odio,In This Moment,247.0
Human Trafficking,Insect Warfare,79.0
She Bop,Cyndi Lauper,229.0
Bring Your Whole Crew,DMX,221.0
Sensitive,The Field Mice,305.0
Cry Cry Cry,Ziggy Marley,243.0
In Death - Is Death,Meshuggah,803.0
Sword,ASHES dIVIDE,389.0
Redrop,Efterklang,248.0
Babilon,Jamal,244.0
Promise Less or Do More,The Whitest Boy Alive,258.0
The Soviet,mewithoutYou,183.0
Aero Zeppelin,Nirvana,280.0
Commercial for Levi,Placebo,141.0
Sacrapos - At First Glance,Eluveitie,121.0
Monkey Puzzle,The Brian Jonestown Massacre,243.0
You Had Me at Hello,A Day to Remember,269.0
Sister Morphine,The Rolling Stones,335.0
Mr. Moustache,Nirvana,204.0
Finish Line,Fanfarlo,220.0
Tell Everybody,Róisín Murphy,231.0
Call of the Mastodon,Mastodon,219.0
Solar System,Crystal Fighters,238.0
"spieglein, spieglein",Gisbert zu Knyphausen,160.0
Is This Love?,Clap Your Hands Say Yeah,192.0
Hate Yer State,Choking Victim,170.0
Sleep Long,Operation Ivy,128.0
The Boy Looked at Johnny,The Libertines,158.0
Repeat Offender,Trapt,197.0
Call You,Reel Big Fish,184.0
Sweet Ride,Mando Diao,124.0
Stronghold,Angels & Agony,328.0
acid eyes,Kap Bambino,147.0
Breeding Death,Bloodbath,266.0
Insecto Urbano,Ska-P,251.0
Killing It,A Wilhelm Scream,149.0
Reversing,Four Tet,160.0
Public Image,Public Image Ltd.,182.0
Get Up Again,Flaw,176.0
Another Angel Down,Avantasia,341.0
I Love Turbulence,Rolo Tomassi,168.0
My Weakness,Moby,219.0
Art Is Hard,Cursive,171.0
The News,Jack Johnson,146.0
Sickening Metamorphosis,Cannibal Corpse,204.0
2 + 2 = 5 (Live At Earls Court),Radiohead,215.0
Fast Car,Tracy Chapman,297.0
I Won't Come Back Alive,Genghis Tron,395.0
Telegraph,Orchestral Manoeuvres in the Dark,178.0
Take a Walk,Passion Pit,263.0
Yesterday Threw Everything At Me,Athlete,226.0
Over The Electric Grapevine,Primus,383.0
Waltz Moore,From First to Last,248.0
The Water Jet Cilice,Andrew Bird,234.0
Spirit Fingers,Four Tet,202.0
Wonderlust King,Gogol Bordello,240.0
Neues Jahr,Gisbert zu Knyphausen,261.0
Sir Yes Sir,Tomahawk,130.0
Halo,Depeche Mode,270.0
Anti-Matter,The Aquabats,168.0
Carry This Picture,Dashboard Confessional,173.0
Ancient Lullaby,Matisyahu,258.0
En Melody,Serge Gainsbourg,206.0
Sold As Freedom,Anti-Flag,137.0
That Ain't My Truck,Rhett Akins,242.0
Dark & Long,Underworld,456.0
Konfusion,Skalpel,238.0
I Won't Disagree,Kate Voegele,229.0
Isku Pitkästä Ilosta,Korpiklaani,251.0
If Only,The Kooks,121.0
Do Not Fire!,Madvillain,53.0
The Essential Salts,Nile,234.0
Only You Can Make You Happy,Au Revoir Simone,298.0
Lay in a Shimmer,Pantha du Prince,395.0
Narcissist,The Libertines,131.0
"I Know You, Stanley Milgram!",Long Distance Calling,626.0
I Don't Get It,Coil,335.0
On The Rhodes Again,Morcheeba,431.0
Separated,Avant,252.0
"Mixed Up, Shook Up Girl",Mink DeVille,224.0
Foot Of The Mountain,a-ha,237.0
Low Estate,16 Horsepower,250.0
You Fail Me,Converge,337.0
Have to Explode,The Mountain Goats,202.0
Petrol & Chlorine,Silverchair,239.0
War Story,Choking Victim,173.0
Lazer Beam,Don Carlos,203.0
Me So Horny,2 Live Crew,276.0
You Can Get It If You Really Want,Desmond Dekker,148.0
Out of Love,Alessia Cara,227.0
Kabuki Girl,Descendents,71.0
Airline to Heaven,Wilco,290.0
Disko Partizani,Shantel,296.0
Horseheadedfleshwizard,Devendra Banhart,145.0
Headcase,Plastikman,593.0
Legions of the Black Light,Watain,483.0
The One-Tet,Jazzanova,231.0
Ghost Dance,Lite,271.0
Welcome To The Club,Manian,192.0
Beyond Beautiful,Aerosmith,285.0
We're All In This Together,High School Musical,231.0
Darkmere,Clannad,122.0
Utopia,Goldfrapp,258.0
Felt Mountain,Goldfrapp,257.0
Dubrock,Alix Perez,350.0
Lucrecia,Ska-P,269.0
Adios Nonino,Astor Piazzolla,485.0
South Pennsylvania Waltz,16 Horsepower,313.0
Double Barrel,Dave & Ansel Collins,149.0
L.E.F.,Ferry Corsten,203.0
Cutthroat Collapse,Emery,204.0
She Stands Up,M83,341.0
In Nomine Patris,Avantasia,64.0
X-Ray Style,Joe Strummer and the Mescaleros,274.0
Can't Turn Back The Years,Phil Collins,281.0
With Nothing Underneath,36 Crazyfists,209.0
Altostratus,Biosphere,311.0
Spit on a Stranger,Pavement,184.0
Black Albino Bones,Fucked Up,254.0
Big Calm,Morcheeba,361.0
Drawerings,Dinosaur Jr.,291.0
Point Of Uncertainty,Into Eternity,226.0
King of You,Psapp,255.0
Velvet Darkness They Fear,Theatre of Tragedy,64.0
Truths Arise,Red Sparowes,109.0
Krack,Soulwax,326.0
Daddy's Girl,Scorpions,258.0
Solar System,Crystal Fighters,238.0
Exogenesis: Symphony Part 2 [Cross-pollination],Muse,236.0
Procreation of the Wretched,Anaal Nathrakh,276.0
Straight Psyche,Amon Tobin,407.0
A Girls Oath,Eluveitie,78.0
Thinking of a Dream I Had,The Walkmen,268.0
God Demise,Rose Funeral,259.0
The Bells Sketch,James Blake,259.0
Nocturne in C# minor,Frédéric Chopin,207.0
Diaraby Nene,Oumou Sangare,317.0
Lights Up,Harry Styles,172.0
Lovesong of the Buzzard,Iron & Wine,267.0
Counting the Days,Guano Apes,217.0
(Something),The Microphones,162.0
And I Walk With Them,My Dying Bride,396.0
Small Mountain,Midlake,218.0
Jukebox,NORA&LEO,234.0
Cause For Alarm,The Heavy,284.0
When Good Dogs Do Bad Things,The Dillinger Escape Plan,362.0
Lazy Days,Enya,223.0
Harbinger (reprise),Mike Oldfield,90.0
Worlds Collide,Apocalyptica,268.0
Primer,65daysofstatic,326.0
Till the End,Yann Tiersen,469.0
Epoxi-Lips,RX Bandits,365.0
Poverty For All,Ignite,134.0
This Is The World We Live In,Alcazar,215.0
Heroin & Cocaine,The Tiger Lillies,173.0
A Little Love,Blutengel,312.0
This Ain't Living,G. Love & Special Sauce,393.0
Liege,Para One,294.0
Germany,Bleeding Through,202.0
Blow Me Away,Breaking Benjamin,205.0
J'ai Fait Une Promesse,Anathema,262.0
E8 Boogie,Squarepusher,493.0
My Style,Black Eyed Peas,268.0
State of the Nation,New Order,392.0
Rebel Yell,Billy Idol,223.0
Roman Candle,Elliott Smith,217.0
Freedom Fighters,The Music,225.0
Shamanic Tea,Tripswitch,426.0
Opel,Syd Barrett,387.0
If Only,The Kooks,121.0
The Terrible Secret,Emery,209.0
Hell Is For Children,Children of Bodom,241.0
Falling Stars,Sunset Strippers,197.0
Run for Cover,Sugababes,227.0
Murder By Numbers,The Police,277.0
(*Fin),Anberlin,524.0
In The Presence Of Enemies Pt. 1,Dream Theater,540.0
Something for Windy,Bonobo,71.0
Der Tod Wuotans,Burzum,403.0
I Never Came,Queens of the Stone Age,288.0
Namaste,Beastie Boys,241.0
Give'r (Reprise),Comeback Kid,85.0
"Tjeckien, Slovakien och tillbaks igen",Slagsmålsklubben,256.0
Time Won't Let Me Go,The Bravery,251.0
Time Awaits,The Kooks,309.0
Aerodynamic,Daft Punk,208.0
Purple Rose Minuet,Susumu Yokota,216.0
Good Christians Don't Get Jiggy With It 'Til After Marriage,See You Next Tuesday,75.0
The Oscine's Lament,Evol Intent,256.0
Crunkalicious,PANTyRAiD,282.0
Der Anfang,Eisbrecher,154.0
Dom andra,Kent,226.0
Nailed. Dead. Risen.,Impending Doom,217.0
Boomtown,Less Than Jake,154.0
Children's Story,Slick Rick,239.0
Cut It Up,The Lawrence Arms,132.0
Before Tomorrow Comes,Alter Bridge,247.0
Warlords,Vader,164.0
Mercury Shadow,Soilwork,229.0
Robot Oeuf,Uffie,211.0
When the Lights Are Down,Kamelot,221.0
Poisonous Friend,Seabound,303.0
Cry Cry Cry,Ziggy Marley,243.0
Jinx,Green Day,132.0
Telegraph Avenue Kiss,Thursday,222.0
Whoever She Is,The Maine,221.0
Little House,The Fray,150.0
Daddy's Little Defect,Sugarcult,192.0
Padam,Maria Peszek,194.0
Vision One,Röyksopp,300.0
Money To Burn,T.O.K.,213.0
Metropolis,Motörhead,215.0
Method Man,Wu-Tang Clan,260.0
If You Could See Into My Soul,Silverstein,239.0
Past,Sub Sub,175.0
Weenie Beenie,Foo Fighters,165.0
For Your Own Good,Turisas,272.0
Logan Circle,The Wonder Years,176.0
Give Up The Funk (Tear The Roof Off The Sucker),Parliament,346.0
Ich weiß warum,2raumwohnung,228.0
The Last Hour,Elliott Smith,208.0
Maria Lisboa,Mariza,163.0
He Said He Loved Me,Reverend and the Makers,287.0
Find Me A Man,Emilie Autumn,308.0
Ocean Of Confusion,Screaming Trees,186.0
Stop Whining,Lagwagon,156.0
You Must Follow (Evol Intent VIP),Stratus,339.0
Der Meister,Rammstein,248.0
Speech Impediment,August Burns Red,241.0
Accelerated Vision,Municipal Waste,86.0
Alvin Row,Animal Collective,760.0
Don't Push Your Foot on the Heartbrake,Kate Bush,196.0
I'm Not Working,Manic Street Preachers,352.0
Talk Like That,The Presets,220.0
Lewis Takes Action,Owen Pallett,174.0
Harmonicas Are Shite,Fila Brazillia,391.0
Radio Nufonia,Kid Koala,51.0
Swollen Summer,The Bravery,198.0
If 6 Was 9,Jimi Hendrix,335.0
Prinzesschen,Lafee,257.0
Bloop,Dabrye,118.0
Arizona,Kings of Leon,290.0
Intelligence Has Been Compromised,The Red Chord,163.0
Spider and the Fly,London After Midnight,333.0
Mr. Freeze,Slayer,144.0
Cara mia,Måns Zelmerlöw,185.0
Struggle,Apocalyptica,208.0
Reminiscences,Ariel Pink's Haunted Graffiti,154.0
Hi Scores,Boards of Canada,297.0
Children's Story,Slick Rick,239.0
Sing Sang Sung,Air,188.0
Schizophrenic Prayer,Riverside,260.0
Lovetheme,Depeche Mode,123.0
Like a Drug,Kylie Minogue,197.0
Liebe ist für alle da,Rammstein,205.0
Give Me A Reason,Ari Koivunen,231.0
Say It Like You Mean It,Matchbook Romance,262.0
Powder to the People,Dance Gavin Dance,312.0
You're the Good Things,Modest Mouse,214.0
Severe Emotional Distress,Into Eternity,235.0
The District Attorneys Are Selling Your Blood,War from a Harlots Mouth,166.0
Dontchange,Musiq,304.0
Down Home Girl,The Rolling Stones,252.0
Marrow,Meshuggah,335.0
To Where The Skies Are Blue,DeadLock,235.0
Morning Sun,Before the Dawn,292.0
Take a Little Time,Les Rythmes Digitales,223.0
Solitaire Unraveling,Mushroomhead,267.0
Medicine Ball,Eminem,237.0
NARC,Interpol,248.0
The Swan,Camille Saint-Saëns,122.0
Saturday Nite,"Earth, Wind & Fire",243.0
Way Out Here,Josh Thompson,246.0
Bewilderbeast,Badly Drawn Boy,211.0
World Anarchy,Kreator,235.0
I Should Have Cheated,Keyshia Cole,328.0
Sweaters,Laurie Anderson,144.0
I Want You Now,Depeche Mode,225.0
Begin,Parkway Drive,49.0
To the Wind,Neurosis,460.0
The Glass Bead Game,Thievery Corporation,375.0
Love Everybody,The Presidents of the United States of America,158.0
Lacrima Mosa,Lacrimosa,316.0
Mehr,Rammstein,248.0
Crescendolls,Daft Punk,212.0
I Let Love In,Nick Cave & The Bad Seeds,255.0
Hand of Sorrow,Within Temptation,336.0
Ruby II,Amy Millan,107.0
Death Tone,Manowar,291.0
Oddychaj,Mikromusic,249.0
Voracious Haemoglobinic Syndrome,Aborted,247.0
The Work of Art in the Age of Cultural Overproduction,Tim Hecker,455.0
Hjärta,Kent,338.0
Disappearing Ink,Deerhunter,142.0
Peking Saint,Cat Power,145.0
The Mule,METZ,145.0
Mystic Rhythms,Rush,354.0
The Far Out Son of Lung and The Ramblings of a Madman,The Future Sound of London,269.0
Jamelia,Caribou,239.0
Open Your Life,Helloween,270.0
Cinderella Man,Rush,259.0
Cubicles,My Chemical Romance,232.0
Fire With Fire,Scissor Sisters,253.0
Tequila Sunrise,Eagles,173.0
Wink,Little Dragon,224.0
The Likes of You Again,Flogging Molly,249.0
The Fun Machine Took A Shit And Died,Queens of the Stone Age,415.0
A Higher Standard,For Today,341.0
Government Flu,Dead Kennedys,124.0
Spiralling,Keane,257.0
Elysian Feels,The Future Sound of London,363.0
Returning,Delerium,314.0
Peace in Mississippi,Earth,356.0
With Portfolio,Mogwai,191.0
Skip Divided (Modeselektor Remix),Thom Yorke,335.0
Little Face,La Phaze,192.0
To Binge (Feat. Little Dragon),Gorillaz,236.0
Northern Skies,Dido,536.0
The New Cult King,Mushroomhead,308.0
We're From America,Marilyn Manson,304.0
I See God In You,India.Arie,198.0
Be-Headed (Marathon Man),From First to Last,224.0
You're The Dream Unicorn!,The Blood Brothers,139.0
Insignificant,Nevermore,297.0
Jager Yoga,Cansei de Ser Sexy,231.0
Run To The Water,Live,266.0
Towers,Bon Iver,187.0
Get-Well-Cards,Conor Oberst,214.0
Bluegrassish,Cap'n Jazz,68.0
There Is a Light That Never Goes Out,The Smiths,244.0
You DJ Parents,Hella,92.0
Bloodless,Emery,263.0
The Neighborhood Is Bleeding,Manchester Orchestra,169.0
J'aime pas l'art,Data,224.0
On the Bus Mall,The Decemberists,364.0
Pinch,Can,571.0
"Trample the Weak, Hurdle the Dead",Skinless,250.0
Shoot Me Again,Metallica,430.0
Damage Done,Dark Tranquillity,207.0
Your Wall's Too High,Steppenwolf,343.0
Private Universe,Jon Hopkins,332.0
The Endless Knot,Eluveitie,419.0
Live In Sunshine,The Rapture,240.0
As We Speak,Soilwork,223.0
Like Swimming,Foals,121.0
Ho Ho Hopefully,The Maine,219.0
Serpent's Embrace,Agathodaimon,257.0
Scary Eyes,Avantasia,212.0
Gold Mine Gutted,Bright Eyes,236.0
Blind My Mind,Flunk,277.0
Chariot,Gavin DeGraw,239.0
Act Of Love,Neil Young,295.0
Smooth Operator,Sade,298.0
Rumors,Sepultura,184.0
Antimental,Mortiis,377.0
King's Crossing,Elliott Smith,298.0
Language of the Future,1200 Micrograms,468.0
Flying Circles,Ariel Pink's Haunted Graffiti,236.0
Le Monde,Thievery Corporation,191.0
Chasing The Night,Every Avenue,169.0
Northern Fall,Korpiklaani,184.0
Chiclana,Los Delinqüentes,179.0
Down In Black,Mustasch,166.0
Soldier's Daughter,Tonic,303.0
The Ruminant Band,Fruit Bats,201.0
I'm Taking the Train Home,The Twilight Sad,352.0
Bedroom Talk,The Starting Line,243.0
Felonies Of The Christian Art,Old Man's Child,349.0
Jungle Man,Red Hot Chili Peppers,249.0
Let The Games Begin,Anarbor,200.0
Kiss The Rain,Billie Myers,249.0
Curtains Close,Eminem,61.0
Take Warning,Operation Ivy,164.0
Demon of the Fall,Opeth,494.0
That Ain't My Truck,Rhett Akins,242.0
Are You Ready for the Country?,Neil Young,204.0
She's the Sun,Scooter,227.0
King Of The Rodeo,Kings of Leon,146.0
Skin and Bones,Foo Fighters,215.0
Shadows,God Is An Astronaut,305.0
"Our Retired Explorer (Dines With Michel Foucault in Paris, 1961)",The Weakerthans,144.0
Seanchas,Clannad,294.0
Confessions of a Broken Heart (Daughter to Father),Lindsay Lohan,221.0
What They Do,The Roots,357.0
Never Saw It Coming,Hoobastank,200.0
Hitsville U.K.,The Clash,263.0
Me So Horny,2 Live Crew,276.0
Passion For Publication,Anarbor,159.0
I'm Deranged,David Bowie,271.0
Amylase,Cajun Dance Party,222.0
Ribbon On a Branch,Younger Brother,469.0
A Higher Standard,For Today,341.0
This Will Be The Death Of Us,Set Your Goals,190.0
Outlaw Heart,Tiger Army,239.0
Guilt And The Like,Mouth of the Architect,459.0
Ptolemy,Aphex Twin,434.0
Colma,Buckethead,191.0
In Your Room,The Bangles,209.0
Seven Days in Sunny June,Jamiroquai,238.0
Killamangiro,Babyshambles,205.0
Seesaw,Cocoon,202.0
Bear Witness,Dr. Octagon,181.0
These Boots,Megadeth,216.0
Dance On Our Graves,Paper Route,357.0
The Perfect Me,Deerhoof,161.0
Lone Sal Bug,Buckethead,332.0
Possessed To Skate,Suicidal Tendencies,208.0
Drifts,After the Burial,250.0
Courage,Alien Ant Farm,210.0
The Wicker Man,Iron Maiden,276.0
Hollow Log,Beck,114.0
January 1979,mewithoutYou,206.0
Hanging Moon,Converge,124.0
G.I.N.A.S.F.S.,Fall Out Boy,195.0
Will Is My Friend,Devendra Banhart,185.0
Nothing Left to Mutilate,Cannibal Corpse,230.0
Daniel Cowman,Regina Spektor,290.0
After Thousand Words,Era,297.0
Arabian Disco,Faith No More,196.0
Setlon,Eluveitie,157.0
Potato Girl,Our Lady Peace,268.0
Pushing Through,Mudvayne,208.0
Whither The Invisible Birds?,Deerhoof,131.0
Pavlov's Bell,Aimee Mann,275.0
The Crash,Kavinsky,109.0
Smoking Tape,Mr. Oizo,93.0
Deep Sea Creature,Mastodon,280.0
One Hour Empire,Broadcast,103.0
When Will I See You Again,The Three Degrees,179.0
Smash Yer Face In,Reso,252.0
Love Bomb,AC/DC,194.0
Psychotic Girl,The Black Keys,251.0
Fleur De Saison,Émilie Simon,253.0
Lai Lai Hei,Ensiferum,435.0
Big Time Sensuality,Björk,237.0
Black Sunshine,White Zombie,289.0
Light Pollution,Bright Eyes,197.0
Nong Eye Gong,The Dillinger Escape Plan,76.0
Dirt And Blood,Antibalas Afrobeat Orchestra,536.0
Time for Heroes,The Libertines,161.0
Rain Wizard,Black Stone Cherry,205.0
Alpha Beta Gaga,Air,280.0
The Greater Good,Nine Inch Nails,291.0
Be My Angel,Mazzy Star,197.0
Bree Bree,Brokencyde,250.0
At Home,Crystal Fighters,308.0
Half a Person,The Smiths,217.0
See You In Hell,Electric Wizard,398.0
Haunt Me,Sade,349.0
Flynn,Ratatat,115.0
Saruman's Wish,Orange Goblin,366.0
Redrum,Tom Waits,72.0
Hollywood Prison,Bleeding Through,172.0
Baby Let Me Take You Home,The Animals,142.0
Ralome,Plaid,269.0
Cataracts,Andrew Bird,192.0
Set Apart This Dream,Flyleaf,195.0
Telephone Call From Istanbul,Tom Waits,257.0
Rhiannon,Fleetwood Mac,253.0
This Could Be Anywhere In The World,Alexisonfire,244.0
Logan Rock Witch,Aphex Twin,212.0
The Concubine,Beirut,208.0
Around Us,Jónsi,318.0
Custodian Discount,AFX,271.0
Inoculate The Innocuous,The Unicorns,318.0
Kiss You Off,Scissor Sisters,302.0
Diamondback,Mekka,410.0
Feel.Love.Thinking.Of.,Faunts,190.0
I Can Do It Without You,Kaiser Chiefs,203.0
Stronger Than Me,Amy Winehouse,212.0
Omen Reprise,The Prodigy,134.0
Cuando Pase El Temblor,Soda Stereo,229.0
The Pilgrim,Iron Maiden,306.0
Twisted Nerve,Bernard Herrmann,88.0
Svefn,Stafrænn Hákon,347.0
What I Almost Was,Eric Church,201.0
Aikea-Guinea,Cocteau Twins,241.0
Renegade Princess,Sonic Youth,348.0
She's So High,Tal Bachman,225.0
Rikta,Boxcutter,312.0
Killing For Love,José González,183.0
I'm Not In Love,Kelsey Lu,414.0
Hibernation Sickness Complete,Arcturus,303.0
No Cocaine,Alborosie,255.0
"The Hives Are Law, You Are Crime",The Hives,151.0
Dom dimmiga dagarna,Håkan Hellström,192.0
Tentative,System of a Down,217.0
Red River Rock,Johnny & The Hurricanes,135.0
Climbing Up The Walls,Easy Star All-Stars,296.0
Gamble Everything For Love,Ben Lee,197.0
False Sense of Sanity,Chelsea Grin,165.0
I Kill Children,Dead Kennedys,138.0
Wrath Upon Ourselves,As I Lay Dying,241.0
"Save Your Neck, Save Your Brother",I Am Robot and Proud,189.0
Gutless,Hole,135.0
2113,Coheed and Cambria,587.0
Stork & Owl,TV on the Radio,242.0
Autosleeper,Chapterhouse,287.0
Never Be,Mustard Plug,166.0
(I Got That) Boom Boom,Britney Spears,289.0
Drop Dead Gorgeous,Republica,270.0
You Must Be Blind,Black Label Society,208.0
Highway Jones,Cry Of Love,312.0
I Don't Sleep Well,Hello Saferide,162.0
Line in the Sand,Bleeding Through,250.0
You've Never Had a Dream,Massive Attack,166.0
Sons Of The Fallen Nation,Haste the Day,200.0
Morsecode,Halou,200.0
Testament to Youth in Verse,The New Pornographers,238.0
Almost Gold,The Jesus and Mary Chain,186.0
Bring Me Your Cup,UB40,249.0
Lords,The Sword,302.0
A Day Late,Anberlin,205.0
My Jamaican Guy,Grace Jones,361.0
The Wicker Man,Iron Maiden,276.0
Live In Dreams,Wild Nothing,208.0
Liberty and Freedom,Rancid,165.0
What's A Clock Without The Batteries?,Emarosa,219.0
Bellona,Junior Boys,339.0
Mockingbird Song,Katie Melua,184.0
When I Fall,Barenaked Ladies,244.0
The Darkest Places,MxPx,155.0
Interdimensionary,Arsonists Get All The Girls,84.0
Pull This Blanket Off,The Raconteurs,119.0
Just Let Me Breathe,Dream Theater,329.0
I Am Home,Massive Attack,254.0
First of May,Bee Gees,168.0
Molly's Chambers,Kings of Leon,137.0
The Black River,The Sword,352.0
When the Lion Devours Both Dragon and Child,Anaal Nathrakh,298.0
Private Universe,Jon Hopkins,332.0
With David Bowie,Veruca Salt,145.0
Love Songs on the Radio,Mojave 3,349.0
Cool Kids,Echosmith,216.0
Eyes Wide Open,Gotye,191.0
La La Love You,Pixies,164.0
Totentanz,Franz Liszt,945.0
Both Blood,Fear My Thoughts,246.0
Hands Up To The Ceiling,Tracey Thorn,178.0
Tunneling Through The Guy,Man Man,326.0
All American Badass,Mad Caddies,161.0
Pferdesegen,In Extremo,171.0
Becky,Be Your Own Pet,180.0
Green Arrow,Yo La Tengo,344.0
Tales,Wolfmother,218.0
Bad Moon Rising,Creedence Clearwater Revival,155.0
La Boquilla,Bomba Estéreo,229.0
Pra Manha,Da Lata,373.0
The Minor Prophets,Haste the Day,242.0
She Cracked,The Modern Lovers,258.0
Damn I Wish I Was Your Lover,Sophie B. Hawkins,323.0
Meet Me By The River's Edge,The Gaslight Anthem,199.0
Chevrolet,Taj Mahal,158.0
Paper Thin,Hot Water Music,145.0
"I Put The ""Metro"" In Metronome",Cute Is What We Aim For,206.0
Grace Is Gone,Dave Matthews Band,278.0
Trench,Jonny Greenwood,158.0
My Name Is,Eminem,268.0
Bad Blood,Bastille,213.0
Rhyacian,The Ocean,657.0
We Got The,Beastie Boys,147.0
When Good Dogs Do Bad Things,The Dillinger Escape Plan,362.0
Juice,Lizzo,195.0
Nebuchadnezzar's Dream,Sleep,287.0
Big Attack,Beatsteaks,144.0
Firewall,Common Rider,176.0
Candle Song 3,Mojave 3,327.0
Fiskarens Fiende,Finntroll,227.0
Welcome To Sludge City,Annotations of an Autopsy,164.0
Shock Me,Baroness,257.0
Believe Achieve,Cansei de Ser Sexy,216.0
Release The Stars,Rufus Wainwright,350.0
Não Deixe O Mar Te Engolir,Charlie Brown JR.,350.0
Biggest & The Best,Clawfinger,232.0
The Dress Looks Nice on You,Sufjan Stevens,152.0
672,The Dresden Dolls,85.0
Bitter Taste,Three Days Grace,241.0
The Downfall of Us All,A Day to Remember,209.0
Creeque Alley,The Mamas & the Papas,227.0
This Heaven,David Gilmour,265.0
Never Gonna Say I'm Sorry,Ace of Base,393.0
Losing Sleep,John Newman,280.0
Bad Dream Mama,Eagles of Death Metal,183.0
To Russia My Homeland,...And You Will Know Us by the Trail of Dead,86.0
Bird Dream of the Olympus Mons,Pixies,181.0
Bluebirds,Adam Green,128.0
Summer Smoke,Girl Talk,137.0
Is She Weird,Pixies,181.0
Colma,Buckethead,191.0
Enemy Fire,Ryan Adams,249.0
My Darling,Wilco,218.0
Letzte Bahn,Silbermond,249.0
Felt Tip,Teebs,182.0
Sum,Pink Floyd,289.0
Deadly Weapons,Eyes Set to Kill,216.0
She (For Liz),Parachute,186.0
Ain't No Way,Aretha Franklin,254.0
Come Tomorrow,Chicane,215.0
Colourful,Skream,313.0
A Dangerous Man,Foxy Shazam,186.0
Everything Flows,Teenage Fanclub,313.0
Well Thought Out Twinkles,Silversun Pickups,242.0
Price to Pay,Element Eighty,223.0
Face the Facts,Cro-Mags,101.0
Padam,Maria Peszek,194.0
I Am The Eternal Spectator,Moonspell,212.0
Platinum Girl,Dope Stars Inc.,217.0
All Is Love,Karen O and the Kids,168.0
Roads Must Roll,Boom Bip,239.0
Creepin' In,Norah Jones,181.0
Perca peso,Móveis Coloniais de Acaju,320.0
Meu Erro,Os Paralamas Do Sucesso,202.0
Swallowed in the Sea,Coldplay,239.0
Survivalism,Nine Inch Nails,262.0
Freaky,Kissin' Dynamite,246.0
The Darkest Day,Ramona Falls,253.0
Hit So Hard,Hole,241.0
Matando Gueros,Brujeria,142.0
Two Is Better Than One,Boys Like Girls,243.0
I'll Be Gone,Linkin Park,211.0
The Trick Is to Keep Breathing,Garbage,252.0
Joe's Waltz,The Dodos,442.0
Nobody Don't Dance No More,Asking Alexandria,240.0
Liquid Burns,The Haunted,284.0
Rozz Box,Boys Noize,359.0
Kuu saa valtansa auringolta,Mokoma,259.0
Something (Radio Edit),Lasgo,221.0
Enslaved By Propaganda,Terrorizer,134.0
Carnaval De Sao Vicente,Cesária Évora,228.0
Arinya,Enam,278.0
Heads Will Roll,Yeah Yeah Yeahs,222.0
Dance Of Spring,Jesse Cook,266.0
Her Voice Resides,Bullet for My Valentine,258.0
Bastuvisan,Finntroll,79.0
Forever Blind,At the Gates,239.0
Superstition,Stevie Wonder,267.0
Pop The Trunk,Yelawolf,228.0
Margaret in Captivity,The Decemberists,188.0
The Product Alive,Cattle Decapitation,185.0
Unchained (Tales of the Unexpected),Anathema,258.0
Beyond Time,Apocalyptica,238.0
Sinister Exaggerator,The Residents,211.0
Better People,Xavier Rudd,187.0
"Protons, Neutrons, Electrons",The Cat Empire,289.0
The Canals Of Our City,Beirut,141.0
Deity of Disgust,Angtoria,300.0
Sexfaldur,Amiina,282.0
Whispered Words (Pretty Lies),Dan Auerbach,246.0
Of Dust And Nations,Thrice,278.0
Together in Electric Dreams,Lali Puna,272.0
I Will Love Again,Lara Fabian,227.0
End Of The World,Dead By Sunrise,236.0
All Lifestyles,Beastie Boys,154.0
Play The Part,Little Joy,179.0
Trem Two,Mission of Burma,251.0
Ho Ho Hopefully,The Maine,219.0
Yours Alone,Dum Dum Girls,136.0
The Perennial Sophia,Therion,294.0
Oi!,Orbital,304.0
Courting Blues,Bert Jansch,238.0
2 Wheel Nation,Acid King,323.0
One Day More,Claude-Michel Schönberg,220.0
Paperthin Hymn,Anberlin,196.0
Work That Body,Rodney Hunter,343.0
Undiscovered,James Morrison,208.0
To My Dead And Dark Dreams,Carnifex,191.0
In a Hole,The Jesus and Mary Chain,183.0
Unforgettable Season,Cut Copy,193.0
(Nice Dream),Radiohead,233.0
A Goodnight's Sleep,The Starting Line,263.0
"1,000 Shards",Isis,378.0
Barock Am Ring,DJ Koze,209.0
(Nice Dream),Radiohead,233.0
In The Bath,Lemon Jelly,401.0
The Sprawl,Sonic Youth,462.0
Sleep Warm,Cornelius,283.0
Drop,Cornelius,293.0
Regenerate,Booka Shade,333.0
Young and Proud,Ace of Base,239.0
Amazon Dawn,M6,518.0
Hey Little Girl,Icehouse,257.0
Agoraphobia,Incubus,233.0
Sexy Girl,2raumwohnung,286.0
Soul Evisceration,Bloodbath,268.0
Right Right Now Now,Beastie Boys,167.0
Destination Unknown,The Smashing Pumpkins,255.0
Sleeping By The Fyris River,Ane Brun,247.0
The Crane Dance,Ludovico Einaudi,185.0
Refined By Your Embrace,As I Lay Dying,104.0
Something Real,Soil,187.0
Asian Hooker,Steel Panther,242.0
Jamais,Charlotte Gainsbourg,277.0
Final Solution,Pere Ubu,300.0
Gannon,Salt The Wound,159.0
Blackstone Rock,Quantic,249.0
The Nearing Grave,Long Distance Calling,468.0
The Shore,Woodkid,254.0
Cupid's Trick,Elliott Smith,185.0
I Wanted You To Feel The Same,The Radio Dept.,151.0
The Afternoon Turns Pink,Black Moth Super Rainbow,157.0
von Schnäbeln,Bohren & der Club of Gore,237.0
Handshake Meet Pokerface,Less Than Jake,162.0
Pilgrim,Enya,193.0
Fluorescent Adolescent,Arctic Monkeys,178.0
Farewell Spaceman,Blockhead,395.0
All Of Your Love,Hellogoodbye,177.0
Another Side Of You,Joe Nichols,178.0
Sad Songs (Say So Much),Elton John,249.0
Graveland,In Flames,167.0
Morvern,2562,291.0
Impossible Feeling,Xiu Xiu,251.0
Reprise,Grizzly Bear,200.0
Their Law (Featuring Pop Will Eat Itself),The Prodigy,401.0
Wasn't Born To Follow,The Byrds,123.0
All Is Loneliness,Moondog,98.0
Stolen Documents,The Future Sound of London,313.0
Self Portrait,Rainbow,193.0
Recovery,Frank Turner,208.0
Preparedness,The Bird and the Bee,216.0
Look Alive,We Are the Ocean,181.0
Kissed by a kisser,Xploding Plastix,407.0
The Tempter,Trouble,397.0
Belong,Washed Out,175.0
Emergency,Paramore,237.0
Unlike Me,Kate Havnevik,285.0
Battleships,Travis,252.0
Willful Suspension of Disbelief,Modest Mouse,219.0
Like You to Me,Set Your Goals,266.0
Sodomy and Lust,Cradle of Filth,283.0
Summoning (Of the Ancient Ones),Behemoth,295.0
Starface,White Zombie,302.0
Diamond Heart,Lady Gaga,210.0
Nypox,Access to Arasaka,236.0
Reel Around the Fountain,The Smiths,357.0
Sahti-Waari,Turisas,148.0
She's Got A Boyfriend Now,Boys Like Girls,246.0
Still Trying,Midtown,178.0
Dick In A Box,The Lonely Island,161.0
Human Piles,Kap Bambino,137.0
Never There,Cake,165.0
Square Rave,Squarepusher,181.0
Completely Pleased,Semisonic,198.0
Don't Let Go (Love),En Vogue,292.0
Point Of Uncertainty,Into Eternity,226.0
Lightbulb,Four Quartets,187.0
Look What The Cat Dragged In,The Rolling Stones,237.0
Let Your Body Decide,The Ark,196.0
Who Cares Wins,Anthrax,456.0
Remembrance Day,God Is An Astronaut,254.0
World of Shit,Eels,209.0
Jimmy Jazz,The Clash,234.0
The Men Are Called Horsemen There,Sunset Rubdown,425.0
Me Or The Papes,Jeru the Damaja,266.0
Sleepless,Cradle of Filth,259.0
No Subject (Come With Me),Cartel,154.0
Dying In Silence,Heaven Shall Burn,260.0
Da Frame 2R,Arctic Monkeys,143.0
Frosty the Snowman,Bing Crosby,135.0
Sepia 807,Marcel Dettmann,369.0
Erase/Replace,Foo Fighters,253.0
Host Disorder,Every Time I Die,149.0
Early Mornin' Rain,Gordon Lightfoot,188.0
Smoke And Mirrors,Symphony X,368.0
"This Is It, This Is It",As Cities Burn,221.0
Don't You Remember,Adele,243.0
Retrospect,Theatre of Tragedy,244.0
Superblast!,Lush,247.0
The Electricity In Your House Wants To Sing,I Am Robot and Proud,247.0
Lament for the Aurochs,The Sword,480.0
Cheyne Stokes,Chelsea Grin,170.0
New Millennium Homes,Rage Against the Machine,225.0
The 9 to 5 (Is Killing Me),A Forest Mighty Black,81.0
Songs Sound Much Sadder,Norma Jean,184.0
Time Waits For No One,The Rolling Stones,398.0
The Day of Justice,All Shall Perish,212.0
El Macho,Mark Knopfler,328.0
The Caretaker,Johnny Cash,126.0
Song for Maggie,Jazzamor,221.0
No Hits,Black Mountain,406.0
Super Taranta!,Gogol Bordello,405.0
Dreaming 24/7,Scar Symmetry,251.0
Saturday Morning,Eels,174.0
This City Is Far From Here,Aiden,188.0
Super Hero #5,Reel Big Fish,209.0
Waging War,Hellyeah,185.0
Paul Revere's Midnight Ride,Four Year Strong,234.0
Pop Song 2006,Razorlight,160.0
Firewall,Common Rider,176.0
Butcher's Mouth,Emery,195.0
Life Is Now,HammerFall,283.0
Happy Pills,Norah Jones,212.0
I Always Get What I Want,Avril Lavigne,151.0
Absolute Space,Koop,306.0
Bleed Me an Ocean,Acid Bath,380.0
Never Never,Korn,221.0
Solace,Vanessa-Mae,274.0
It's Far Better To Learn,Saosin,235.0
End Over End,Foo Fighters,352.0
"Rage, Rage Against the Dying of the Light",Anaal Nathrakh,266.0
Window Song,Finger Eleven,219.0
Things That Rhyme With Orange,I Set My Friends on Fire,204.0
Stupify,Disturbed,246.0
One Fine Wire,Colbie Caillat,216.0
Waiting Around to Die,The Be Good Tanyas,315.0
Clowne Towne,Xiu Xiu,201.0
Typhonian Soul Zodiack,Behemoth,270.0
The Coast Is Always Changing,Maxïmo Park,198.0
M i ?,Orphaned Land,161.0
In A Dream,Tiamat,274.0
Swindon,Venetian Snares,327.0
Husbands,Savages,170.0
Avenious,Aborted,281.0
Rikta,Boxcutter,312.0
Radiator,Family Force 5,220.0
The Poet and the Pendulum,Nightwish,835.0
The Son Never Shines (On Closed Doors),Flogging Molly,265.0
Rammlied,Rammstein,319.0
Heysátan,Sigur Rós,282.0
Silent Empire,Vader,253.0
Prinzesschen,Lafee,257.0
I Of Crimson Blood,Amorphis,307.0
Drinking Song,Rob Dougan,238.0
Catherine Blake,My Dying Bride,392.0
Azwethinkweiz,Incubus,228.0
The Past Should Stay Dead,Emarosa,274.0
room 379,Venetian Snares,110.0
Nuolet nomalan,Korpiklaani,182.0
Bright Lights Big City,The Animals,175.0
Sunbathing,Lush,191.0
Partons vite,Kaolin,241.0
All Your Sisters,Mazzy Star,317.0
Twentythree,Yellowcard,208.0
Myriad Harbour,The New Pornographers,242.0
TV,blink-182,102.0
Toy Box,Insane Clown Posse,324.0
Red Alibi,Sparta,223.0
Forcasa 3,Bola,324.0
The Loss And Curse Of Reverence,Emperor,289.0
Rhinosaur,Soundgarden,194.0
Animals Can't Laugh,Moriarty,219.0
Infant Eyes,Wayne Shorter,413.0
Eighties Fan,Camera Obscura,263.0
Bionic,Christina Aguilera,201.0
Mourning Star,Kamelot,277.0
Sexy In Latin,Little Man Tate,203.0
Public Display Of Dismemberment,Slayer,155.0
In the Flat Field,Bauhaus,289.0
Mock The Cross,Bloodbath,242.0
Holocausts,A Plea for Purging,228.0
The Fear,Lily Allen,206.0
A Rush of Blood to the Head,Coldplay,350.0
Need One,Martina Topley-Bird,234.0
Negasonic Teenage Warhead,Monster Magnet,268.0
Automaton,Jamiroquai,288.0
Nuvole Nere,Ludovico Einaudi,300.0
The Last Drop,The Joy Formidable,206.0
Relieved Beyond Repair,Xploding Plastix,105.0
She Builds Quick Machines,Velvet Revolver,244.0
Small Horror,Atlas Sound,174.0
I'd Like to Walk Around in Your Mind,Vashti Bunyan,138.0
The Flying Nun,9 Lazy 9,183.0
Dlatego,T.Love,183.0
Paths of Glory,Faith No More,257.0
Ballad of Hollis Brown,Bob Dylan,302.0
"spieglein, spieglein",Gisbert zu Knyphausen,160.0
False Idols,Unearth,223.0
Washington Square Park,The Wonder Years,210.0
Sexy,Black Eyed Peas,284.0
Here He Comes,Brian Eno,338.0
Chain,BACK-ON,220.0
Opium,Moonspell,178.0
Jimmy James,Beastie Boys,195.0
Run My Mouth,Ra Ra Riot,241.0
The Deutsch Mark Is Coming,Yann Tiersen,71.0
The Safest Place,Sade,166.0
Sympathy for the Devil,The Rolling Stones,529.0
Get Ready for Love,Nick Cave & The Bad Seeds,305.0
Glory Box,Portishead,305.0
Bang Your Drum,Wolf Parade,190.0
Sleeping Lessons,The Shins,238.0
Nothing Happens in June,Ulrich Schnauss,377.0
Rhiannon,Fleetwood Mac,253.0
Cloud 9,Jamiroquai,237.0
Be By Myself,Asher Roth,263.0
In Keeping Secrets Of Silent Earth: 3,Coheed and Cambria,492.0
How Did We Forget?,El Perro del Mar,193.0
Lady Demeter,Tim Armstrong,146.0
The Kids Don't Like It,Reel Big Fish,201.0
You and I Misbehaving,Tilly and the Wall,257.0
Without A Kiss,Badly Drawn Boy,338.0
Stay Beautiful,Taylor Swift,239.0
A Is For Apathy,Powerman 5000,253.0
Peartree,Jonny Greenwood,187.0
The Illest Villains,Madvillain,115.0
Tropicana,Ratatat,277.0
Love Dog,TV on the Radio,336.0
Falls Apart,Thousand Foot Krutch,215.0
Ruby Sees All,Cake,180.0
End of the World Party,"Medeski, Martin and Wood",310.0
Magic vs. Midas,Sunset Rubdown,359.0
Desperate Religion,ATB,279.0
The Boy Does Nothing,Alesha Dixon,212.0
Hello Shitty,Bayside,74.0
Echolot,Wir sind Helden,273.0
Come Running,Van Morrison,152.0
Jealous Guy,Roxy Music,283.0
Massive Blur,Melissa Ferrick,222.0
Six,All That Remains,200.0
Wind It Up,Gwen Stefani,190.0
Birthday,Katy Perry,215.0
Leather Prowler,Liars,265.0
Haifisch,Rammstein,225.0
Sognariket Sine Krigarar,Windir,338.0
Legions,Winds of Plague,229.0
Climbing Up The Walls,Easy Star All-Stars,296.0
Tuff Luff,The Unicorns,259.0
Trans-Atlantic Drawl,Radiohead,182.0
I Can't Win,The Strokes,162.0
Over My Shoulder,Mike & The Mechanics,215.0
Friends Don't Let Friends Dial Drunk,Plain White T's,202.0
Inizio,Ludovico Einaudi,207.0
You're Crazy,Guns N' Roses,197.0
Spiel mit,2raumwohnung,227.0
Even So,Rachael Yamagata,258.0
The Last Song Ever,Secondhand Serenade,278.0
But Tonight We Dance,Rise Against,168.0
Heart,Darkside,298.0
Behind Blue Eyes,Limp Bizkit,269.0
Slowly Comes My Night,Deine Lakaien,306.0
"Love Jealous One, Love",As Cities Burn,184.0
Sleep Walk,Joe Satriani,163.0
"Sleeping Bear, Sault Saint Marie",Sufjan Stevens,172.0
Skin & Bones,The Sundays,259.0
Simple Love,Alison Krauss,283.0
Destroyed,Hypocrisy,245.0
Never Let It Go,Mushroomhead,279.0
Desolate Ways,Morbid Angel,101.0
Rough Steez,Fuck Buttons,284.0
"Oh My God, Whatever, Etc.",Ryan Adams,152.0
Torn To Pieces,Death,216.0
Once Upon the Sea of Blissful Awareness,Shpongle,411.0
Get Him Back,Fiona Apple,325.0
Perfect Insanity,Disturbed,237.0
Stupidity Tries,Elliott Smith,264.0
Seventeen,Ladytron,278.0
Footnotes,James Blake,287.0
One Tin Soldier,Me First and the Gimme Gimmes,121.0
Laments of an Icarus,Textures,254.0
Beneath A Bronze Sky,Primordial,207.0
Maundy Thursday,Air France,170.0
The Drying of the Lawns,The Tallest Man on Earth,174.0
Limp,Fiona Apple,210.0
Fortune Teller,Xavier Rudd,207.0
Opposition,Thee Oh Sees,99.0
She Turns Me On,Smash Mouth,192.0
So You Disappear,Xandria,282.0
Outremer,Kalmah,280.0
No Te Pares,Ska-P,267.0
It's Not,Aimee Mann,208.0
Moab,Conor Oberst,217.0
Jackson Cannery,Ben Folds Five,202.0
What Would I Want? Sky,Animal Collective,406.0
Tiny Voices,Box Car Racer,207.0
Distance Equals Rate Times Time,Pixies,110.0
Diamonds and Rust,Judas Priest,211.0
When It All Goes Wrong Again,Everclear,229.0
Ghost Highway,Mazzy Star,208.0
To Russia My Homeland,...And You Will Know Us by the Trail of Dead,86.0
Not the Same,Bodyjar,189.0
Blitzed,The Raveonettes,183.0
Human Prey,Terrorizer,128.0
"Johnsburg, Illinois",Tom Waits,95.0
Coventry,Chicks On Speed,224.0
Aurora,Björk,279.0
Counterweight,Heaven Shall Burn,260.0
Housewife,Dr. Dre,243.0
Brandon,Caribou,324.0
Against Widows,Amorphis,259.0
Ætti mørkna,Windir,463.0
I Need Some Sleep,Eels,148.0
Flesh And Blood,Johnny Cash,183.0
The Juggler,Weather Report,303.0
When I Left The Room,Dan Auerbach,242.0
Gore Gore Gadget,Annotations of an Autopsy,224.0
Waracle,Ayreon,404.0
Got Ur Self A...,Nas,229.0
Kill Theme for American Apeshit,Agoraphobic Nosebleed,63.0
Know How,Kings of Convenience,234.0
Woman Tonight,America,142.0
Walking Song,Meredith Monk,176.0
Desert Search for Techno Allah,Mr. Bungle,324.0
C'mon People (We're Making It Now),Richard Ashcroft,303.0
Amendment,Flaw,320.0
Melt Me,Black Moth Super Rainbow,143.0
Evey Reborn,Dario Marianelli,231.0
Unbroken,Killswitch Engage,189.0
Casual Sex,The Faint,196.0
Antillas,El Guincho,331.0
Everything Is Borrowed,The Streets,244.0
That Beep,Architecture in Helsinki,226.0
Casting Shade,Shadows Fall,129.0
Mommy,Selah Sue,218.0
Redemption Song,Bob Marley & The Wailers,229.0
The Veil,Shantel,238.0
Heimwärts,Empyrium,406.0
Dominhate,Elvenking,537.0
Cripple and the Starfish,Antony and the Johnsons,333.0
Descent,Fear Factory,277.0
In Love,Jon Foreman,279.0
Soulfire,12 Stones,175.0
One of Beauty's Daughters,My Dying Bride,342.0
Prophet 15,Supergrass,246.0
The Crestfallen,Soilwork,226.0
Leavin' A Lonely Town,Easton Corbin,203.0
Bring It (Snakes On A Plane),Cobra Starship,195.0
Song Pong,Infected Mushroom,517.0
Getaway (feat. Kool Keith),Peeping Tom,202.0
Anne Arbour,The Get Up Kids,212.0
Snakecharmer,Rage Against the Machine,235.0
The Ongoing Horrible,Maps & Atlases,125.0
Hold Your Head Up,Argent,377.0
Lunar Sea,Camel,552.0
Voices in Quartz,Cut Copy,83.0
Market Fresh,Broken Social Scene,237.0
World on Fire,Sarah McLachlan,263.0
Endless Summer Of The Damned,Bauhaus,284.0
Drugstore,Stabbing Westward,298.0
The Dead Can't Testify,Billy Talent,269.0
Jellyfishes,Koop,414.0
My Week Beats Your Year,Telefon Tel Aviv,249.0
Vicious Streak,New Order,340.0
Hora Zero,Rodrigo y Gabriela,352.0
Regression to the Mean,Anaal Nathrakh,193.0
A.D.D. (Attention Deficit Destroyer),Municipal Waste,133.0
Did You See Me Coming?,Pet Shop Boys,221.0
Goodbye Heartbreak,Lighthouse Family,249.0
Vérité,Claire Laffut,226.0
Far Out,Blur,101.0
Where Shadows Dance,Anathema,118.0
The Night I Lost My Head,Maxïmo Park,112.0
Von der Armut,Das Ich,423.0
Trailblazers,HammerFall,279.0
She Don't Tell Me To,Montgomery Gentry,192.0
Creeque Alley,The Mamas & the Papas,227.0
Cellulose Sunshine,Stereolab,158.0
Cruisin',Smokey Robinson,353.0
Here's to Life,Bandits of the Acoustic Revolution,321.0
Birth Ritual,Soundgarden,366.0
Deny Selected,Boys Noize,179.0
G-Force,Ciccone Youth,220.0
Like Blood Does,Cymbals Eat Guitars,454.0
Made of Stone,Evanescence,213.0
I Could Never Take the Place of Your Man,Prince,204.0
The Weapon They Fear,Heaven Shall Burn,278.0
Hungarian,Bond,180.0
Prison Province,Broken Social Scene,103.0
Cyclic,Jazzanova,48.0
What's This?,Danny Elfman,186.0
Crossing the Deadline,Guano Apes,204.0
Come On Over,Institute,238.0
In The Woods,NORA&LEO,100.0
Dinner Party,White Rabbits,228.0
Cancer for the Cure,Eels,316.0
Looking to Nothing,Arsis,202.0
Stompbox,The Qemists,270.0
La Cadena De Oro,Cabas,226.0
The Mother,Nick Cave & Warren Ellis,166.0
I'm the One,Descendents,135.0
Propane Nightmares,Pendulum,314.0
The Flying Club Cup,Beirut,185.0
Deep Six,Marilyn Manson,303.0
The Void,Metric,200.0
I'm Like a Bird,Nelly Furtado,241.0
Click Click Boom,Saliva,252.0
Highway 20 Ride,Zac Brown Band,228.0
Wires And The Concept Of Breathing,A Skylit Drive,151.0
Le Monde,Thievery Corporation,191.0
Electric Tears,Buckethead,332.0
When Death Takes It's Dominion,Kreator,339.0
4th Dimensional Transition,MGMT,238.0
Somethin' Grand,Madeleine Peyroux,225.0
Bees,Caribou,324.0
Seal Eyeing,Animal Collective,218.0
Together We Will Live Forever,Clint Mansell,305.0
Harmonicas Are Shite,Fila Brazillia,391.0
Middle Distance Runner,Sea Wolf,208.0
Beni Baraale,Orchestra Baobab,351.0
Crusher Destroyer,Mastodon,120.0
Does This Mean You're Moving On?,The Airborne Toxic Event,134.0
Beast In Peace,Bear in Heaven,257.0
These Days,Foo Fighters,298.0
Let's Have A War,A Perfect Circle,208.0
The Storm Still Rages Inside,Orphaned Land,560.0
Pijak,Habakuk,267.0
California Dreamin',The Mamas & the Papas,149.0
You Tear the World in Two,Pale Saints,181.0
One Day I'll Fly Away,Randy Crawford,303.0
Why Didn't You Call Me,Macy Gray,192.0
There's Nothing I Won't Do,JX,264.0
A Hail Of Bombs,Red Sparowes,262.0
Vinnaren,Veronica Maggio,154.0
Big Lie Small World,Sting,305.0
Por Enquanto,Cássia Eller,244.0
Another Sad Love Song,Toni Braxton,230.0
Devil Town,Bright Eyes,183.0
Nightwalker,Trentemøller,350.0
Uneasy Hearts Weigh The Most,Dance Gavin Dance,218.0
Heartsink,Blood Red Shoes,222.0
The Regality Dance,Elvenking,347.0
Join Hands,Groove Armada,241.0
White Sparrows,Billy Talent,195.0
Cause For Alarm,The Heavy,284.0
Trouble In Here,Howie Day,357.0
Little Motel,Modest Mouse,284.0
$29.00,Tom Waits,496.0
Waves of Rye,Department of Eagles,263.0
Ain't That Enough,Teenage Fanclub,223.0
Transmigration Macabre,Arch Enemy,250.0
A last dance with Léon,Doctor Flake,223.0
It Don't Move Me,Peter Bjorn and John,202.0
King Volcano,Bauhaus,212.0
Trouble In Here,Howie Day,357.0
A Case of You,James Blake,177.0
Tears Of Rage,The Band,324.0
Need You Like a Drug,Zeromancer,213.0
Starforsaken,In Flames,190.0
Graveyard Shift,Uncle Tupelo,284.0
Bryter Layter,Nick Drake,200.0
"In Case of Emergency, Dial 411",Sleeping with Sirens,164.0
Helter Skelter,Mötley Crüe,192.0
MCs Can Kiss,Uffie,190.0
Live In Dreams,Wild Nothing,208.0
Te Amo,Rihanna,208.0
Girl/Boy Song,Aphex Twin,293.0
Must Be Dreaming,Frou Frou,242.0
I Still Ain't Over You,Augustana,211.0
In A Funny Way,Mercury Rev,241.0
Double Barrel,Dave & Ansel Collins,149.0
Velvet Touch,The 69 Eyes,278.0
Hanging High,Lykke Li,247.0
Let's Get Loud,Jennifer Lopez,238.0
In League With Satan,Venom,209.0
Double Talkin' Jive,Guns N' Roses,204.0
Belize,Anja Schneider,469.0
History In The Making,Darius Rucker,211.0
Then I Did,Rascal Flatts,192.0
Domain Of Decay,Celtic Frost,278.0
The Good Left Undone,Rise Against,181.0
Ain't It Fun,Paramore,297.0
Walking Away,Craig David,203.0
Head South,Modest Mouse,262.0
The Ice Is Getting Thinner,Death Cab for Cutie,225.0
The Shade Of Poison Trees,Dashboard Confessional,179.0
Sick-O-Me,Descendents,106.0
Dance Till The Morning Sun,Brazilian Girls,278.0
Rosemary,Deftones,413.0
Can't Stop The Killer,Emery,213.0
The Drapery Falls,Opeth,650.0
Cyclotron,Harmonic 313,282.0
Runaway Boys,Stray Cats,179.0
Better Late Than Forever,Allister,161.0
Big Calm,Morcheeba,361.0
Sierra Leone,Frank Ocean,149.0
All For Revenge,Terror,127.0
Get Born Again,Alice in Chains,327.0
Malambo No. 1,Yma Sumac,177.0
I Been Gone a Long Time,Every Time I Die,185.0
Galgasång,Finntroll,225.0
Sol Solis,Moving Mountains,255.0
In The Empyreans,Arsonists Get All The Girls,243.0
Super Bass,Nicki Minaj,201.0
Magnetized,Laura Veirs,157.0
Bootylicious,Destiny's Child,208.0
The Greatest Fall (Of All Time),Matchbook Romance,225.0
This Bitter Pill,Dashboard Confessional,194.0
Cloud Connected,In Flames,221.0
Could This Be Real (Joker Remix),Sub Focus,252.0
Skunks,Caribou,226.0
Radio Nowhere,Bruce Springsteen,201.0
You Set the Scene,Love,410.0
Top Man,Blur,241.0
Criost Liom,Dagda,253.0
PLAY THE STAR GUITAR,ストレイテナー,186.0
Dead Man's Chest,Parkway Drive,202.0
Ascendancy,Trivium,265.0
Highroyds,Kaiser Chiefs,199.0
Dead and Buried,Alien Sex Fiend,242.0
Yes! Yes! Yes!,Foxy Shazam,175.0
Don't Run Our Hearts Around,Black Mountain,364.0
Can't Get There from Here,R.E.M.,221.0
In Death - Is Death,Meshuggah,803.0
Nunca,Karamelo Santo,271.0
Circlewave 2,Squarepusher,234.0
What The Blood Clot,Method Man,203.0
Hello Fascination,Breathe Carolina,202.0
Hammer Down The Nails,Vital Remains,370.0
Dancing With Kadafi,Infected Mushroom,622.0
Night Time Is the Right Time,The Sonics,176.0
Moving for the Sake of Motion,Underoath,195.0
Flowers In December,Mazzy Star,298.0
Africans,Nneka,271.0
Almost Full Moon,Enigma,206.0
Devil's Plaything,Danzig,254.0
Faraway Voice,Katie Melua,194.0
Broken Drum,Beck,270.0
Sea Of Joy,Blind Faith,322.0
Gift,Sugar,254.0
This Is Such A Pity,Weezer,205.0
One Toke Over The Line,Brewer & Shipley,208.0
Forever Loving Jah,Bob Marley & The Wailers,242.0
Fear Is Our Tradition,Ignite,186.0
Winter Blues,Logistics,339.0
Runamoine,Korpiklaani,243.0
Please Do Not Let Me Go,Ryan Adams,216.0
Arcarsenal,At the Drive-In,175.0
The Nightingale,Julee Cruise,296.0
Carried Home,Iron & Wine,388.0
How Long Do I Have To Wait For You?,Sharon Jones and the Dap-Kings,244.0
Hectic,Enter Shikari,197.0
Basic Instinct,Quasimoto,131.0
The Emperor's New Clothes,Sinéad O'Connor,316.0
Master Teacher,Erykah Badu,408.0
B.M.I.,Modeselektor,270.0
The French Open,Foals,225.0
Leech And Locust,The Mae Shi,165.0
Cast from Perfection,Chelsea Grin,164.0
You're Better Off Dead,Children of Bodom,241.0
Insensibilidad,Ska-P,275.0
Metronome Arthritis,At the Drive-In,241.0
Valley Hi!,Stereolab,137.0
Rich Kid Blues,The Raconteurs,274.0
Day Fourteen: Pride,Ayreon,283.0
War On Sound,Moonbabies,226.0
Gorgon Sound,Horsepower Productions,253.0
Sportbeat,Sportfreunde Stiller,164.0
Better Be,Anna Ternheim,254.0
A Hero Loses Everyday,Silverstein,190.0
Angel In The Swamp,Story of the Year,269.0
Happy?,Mudvayne,217.0
Finally Free,Dream Theater,720.0
A Million Ways,OK Go,193.0
Warholian Wigs,Dirty Projectors,272.0
Urano,Murcof,634.0
Wait For You,Elliott Yamin,261.0
Falling Into the Sky,Great Lake Swimmers,185.0
Tidal Pool,Conjure One,411.0
Burning Creation,Amon Amarth,298.0
The Glass Road,Squarepusher,430.0
Price I Pay,Jane's Addiction,327.0
Innocenti,Brian Eno,260.0
Last Night Over Norway,Funki Porcini,98.0
Blue Sunday,The Doors,133.0
She'll Hang the Baskets,Cake,162.0
Liberation Frequency,Refused,251.0
No One Like You,Scorpions,240.0
Don't Make Fun Of Daddy's Voice,Morrissey,174.0
Felonies Of The Christian Art,Old Man's Child,349.0
Global War,Alborosie,234.0
Flying Over Bus Stops,Athlete,270.0
All Around You (Intro),The Brian Jonestown Massacre,336.0
My Kantele,Amorphis,410.0
Meccamputechture,The Mars Volta,663.0
Holy Night Fever,Deerhoof,78.0
Blank Pages,The Album Leaf,268.0
Some Way Through This,The Black Ghosts,242.0
Close to Home,The Get Up Kids,231.0
Flying High Again,Ozzy Osbourne,291.0
From the Flagstones,Cocteau Twins,220.0
Got To Do It,Andrew W.K.,235.0
Percussion Gun,White Rabbits,189.0
Song Beneath The Song,Maria Taylor,240.0
Do-Wah-Doo,Kate Nash,156.0
In Keeping Secrets Of Silent Earth: 3,Coheed and Cambria,492.0
Invocation of Naamah,Therion,332.0
Little Brother,Grizzly Bear,385.0
In A Close Encounter,Soilwork,172.0
Jump Over,De-Phazz,274.0
Singer Castle Bells,Great Lake Swimmers,48.0
Place in Between,Jazzanova,83.0
My Evil Plan To Save The World,Five Iron Frenzy,206.0
Beautiful Death,Wintersun,496.0
The Baby Screams,The Cure,225.0
We Are the Sleepyheads,Belle and Sebastian,214.0
Needleman,A Life Once Lost,202.0
Set Sail,Scary Kids Scaring Kids,205.0
Day Two: Isolation,Ayreon,523.0
Flying Upside Down,Cold War Kids,258.0
The Hop,A Tribe Called Quest,207.0
Bleeding Me,Metallica,498.0
Skools Out...,Ladytron,248.0
Burn the Remembrance,Katatonia,325.0
Monopolist,Efterklang,417.0
Peeping Tom,Placebo,319.0
Funeral Face,Suburban Kids with Biblical Names,178.0
Spun,Chelsea Wolfe,329.0
How Lester Lost His Wife,of Montreal,151.0
Weber,Butthole Surfers,35.0
Hot Stepper,Gregory Isaacs,275.0
Stoney Street,Amon Tobin,353.0
672,The Dresden Dolls,85.0
Unique Is My Dove,Matisyahu,203.0
Saddest Girl Story,The Starting Line,204.0
Kemistry,Goldie,410.0
Steelbath Suicide,Soilwork,175.0
Hitch A Ride,Boston,252.0
Dearest Helpless,Silverchair,214.0
The Other Side of the World,Swans,280.0
Steps,Secret Garden,246.0
Hit The Ground,Lizz Wright,213.0
Swing The Heartache,Bauhaus,354.0
My Blood Stained Path,Catamenia,282.0
Electric Heart,Devendra Banhart,332.0
Red Rain,The White Stripes,233.0
West Coast Smoker,Fall Out Boy,166.0
Deeper Underground,Jamiroquai,286.0
Sea Of Joy,Blind Faith,322.0
Le Cerf Malade,My Dying Bride,392.0
I Say You He Dead,Evergreen Terrace,69.0
Dial My Number,Rusko,308.0
D Is for Dangerous,Arctic Monkeys,136.0
Tricky Tricky,Röyksopp,359.0
Jackie Cane,Hooverphonic,260.0
Waiting Around to Die,The Be Good Tanyas,315.0
Build Me Up,Raffertie,185.0
(That's How You Sing) Amazing Grace,Low,434.0
Song of Solomon,Animals as Leaders,257.0
I Can't Help Myself,Orange Juice,307.0
High Life Scenery,The Rocket Summer,204.0
The Longest Journey (Heathen Throne Part II),Ensiferum,773.0
Older Chests,Damien Rice,286.0
Wonderland Woods,Chris Vrenna,239.0
Lost In France,Bonnie Tyler,239.0
Echo Sam,Holy Fuck,258.0
One Way Street,Aerosmith,420.0
Forever Walking Alone,Dragonland,293.0
Nuolet nomalan,Korpiklaani,182.0
No Attention,Soundgarden,267.0
Every Little Step,Bobby Brown,235.0
Two Way Monologue,Sondre Lerche,442.0
Know,System of a Down,177.0
My Need,Soilwork,223.0
Findaway,Silverchair,176.0
Queen Of The Air,Everclear,180.0
Dead Shall Rise,Terrorizer,186.0
The Spirit Of Giving,The New Pornographers,242.0
It's Only Natural,Crowded House,213.0
John Prine,Low,475.0
Surrender Your Sons...,Norma Jean,281.0
Ripping Corpse,Kreator,215.0
Back Round,Wolfmother,237.0
Fairground,Simply Red,333.0
Hollywood Prison,Bleeding Through,172.0
Break 'Em Off Some,Cypress Hill,167.0
Jerusalem,Matisyahu,240.0
Regiment,Brian Eno & David Byrne,238.0
Run To The Water,Live,266.0
Universal Mind,Liquid Tension Experiment,473.0
Lonely Carousel,Rodrigo Leão,217.0
We Put a Pearl in the Ground,St. Vincent,71.0
Walking & Running,Horse Feathers,135.0
The Last Trick,Anja Garbarek,205.0
Punish Me With Kisses,The Glove,221.0
Learnalilgivinanlovin,Gotye,173.0
Shadowland,Kreator,268.0
Erdbeermund,In Extremo,247.0
At the Gates of Midian,Cradle of Filth,141.0
Black Sunshine,White Zombie,289.0
Trinity's Crying,CocoRosie,280.0
Fabric,Dark Tranquillity,236.0
Executioner Blues,Do Make Say Think,519.0
Something Invisible,Suicide Silence,178.0
What You Could've Won,Milburn,257.0
Valse romantique,Claude Debussy,220.0
The End of Biters - International,Prefuse 73,78.0
A Perfect Mess,From First to Last,265.0
You Said Something,PJ Harvey,199.0
One Nation,Soulfly,223.0
The Operation,Charlotte Gainsbourg,239.0
Webers,Caribou,333.0
Good Sleep,I Am Robot and Proud,142.0
Mike Mills,Air,267.0
Elysian Feels,The Future Sound of London,363.0
Holes To Heaven,Jack Johnson,175.0
Speak,Godsmack,237.0
Opalin,Aes Dana,392.0
Doll,Foo Fighters,84.0
When The Shit Goes Down,Cypress Hill,187.0
Horsemen of the Invisible,Secret Chiefs 3,216.0
Rapaces,Moonspell,332.0
Put Your Hands Up,Benny Benassi,235.0
Insomniac Olympics,Blockhead,307.0
Dolly Dagger,Jimi Hendrix,285.0
Weekends,The Perishers,296.0
Indians,Anthrax,341.0
Americano,Lady Gaga,247.0
Pussy Galore,London Elektricity,226.0
Deus Ibi Est,Isobel Campbell & Mark Lanegan,172.0
Hollow Man,Parkway Drive,143.0
Altes Kamuffel,Paul Kalkbrenner,501.0
Everything Went Black,The Black Dahlia Murder,197.0
Keeping Pigs Together,Red Snapper,324.0
Megatropolis,Iron Savior,304.0
Hunger Strike,Temple of the Dog,246.0
Way Down Now,World Party,229.0
Avenious,Aborted,281.0
June Evenings,Air France,242.0
The Garden Of Heathen,Tiamat,85.0
Sweep,Faithless,243.0
Jacqueline,Franz Ferdinand,229.0
The Pizza Song,The Bouncing Souls,223.0
The Shower Scene,Brand New,145.0
Khaki Suit,Damian Marley,143.0
Who Makes Your Money,Spoon,225.0
The Scope Of Obsession,Carnifex,176.0
Comforting Lie,No Doubt,173.0
Caralho Voador,Faith No More,241.0
Stand Ablaze,In Flames,275.0
Keep the Streets Empty for Me,Fever Ray,334.0
Am I Not Merciful?,Hans Zimmer,393.0
The Volcano Song,The Budos Band,171.0
Rome Wasn't Built in a Day,Morcheeba,215.0
Urban Predator,The Haunted,195.0
Warp Asylum,White Zombie,403.0
Slippage,Goldfrapp,237.0
Choux Pastry Heart,Corinne Bailey Rae,236.0
Time & Space (A New Refutation Of),Digable Planets,213.0
Yuri-G,PJ Harvey,208.0
One More Time / Aerodynamic,Daft Punk,371.0
Shalom/Saalam,Matisyahu,64.0
Excuse Me While I Break My Own Heart Tonight,Whiskeytown,163.0
Darker Side,Jonny Lang,308.0
Ticklish,At the Drive-In,275.0
Lux Aeterna,Clint Mansell,234.0
Everything Is Wrong,Interpol,213.0
Awaken the Dreamers,All Shall Perish,278.0
Dear Someone,Gillian Welch,194.0
Closed for the Season,The Hives,154.0
Doctors And Dealers,Dirty Pretty Things,197.0
Tragic Hero,Funker Vogt,303.0
Hello Meow,Squarepusher,271.0
On The Rhodes Again,Morcheeba,431.0
Snow On The Sahara,Anggun,258.0
Suspended From Class,Camera Obscura,226.0
Tessio,Luomo,730.0
"O.K., This Is The Pops",Tones on Tail,183.0
Totalimmortal,AFI,164.0
Let's Go Halvsies On A Bastard,See You Next Tuesday,80.0
Ce Jeu,Yelle,223.0
Ahimana,Tinariwen,301.0
PLAY THE STAR GUITAR,ストレイテナー,186.0
Down Home Girl,The Rolling Stones,252.0
Jorge Regula,The Moldy Peaches,187.0
Rehumanize Yourself,The Police,190.0
Rules Of The Game,Brazilian Girls,283.0
The Lonely Dead,God Forbid,388.0
When Under Ether,PJ Harvey,144.0
Just Abuse Me,Air Traffic,153.0
Godeye,Kalmah,266.0
Röyksopp's Night Out,Röyksopp,490.0
Help Me Mary,Liz Phair,134.0
Midnight Directives,Owen Pallett,216.0
The Meek,Bad Brains,238.0
Night Owl,Swan Island,221.0
Syntykoski syömmehessäin,Korpiklaani,185.0
Swimmer,Four Tet,524.0
Upset,PANTyRAiD,242.0
Two Way Monologue,Sondre Lerche,442.0
Do You Feel Loved,U2,307.0
The One-Tet,Jazzanova,231.0
"O, Lilac",Wild Nothing,182.0
Fright Lined Dining Room,Arctic Monkeys,206.0
Heropsychodreamer,Live,167.0
Mossbraker,Broken Social Scene,333.0
Drehfehler,Extrawelt,441.0
City Hall,Upon a Burning Body,397.0
Sad Mood,Sam Cooke,160.0
Sing Me Sweet,Matt Nathanson,247.0
Return To Oz,Scissor Sisters,280.0
Billy Liar,The Decemberists,401.0
Let's Get It Up,AC/DC,234.0
Turn Loose the Swans,My Dying Bride,608.0
Found Love in a Graveyard,Veronica Falls,229.0
Mr. Blue Sky,Electric Light Orchestra,304.0
You Always Believed,In This Moment,221.0
Ayahuasca,1200 Micrograms,542.0
Limp,Fiona Apple,210.0
Son Of Neckbone,Beastie Boys,203.0
Dom andra,Kent,226.0
Danny Says,Tom Waits,186.0
Asleep In The Chapel,Thursday,226.0
thoughts on the floor,I Love You But I've Chosen Darkness,373.0
This Voice,Ane Brun,170.0
The Sun Is Burning,Simon & Garfunkel,166.0
Bright Nights,Koop,236.0
Sunrain,Ashra,453.0
Lost Song,Ólafur Arnalds,221.0
Firecracker,Ryan Adams,172.0
Sedative God,Paradise Lost,239.0
Lalala Love,Room Eleven,200.0
Postcards From Italy,Beirut,255.0
Pa Pa Power,Dead Man's Bones,245.0
When Good Dogs Do Bad Things,The Dillinger Escape Plan,362.0
Paper Tigers,Thrice,240.0
Jesus Wrote a Blank Check,Cake,190.0
Rasta Should Be Deeper,Junior Kelly,210.0
Intro//A Cosmic Drama,Flying Lotus,75.0
I'm Not Down,The Clash,186.0
Some Unholy War,Amy Winehouse,141.0
I Want Candy,Bow Wow Wow,164.0
Offshore '97,Chicane,553.0
Court to Love,Clannad,230.0
Brave Reality,Evergreen Terrace,147.0
Y Sin Embargo,Joaquín Sabina,271.0
Warum ich hier stehe,Tomte,261.0
Baloney Again,Mark Knopfler,307.0
Alpha and Omega,Boards of Canada,423.0
A Better Man,Clint Black,185.0
Behold Judas,Hate Eternal,262.0
In the Name of Science,Toxic Holocaust,204.0
Shred For Sathan,Belphegor,230.0
In Words Of Desperation,Kataklysm,310.0
Suffri,Nneka,354.0
Modern World,Wolf Parade,172.0
Little Fury,The Breeders,210.0
Beating on Death's Door,Lamb of God,307.0
Live Alone,Franz Ferdinand,209.0
1958,A Day to Remember,269.0
Screwed,Paris Hilton,221.0
Four Kicks,Kings of Leon,129.0
Conception,Penumbra,399.0
River of Tuoni,Amberian Dawn,181.0
Laid To Rest,All Shall Perish,279.0
Paco!,Ladytron,180.0
Sleep Warm,Cornelius,283.0
Everything That Makes Me Sick,The Almost,211.0
Oil Upon the Sores of Lepers,Anaal Nathrakh,168.0
Tanz,Carl Orff,119.0
Lazylady,Pentagram,213.0
Hilli,Amiina,189.0
Mitt Gullbergs kaj paradis,Håkan Hellström,262.0
Emergency Broadcast Syndrome,Every Time I Die,119.0
The Boy Does Nothing,Alesha Dixon,212.0
Art,Taproot,281.0
Brown Medal 2003,Hella,130.0
Insomnia And The Hole In The Universe,Live,242.0
10:15 Saturday Night,The Cure,219.0
Pozytywka,Farben Lehre,208.0
Night Is the Day Turned Inside Out,Beulah,252.0
Blue Orchid,The White Stripes,160.0
No Stayer,Witchfinder General,266.0
Blacken The Cursed Sun,Lamb of God,328.0
Where Is Everybody?,Nine Inch Nails,340.0
The Safest Place,Sade,166.0
Fuck You Aurora,Alkaline Trio,290.0
Big Time Sensuality,Björk,237.0
Diäb Soulé,Acid Bath,274.0
Ross 128,Rosetta,975.0
I Awake,Soundgarden,261.0
Capture the Flag,Broken Social Scene,129.0
Der Mond,Moonbootica,357.0
Heropsychodreamer,Live,167.0
There Is a Light That Never Goes Out,The Smiths,244.0
Wood And Wire,Thrice,249.0
Splitting the Atom,Massive Attack,317.0
Bag It,Peaches,183.0
Kiss You All Over,Exile,210.0
The Shape of Punk to Come,Refused,308.0
So Wrong,Atreyu,200.0
Stretch Out and Wait,The Smiths,158.0
Of The Room,dredg,225.0
New Birth,Birdy Nam Nam,184.0
Anything 'Cept The Truth,Eagles of Death Metal,274.0
Death Whispered a Lullaby,Opeth,350.0
Haunted By Her Yesterdays,Logistics,297.0
Medical Deviance,Aborted,192.0
Emotionless,Good Charlotte,243.0
Music Takes You Back,Modjo,254.0
Unloveable,The Smiths,236.0
My Beloved Monster,Eels,132.0
73-Yips,Aphex Twin,259.0
Le Grand Incendie,Noir Désir,277.0
The Lengths,The Black Keys,294.0
Koprolalie,Agonoize,293.0
John Wayne,Lady Gaga,174.0
Kontact Me,Boys Noize,262.0
Limbs,Agalloch,591.0
Rangers,A Fine Frenzy,274.0
From The Rooftops,Groove Armada,289.0
Affection,Crystal Castles,157.0
Mr Clown,Babylon Circus,241.0
Return To Flesh,Cannibal Corpse,260.0
SexyBack,Justin Timberlake,243.0
Slaughtered,Pantera,237.0
Cleo's Mood,Jr. Walker & The All Stars,162.0
Suffer Well (M83 Remix),Depeche Mode,271.0
Andante Levante,Shantel,336.0
Fragile Side,Graveworm,261.0
Tessitura,Animals as Leaders,66.0
Each Day Gets Better,John Legend,228.0
Where The Hood At,DMX,286.0
Open Scars,Kataklysm,247.0
When You Smile,The Flaming Lips,183.0
Rodeo Clowns,Jack Johnson,158.0
Deathcard,Underneath the Gun,68.0
Ghost in the Graveyard,A Sunny Day In Glasgow,359.0
Find My Way Back Home,Priscilla Ahn,149.0
Kind Hearted Light,Masterplan,266.0
Doubt,Twenty One Pilots,191.0
Hands on the Bible,Local H,237.0
"Are You Okay, Kiddo?",Heavy Heavy Low Low,137.0
Last Living Souls,Gorillaz,190.0
From My Hands,Salt The Wound,242.0
Oh My Fucking God,Strapping Young Lad,214.0
A French Love,Anna Ternheim,234.0
"Tonight, I Am Going To Wash The Hippy",Alexisonfire,347.0
AOD,65daysofstatic,375.0
Sota,Shantel,197.0
Peephole,System of a Down,244.0
Falling World,Swallow the Sun,309.0
Seasun,Delorean,269.0
You Are Not Through,Evil Nine,288.0
Beelzeboss (The Final Showdown),Tenacious D,336.0
You Shouldn't Kiss Me Like This,Toby Keith,222.0
I'd Rather Go Blind,Chicken Shack,193.0
Beautiful Burnout,Underworld,489.0
Incomplete And Insecure,The Avett Brothers,156.0
Mindsaver,Mnemic,253.0
Walkman,Sebastian,300.0
Stare At The Sun,Thrice,203.0
Rock Fort Rock,The Skatalites,421.0
A.D. 2000,Erykah Badu,292.0
Oh How I Miss You,Broadcast,77.0
Sunday Evening in Your Street,Ulrich Schnauss,405.0
Yellow Butterfly,Tahiti 80,274.0
Circles from the Rue Simon-Crubellier,Max Richter,64.0
Luke,Long Beach Dub All Stars,247.0
The Darkest Flame,Primordial,319.0
What Can Be Safely Written,Nile,495.0
50ft Queenie,PJ Harvey,144.0
Arabian Disco,Faith No More,196.0
Door of Celestial Peace,Samael,246.0
Foxy Foxy,Rob Zombie,209.0
Both Hands,Ani DiFranco,202.0
Flute Loop,Beastie Boys,115.0
Rats And Rats And Rats For Candy,The Blood Brothers,232.0
Running From The Rain,Thursday,240.0
The Good Fight,Dashboard Confessional,147.0
Flower Pot,Captain Beefheart & His Magic Band,234.0
Jeane,The Smiths,194.0
Always Something Better,Trentemøller,369.0
Locust Reign,Converge,88.0
Recipe For Disaster,Morcheeba,319.0
Upside Down Kingdom,As I Lay Dying,240.0
Too Long,Daft Punk,600.0
Secret World,Peter Gabriel,421.0
Dying Race Apocalypse,Kreator,281.0
Pain & Panic,A Life Once Lost,246.0
Radio Fireworks,Surkin,287.0
Rock Wit U (Awww Baby),Ashanti,232.0
Wonderwall,Oasis,259.0
See Water,Beck,142.0
Thoughtforms,Lush,168.0
Radioland,Kraftwerk,354.0
Fractal Light,Vader,162.0
Better Late Than Forever,Allister,161.0
No Children,The Mountain Goats,168.0
Life Effect,Stars,195.0
It's Me,Dinosaur Jr.,315.0
Lament for Atlantis,Mike Oldfield,164.0
Valkyrie Missile,Angels & Airwaves,399.0
O'Appalachia,Baroness,157.0
Maria Lisboa,Mariza,163.0
When the Sun Shone on Vetiver,Devendra Banhart,215.0
Black to the Blind,Vader,243.0
Dragnalus,Unwound,209.0
Hadean,The Ocean,228.0
Hands Tied,The Suicide Machines,117.0
Two Girls,Ringo Deathstarr,178.0
Elle S'en Va,Camille,170.0
Santa Fe,Beirut,254.0
En Man I Sina Sämsta År,Lifelover,279.0
Jazz Thieves,Depeche Mode,175.0
Da Feelin,Nightmares on Wax,284.0
Let's Get Married,Jagged Edge,263.0
Different But the Same,Ben Kweller,302.0
Youlogy,Volcano Choir,217.0
Brothers Of Metal (Part 1),Manowar,235.0
Outro Lado,Zuco 103,272.0
Don't Know What You Got (Till It's Gone),Cinderella,274.0
Concrete,Crystal Castles,196.0
The Dagger,Roadrunner United,332.0
Settle For A Slowdown,Dierks Bentley,224.0
Only For The Night,RX Bandits,227.0
Everyday,Buddy Holly,132.0
The Old Man's Back Again (Dedicated To The Neo-Stalinist Regime),Scott Walker,223.0
Under the Gun,The Killers,153.0
The Greatest Gift Of God,Heaven Shall Burn,162.0
I Love Paris,Ella Fitzgerald,190.0
Crowquill,Circle Takes the Square,164.0
Bury The Hatchet,Lagwagon,165.0
Like A Bullet,Stefanie Heinzmann,147.0
Wishing It Was,Santana,293.0
"Island, IS",Volcano Choir,249.0
The Finish Line,Snow Patrol,209.0
White Lake,Deaf Center,395.0
Dalai Lama,Rammstein,338.0
Verbalize,Natiruts,220.0
My Spirit Will Go On,DragonForce,482.0
Polyethylene (Parts 1 & 2),Radiohead,263.0
Give Me A Reason,Ari Koivunen,231.0
Herzeleid,Rammstein,222.0
Sweetest Kill,Broken Social Scene,309.0
All Against All,The Haunted,275.0
Seven Notes In Black,High Contrast,329.0
Clive the Runner,Bobby Hughes Combination,281.0
Scarlet Heavens,Katatonia,627.0
After Hours At McGann's,Gaelic Storm,221.0
This Bed,Alicia Keys,225.0
Slide Show,Travis,631.0
Strand Tylösand,Basshunter,198.0
Gunpowder & Lead,Miranda Lambert,189.0
The First Drop,Rise Against,159.0
Beat It,Michael Jackson,258.0
Unleash Hell,Norther,253.0
Streamside,The Album Leaf,214.0
Should've Been A Cowboy,Toby Keith,209.0
Brian Eno,MGMT,272.0
I Ain't Sayin,Dinosaur Jr.,150.0
Schwarze Biene (Black Maja),Bohren & der Club of Gore,491.0
Funny Time of Year,Beth Gibbons & Rustin Man,408.0
Magnifishit,Skinny Puppy,271.0
Computer Face//Pure Being,Flying Lotus,153.0
Build You Up,Nelly Furtado,298.0
Too Close for Comfort,McFly,276.0
Inside My Mind (Blue Skies),Groove Armada,480.0
Toast,Archers of Loaf,277.0
Stare at the Sun,Ringo Deathstarr,260.0
Your Wall's Too High,Steppenwolf,343.0
It's Not My First Rodeo,Texas in July,197.0
The Modern Things,Björk,250.0
Luna Park,Esmerine,86.0
Please Sister,The Cardigans,277.0
From Sinking,Isis,657.0
Jupiter Approach,Digitalism,73.0
Vines,Emancipator,278.0
Tick Of The Clock,Chromatics,282.0
Parvaneh (Butterfly),Archive,231.0
Da Joint,EPMD,208.0
Bloodlands,Cannibal Corpse,261.0
Phobophile,Cryptopsy,281.0
Death Letter Blues,Son House,351.0
Feels Like Sand,Anna Ternheim,220.0
Mornington Crescent,Belle and Sebastian,340.0
The Greatest Fall (Of All Time),Matchbook Romance,225.0
Kalte Sterne,Einstürzende Neubauten,252.0
All About U,2Pac,279.0
Bestial Invasion,Destruction,274.0
The Scaffolder's Wife,Mark Knopfler,232.0
Diary of Demonic Dreams,Eternal Tears of Sorrow,265.0
Mahalo,Ratatat,122.0
Mild Confusion,Tamaryn,255.0
Abnormally Deceased,Entombed,179.0
Alas Dies Laughing,Cocteau Twins,222.0
Drawerings,Dinosaur Jr.,291.0
Original Bedroom Rockers,Kruder & Dorfmeister,364.0
Senses Tied,Dark Tranquillity,243.0
Mom & Dad,Frank Zappa,137.0
Arm's Length,Kacy Hill,203.0
Christmas Song,Mogwai,207.0
When It's Over,Sugar Ray,215.0
International You Day,No Use for a Name,175.0
The Heavens,The Raveonettes,235.0
Transmission 1,DJ Shadow,35.0
Miniamba,Future Prophecies,360.0
Fire Is Everything,Gojira,297.0
If Love Is A Red Dress (Hang Me In Rags),Maria McKee,296.0
Sunday Arak,Balkan Beat Box,308.0
Miss Alissa,Eagles of Death Metal,159.0
Staatsfeind,Agonoize,274.0
Once Upon Your Dead Body,Coheed and Cambria,199.0
The Damage In Your Heart,Weezer,243.0
Make My Mind,Screaming Trees,250.0
Tides,The xx,181.0
Mo Ghile Mear,Celtic Woman,293.0
Still Breathing,Green Day,225.0
Eat It,"""Weird Al"" Yankovic",200.0
What You Sell,The Radio Dept.,190.0
Good to Be Alive,Matthew Dear,229.0
Slide Show,Travis,631.0
Moon Theory,Miami Horror,265.0
One Minute to Midnight,Justice,221.0
Everybody's Wearing My Head,Deep Dish,334.0
Hope Leaves,Opeth,267.0
Sic Transit Gloria ... Glory Fades,Brand New,186.0
Sinful Nature,Bear in Heaven,313.0
Ladybird,Ladytron,278.0
Knives,Colony 5,280.0
Crew Cut Chuck,Mad Caddies,116.0
Beer,Reel Big Fish,211.0
Omen,The Prodigy,216.0
These Stones Will Shout,The Raconteurs,233.0
Double Feature,Camera Obscura,352.0
Little Nut Tree,The Melodians,144.0
You Shouldn't Be Alive,Ion Dissonance,138.0
Auf Wiedersehen,Cheap Trick,221.0
V för Vendetta,Veronica Maggio,215.0
I Only Think of You,The Horrors,427.0
Skinny Love,Bon Iver,239.0
Cross-Tie Walker,Creedence Clearwater Revival,199.0
"Singing Winds, Crying Beasts",Santana,291.0
Stage Fright,The Band,222.0
My Lover,The Sounds,265.0
Ayahuasca,1200 Micrograms,542.0
Denia,Manu Chao,279.0
Snow On The Sahara,Anggun,258.0
Rock Me Gently,Andy Kim,201.0
Shard,Solar Fields,437.0
Possessed,Satyricon,320.0
Noisy Man,Booka Shade,203.0
Tax Free,Jimi Hendrix,501.0
Duk Koo Kim,Sun Kil Moon,873.0
Fotzepolitic,Cocteau Twins,214.0
You Know What You Are,Ministry,285.0
I Wouldn't If You Didn't,The Dillinger Escape Plan,254.0
Nothing With You,Descendents,152.0
Pretend. Release. The Close,Emarosa,180.0
Heavy Water,Foals,272.0
The Akara,Beirut,236.0
Separate,Sevendust,221.0
Alms,The Futureheads,126.0
Cotopaxi,The Mars Volta,219.0
Ageispolis,Aphex Twin,323.0
Break Me Shake Me,Savage Garden,203.0
My Rights Versus Yours,The New Pornographers,259.0
Come Back Jonee,Devo,229.0
Blur,Britney Spears,188.0
Love Song For No One,John Mayer,202.0
Umbilical,Mazzy Star,299.0
Far Beyond,ATB,221.0
I've Got Your Number,Passion Pit,373.0
Acid Food,Mogwai,223.0
Transatlanticism,Death Cab for Cutie,475.0
Acrid Placidity,Meshuggah,196.0
Ceasuri Rele,Negură Bunget,187.0
Sonata II,John Cage,122.0
Lot Of Leavin' Left To Do,Dierks Bentley,274.0
Empty Apartment,Yellowcard,217.0
Little Black Sandals,Sia,254.0
Présence,Dark Sanctuary,315.0
St. Anger,Metallica,441.0
Dazzle,Siouxsie and the Banshees,333.0
Days Go By (Acoustic),Dirty Vegas,214.0
Jungle Man,Red Hot Chili Peppers,249.0
You Can Make Me Feel Bad,Arthur Russell,89.0
Lowlife,That Poppy,207.0
Boy Boy Boy,Andhim,422.0
Self Portrait,Rainbow,193.0
Return to the Closet,Refused,231.0
It Was A Good Day,Ice Cube,260.0
Do You Remember the Riots?,Jens Lekman,150.0
Natja,Death in Vegas,230.0
Altes Kamuffel,Paul Kalkbrenner,501.0
Figure Number Five,Soilwork,192.0
Tap at My Window,Laura Marling,168.0
Despot,Windir,362.0
Noro,Brand New,387.0
Snüffel,Equilibrium,345.0
Someone I Care About,The Modern Lovers,242.0
Transient Control,Sixtoo,116.0
Castle Rising,Nathan Fake,539.0
Sugalumps,Flight of the Conchords,132.0
Crow Hymn,Eagle Twin,901.0
Thérapie De Groupe,Olivia Ruiz,201.0
Perennial Dreams,Edenbridge,313.0
Sweet Illness of Mine,Lifelover,192.0
The Power Of I And I,Shadows Fall,216.0
A.M. 180,Grandaddy,201.0
Moment of Truth,Damageplan,411.0
St. Anger,Metallica,441.0
Blunt,Big Bud,395.0
Book of Love,Felix Jaehn,198.0
Bad Time,The Jayhawks,207.0
The Hurting,Tears for Fears,254.0
The Wine Song,The Cat Empire,442.0
IRM,Charlotte Gainsbourg,155.0
The Build Up,Kings of Convenience,246.0
Museum of Past Affections,Lifelover,381.0
Liquid Dreams,Liquid Tension Experiment,650.0
Ayahuasca,1200 Micrograms,542.0
All American Badass,Mad Caddies,161.0
Insignificance,Pearl Jam,268.0
Cloud 9,Jamiroquai,237.0
British Intelligence,Jamie T,199.0
Knights of Damcar,Secret Chiefs 3,179.0
I'm Like a Bird,Nelly Furtado,241.0
Wounded Knee,Primus,146.0
Who You Love,John Mayer,250.0
Geist,Dioxyde,291.0
Schematics,Dying Fetus,239.0
Voodoo Ray,A Guy Called Gerald,264.0
New Sneakers,Deerhoof,135.0
I Can't Dance,Genesis,240.0
Ghetto Blaster,Cyantific,325.0
A Vampire's Lament,Atreyu,200.0
Friends Don't Let Friends Dial Drunk,Plain White T's,202.0
Rewrite,Sia,286.0
Domain Of Decay,Celtic Frost,278.0
Levater,Yael Naim,205.0
The Crane Dance,Ludovico Einaudi,185.0
The Lovesong Writer,Thursday,318.0
Streets of Your Town,The Go-Betweens,219.0
Dark & Long,Underworld,456.0
The Riddler,Nightwish,316.0
Rip Van Winkle,Witch,284.0
Share This Poison,Razed in Black,412.0
Soy,Gipsy Kings,187.0
Disco Heaven,Lady Gaga,221.0
Blooded Shore,Bathory,336.0
Game Show,Mad Caddies,200.0
The Fun Lovin' Criminal,Fun Lovin' Criminals,193.0
Dominus Sathanas,Burzum,185.0
Olympic Airways,Foals,252.0
Fins,Jimmy Buffett,206.0
Silly Crimes,The Tough Alliance,223.0
The Reflective Property,August Burns Red,231.0
Im Namen der Freundschaft,Sportfreunde Stiller,185.0
Piece of My Heart,Janis Joplin,157.0
The Constant,I Blame Coco,212.0
When the Bomb Drops,Primal Scream,275.0
We Own The Night,Dance Gavin Dance,206.0
Is This It,The Strokes,151.0
Buttons and Zips,Elbow,238.0
Let Me Be Your Valentine,Scooter,343.0
Ski Lesson Blues,Para One,346.0
Sine Wave,Mogwai,295.0
Subject to the Ladder,Broadcast,194.0
Moonshine Delirium,Arcturus,430.0
Pool Party,The Aquabats,256.0
Take A Chance,The Magic Numbers,212.0
Tiny Heart,Flyleaf,187.0
For Ex-Lovers Only,Black Tambourine,161.0
Roller Girl,Anna Karina,147.0
Pop The Trunk,Yelawolf,228.0
Teenage Lust!,Times New Viking,122.0
You Done Lost Your Good Thing Now,B.B. King,313.0
Another Angel Down,Avantasia,341.0
Clear Day,Ulrich Schnauss,463.0
Devil's Swing,Godsmack,209.0
Winter Wind,Jon Schmidt,266.0
Three Decades,The Horrors,170.0
Song Of The Storm,Insomnium,262.0
On The Motorway,Metronomy,157.0
The Clock and the Storm,The Appleseed Cast,354.0
Manon,Serge Gainsbourg,222.0
Wings of Love,Liv,246.0
Wait for Your Heart,ATB,316.0
Some Pain Will Last,Kreator,336.0
Up To No Good,Rancid,160.0
Canceled Check,Beck,194.0
In the Eyes of God,Today Is The Day,191.0
The Escapist,The Streets,318.0
Old Habits Die Hard,Mick Jagger,264.0
Kitchen,This Will Destroy You,390.0
Bob's Yer Uncle,Happy Mondays,409.0
Gax,Boys Noize,275.0
Where The Boat Leaves From,Zac Brown Band,223.0
Tupelo,Nick Cave & The Bad Seeds,438.0
Salt Skin,Ellie Goulding,256.0
Small Pebble,Common Rider,221.0
Take Me As I Am,Mary J. Blige,237.0
Film Critiques and Militia Men,The Red Chord,65.0
Years of Disgust,Annotations of an Autopsy,348.0
Þau hafa sloppið undan þunga myrkursins,Ólafur Arnalds,241.0
Black Baby,Kruder & Dorfmeister,340.0
New Skin,Incubus,231.0
Mean Monsoon,Dan Auerbach,225.0
Endless Teeth,Genghis Tron,107.0
3326,Ólafur Arnalds,218.0
Slaves & Bulldozers,Soundgarden,418.0
Repetition,TV on the Radio,223.0
Hunters of the Sky,Mastodon,232.0
Abode,Azam Ali,358.0
Hasta Mi Final,Il Divo,218.0
Catchfire,The Jesus and Mary Chain,288.0
Public Image,Public Image Ltd.,182.0
Louder,Katy B,276.0
Sunshine Highway,Dropkick Murphys,202.0
The Blessed Dead,Nile,294.0
The Grand Conjuration,Opeth,621.0
Scorned,Rawthang,387.0
Bobby Can't Dance,Mr. Oizo,168.0
Basic Instinct,Quasimoto,131.0
Insensibilidad,Ska-P,275.0
Röyksopp Forever,Röyksopp,300.0
No One Like You,Scorpions,240.0
Stop The Dams,Gorillaz,339.0
Why Midnight Walked But Didn't Ring Her Bell,Liars,51.0
Without A Name,Killswitch Engage,105.0
See The Sky Again,Edwin McCain,253.0
Where Silent Gods Stand Guard,Amon Amarth,347.0
Dawn of the Angry,Morbid Angel,279.0
NW5,Madness,255.0
The Jester Race,In Flames,293.0
Break It Off,Rihanna,212.0
Curtains,Vintersorg,285.0
Bird With Broken Wing,Don Francisco,203.0
Maddening Cloud,Blonde Redhead,200.0
Burn the Evil,The Berzerker,149.0
Immortal Love,To/Die/For,227.0
The Thing That Should Not Be,Metallica,396.0
Slowlife,Seeed,257.0
Dead Gardens,Nightwish,266.0
The Meek,Bad Brains,238.0
Turk,High on Fire,303.0
Your Time Is Gonna Come,Led Zeppelin,275.0
"You Know, You Know",Mahavishnu Orchestra,307.0
Closer To You,The Wallflowers,197.0
"Nattsjäl, drömsjäl",Månegarm,354.0
Velvet Darkness They Fear,Theatre of Tragedy,64.0
Abstracted,Scar Symmetry,205.0
Simonize,Pete Yorn,172.0
Das alte Leid,Rammstein,344.0
The Sprawl,Sonic Youth,462.0
I'm Still Waiting,Diana Ross,225.0
For Whom The Bell Tolls,Moonsorrow,463.0
Loud Pipes,Ratatat,227.0
I Just Wanna Be Mad,Terri Clark,206.0
You Keep Me From Breaking Apart,Apoptygma Berzerk,210.0
Time Will,Hercules and Love Affair,273.0
"Signed, Sealed, Delivered (I'm Yours)",Stevie Wonder,158.0
Court to Love,Clannad,230.0
John Allyn Smith Sails,Okkervil River,273.0
You Walk Away,Blutengel,236.0
"I Don't Give A Shit About Wood, I'm Not A Chemist",Daughters,79.0
Down Home Girl,The Rolling Stones,252.0
Beams,Tape,234.0
Lost in the Harbour,Tom Waits,225.0
Pentagram,Cake,140.0
Understatement,New Found Glory,191.0
Ban The Tube Top,Reel Big Fish,191.0
Clairvoyant Disease,Avenged Sevenfold,300.0
A Remark You Made,Weather Report,411.0
The Baskervilles,Tokyo Police Club,141.0
Colossal,Wolfmother,305.0
The Greatest Gift Of God,Heaven Shall Burn,162.0
Wish,Nine Inch Nails,227.0
Churning the Maelstrom,Nile,187.0
Hellfire,1349,829.0
Six Feet Up,The Octopus Project,233.0
Day 7,The Notwist,232.0
Minus Two,Broadcast,256.0
Spitting Games,Snow Patrol,227.0
Laid In Earth,Ane Brun,249.0
Avratz,Infected Mushroom,624.0
Here Without You,3 Doors Down,237.0
The Disease,Suicide Silence,263.0
For The Dishwasher,Grandaddy,231.0
Quae Laetitia,Krypteria,278.0
A.D. 2000,Erykah Badu,292.0
This Time,Moderat,346.0
Suicide Underground,Air,357.0
Trilobite,Mastodon,389.0
The Decaying Doctrine,Kiuas,292.0
Rusty Nails (Shackleton remix),Moderat,575.0
The Garden's End,Sarah Blasko,235.0
North,Phoenix,301.0
Brown Eyed Girl,Van Morrison,181.0
A Csitari Hegyek Alatt,Oi Va Voi,255.0
Streets Lack Love,Nneka,245.0
To The Throne Of Sorrow,Kataklysm,290.0
(Nice Dream),Radiohead,233.0
Life Support Addiction,Refused,149.0
Crawl Home,Desert Sessions,180.0
Foregone Conclusions,Pedro the Lion,148.0
Keep on Movin',Soul II Soul,211.0
Grizzly Bear,Angus & Julia Stone,249.0
Hold Time,M. Ward,185.0
From The Rooftops,Groove Armada,289.0
Nu Chic,De-Phazz,255.0
I Can't Control Myself,The Horrors,207.0
Sunday Shining,Finley Quaye,222.0
Stripsearch,Faith No More,270.0
Gannon,Salt The Wound,159.0
Catapult,R.E.M.,236.0
Kangaroo Cry,Blue October,293.0
See The Sky Again,Edwin McCain,253.0
Mr. Integrity,L7,249.0
Long Live Mice in the Metro,Colleen,171.0
Enemy Fire,Ryan Adams,249.0
ZTO,Devin Townsend,77.0
Thick Stew,Wagon Christ,468.0
Sharp As A Razor,Julian Marley,244.0
Lulled By Numbers,IAMX,240.0
World Gone Mad,Bastille,196.0
Catch Hell Blues,The White Stripes,257.0
Don't Stop Movin',S Club 7,233.0
See Breeze,Talvin Singh,293.0
Old Days,Chicago,209.0
Return The Favour,The Hives,189.0
Sugarcube,Yo La Tengo,201.0
I'm Not A Player,Big Punisher,221.0
She's My Baby,Mazzy Star,265.0
Modern World,Wolf Parade,172.0
Wonderwall,Oasis,259.0
Suicide,Kai Tracid,432.0
The Formative Years,Atheist,211.0
Almost Doesn't Count,Brandy,217.0
No Sssweat,Enter Shikari,200.0
I Don't Want to Grow Up,Descendents,81.0
Spirit They've Vanished,Animal Collective,335.0
People Got a Lotta Nerve,Neko Case,151.0
Your Best Nightmare,London After Midnight,332.0
Bulls on Parade,Rage Against the Machine,229.0
Still Feels Like Tears,Broadcast,221.0
Four Fingered Fisherman,Sun Kil Moon,162.0
Far Away (acoustic),Anathema,323.0
Mi Blenda,Damian Marley,281.0
Run for Your Life,The Beatles,145.0
Black Heart Romance,My Dying Bride,324.0
Red Dress,TV on the Radio,265.0
Nesso,Vladislav Delay,192.0
Smalltown Boy,Bronski Beat,299.0
I Still Can See An Outside World,Liars,194.0
This Far From Memphis,Easton Corbin,198.0
Something I Call Personality,New Found Glory,160.0
Please Don't Go,Mike Posner,197.0
Mombasa,Hans Zimmer,294.0
Limo Wreck,Soundgarden,348.0
Transit Cop,Beastie Boys,78.0
Ye Entrancemperium,Emperor,315.0
I Can Feel Your Pain,Manchester Orchestra,172.0
The Silent Orchestra,Biosphere,473.0
Slow Chemical,Finger Eleven,220.0
Slain,Cannibal Corpse,213.0
Stream Of Consciousness,Dream Theater,676.0
Untrust Us,Crystal Castles,189.0
Fear Campaign,Fear Factory,292.0
Wabby Legs,AFX,335.0
Embodiment,Carcass,337.0
Winter Vacation,Atlas Sound,241.0
Idols and Anchors,Parkway Drive,228.0
Labels Or Love,Fergie,231.0
Enemy of God,Kreator,366.0
Moments Forever Faded,Funeral for a Friend,265.0
A Song Is Not A Business Plan,The Rocket Summer,210.0
Does Everyone Stare,The Police,226.0
U + Me =,Dan Black,189.0
The Evil That Men Do,Iron Maiden,258.0
Rise of the Leviathan,Annotations of an Autopsy,54.0
Code 1026,Agoria,349.0
Postcards From Italy,Beirut,255.0
Water May Walk,Devendra Banhart,194.0
Turned Out,Helmet,253.0
Folding Stars,Biffy Clyro,256.0
Water Shows the Hidden Heart,Enya,281.0
Sleep Walk,Joe Satriani,163.0
My Misery,Pain,236.0
King Of The Rodeo,Kings of Leon,146.0
Red River Rock,Johnny & The Hurricanes,135.0
I Can't Wake Up,KRS-One,214.0
Don't You Know Who I Think I Am?,Fall Out Boy,172.0
Major Label Debut,Broken Social Scene,268.0
Dusty Wreath,Isobel Campbell & Mark Lanegan,224.0
My Love For You,ESG,175.0
Boy Boy Boy,Andhim,422.0
Sodomy and Lust,Cradle of Filth,283.0
We've Had Enough,Alkaline Trio,169.0
Tear You Apart,She Wants Revenge,285.0
Down to the River to Pray,Alison Krauss,176.0
Porterville,Creedence Clearwater Revival,142.0
Grip Like A Vice,The Go! Team,241.0
Some Kinda Fatigue,Yo La Tengo,274.0
I Can Talk,Two Door Cinema Club,178.0
Sister Awake,The Tea Party,345.0
Profane Believers,Heaven Shall Burn,216.0
Termination Bliss,Deathstars,225.0
Early Birdie,Owl City,256.0
Meeting Paris Hilton,Cansei de Ser Sexy,191.0
The Great Disappointment,AFI,327.0
Mr. Danny Boy,Mother Love Bone,290.0
Feelings Show,Colbie Caillat,189.0
I Won't Let You Down,The Subways,223.0
Barra Edinazzu,Nile,167.0
Haunted By Her Yesterdays,Logistics,297.0
Halo,Depeche Mode,270.0
Little Black Sandals,Sia,254.0
Elouise,Maps,323.0
Domain Of Decay,Celtic Frost,278.0
All in Forms,Bonobo,292.0
Travel By Telephone,Rival Schools,167.0
Viridian,Between the Buried and Me,171.0
Stand Here With Me,Creed,257.0
Matando Gueros,Brujeria,142.0
Naked If I Want To,Cat Power,168.0
A Bite Out of my Bed,The New Pornographers,193.0
Gangsta Nation,Westside Connection,273.0
Fuck You And Your Cat,Goldfinger,75.0
Hold Me So Tight,Sally Shapiro,364.0
Find My Way Back,Four Year Strong,208.0
Divided By Night,The Crystal Method,301.0
Yesterday Is Here,Tom Waits,161.0
Teenage Spaceman,Booka Shade,335.0
Fleeting Instant,Delerium,247.0
Pancho And Lefty,Townes Van Zandt,221.0
Choke,Sepultura,217.0
Sanctity Of Brothers,Unearth,208.0
The Fling,Michael Nyman,90.0
Delinquent Song,Voodoo Glow Skulls,196.0
Happier,Guster,231.0
The Stranger From Within,Ayreon,454.0
Arm's Length,Kacy Hill,203.0
twirl,Venetian Snares,269.0
Bella Ciao,The Red Army Choir,159.0
Symphonaire Infernus et Spera Empyrium,My Dying Bride,698.0
16 mm,Booka Shade,56.0
"Far, Far Away",Wilco,200.0
My Beloved Monster,Eels,132.0
Prayer in Passing,Anoushka Shankar,382.0
Welten,Bohren & der Club of Gore,414.0
Aldebaran,Enya,186.0
Actions Speak Louder Than Words,Umbra Et Imago,351.0
Mr McGee,Zero 7,259.0
Master's Hands,Charlotte Gainsbourg,168.0
Bad Dream Mama,Eagles of Death Metal,183.0
Last Cup of Sorrow,Faith No More,261.0
I Remain,Paradise Lost,249.0
Girls Dem Sugar,Beenie Man,229.0
Cow,Melvins,271.0
"Save The Castle, Screw The Princess",Arsonists Get All The Girls,312.0
Strange Birds,Birdy,184.0
The Prize of Beauty,My Dying Bride,483.0
Lesson Learned,Alice in Chains,257.0
Will You Be There For Me,Krypteria,285.0
Confined,As I Lay Dying,193.0
Paint The Sky With Stars,Enya,254.0
Like I Love You,The Hitmen,478.0
Broken Promises For Broken Hearts,She Wants Revenge,197.0
Bargain of a Century,"Albert Hammond, Jr.",190.0
Alles Ist Gut,Deutsch Amerikanische Freundschaft,208.0
Everything Will Be Alright,The Killers,345.0
Whatever I Say is Royal Ocean,Dance Gavin Dance,48.0
Can't Stay The Same,Saves the Day,168.0
I Forgive You,Kelly Clarkson,185.0
I Don't Want To,Toni Braxton,257.0
Black Stooges,Melvins,31.0
Comacabana,Booka Shade,274.0
The Longer I Lay Here,Pedro the Lion,183.0
Magic Potion,Flunk,315.0
Good Friday,CocoRosie,263.0
Obiero,Ayub Ogada,338.0
Hat O'er Eyes,Neva Dinova,264.0
"Not in Rivers, But in Drops",Isis,483.0
The Likes of You Again,Flogging Molly,249.0
Chun Li's Spinning Bird Kick,Arctic Monkeys,281.0
Bumper Ball Dub (Karmacoma),Massive Attack,359.0
Main Ingredient,London Elektricity,278.0
The Great Depression,Misery Index,160.0
Staying Power,Queen,252.0
Do The Whirlwind,Architecture in Helsinki,279.0
I Do Not Want This,Nine Inch Nails,341.0
What About Me,Cascada,192.0
The Goonies 'R' Good Enough,Cyndi Lauper,217.0
Devil's Waitin',Black Rebel Motorcycle Club,231.0
Erotomania,Dream Theater,404.0
Ooh,Scissor Sisters,209.0
On a Train,TV on the Radio,955.0
Jacksonville Skyline,Whiskeytown,181.0
You Should Have Killed Me When You Had the Chance,A Day to Remember,226.0
Left to Die,Death,277.0
In the Key of Blue,Quantic,413.0
Long Division,Death Cab for Cutie,230.0
Einstein,Gabriella Cilmi,218.0
Baby Won't You Let Me Rock 'N' Roll You,Ten Years After,137.0
Safer On The Outside,American Hi-Fi,242.0
Excuse Me While I Break My Own Heart Tonight,Whiskeytown,163.0
Reign of Light,Samael,231.0
Red Cave,Yeasayer,299.0
Unattainable,Little Joy,120.0
Hien No Pasaran,Jamal,194.0
How To Hang A Warhol,Little Joy,130.0
Paperbag Writer,Radiohead,238.0
Make the Road by Walking,Menahan Street Band,180.0
Unbound,Jeremy Soule,93.0
Float Through Stars,The Funky Lowlives,252.0
The Coast Is Always Changing,Maxïmo Park,198.0
Pretty Wings,Maxwell,255.0
Vampolka,The Devin Townsend Band,97.0
Tokyo Dub,Juno Reactor,428.0
Uhn Tiss Uhn Tiss Uhn Tiss,Bloodhound Gang,260.0
Sensi Skank,MRK1,253.0
The Joust,Mad Caddies,226.0
Nothing (Why),Dope,240.0
Rescue,Echo & the Bunnymen,267.0
Reclusion,Anberlin,211.0
Refuse To Be Denied,Anthrax,311.0
Haifisch,Rammstein,225.0
The Day I Died,Just Jack,216.0
The Monolith,Cattle Decapitation,219.0
Foreign Policy,Megadeth,148.0
Christmas Song,Mogwai,207.0
Nolita,Keren Ann,433.0
Rusty,"Tyler, the Creator",310.0
Qualms Of Conscience,Diablo Swing Orchestra,76.0
The World,Empire of the Sun,277.0
Inshallah,Karunesh,346.0
Silver Jenny Dollar,The New Pornographers,173.0
I Asked When,Brett Dennen,378.0
Dark Noontide,Six Organs of Admittance,415.0
Together in Electric Dreams,Lali Puna,272.0
Still Rainin',Jonny Lang,289.0
Dog Shelter,Burial,179.0
my grandmotha,DJ Koze,406.0
I Was Never Young,of Montreal,213.0
Julien,Placebo,283.0
Hum Hallelujah,Fall Out Boy,231.0
Under The Influence,The Chemical Brothers,256.0
Enemy of God,Kreator,366.0
Rollin' & Scratchin',Daft Punk,449.0
Fundamentally Loathsome,Marilyn Manson,290.0
Ninja Tune,Hexstatic,302.0
Entrapment,Meshuggah,149.0
What Do I Do With My Heart,Eagles,234.0
Godlovesugly,Atmosphere,232.0
Pain Divine,Morbid Angel,238.0
I Love Acid,Luke Vibert,259.0
The Missing Suitcase,The Herbaliser,333.0
Arawan,Tinariwen,247.0
I've Seen That Face Before (Libertango),Grace Jones,269.0
Goodnight Lover,Fluke,437.0
Writing To Reach You,Travis,221.0
In Space,Röyksopp,211.0
Appointment At The Fat Clinic,Digable Planets,178.0
Heron Blue,Sun Kil Moon,460.0
Teenage Lust!,Times New Viking,122.0
Murder Weapon,Tricky,179.0
Godeye,Kalmah,266.0
Losing Lisa,Ben Folds,251.0
I'm a Wheel,Wilco,155.0
Mech-Cannibal,Municipal Waste,140.0
Miss Clare Remembers,Enya,120.0
My Maria,Brooks & Dunn,208.0
Enter the Grave,Evile,271.0
Trans-Atlantic Drawl,Radiohead,182.0
In The Cold I'm Standing,M83,249.0
The Nebbish Route,Shpongle,215.0
I'm Not Yours,Angus & Julia Stone,239.0
Vote or Die,Modeselektor,313.0
Flowerstand Man,Faithless,203.0
The Show,Lenka,236.0
It's Not,Aimee Mann,208.0
You're No God,Laura Marling,148.0
A Proper Sendoff,My Bitter End,348.0
All In A Day's Work,Eels,203.0
Tire Me,Rage Against the Machine,178.0
A Silent Tide,Flying Saucer Attack,229.0
Daniel Cowman,Regina Spektor,290.0
Might Like You Better,Amanda Blank,176.0
Goodnight Laura,Spoon,149.0
Allahi Allah,Niyaz,309.0
Is She Weird,Pixies,181.0
Winter Is All Over You,First Aid Kit,220.0
Nothing Brings Me Down,Emilíana Torrini,236.0
Revolver,Rage Against the Machine,329.0
Disaster Button,Snow Patrol,235.0
Alsvartr (The Oath),Emperor,258.0
TV Star,Butthole Surfers,187.0
Two Reelers,Frank Black,182.0
Arabian Disco,Faith No More,196.0
We Danced Together,The Rakes,233.0
You Sang To Me,Marc Anthony,347.0
Show Me The Money,Petey Pablo,225.0
Get Inside,Stone Sour,194.0
Por Besarte,Lu,217.0
Solve Et Coagula,Mudvayne,169.0
Checkin' on Me,Róisín Murphy,279.0
Komm Her,Tanzwut,361.0
Bricks,Rise Against,91.0
Ain't it Pretty,will.i.am,276.0
Never Ending Romance Disaster,Anoraak,254.0
World Go 'Round,No Doubt,248.0
Savior Eyes,Modjo,311.0
Shawshank Absolution,Underneath the Gun,173.0
Toast & Bananas,blink-182,147.0
Barcarole,Jacques Offenbach,200.0
Feel Good Inc.,Gorillaz,223.0
Highschool Lover,Air,162.0
Death Becomes Him,Whitechapel,199.0
Skyforger,Amorphis,316.0
Truman Sleeps,Philip Glass,112.0
Dayvan Cowboy,Boards of Canada,301.0
Know Your Onion!,The Shins,149.0
Napoleon Solo,At the Drive-In,288.0
Julien,Placebo,283.0
Hong Kong Express,Cyantific,334.0
Brown Medal 2003,Hella,130.0
Western Eyes,Portishead,239.0
Jangling Jack,Nick Cave & The Bad Seeds,167.0
Finland,Cult of Luna,646.0
Sweepstakes (Feat. Mos Def and Hypnotic Brass Ensemble),Gorillaz,320.0
No One Fed Me So I Stayed,Deerhoof,47.0
Please Remember,Deafheaven,386.0
What Do You Want Me to Say?,The Dismemberment Plan,258.0
Don't Ever Think (Too Much),The Zutons,162.0
Blow Away,A Fine Frenzy,250.0
Whatever Happened To Corey Haim?,The Thrills,216.0
I Could Never Take the Place of Your Man,Prince,204.0
Crazy Crazy Nights,Kiss,225.0
Model,Balanescu Quartet,227.0
Sedative God,Paradise Lost,239.0
Am I Going Insane (Radio),Black Sabbath,257.0
Never Ending Math Equation,Modest Mouse,204.0
Maria Stacks,Thee Oh Sees,137.0
Famous Blue Raincoat,Leonard Cohen,311.0
With My Eyes Closed,The Raveonettes,215.0
Culpable,Vicentico,238.0
Exterminate Annihilate Destroy,Rotersand,317.0
Cannonball,The Breeders,214.0
No Dice,Beirut,324.0
Essplode,Animal Collective,203.0
Are You Ready for the Country?,Neil Young,204.0
Private Lawns,Angus & Julia Stone,187.0
Espero,Pato Fu,189.0
Calling and Not Calling My Ex,Okkervil River,262.0
672,The Dresden Dolls,85.0
Party with My Pain,Johnossi,218.0
Sous le soleil exactement,Serge Gainsbourg,173.0
This Ruined Puzzle,Dashboard Confessional,172.0
Brain Burner,No Age,112.0
Connected,Stereo MC's,242.0
Everything To Nothing,Manchester Orchestra,338.0
"Road, River and Rail",Cocteau Twins,199.0
The Payback,James Brown,447.0
Gimme Half,The Devil Wears Prada,262.0
Farewell,Apocalyptica,331.0
By Your Side,Sade,258.0
Bohemian Polka,"""Weird Al"" Yankovic",220.0
The Coming Of Spring,The Rapture,163.0
Gore Gore Gadget,Annotations of an Autopsy,224.0
Double Feature,Camera Obscura,352.0
Candle Song 3,Mojave 3,327.0
New Model No. 15,Marilyn Manson,221.0
Double Dare,Bauhaus,294.0
What You Deserve,Ill Niño,181.0
Aja,Steely Dan,480.0
Designer Skyline,Owl City,209.0
Shortys' Judgement,The Herbaliser,346.0
Up in the Clouds,Darwin Deez,214.0
The Reeling,Passion Pit,288.0
Human Spirit,Dolores O'Riordan,241.0
The Wine Song,The Cat Empire,442.0
Behind Silence and Solitude,All That Remains,260.0
Give You My Lovin,Mazzy Star,230.0
Get Up Stand Up,Sawa,226.0
Excuse Me Mr.,Ben Harper,324.0
Party Pit,The Hold Steady,236.0
The Age Of Pamparius,Turbonegro,360.0
Bitter Sweet Symphony,The Verve,358.0
Luscious Apparatus,Recoil,363.0
A Methodical Overture,Aborted,205.0
Gourmandises,Alizée,256.0
Yesterday Is Here,Tom Waits,161.0
Blood Of The Scribe,Lamb of God,264.0
Silent Shout,The Knife,294.0
Unholy Blasphemies,Morbid Angel,240.0
Laughing Gas,Neon Indian,103.0
Soul for Me,Pati Yang,243.0
Big Jumps,Emilíana Torrini,182.0
Unaffected,Hoobastank,214.0
Never Named,Soundgarden,148.0
Worn Out Blues,Gotye,38.0
Tower Of Trellick,Kleerup,226.0
Dance Macabre,Ghost,220.0
The Trial,Pink Floyd,319.0
Eppur Si Muove,Haggard,499.0
Sort Of,Ingrid Michaelson,201.0
Diving Horses,Death in Vegas,311.0
Black Wave/Bad Vibrations,Arcade Fire,238.0
Queen of Light,Imperia,298.0
Shoulda Known,Atmosphere,187.0
Ob(Servant),Psycroptic,203.0
The World You Love,Jimmy Eat World,301.0
Ming Tran,Gob,154.0
You May Be Right,Billy Joel,251.0
Get To The Choppa,Austrian Death Machine,167.0
Rip This!,Evergreen Terrace,162.0
Devastator,The Blood Brothers,165.0
Je veux,Zaz,215.0
Exit Music (For A Dub),Easy Star All-Stars,280.0
The Guitar,They Might Be Giants,230.0
Where the Circle Ends,Thursday,191.0
At First Touch,The Sight Below,291.0
Fighting For My Love,Nil Lara,248.0
Tanz,Carl Orff,119.0
Hyperdrive!,Devin Townsend Project,214.0
Waiting For Time,Sam Sparro,211.0
Foley Room,Amon Tobin,217.0
Just Got To Be,The Black Keys,181.0
Seven Stars,Air,266.0
Lady Labyrinth,Ludovico Einaudi,299.0
Immaculate Misconception,Motionless in White,235.0
She Took Him to the Lake,Alkaline Trio,161.0
Sepsis,Otep,210.0
Tarot Woman,Rainbow,360.0
Bakom Varje Fura,Finntroll,134.0
Granny Diner,Grizzly Bear,289.0
Trading Air,Athlete,267.0
The Light's Really Bad,Mistabishi,361.0
In Words Of Desperation,Kataklysm,310.0
Hollow Man,Parkway Drive,143.0
Main Ingredient,London Elektricity,278.0
Not About Love,Fiona Apple,259.0
Slow Me Down,Default,203.0
Help the Aged,Pulp,268.0
The Dark Side of the Frog,Modeselektor,53.0
Warpath,Hypocrisy,264.0
Space Cowboy,Jamiroquai,386.0
Internet Love,port-royal,281.0
It Goes On And On,The Avett Brothers,177.0
The Juggernauts,Zebrahead,238.0
Brothers on a Hotel Bed,Death Cab for Cutie,271.0
Headsfull,Amy Millan,112.0
Old Song,Max Richter,131.0
Both Hands,Ani DiFranco,202.0
Whitewater,Kyuss,538.0
Preacher,OneRepublic,248.0
Slight Figure Of Speech,The Avett Brothers,142.0
1845,One Minute Silence,170.0
Churning the Maelstrom,Nile,187.0
Nightcall,Kavinsky,257.0
What He Wrote,Laura Marling,247.0
Live and Learn,The Cardigans,253.0
Wotan,Enslaved,253.0
Raise The Banner,Sea Of Treachery,183.0
Nothing's Forever,Entwine,252.0
Nobody's Here,Devin Townsend,414.0
Unnerving,Whitechapel,219.0
From Earth I Rose,Amorphis,304.0
When It Flows,Great Lake Swimmers,215.0
Kitten Moon,Fluke,558.0
Vernie,Blind Melon,196.0
Saving Grace,The Cranberries,188.0
Don't Need It,Bad Brains,67.0
Adrift,Tycho,362.0
T-Shirt,Foo Fighters,83.0
Space Travel Is Boring,Modest Mouse,114.0
Blackstone Rock,Quantic,249.0
Baby Let Me,Hope Sandoval & The Warm Inventions,94.0
Det lilla livet,Familjen,250.0
Liberty and Freedom,Rancid,165.0
13 Angels Standing Guard 'round the Side of Your Bed,A Silver Mt. Zion,442.0
This Time,Moderat,346.0
Still A Friend Of Mine,Incognito,340.0
I Feel Love,Donna Summer,224.0
My Life for Hire,A Day to Remember,214.0
Dna Ts. Rednum Or F. Raf,Riverside,440.0
Breathe Underwater,Placebo,223.0
Hello (Turn Your Radio On),Shakespear's Sister,253.0
Les Cigales,La Rue Kétanou,268.0
Tote Heldensagen,Equilibrium,551.0
Fastlove,George Michael,323.0
World Spins Madly On,The Weepies,165.0
Mother's Journey,Yann Tiersen,89.0
Back To The Motor League,Propagandhi,161.0
Last Light,Converge,215.0
Spaceape,Burial,242.0
Ain't it Pretty,will.i.am,276.0
Escape (The Pina Colada Song),Rupert Holmes,231.0
The Ancient Enemy,Belphegor,204.0
Behold Judas,Hate Eternal,262.0
I Don't Care What The People Say,Mando Diao,112.0
Toast,Archers of Loaf,277.0
La Vacuna,Orishas,246.0
The Rooster,OutKast,237.0
Walking Sin,Contemporary Noise Quintet,340.0
Bu$hleaguer,Pearl Jam,238.0
As Heaven Is Wide,Garbage,284.0
Sleazy Bed Track,The Bluetones,276.0
Cruelty,The Crüxshadows,406.0
Rascuache,At the Drive-In,201.0
Like a California King,Everclear,216.0
The Stranger Song,Leonard Cohen,299.0
She's Long Gone,The Black Keys,186.0
Afternoon Tea,The Kinks,207.0
Bare Feet on Wet Griptape,Chad VanGaalen,153.0
Interesting Results,Ariel Pink's Haunted Graffiti,164.0
The Day I Died,Just Jack,216.0
Shoplifters of the World Unite,The Smiths,179.0
Re-Gaining Unconsciousness,NOFX,159.0
Kurum,Buraka Som Sistema,345.0
Chakalaka,Wippenberg,495.0
Young Hearts Spark Fire,Japandroids,303.0
Perro,The Album Leaf,175.0
A Moment Like This,Leona Lewis,259.0
Niobe,Caribou,531.0
Get Naked,Methods Of Mayhem,202.0
Hot Stuff (I Want You Back),The Pussycat Dolls,227.0
Agent Orange,Depeche Mode,304.0
Moonchariot,Elvenking,409.0
Ask the Angels,The Distillers,191.0
Hermetico,Balkan Beat Box,309.0
Goodbye Heartbreak,Lighthouse Family,249.0
In Fiction,Isis,672.0
Velvet Touch,The 69 Eyes,278.0
Galeon,Łąki Łan,327.0
Thérapie De Groupe,Olivia Ruiz,201.0
Hail Destroyer,Cancer Bats,197.0
You're Gonna Pay,The Toasters,178.0
The Outer Banks,The Album Leaf,263.0
Swimmers,Broken Social Scene,176.0
A Violent Yet Flammable World,Au Revoir Simone,303.0
Me And The Moon,The Drums,192.0
Darling Nikki,Prince,254.0
Yumeji's Theme,梅林茂,149.0
Gas in My Car,Skankin' Pickle,177.0
Ok Fred,Errol Dunkley,174.0
Horizon Variations,Max Richter,113.0
Nilaya,Astral Projection,566.0
Holy Shadows,Edguy,270.0
The Operation,Charlotte Gainsbourg,239.0
Stock Exchange,Miss Kittin & The Hacker,347.0
Soluble In Air,Mystery Jets,193.0
Scars,Papa Roach,208.0
Big Six,Judge Dread,164.0
Yours To Keep,Teddybears,231.0
Code of Energy,Papa Roach,244.0
Seanchas,Clannad,294.0
Don't Waste Time Doing Things You Hate,And So I Watch You From Afar,452.0
Colma,Buckethead,191.0
Rosies,Amon Tobin,323.0
Friction,Morcheeba,255.0
The Combine,John Maus,219.0
Crown Of Storms,Lightning Bolt,309.0
Human Prey,Terrorizer,128.0
You Shouldn't Kiss Me Like This,Toby Keith,222.0
House of the Whipcord,Carpathian Forest,238.0
Hot Pants,James Brown,55.0
Sadistic Lullabye,Soilwork,175.0
City Love,John Mayer,240.0
Back To You,Selena Gomez,210.0
He Knows I'd Love To See Him,Morrissey,188.0
Scena Pojavljivanja majke,Goran Bregović,135.0
Beyond the Dark Sun,Wintersun,158.0
Masterswarm,Andrew Bird,396.0
Lords of Destruction,Black Label Society,313.0
Check Yes Juliet,We the Kings,220.0
Demonoid Phenomenon,Rob Zombie,252.0
Shrimp,Mr. Scruff,422.0
The Same Song,Israel Vibration,240.0
Where?,Nickelback,267.0
I Need Something,Newton Faulkner,176.0
Amazing Flight,Ayreon,615.0
Letter Read,Rachael Yamagata,224.0
Cacophony,blink-182,186.0
This Is How We Do,Katy Perry,205.0
"For The Workforce, Drowning",Thursday,196.0
Loves Me Like a Rock,Paul Simon,213.0
North West,De-Phazz,283.0
While The Cold Winter Waiting,Trentemøller,311.0
Cosmic Dancer,T. Rex,266.0
An Honest Mistake,The Bravery,218.0
Grass-Hopper,Lemongrass,303.0
Compulsion,Röyksopp,419.0
City Boy,Donkeyboy,205.0
Hyloz,Boxcutter,312.0
High on the Heels,The Whitest Boy Alive,200.0
Twin,Muse,197.0
Satellite Type 2,Commix,339.0
Blanket,Urban Species,388.0
Die Dead Enough,Megadeth,259.0
Collapse (Post-Amerika),Rise Against,199.0
City of God,Sodom,276.0
Emergency Trap,Mogwai,213.0
What Is He Thinking?,The Streets,281.0
Past,Sub Sub,175.0
Lick It Up,Kiss,236.0
Ceasuri Rele,Negură Bunget,187.0
Foolish,Ashanti,228.0
Nao Vou Fugir,Ive Mendes,316.0
I Hate Buffering,The Devil Wears Prada,185.0
0040,Ólafur Arnalds,268.0
Stone Cold Metal,Ensiferum,445.0
Keep Your Mouth Shut,Terror,142.0
Lay Lady Lay,Bob Dylan,198.0
Sofa Song,The Kooks,133.0
Day of Reckoning,Pentagram,163.0
My Lover's Gone,Dido,268.0
Sunbeams,The Concretes,204.0
Do Ya Thang,Rihanna,223.0
Tattoo,Jordin Sparks,233.0
"Not in Rivers, But in Drops",Isis,483.0
Take It Easy My Brother Charles,Jorge Ben,156.0
Numbers,FKA twigs,224.0
Nonhuman Era,Scar Symmetry,286.0
Salt,Portugal. The Man,258.0
Zirzop,Fatima Spar und Die Freedom Fries,311.0
Water Shows the Hidden Heart,Enya,281.0
The Kids Are All Wrong,London After Midnight,236.0
Rock Wit U,Alicia Keys,337.0
Ziltoidia Attaxx!!!,Devin Townsend,223.0
Addicted!,Devin Townsend Project,336.0
Quantumleaper,Scar Symmetry,249.0
Quiet Little Voices,We Were Promised Jetpacks,260.0
Cold and Jaded,Adema,205.0
Chase Scene,Broken Social Scene,211.0
Strange Feelin',Tim Buckley,340.0
I Can Talk (Moulinex remix),Two Door Cinema Club,307.0
Lioness,Songs: Ohia,376.0
Programmable Soda,Tori Amos,85.0
Heavyweight,Infected Mushroom,521.0
Ask You,Lusine,367.0
I'd Rather Be With You,Bootsy Collins,298.0
Slip of the Lip,Fact,184.0
22 Two's,Jay-Z,207.0
When I Fall,Barenaked Ladies,244.0
Catch The Sun,Jamie Cullum,226.0
The Contemporary Fix,Lindstrøm,507.0
Bump,Belleruche,236.0
Park Song,The Dodos,169.0
Feel Like A Rocket,Voicst,144.0
I <3 EC2,Emmure,165.0
Like a California King,Everclear,216.0
Seven Months,Portishead,256.0
Tangle,Four Tet,224.0
Poppin' Them Thangs,G-Unit,241.0
Hazardous Mutation,Municipal Waste,80.0
Soldier On,The Temper Trap,354.0
Annan Water,The Decemberists,311.0
The Way I Are,Timbaland,228.0
Ripping Corpse,Kreator,215.0
Warm It Up,Girl Talk,136.0
Summer Samba,Walter Wanderley,195.0
Clone Me,Miss Kittin,247.0
Desire Lines,Deerhunter,404.0
White Storm,Ensiferum,293.0
Feeling Lucky,Jimmy Eat World,153.0
Mad Professor,Insane Clown Posse,350.0
Scrap,L7,175.0
Limbs,Agalloch,591.0
Here Comes The Night,Them,165.0
Queens Get The Money,Nas,132.0
Tuesday Night,Weedeater,217.0
My Device,Ayria,300.0
Love Hides,Yonderboi,278.0
I Love Turbulence,Rolo Tomassi,168.0
Learning Lines,Jack Peñate,209.0
SFM,Basement Jaxx,162.0
There Is,Box Car Racer,198.0
Catherine Blake,My Dying Bride,392.0
Two Is Better Than One,Boys Like Girls,243.0
Pozytywka,Farben Lehre,208.0
"Now, Now",St. Vincent,265.0
Steeled Blues,The Yardbirds,159.0
White Winter Hymnal,Fleet Foxes,146.0
Another Love Song,Insane Clown Posse,252.0
Girl Laying Down,Anna Ternheim,177.0
Everlasting Light,The Black Keys,205.0
Two Kinds,Film School,238.0
What's A Clock Without The Batteries?,Emarosa,219.0
We Stand Alone,Covenant,330.0
Wives And Lovers,Jack Jones,149.0
Room 23,Shpongle,305.0
Damascus,Conjure One,123.0
Doing It To Death,The Kills,248.0
Lost in Mirror,Melt-Banana,155.0
Victims of Love,Good Charlotte,225.0
"Up on Your Leopard, Upon the End of Your Feral Days",Sunset Rubdown,287.0
Spilt Needles,The Shins,226.0
Pretty Girl (The Way),Sugarcult,208.0
Wiper,Amusement Parks On Fire,481.0
Beneath Dying Skies,Through the Eyes of the Dead,174.0
Infant Eyes,Wayne Shorter,413.0
Just Like You Imagined,Nine Inch Nails,230.0
Tales of Brave Ulysses,Cream,167.0
Laid to Rest,Lamb of God,230.0
Poor Cow,Peter Bjorn and John,286.0
Def tea machine,Para One,214.0
Occasion Avenue,Helloween,666.0
Pleasure From The Bass,Tiga,233.0
The Safest Place,Sade,166.0
Poetic Pitbull Revolutions,Diablo Swing Orchestra,294.0
I Am The Rain,Assemblage 23,401.0
It Could Be Sweet,Portishead,257.0
Hollow Heart,Kalmah,284.0
Dreddoverboard,Nightmares on Wax,348.0
Rawwwrr!,Bring Me the Horizon,254.0
Levitate Me,Pixies,157.0
The Three Shadows Part 2,Bauhaus,190.0
Get Down Moses,Joe Strummer and the Mescaleros,305.0
Decomposing Trees,Galaxie 500,293.0
I Keep Living The Same Day,United Nations,61.0
Sangue Latino,Secos & Molhados,128.0
Natteravn,Rasmus Seebach,239.0
I've Got It All (Most),Modest Mouse,190.0
Trophy Scars,Converge,299.0
Have You Never Been Mellow,Olivia Newton-John,221.0
One of Fail,Kalmah,250.0
Earth Day,Devin Townsend,575.0
A Future Uncertain,Nevermore,368.0
Pretty In Casts,Pig Destroyer,76.0
Beautiful Tragedy,In This Moment,356.0
Where In This World,The Notwist,281.0
Brain Burner,No Age,112.0
Society,Eddie Vedder,236.0
Long Road Ahead,Quantic,228.0
Possibilities,Weezer,120.0
He Said Eternity,In This Moment,231.0
Dead Pool,Mission of Burma,246.0
Dead Before I Stray,Into The Moat,161.0
Drumbone,Blue Man Group,164.0
Mr Your On Fire Mr,Liars,147.0
Wippsteert,Extrawelt,467.0
24-25,Kings of Convenience,218.0
I Thought I Saw Your Face Today,She & Him,170.0
Rithill aill,Karen Matheson,222.0
Potential Suicide,Wipers,227.0
Pap Smear,Crystal Castles,221.0
White Mystery,Minus the Bear,279.0
Next Exit,Interpol,200.0
Dogs Holy Life,Eyehategod,71.0
Condemned,In Flames,214.0
flow,school food punishment,294.0
Vajra,Secret Chiefs 3,214.0
Warholian Wigs,Dirty Projectors,272.0
E Chiove,Andrea Bocelli,266.0
Green Mind,Dinosaur Jr.,299.0
La Rock 01,Vitalic,326.0
Pretend. Release. The Close,Emarosa,180.0
The Nail,Children of Bodom,377.0
Kansas,The Devil Wears Prada,221.0
Blow 'Em Off,Monster Magnet,231.0
Bubble Toes,Jack Johnson,237.0
My Spirit Will Go On,DragonForce,482.0
Soulburn,Masterplan,376.0
"Goodbye Young Tutor, You've Now Outgrown Me",Say Anything,260.0
Backbone,Gojira,258.0
Wasting,The Soft Moon,350.0
Greenwich Mean Time,Charlotte Gainsbourg,145.0
Seeing Things,Zero 7,310.0
Forli',Modwheelmood,88.0
Upper Decker,The Red Chord,318.0
Japanese Electronics,Commix,365.0
Instr.,José González,374.0
She Don't Tell Me To,Montgomery Gentry,192.0
What You Want Me To Do?,The Heavy,203.0
Drunken Lullabies,Flogging Molly,231.0
Asilos Magdalena,The Mars Volta,394.0
How Can I?,Steve Hackett,281.0
Sofa King,DANGERDOOM,177.0
The Dead of Night,Depeche Mode,290.0
Personal Stereo,Flunk,276.0
Shit Towne,Live,228.0
Soulburn,Masterplan,376.0
Emergency on Planet Earth,Jamiroquai,244.0
A Rancid Romance,Diablo Swing Orchestra,268.0
Girl Is On My Mind,The Black Keys,206.0
Gotta Broken Heart Again,Prince,136.0
Maggie's Farm,Rage Against the Machine,394.0
In Human Form,Death,238.0
I Am Not Batman,Mogwai,211.0
A Thousand Faces,Creed,295.0
Wolves,Selena Gomez,198.0
A Better Life,Dream Theater,279.0
River Card,Atlas Sound,200.0
DAYBREAK'S BELL,L'Arc~en~Ciel,252.0
My Hallelujah Song,Julianne Hough,209.0
Windowpane,Opeth,481.0
Bootzilla,Bootsy Collins,337.0
Life Ain't So Shitty,Blind Melon,110.0
It Don't Move Me,Peter Bjorn and John,202.0
Bu$hleaguer,Pearl Jam,238.0
I Have Forgiven Jesus,Morrissey,246.0
Chiclana,Los Delinqüentes,179.0
Suffocate,Green Day,174.0
Change Despair,Lagwagon,116.0
Never Die,Creed,291.0
Five Magics,Megadeth,361.0
Poquito Mas,Infected Mushroom,220.0
Half Time,Amy Winehouse,234.0
Via Chicago,Wilco,315.0
La Reine Trayeuse,Amesoeurs,332.0
Elle Panique,Olivia Ruiz,152.0
Song Against Sex,Neutral Milk Hotel,221.0
For Broken Ears,Chuck Ragan,224.0
Opus 23,Dustin O'Halloran,188.0
Locust Reign,Converge,88.0
Attic Lights,Atlas Sound,224.0
Hold This Woe,Swallow the Sun,485.0
Fermented Offal Discharge,Necrophagist,289.0
Crossing the River Styx,I Am Ghost,116.0
The Infanta,The Decemberists,308.0
Night Bird,Deep Forest,258.0
No Particular Place to Go,Chuck Berry,167.0
Gimme Half,The Devil Wears Prada,262.0
Real Estate,Cypress Hill,225.0
Swing Pool,Blonde Redhead,255.0
Hook and Line,The Kills,125.0
Going Under,Evanescence,215.0
born to Run,K-OS,290.0
I Don't Wanna Grow Up,Tom Waits,152.0
Swamp Thing,The Chameleons,386.0
Words of Tranquility,Koop,314.0
Pjanoo (High Contrast Remix),Eric Prydz,423.0
Whoever She Is,The Maine,221.0
Careful Where You Stand,Coldplay,285.0
Last Day of Magic,The Kills,201.0
"Merge, a Vessel, a Harbour",Great Lake Swimmers,284.0
Puzzle With a Piece Missing,Gotye,340.0
Ka-Ching!,Shania Twain,200.0
Left for Dead,Tactical Sekt,372.0
Breadfan,Metallica,341.0
Where's Summer B.?,Ben Folds Five,248.0
Compulsive Psychosis,Hypocrisy,255.0
Nothing Left 1,Orbital,469.0
Night Bird,Deep Forest,258.0
Sympathy for the Devil,The Rolling Stones,529.0
Not Ready Yet,Eels,287.0
Blue Green,Cutsigh,102.0
Boys Better,The Dandy Warhols,271.0
Ziq Zaq,Modeselektor,327.0
A Year From Now,Across Five Aprils,157.0
Giving Myself,Jennifer Hudson,255.0
Anstromm-Feck 4,Squarepusher,210.0
Bim Bom,João Gilberto,74.0
Bukra Wba'do,Pink Martini,237.0
Fly At Higher Game,Edenbridge,286.0
First of May,Bee Gees,168.0
Old Skool Ting,Breakage,319.0
Sheena Is A Parasite,The Horrors,102.0
Saw Something,Dave Gahan,314.0
Marietta,"Drop Dead, Gorgeous",172.0
No End In Sight,Killswitch Engage,209.0
Mysterons,Portishead,307.0
Enforcers,2562,350.0
A Loaded Smile,Adam Lambert,245.0
Smalltown Boy,Bronski Beat,299.0
Home Again,Carole King,149.0
Hypocrite,Lush,173.0
Tree Village,Dance Gavin Dance,202.0
Breaking Ties,Oceanlab,314.0
Sandbox Magician,The Dillinger Escape Plan,152.0
If You Don't Know Me by Now,Simply Red,206.0
Home of Once Brave,Bathory,401.0
Savoir,Louise Attaque,106.0
You Do Something To Me,Ella Fitzgerald,146.0
Bring Your Whole Crew,DMX,221.0
14th St. Break,Beastie Boys,214.0
Withershins,Watain,62.0
Smithereens,Twenty One Pilots,177.0
Just Like This Train,Joni Mitchell,304.0
Golden Age Of Life,4hero,362.0
"Casanova, Baby!",The Gaslight Anthem,178.0
Move This Mountain,Sophie Ellis-Bextor,285.0
Rubicon,VNV Nation,381.0
Flak,The Future Sound of London,294.0
Filmed In Front Of A Live Studio Audience,United Nations,220.0
The Fireside,Yo La Tengo,685.0
Les Limites,Julien Doré,138.0
"Outro: ""Communion"" (excerpt)",Enslaved,57.0
Word Forward,Foo Fighters,227.0
Falling Stars,Sunset Strippers,197.0
For All Have Sinned,Impending Doom,163.0
Group Four,Massive Attack,492.0
Herr Mannelig,In Extremo,296.0
I Turned You Down,Riverside,275.0
Cape Cod Kwassa Kwassa,Vampire Weekend,212.0
Spider's Web,Katie Melua,238.0
198d,At the Drive-In,244.0
You Part the Waters,Cake,170.0
Can't Be Sure,The Sundays,202.0
El Príncipe de la Dulce Pena,Mägo de Oz,95.0
Hail to the King,Avenged Sevenfold,305.0
Put The Freaks Up Front,dEUS,313.0
Buzz Saw,Xiu Xiu,181.0
The Snow Prelude No.15,Ludovico Einaudi,316.0
At This Velocity,Thursday,176.0
History Repeats,We Are Scientists,237.0
Ebonics,Big L,201.0
Double Agent 616,Sonic Syndicate,236.0
This Island Earth,Misfits,135.0
Air Dance,Black Sabbath,317.0
I Became Awake,Great Lake Swimmers,353.0
Like a Drug,Kylie Minogue,197.0
Bear Hug,The 2 Bears,246.0
She Don't Use Jelly,The Flaming Lips,222.0
Digitalis,Monolake,547.0
Handful Of Nothing,Pain of Salvation,340.0
Techno Dread,2562,332.0
Blood Sugar,Pendulum,313.0
The Cop,The Knife,44.0
"Broken, Beat & Scarred",Metallica,385.0
The Great Disappointment,AFI,327.0
Guilty Partner,New Order,288.0
Crusader of Hopelessness,Refused,173.0
Surfer Calavera,Los Fabulosos Cadillacs,184.0
I Lived My Life To Stand In The Shadow Of Your Heart,A Place to Bury Strangers,340.0
The Suicide Song,Darwin Deez,147.0
Padded Cell,Black Flag,114.0
The Way to Heaven,Buckethead,350.0
We Never Change,Coldplay,249.0
Katy Song,Red House Painters,502.0
The Other Face,Fennesz,206.0
Sexual Eruption,Snoop Dogg,245.0
Word Play,Young Jeezy,195.0
The First Single,The Format,267.0
Höstdepressioner,Lifelover,234.0
Viridian,Between the Buried and Me,171.0
Tymps (The Sick in the Head Song),Fiona Apple,244.0
Digging the Grave,Faith No More,184.0
As You Sleep,Something Corporate,189.0
What Drives The Weak,Shadows Fall,284.0
Not Big,Lily Allen,197.0
You Wish (interlude),Breathe Carolina,93.0
Hora Zero,Rodrigo y Gabriela,352.0
Pocket Piano,DJ Mehdi,273.0
Bring Me Your Cup,UB40,249.0
"Baby Girl, I'm a Blur",Say Anything,259.0
Soul Rebel,Bob Marley & The Wailers,224.0
Crow Hymn,Eagle Twin,901.0
Sunrise in Eden,Edenbridge,513.0
London Leatherboys,Accept,234.0
Melankoli,Lulu Rouge,292.0
Pour Decisions,The Real McKenzies,157.0
Essplode,Animal Collective,203.0
Soft Power,Ladytron,321.0
Going Nowhere Slow,Bloodhound Gang,261.0
Anxiety Hangover,Eyehategod,296.0
The Webs We Weave,Escape the Fate,174.0
Coffin For Head of State,Fela Kuti,1363.0
Son Son,Macaco,220.0
Swallow My Pride,Green River,180.0
Can't Fade Me,311,129.0
Laredo Tornado,Electric Light Orchestra,330.0
Reconstruction Site,The Weakerthans,165.0
One Shine,The Roots,340.0
Twins,The Pains of Being Pure at Heart,199.0
Rapture Rapes the Muses,of Montreal,183.0
Blackstone Rock,Quantic,249.0
Départe,Rosetta,492.0
Chiminea,DJ Koze,371.0
195lbs,Nightmares on Wax,336.0
Mass Strangulation,Bloodbath,212.0
Biblical Violence,Hella,170.0
Anthem Without Nation,Nitin Sawhney,348.0
Getting Away With Murder,Papa Roach,191.0
Wild Out,Collie Buddz,191.0
Cloud Of Stink,Biffy Clyro,176.0
Swim,Jack's Mannequin,256.0
Maktens Spira,Finntroll,208.0
Jimmi Diggin Cats,Digable Planets,222.0
Behemoth,Static-X,181.0
Cygnus....Vismund Cygnus,The Mars Volta,782.0
Live Fast Die Young,Black Tide,181.0
Back to Life,Soul II Soul,236.0
Here's to Life,Bandits of the Acoustic Revolution,321.0
Seven Whispers Fell Silent,Arsis,227.0
I Want You Now,Depeche Mode,225.0
Train Kept a Rollin',Aerosmith,341.0
Tired Bones,Mad Caddies,174.0
There Could Be Nothing After This,Underoath,206.0
Meet Ze Monsta,PJ Harvey,209.0
Cable Babies,Japanther,139.0
Lady Demeter,Tim Armstrong,146.0
Weak And Powerless,A Perfect Circle,192.0
Chickamauga,Uncle Tupelo,223.0
Built for Sin,The Black Dahlia Murder,75.0
Harmonicas Are Shite,Fila Brazillia,391.0
Dream About Me,Moby,201.0
Infinity Farm,Lightning Bolt,167.0
My Love For You,ESG,175.0
Life in the Rain,Quantic,393.0
Straight To Hell,Rage,354.0
Past,Sub Sub,175.0
The Sun In The Stream,Enya,176.0
Heartbreaker,Led Zeppelin,254.0
Being Boring,Pet Shop Boys,409.0
This Ain't Living,G. Love & Special Sauce,393.0
Cloud Of Stink,Biffy Clyro,176.0
Levitate Me,Pixies,157.0
Sappy,Red Velvet,200.0
Ooh Ooh Baby,Britney Spears,208.0
Starspawn,Behemoth,211.0
En Lo Puro No Hay Futuro,Jarabe de Palo,205.0
Bodhisattva Vow,Beastie Boys,188.0
Another Dimension,Liquid Tension Experiment,591.0
Saskatchewan,Superette,328.0
Soil To The Sun,Cage the Elephant,198.0
Godpuppet,The Haunted,120.0
Job,Swans,340.0
Comacabana,Booka Shade,274.0
Bunny Gamer,Xiu Xiu,160.0
Harem In Tuscany (Taranta),Gogol Bordello,213.0
Walk It Off,Angus & Julia Stone,205.0
Modern Morbid Prophecies,Dead Poetic,233.0
Time Waits For No One,The Rolling Stones,398.0
No One Knows I'm Gone,Tom Waits,102.0
You Still Hurt Me,William Fitzsimmons,204.0
Insides,Jon Hopkins,278.0
Title Track,Death Cab for Cutie,209.0
Armour Love,La Roux,233.0
Can't Lose You,Type O Negative,366.0
Coming Down The Hill,El Perro del Mar,153.0
Fashion Is Danger,Flight of the Conchords,140.0
Skyhook,Dance Gavin Dance,174.0
Silence of the Darkness,Kamelot,223.0
There Goes The Fear,Doves,415.0
Descent,Fear Factory,277.0
El Scorcho,Weezer,244.0
BearCan,Metronomy,399.0
Chosen One,The Concretes,191.0
Some Lessons,Melody Gardot,323.0
Get Up Stand Up,Sawa,226.0
Miss U,Blackfield,280.0
Evil Eyes,Dio,224.0
Classic Struggle,Winds of Plague,200.0
Goat,Static-X,228.0
Midnight At The Oasis,Maria Muldaur,216.0
Tire Me,Rage Against the Machine,178.0
Kingdom of the Animals,Iron & Wine,307.0
High Fives,Four Tet,308.0
Still Frame,Trapt,413.0
We All Lose One Another,Jason Collett,258.0
Keep Fishin',Weezer,172.0
Delusions of Grandeur,From Autumn To Ashes,178.0
Sefardim,In Extremo,245.0
Coolidge,Descendents,167.0
Another Town,Regina Spektor,248.0
Early Mornin',Britney Spears,226.0
Grow Up and Blow Away,Metric,253.0
Please,Nine Inch Nails,211.0
Hot Stuff (I Want You Back),The Pussycat Dolls,227.0
One More Magic Potion,Ensiferum,321.0
Can't Take This,Orgy,256.0
Parasites Of Paradise,Mors Principium Est,259.0
You Spin Me Round (Like a Record),Dead or Alive,195.0
Pentecost III,Anathema,234.0
The Christmas Song,Nat King Cole,190.0
In This Shallow Grave,Arch Enemy,294.0
I See You Pan,Animal Collective,625.0
Martyr Me,The Get Up Kids,206.0
Give Me A Sign,Breaking Benjamin,258.0
The Sexuality of Bereavement,My Dying Bride,485.0
Helen,Horse Feathers,260.0
Ghetto Life,Rick James,261.0
Ants of the Sky,Between the Buried and Me,790.0
Dust and Water,Antony and the Johnsons,170.0
badman ballad,Shitmat,295.0
Ronin,Hans Zimmer,113.0
Clean Town,Mando Diao,222.0
More Powah to Yah,Xploding Plastix,327.0
Lion in a Coma,Animal Collective,252.0
House Party At Boothy's,Little Man Tate,251.0
Slanias Song,Eluveitie,341.0
Living On The Ceiling,Blancmange,240.0
All of Us,Zero 7,380.0
We're Already Gone,The Beautiful Girls,304.0
Baby's Insane,Diamanda Galás,279.0
I Can See My House From Here,Evergreen Terrace,180.0
The Crying Orc,Burzum,58.0
The Heart Harmonicon,Colleen,234.0
Red Vines,Aimee Mann,224.0
Avemano Orchestral,Era,260.0
Devil's Dance,Metallica,319.0
Not Ready To Love,Rufus Wainwright,351.0
Brink Of Disaster,MAE,219.0
The High Road,Broken Bells,231.0
If I Could Collapse The Masses,Trivium,282.0
Hear It In The Cans,We Have Band,233.0
Grandmother With AIDS,Agoraphobic Nosebleed,50.0
Katharsis,Nachtmahr,295.0
Velvet Snow,Kings of Leon,130.0
Sun Opens My Eyes,Wavves,201.0
You Learn,Alanis Morissette,240.0
Tuesday Moon,Neutral Milk Hotel,140.0
Trains to Brazil,Guillemots,242.0
One Man Drinking Games,Mayday Parade,279.0
I Can't Help It,Michael Jackson,269.0
Rather Lovely Thing,Nick Cave & Warren Ellis,193.0
House Party At Boothy's,Little Man Tate,251.0
The Gun Song,Ayria,208.0
Die Interviewer (I Am Only Speaking In German),The Chariot,161.0
Bottom,Tool,434.0
Oily Water,Blur,301.0
So Says I,The Shins,168.0
Devil Is A Loser,Lordi,209.0
Profane Creation,Bolt Thrower,332.0
Angels or Devils,Dishwalla,244.0
Personality,Lloyd Price,157.0
Kangaroo,This Mortal Coil,211.0
Tree Village,Dance Gavin Dance,202.0
505,Arctic Monkeys,254.0
Time of the Assassins,Charlotte Gainsbourg,165.0
Með suð í eyrum,Sigur Rós,295.0
With the Sickness,Leftöver Crack,71.0
She Paints Me Blue,Something Corporate,219.0
Freya,The Sword,274.0
Where Angels Play,The Stone Roses,252.0
Oh Messy Life,Cap'n Jazz,123.0
Natural Disasters,Propagandhi,125.0
Let's Live For Today,The Grass Roots,173.0
When I Go,Emancipator,340.0
Market Fresh,Broken Social Scene,237.0
Wrists of Kings,Isis,465.0
El Machete,Antibalas Afrobeat Orchestra,594.0
Paper Lace,Sunset Rubdown,228.0
The Barren Lands,Ihsahn,315.0
Imik Si Mik,Hindi Zahra,233.0
11 O'Clock Tick Tock,U2,281.0
Heart On,Eagles of Death Metal,163.0
Hyped-Up Plus Tax,Dabrye,217.0
Keeper of the Plaguelands,Annotations of an Autopsy,216.0
You Got It All... Wrong,The Hives,162.0
Hyperdrive,Devin Townsend,284.0
Transmigration Macabre,Arch Enemy,250.0
Love Really Hurts Without You,Billy Ocean,179.0
The Shame,The Blood Brothers,336.0
Svarte Vidder,Enslaved,523.0
Gibraltar,The Radio Dept.,95.0
The Harlot Ov The Saints,Behemoth,168.0
Dying Inside,Saint Vitus,445.0
You Shouldn't Be Alive,Ion Dissonance,138.0
Boris The Blade,MyChildren MyBride,272.0
Sleepy Dinosaur,Flying Lotus,115.0
Tangled Up In Me,Skye Sweetnam,162.0
Paraphilia,See You Next Tuesday,122.0
River Card,Atlas Sound,200.0
Jager Yoga,Cansei de Ser Sexy,231.0
Voices in the Fan,Devin Townsend,280.0
All These Years,Camila Cabello,164.0
Only Lovers Left Alive,The (International) Noise Conspiracy,162.0
Happy Ending,Mika,621.0
Vice/Versa,Fair to Midland,236.0
Absinthe,Blood Axis,446.0
Smoking the Edge,Dabrye,193.0
Sketches of St. Antoni,B-Tribe,292.0
World Is Africa,Black Uhuru,687.0
Vanilla Twilight,Owl City,231.0
Lost and Found,The Radio Dept.,249.0
Fireside Favourite,Groove Armada,257.0
The Candle,King Diamond,400.0
Soldier of Fortune,Opeth,209.0
Blue Orchids,Sun Kil Moon,356.0
Run Me Down,The Black Keys,147.0
Right Where I Need To Be,Gary Allan,182.0
I Get Around,The Beach Boys,128.0
Criminal,Fiona Apple,343.0
Spring nicht,Tokio Hotel,248.0
Death Magick for Adepts,Cradle of Filth,354.0
RED SOIL,DIR EN GREY,205.0
Bottom Of The Sea,The Duke Spirit,249.0
Devil Town,Bright Eyes,183.0
Baby Day,Animal Collective,272.0
Happy Violentine,Miss Kittin,380.0
Fire Eye'd Boy,Broken Social Scene,239.0
A Hero Loses Everyday,Silverstein,190.0
Don't Damn Me,Guns N' Roses,318.0
Till the End,Yann Tiersen,469.0
Tabarly,Yann Tiersen,185.0
If Leaving Me Is Easy,Phil Collins,296.0
Smoking,Vavamuffin,300.0
"As It Was, As It Soon Shall Be",Exodus,316.0
Hajimari,Kitaro,215.0
Pledge Resistance,Aiden,172.0
Wildflower,Nostalgia 77,253.0
Crying Days,Therion,272.0
Solve Et Coagula,Mudvayne,169.0
"Road, River and Rail",Cocteau Twins,199.0
Arrows Fly,Edguy,304.0
Twinz (Deep Cover 98),Big Punisher,228.0
Trance Dance,Astral Projection,573.0
Rape Song,Strapping Young Lad,189.0
We Are The Nightmare,Arsis,243.0
Eisler on the Go,Billy Bragg & Wilco,177.0
Clean My Wounds,Corrosion of Conformity,211.0
I'm The Man,Anthrax,183.0
I'm All Over It,Jamie Cullum,219.0
Ben Has A Kid,The Devil Wears Prada,237.0
Miss It So Much,Röyksopp,304.0
Deus Ex Machina,Pure Reason Revolution,341.0
Je pense à toi,Amadou & Mariam,317.0
Gutter,Otep,62.0
U16 Girls,Travis,242.0
Semblance of Liberty,Epica,342.0
Pain Lies On The Riverside,Live,271.0
In Regards To Myself,Underoath,205.0
The Fires...,Primordial,323.0
Sun (acoustic),MAE,322.0
Radio/Video,System of a Down,249.0
Cosmic Retribution,Arch Enemy,239.0
Perhaps Perhaps Perhaps,Doris Day,153.0
8105,Moving Mountains,511.0
Rip Off,T. Rex,219.0
You And Your Heart,Jack Johnson,196.0
Breathe You In,Samantha James,319.0
Wordplay,Jason Mraz,187.0
Astro Boy,Blonde Redhead,259.0
Early Till Late,Cantoma,286.0
I Don't Like Mondays,The Boomtown Rats,259.0
A Life Worth Living,Aereogramme,359.0
Stay Together,Suede,258.0
Forever and for Always,Shania Twain,284.0
Do the Rump,The Black Keys,158.0
Under Your Thumb,The Vaccines,140.0
Carl Barker,Dance Gavin Dance,313.0
Mistreating Queen,Radio Moscow,272.0
The Flying Club Cup,Beirut,185.0
Arbeit Macht Frei,The Libertines,74.0
Reunited,Wu-Tang Clan,148.0
I Am A Man Of Constant Sorrow,The Soggy Bottom Boys,254.0
Wait For Something Wild,Sikth,328.0
Crawl Home,Desert Sessions,180.0
Final Say,Sambassadeur,342.0
Point Of Extinction,Motion City Soundtrack,160.0
Disaster Tourism,mewithoutYou,179.0
Carousels,Beirut,263.0
Run Me Down,The Black Keys,147.0
The Ghost Of You and I,Story of the Year,235.0
The Supreme Illusion,Thievery Corporation,250.0
Alastika,Moving Mountains,317.0
Bambi the Hooker and a Case of Beer,The Number Twelve Looks Like You,55.0
Holy Diver,Dio,351.0
Forged In Fire,Winds of Plague,215.0
Province,TV on the Radio,277.0
Hey Jane,Spiritualized,531.0
The One Who Knows,Yesterday's New Quintet,224.0
Ebudae,Enya,116.0
Miss Meri,Two Gallants,199.0
Nocturnal Fear,Celtic Frost,218.0
I'm Your Pusher,Scooter,241.0
Angry Today,Wolfsheim,236.0
Fallen Children,Paradise Lost,218.0
Hail to Whatever You Found in the Sunlight That Surrounds You,Rilo Kiley,201.0
You Get What You Give,New Radicals,299.0
Just For A Day (Sunday),TM Juke,236.0
A Wish For Something More,Amy Macdonald,225.0
"War, Wisdom and Rhyme",Baroness,265.0
S.O.B.,Nathaniel Rateliff & the Night Sweats,248.0
Stripped,Depeche Mode,231.0
Cash'n'Carry Acid,Luke Vibert,264.0
Frikitona,Plan B,183.0
The Hopeless Pursuit Of Remission,Venetian Snares,263.0
Sea of Whispers,Eternal Tears of Sorrow,254.0
When The Night Comes,Joe Cocker,283.0
"Hægt, kemur ljósið",Ólafur Arnalds,334.0
Lordy Lordy,The Distillers,140.0
Stones,Sonic Youth,427.0
Jeannie's Diary,Eels,213.0
Ochrasy,Mando Diao,198.0
When the Water Breaks,Liquid Tension Experiment,1018.0
Kake Is At The Dampf,Beginner,512.0
Never Will I Break,3 Doors Down,230.0
Chapter VIII,Estatic Fear,196.0
My Antichrist,Norther,205.0
Funchameleon,Infected Mushroom,415.0
Sweet Darlin',She & Him,163.0
Robin (The Hooded Man),Clannad,169.0
Tragic Hero,Funker Vogt,303.0
Slide In,Goldfrapp,258.0
I.D.G.A.F.,Breathe Carolina,194.0
Brown Eyed Blues,Ben Harper,342.0
Wrists of Kings,Isis,465.0
Darkness Before Dawn,Killing Joke,322.0
Your Wall's Too High,Steppenwolf,343.0
Que Sera,Wax Tailor,164.0
Fuil Arsa,Primordial,272.0
Lullaby in Winter,Green Carnation,470.0
A Time to Be So Small,Interpol,291.0
July Jones,The New Pornographers,259.0
Dead Planet,Oceano,205.0
Rollout (My Business),Ludacris,283.0
Start The Machine,Angels & Airwaves,251.0
Heartshaped Abyss,Moonspell,248.0
A Wolfchant From The Mountain Side,Wolfchant,307.0
How To Hang A Warhol,Little Joy,130.0
Man Research (Clapper),Gorillaz,273.0
Ultimate Satisfaction,Bear in Heaven,266.0
Spare-Ohs,Andrew Bird,247.0
People C'mon,Delta Spirit,205.0
I'd Tell You But...,Anti-Flag,131.0
Candy Andy Jane,Supershine,212.0
Romulus,Sufjan Stevens,282.0
The Rooster,OutKast,237.0
A Man Without Love,Engelbert Humperdinck,205.0
Fax Shadow,Toro y Moi,170.0
Meddler,August Burns Red,234.0
Man-Made,Archive,278.0
Dancing Drums,Badmarsh & Shri,500.0
Better?,Propellerheads,123.0
Black Wave/Bad Vibrations,Arcade Fire,238.0
Self Esteem,The Offspring,258.0
Kitty Litter,Placebo,228.0
Micah,Russian Circles,483.0
Rex Regi Rebellis,Turisas,430.0
Buster Voodoo,Rodrigo y Gabriela,326.0
Head Up High,Black Rebel Motorcycle Club,336.0
Via Chicago,Wilco,315.0
The Slayer,Refused,136.0
Believe Achieve,Cansei de Ser Sexy,216.0
Ant Farm,Eels,132.0
Nothin' But The Taillights,Clint Black,234.0
Shock Me,Baroness,257.0
Ulcer Breakout,Butthole Surfers,155.0
I Want You!,Peter Bjorn and John,220.0
La Bayamesa,Buena Vista Social Club,174.0
Swan Lake,Pyotr Ilyich Tchaikovsky,171.0
Capeside Rock,From Autumn To Ashes,245.0
twirl,Venetian Snares,269.0
Hard Tits,Jackson and His Computer Band,193.0
Touch 2 Feel,Girl Talk,218.0
Paint It Black,The Rolling Stones,202.0
Tequila Fish,Squarepusher,369.0
We All Wanna Be Prince,Felix da Housecat,213.0
Temazcal,Monsters of Folk,229.0
A Tender History In Rust,Do Make Say Think,307.0
Ye Entrancemperium,Emperor,315.0
Were You Thinking of Me?,Yonderboi,203.0
Blue Eyed Fiend,Sonic Syndicate,236.0
Everything Evil,Coheed and Cambria,351.0
Dr. Bones,Cherry Poppin' Daddies,220.0
This Is The Future,Owl City,174.0
Condition Oakland,Jawbreaker,318.0
The Magic Hour,Pretty Girls Make Graves,196.0
Another One Bites the Dust,Queen,215.0
Candle,Sonic Youth,299.0
She Thinks I Still Care,George Jones,156.0
A Mundane Phonecall to Jack Parsons,A Sunny Day In Glasgow,201.0
Long Way From Home,The Heavy,199.0
Blood Ritual,Klaus Badelt,212.0
Prayer,Disturbed,219.0
Fornfamnad,Finntroll,223.0
Exhausted,Foo Fighters,350.0
The Supreme Illusion,Thievery Corporation,250.0
Superfresh,Boys Noize,319.0
Untrust Us,Crystal Castles,189.0
Every Time You Go,Ellie Goulding,205.0
Clouds Up,Air,90.0
Paperbag Writer,Radiohead,238.0
Sweet Avenue,Jets to Brazil,315.0
To Ashes,Shadows Fall,361.0
Face the Facts,Cro-Mags,101.0
Boring,blink-182,102.0
The Stops,Elbow,303.0
Hammer and Life,Exodus,211.0
Impossible Brutality,Kreator,271.0
In My Tears,Emigrate,274.0
The Ring Song,The Bravery,205.0
The Same,Dark Tranquillity,190.0
"Holy Blood, Holy Grail",Marduk,148.0
Midnight Bird,Eternal Tears of Sorrow,287.0
When You Smile,The Flaming Lips,183.0
The Yellow King,Anaal Nathrakh,294.0
Friend of the Devil,Grateful Dead,203.0
Sorry I Make You Lush,Wagon Christ,224.0
Black Mud,The Black Keys,129.0
Another Breakfast With You,Ladytron,184.0
Dirty Frank,Pearl Jam,341.0
In the Waiting Line,Zero 7,270.0
Naita,Ojos de Brujo,226.0
Tube Snake Boogie,ZZ Top,184.0
Blood Ritual,Klaus Badelt,212.0
Milking,Deerhoof,218.0
Say It Like You Mean It,Matchbook Romance,262.0
Bambi the Hooker and a Case of Beer,The Number Twelve Looks Like You,55.0
Move Higher,Sub Focus,253.0
Jah Ina Yuh Life,Gentleman,222.0
Last Tide,Sun Kil Moon,176.0
Cups,Underworld,487.0
Ojalá,Silvio Rodríguez,212.0
Endless Endings,The Dillinger Escape Plan,153.0
Empty Hearts,As I Lay Dying,169.0
Hostages,Dead Poetic,203.0
Willful Suspension of Disbelief,Modest Mouse,219.0
Titus Andronicus Forever,Titus Andronicus,115.0
Suspicious Eyes,The Rakes,228.0
Bright Sunny South,Alison Krauss & Union Station,188.0
We Are All We Have,The Casualties,185.0
Waging War,Hellyeah,185.0
I Can't See You,Aemen,381.0
Hearing Voices,Suicidal Tendencies,253.0
Cold Gin,Kiss,326.0
Fields of Desolation,Arch Enemy,331.0
Figures,The Whitest Boy Alive,236.0
3D Sex Show,Shitdisco,216.0
Predator; Never Prey,The Acacia Strain,212.0
Sweet Demure,Beats Antique,307.0
Gourmandises,Alizée,256.0
Body,Sean Paul,251.0
Beyond the Hourglass,I Am Ghost,357.0
IRM,Charlotte Gainsbourg,155.0
Laughing Stock,Grandaddy,360.0
Child of Curiosity and the Old Man of Knowledge,Mortiis,333.0
It's Over Now,112,265.0
Alpha Shallows,Laura Marling,222.0
Satan's Hunger,Watain,406.0
We Have a Map of the Piano,múm,320.0
The Heinrich Maneuver,Interpol,209.0
Get To Know Ya,Maxwell,261.0
Repair Machines,Vitalic,225.0
Ladykillers,Lush,197.0
Got Ur Self A...,Nas,229.0
Madness Caught Another Victim,Evergrey,180.0
Mountain Man,Dinosaur Jr.,209.0
Beautiful Day Without You,Röyksopp,329.0
Proxima Centauri,At the Drive-In,166.0
Elaine,ABBA,225.0
Say That,Toro y Moi,283.0
This Cowboy Song,Sting,300.0
Army Dreamers,Kate Bush,174.0
Cool Out,Leroy Hutson,179.0
Just So You Know,Jesse McCartney,234.0
Rise Above,Black Flag,147.0
Kill The King,Megadeth,223.0
Tighter & Tighter,Soundgarden,366.0
Blueeyed Devil,Soul Coughing,253.0
We Run Things,Jamie Cullum,211.0
O Papa É Pop,Engenheiros Do Hawaii,228.0
Through the Red,At the Gates,209.0
Drip Drop Teardrop,The Cardigans,203.0
Pachad,Yael Naim,268.0
The Latest Plague,From First to Last,199.0
Luxurious,Gwen Stefani,265.0
My Empty Room,Queensrÿche,92.0
Age Of Loneliness (Enigmatic Club Mix),Enigma,250.0
Baby's Insane,Diamanda Galás,279.0
"Don't Be Afraid, You Have Just Got Your Eyes Closed",múm,344.0
"Alanson, Crooked River",Sufjan Stevens,79.0
Whatever Happened,Radio Moscow,201.0
Wie tief?,Eisbrecher,264.0
Over It Over Again,She & Him,208.0
It's a Fine Day,Opus III,331.0
Grand Illusion,Miami Horror,153.0
Disfigured,Cannibal Corpse,227.0
Raise Your God,Suicide Commando,247.0
Switch Opens,Soundgarden,233.0
Good Weekend,Art Brut,170.0
Crazy/Forever,Japandroids,366.0
Pida Me La,Gipsy Kings,197.0
When the Sun Shone on Vetiver,Devendra Banhart,215.0
Wütend Genug,Wir sind Helden,269.0
Forever And Always,Bullet for My Valentine,406.0
Without Regret,Akissforjersey,200.0
The Way to Heaven,Buckethead,350.0
Massive Blur,Melissa Ferrick,222.0
Zambra,Ojos de Brujo,406.0
Silver Sun,Crystal Stilts,183.0
Book IX,Caspian,344.0
Indecision,Shura,214.0
Cosmic Call,The Evpatoria Report,847.0
The Debt Collector,Blur,131.0
How I Became Paranoid,Cansei de Ser Sexy,206.0
Cornelius,The Bloody Beetroots,252.0
Velouria,Pixies,226.0
What Up Gangsta,50 Cent,179.0
Ddamm,Slayer,61.0
Then He Kissed Me,The Crystals,152.0
Swim,Jack's Mannequin,256.0
Down The Line,José González,193.0
Candy Shoppe,Emeralds,286.0
Cover My Eyes,La Roux,272.0
XXZXCUZX Me,Crystal Castles,114.0
Last Girl on Earth,Supreme Beings of Leisure,256.0
Lacrima Mosa,Lacrimosa,316.0
She's So Strange,Travis,195.0
Night Drive,Jimmy Eat World,303.0
Preacher Crawling,Pig Destroyer,89.0
Medicine Ball,Eminem,237.0
Beating Heart,Ellie Goulding,208.0
I Seen What I Saw,16 Horsepower,249.0
Erla's Waltz,Ólafur Arnalds,135.0
Faith Works,Soldiers of Jah Army,304.0
A Ghost Story,Atlas Sound,164.0
Forty Days And Forty Nights,Muddy Waters,173.0
Can't Be Saved,Senses Fail,188.0
Matate Tete,Molotov,271.0
Don't Stop At The Top,Children of Bodom,204.0
Dirt And Blood,Antibalas Afrobeat Orchestra,536.0
Given,Seether,227.0
"Weeping Rock, Rock",múm,378.0
You Dress Up For Armageddon,The Hives,189.0
Naita,Ojos de Brujo,226.0
What's the Use?,Mac Miller,289.0
Everything Is Fair,A Tribe Called Quest,178.0
Switch On,Paul Oakenfold,246.0
Ad Noctum,Borknagar,263.0
Gotta Find You,Joe Jonas,242.0
Punchdrunk Lovesick Singalong,Radiohead,280.0
Don't Close Your Eyes,Parkway Drive,282.0
"Vi två, 17 år",Håkan Hellström,236.0
Pentonville,Babyshambles,230.0
Athene,Hercules and Love Affair,240.0
Feathers And Down,The Cardigans,270.0
Heresy,Nine Inch Nails,234.0
Paris Streatham,Cujo,297.0
Princesse voiture,Sexy Sushi,169.0
Apocalypshit,Molotov,247.0
Omegadrones,Dope Stars Inc.,409.0
Nevergreen,Emancipator,216.0
Prostatic Fluid Asphyxiation,Whitechapel,213.0
The Bakery,Arctic Monkeys,177.0
Ghostship,Menomena,148.0
Baggy Trousers,Madness,166.0
Of Ancient Wounds,Kiuas,213.0
Host Disorder,Every Time I Die,149.0
Solo City,Booka Shade,275.0
World Anarchy,Kreator,235.0
You'll Always Find Your Way Back Home,Hannah Montana,224.0
Can't Stay The Same,Saves the Day,168.0
Better Unborn,Amorphis,352.0
I Love You Anyways,Travis,331.0
An Interlude,The Decemberists,100.0
Half Asleep,School of Seven Bells,261.0
The Voiceless,And So I Watch You From Afar,388.0
"Sleep After Toyle, Port After Stormie Seas",Kammarheit,418.0
Immortal Rites,Morbid Angel,244.0
Work It,Missy Elliott,262.0
I Came Running,Ancient Astronauts,239.0
Hong Kong Express,Cyantific,334.0
Neon Rider,Junior Boys,128.0
In State,Kathleen Edwards,236.0
It's That Time Again,The Dodos,89.0
In The Woods,NORA&LEO,100.0
Swordfish Hotkiss Night,Empire of the Sun,236.0
Chapter 24,Pink Floyd,222.0
Science Fiction,Rufio,185.0
The Walls Are Coming Down,Fanfarlo,255.0
Burnt Orange Peel,Beck,99.0
Miss Modular,Stereolab,269.0
Mass Pike,The Get Up Kids,205.0
To the Wind,Neurosis,460.0
Always Will Be,HammerFall,290.0
Jesus and Tori,The Number Twelve Looks Like You,198.0
Pity,Drowning Pool,173.0
Tessio,Luomo,730.0
Child Of Dust,Thrice,190.0
Cough/Cool,Misfits,137.0
The Darkest Day of Man,Whitechapel,180.0
A Cut Inside My Soul,Agonoize,256.0
Wretched World,Converge,431.0
Dreaming Neon Black,Nevermore,386.0
Aikea-Guinea,Cocteau Twins,241.0
This Celluloid Dream,AFI,250.0
Introibo ad Alatare Satanas,Gorgoroth,53.0
In A Close Encounter,Soilwork,172.0
Make It Tonight,High Contrast,454.0
The Bell,Mike Oldfield,419.0
Papercut Skin,The Matches,205.0
Electable (Give It Up),Jimmy Eat World,177.0
Perfect Gentleman,Wyclef Jean,249.0
My Body's a Zombie for You,Dead Man's Bones,271.0
The Crimson Void,Neaera,305.0
Send The Death Storm,The Red Chord,205.0
Diäb Soulé,Acid Bath,274.0
Alta Noite,Marisa Monte,229.0
Locust Reign,Converge,88.0
Sleep/Swim,múm,50.0
Make Your Mind Up,Chairlift,265.0
"Die Wahrheit ist, man hat uns nichts getan",Kettcar,210.0
Like a Cat,The Number Twelve Looks Like You,211.0
New Dope,Funki Porcini,197.0
Salka,Sigur Rós,370.0
My Demons,Distance,292.0
Diyala,Tiamat,86.0
Julie Paradise,Screaming Trees,308.0
Silvertown Blues,Mark Knopfler,332.0
Bear Witness,Dr. Octagon,181.0
The Hole in Me,Blackfield,167.0
Time Thief,Pale Saints,209.0
Falling Up,Dillon Francis,244.0
The Stroke,Billy Squier,219.0
Epidemic,Slayer,143.0
In This Together,Apoptygma Berzerk,267.0
One Thousand Times Decapitation,Cattle Decapitation,64.0
In Truth,Paradise Lost,294.0
Duckpond,Millencolin,170.0
Plastic Plan,CKY,234.0
Seaward,The Acacia Strain,256.0
Sunflower River Blues,John Fahey,156.0
Diamond On A Landmine,Billy Talent,271.0
Big Red Machine,Justin Vernon + Aaron Dessner,279.0
Smokescreen,Amusement Parks On Fire,251.0
Rearview Mirror,Pearl Jam,421.0
Vermilion Pt. 2 [Bloodstone Mix],Slipknot,220.0
Defrag My Heart,Britta Persson,160.0
Catastrophic Hybridization,Annotations of an Autopsy,352.0
Work On You,MSTRKRFT,363.0
Stick Out,Melt-Banana,48.0
I Was Playing Drums,Efterklang,314.0
Dance Monkey,Tones And I,209.0
Boneyard,Impetigo,174.0
Ships Passing Through The Night,Jimi Hendrix,352.0
Artificial Sun Projection,Scar Symmetry,240.0
I Adore You,Queen Adreena,205.0
Talk Talk Talk Talk,Love Is All,169.0
Wake Up Pretty,A Sunny Day In Glasgow,120.0
Superconnected,Broken Social Scene,340.0
Tops,The Rolling Stones,225.0
Locked Up,Akon,235.0
Day 69,Decapitated,193.0
All The World Is Mad,Thrice,238.0
Dipshit,Rufio,174.0
Syndrome,Deathstars,189.0
Am I Going Insane (Radio),Black Sabbath,257.0
Blowing It,Dinosaur Jr.,165.0
Chest And Horns,Winds of Plague,240.0
Sine Wave,Mogwai,295.0
Could This Be Real (Joker Remix),Sub Focus,252.0
Leave Me Out,Orgy,200.0
Annie,Mac DeMarco,191.0
Dying Days,Screaming Trees,290.0
I Don't Believe In Your Love,Avantasia,334.0
Adventures In Solitude,The New Pornographers,257.0
Ooby Dooby,Creedence Clearwater Revival,127.0
Cathar Rhythm,Era,199.0
White Daisy Passing,Rocky Votolato,191.0
Cardinal Zero,Paradise Lost,268.0
This Dust Makes That Mud,Liars,1808.0
The Booker Tease,The Residents,67.0
Lock and Key,Rush,310.0
Bad Crumbs,Animal Collective,104.0
Butterfly Fly Away,Miley Cyrus,285.0
Yule Shoot Your Eye Out,Fall Out Boy,221.0
Beautiful Stranger,Madonna,261.0
People Say,Portugal. The Man,179.0
Fight With Tools,Flobots,291.0
Swallow People Whole,The Receiving End of Sirens,345.0
Must Kill,Cavalera Conspiracy,356.0
Elegia,New Order,296.0
Blue Clouds,Modeselektor,362.0
From Memory (Matrix Remix),Mistabishi,451.0
Scarlet Hourglass,Pig Destroyer,57.0
.44,PsyOpus,53.0
I'm With Stupid,Static-X,204.0
Four Fingered Fisherman,Sun Kil Moon,162.0
Basic Space,The xx,188.0
The Venom Inside,Chimaira,282.0
No Culture Icons,The Thermals,192.0
Drag,Placebo,201.0
Slipping Away,Moby,219.0
Alex English,Dance Gavin Dance,266.0
Sigur 7 (Untitled),Sigur Rós,780.0
Enjoy The Sound,Smolik,250.0
In the Waiting Line,Zero 7,270.0
Outer Shpongolia,Shpongle,153.0
A Million Love Songs,Take That,233.0
Change the System,Rebelution,363.0
A Predator's Portrait,Soilwork,271.0
Torch Song,AFI,225.0
Waves of Rye,Department of Eagles,263.0
Cloud Pleaser,Black Dice,104.0
My Moon My Man,Feist,228.0
Balloon Maker,Midlake,303.0
When All Light Dies,Trivium,383.0
Heartbeat,Childish Gambino,271.0
Hellhound On My Trail,Robert Johnson,158.0
Feel That Fire,Dierks Bentley,202.0
Que Se Bote,Orishas,255.0
Third Stone From The Sun,Jimi Hendrix,405.0
Light Fuse And Get Away,Dream Theater,442.0
Triumphant,Röyksopp,261.0
Snow Tip Cap Mountain,The Octopus Project,134.0
Many Of Horror,Biffy Clyro,259.0
My Society,De-Phazz,219.0
I Don't Believe In Your Love,Avantasia,334.0
Gritty Shaker,David Holmes,401.0
The Conspiracy of Seeds,65daysofstatic,428.0
First of May,Bee Gees,168.0
Nasty Silence,Moderat,193.0
Wrists of Kings,Isis,465.0
On and On and On,Wilco,242.0
I Won,The Sundays,263.0
Mit jedem Deiner Fehler,Philipp Poisel,260.0
Crystal Night,Masterplan,317.0
That's When I Love You,Phil Vassar,252.0
Sleep Warm,Cornelius,283.0
The Concussion Machine Process,Eyehategod,140.0
Target Audience (Narcissus Narcosis),Marilyn Manson,258.0
Anywhere Is,Enya,238.0
Blue Jeans & White T-Shirts,The Gaslight Anthem,208.0
No Dark Things,Echo & the Bunnymen,269.0
Bury Me an Angel,Arch Enemy,220.0
Le Garage,The Futureheads,106.0
Used For Glue,Rival Schools,200.0
Gold Mine Gutted,Bright Eyes,236.0
Call An Ambulance,"Albert Hammond, Jr.",192.0
Don't Wait,Bonobo,318.0
Last of Days,A Fine Frenzy,253.0
The Runaways,Anberlin,200.0
You're Gonna Miss Me When I'm Gone,Brooks & Dunn,292.0
Intestinal Incubation,Necrophagist,252.0
Opus Eclipse,Therion,220.0
Carve Your Heart Out Yourself,Dashboard Confessional,223.0
Rotting Misery,Paradise Lost,316.0
Dope Nose,Weezer,137.0
I Don't Want to Grow Up,Descendents,81.0
Minerva,Deftones,258.0
Flowers Grow Out of My Grave,Dead Man's Bones,159.0
Clickity Clack,Alela Diane,230.0
Joined at the Ass,Cattle Decapitation,81.0
This Celluloid Dream,AFI,250.0
Zina-Marina,Gogol Bordello,259.0
The Ghost Who Walks,Karen Elson,182.0
Verbal Abuse/Leeches,Slayer,118.0
Agent Orange,Depeche Mode,304.0
Central and Remote,Grizzly Bear,294.0
Snooks (Progress Report),Elbow,240.0
Lonely People,America,154.0
Depends,blink-182,169.0
Sad Transmission,The Raveonettes,188.0
World Anarchy,Kreator,235.0
Assassinate Me,Jesus On Extasy,231.0
Rock and Roll Is King,Electric Light Orchestra,187.0
A French Love,Anna Ternheim,234.0
I See Houses,The Verve,342.0
My Wine in Silence,My Dying Bride,354.0
Skin Trade,Duran Duran,357.0
Ascension (Don't Ever Wonder),Maxwell,346.0
Fire Power,Wolfgang Gartner,416.0
Cause = Time,Broken Social Scene,331.0
My Old School,Steely Dan,349.0
A Bite Out of my Bed,The New Pornographers,193.0
Arms Of A Woman,Amos Lee,252.0
Mr. Blue Sky,Electric Light Orchestra,304.0
Hit The Lights,Black Tide,222.0
Breathe You In,Samantha James,319.0
Don't Look Back in Anger,Oasis,288.0
Nightmares by the Sea,Katatonia,256.0
Camilla,Basshunter,194.0
Bury The Difference,Dead Poetic,213.0
Gin & Milk,Dirty Pretty Things,186.0
Mirrored,Beatsteaks,199.0
She's Crafty,Beastie Boys,215.0
Pleasant Valley Sunday,The Monkees,187.0
Besatt,Lifelover,216.0
George's Helper,Pete Murray,231.0
"Come On, Come Over",Jaco Pastorius,233.0
Colourful,Skream,313.0
Ending Theme,Pain of Salvation,299.0
"Dead Cities, Red Seas & Lost Ghosts",M83,1059.0
Knives Out,Radiohead,255.0
Young Bride,Midlake,292.0
In Ear Park,Department of Eagles,243.0
Endless Endings,The Dillinger Escape Plan,153.0
Earthworm,Ohgr,198.0
Tony The Tiger,Manchester Orchestra,189.0
Energy of Death,Apostle of Hustle,215.0
Ordovician Fauna,Radio Moscow,122.0
Second Chances,Gregory Alan Isakov,229.0
All The Time,Bahamas,235.0
On Most Surfaces,The Gathering,415.0
Calyx Virago,Xandria,217.0
Bright Red Star,Stereophonics,220.0
No Lie,2 Chainz,238.0
She Got Me Twisted,Seeed,192.0
Total Eclipse of the Moon,Enigma,137.0
Anstromm-Feck 4,Squarepusher,210.0
Evil Inside Me,Amberian Dawn,229.0
Misty Mountains,Richard Armitage,100.0
Constant,Dark Tranquillity,182.0
Brainfeeder,Flying Lotus,92.0
The Voices That Betray Me,As I Lay Dying,177.0
Verne,Novembre,345.0
Seeplymouth,Volcano Choir,404.0
Like a Rolling Stone,Bob Dylan,368.0
Ayahuasca,1200 Micrograms,542.0
Just Couldn't Tie Me Down,The Black Keys,178.0
Sans Toi,Hey,240.0
Deconstruction,All Shall Perish,170.0
Hallelujah (club mix),Happy Mondays,389.0
Hypocrites,Korn,230.0
Elektro M.J.,Le Peuple de l'Herbe,266.0
Like The Oar Strikes The Water,Grand Magus,194.0
Pot Sounds,Meat Beat Manifesto,127.0
Love Sweet Sound,Groove Armada,276.0
Could Be Anything,The Eames Era,225.0
Dance With You,Live,277.0
Angel From Montgomery,John Prine,297.0
Don't You Forget,Era,222.0
My Maudlin Career,Camera Obscura,259.0
Don't Let Me Fall,Lenka,171.0
The Levy,From First to Last,229.0
Broken Vow,Josh Groban,274.0
Ladybird,Ladytron,278.0
The Last Laugh Of The Laughter,Travis,260.0
If You Keep Losing Sleep,Silverchair,201.0
Love Shack,The B-52's,324.0
"You Lost, You're Crazy",Big D And The Kids Table,128.0
The Next Time Around,Little Joy,157.0
Sophisticated Cissy,The Meters,177.0
Is This Thing On?,The Promise Ring,218.0
Nothing Brings Me Down,Emilíana Torrini,236.0
Playing The Part,Comeback Kid,101.0
Endless Sleeper,The Raveonettes,175.0
Long Live Mice in the Metro,Colleen,171.0
Bottom Feeders,Misery Index,126.0
Foreign Country,The Concretes,105.0
Ruptured Heart Theory,Eyehategod,214.0
The Blackest Lily,Corinne Bailey Rae,218.0
Don't Go Down to Sorrow,65daysofstatic,415.0
Like a Daydream,Ride,187.0
Night Terrors,Static-X,189.0
Christ for President,Billy Bragg & Wilco,163.0
Something I Need,OneRepublic,240.0
Cha Cha,Balkan Beat Box,251.0
On My Horsey,Moloko,35.0
Lips Are Unhappy,Lucky Soul,190.0
We Are the Sleepyheads,Belle and Sebastian,214.0
Unleashing the Bloodthirsty,Cannibal Corpse,231.0
Sing Sang Sung,Air,188.0
A Voice To Calm You Down,Anna Ternheim,169.0
Indecision,Shura,214.0
"Ah, Weir",Yeasayer,81.0
One One One,Hot Chip,214.0
Krupa,Apollo 440,376.0
Too Young To Love,The Big Pink,250.0
Confucius,The Skatalites,176.0
The Trial,Pink Floyd,319.0
Song for Maggie,Jazzamor,221.0
Birth Of The Anti Mother,Norma Jean,168.0
Sick ZiP Everywhere,Melt-Banana,112.0
Svampfest,Finntroll,123.0
Song for Children,Brian Wilson,136.0
Ugla,Amiina,240.0
Dear Sun,October Tide,212.0
Dirty Vampire Feeding Frenzy,Johnny Truant,305.0
City Love,John Mayer,240.0
Telegraph,Orchestral Manoeuvres in the Dark,178.0
Eyes Of Horror,Amon Amarth,215.0
Shasta Beast,Eagles of Death Metal,146.0
Knowledge God,Raekwon,265.0
La Isla Bonita,Madonna,243.0
Half a Canyon,Pavement,370.0
We Will Fall Together,Streetlight Manifesto,289.0
As He Creates So He Destroys,Nile,276.0
Driven Like the Snow,The Sisters of Mercy,388.0
Losing My Edge,LCD Soundsystem,472.0
Holy Shadows,Edguy,270.0
Stare At The Sun,Thrice,203.0
Die Lüge,Annett Louisan,210.0
Divisive,We Have Band,226.0
"Courtesy Of The Red, White And Blue (The Angry American)",Toby Keith,196.0
Apologies to Insect Life,British Sea Power,171.0
Nightdrive With You,Anoraak,363.0
One Brick,Aesop Rock,272.0
The Vaguest Of Feeling,Franz Ferdinand,230.0
Theme From a NOFX Album,NOFX,257.0
Mind Killer,Freeland,208.0
Electric Machine,Acid King,385.0
Grand Designs,Rush,307.0
Forsaker,Katatonia,246.0
Back to Black,Amy Winehouse,240.0
Love and War,Drowning Pool,218.0
Pleasure In Pain,Chimaira,185.0
Masters of War,Bob Dylan,338.0
Oh My,Ladyhawke,205.0
Our Town,James Taylor,248.0
Exit Music (For A Film),Christopher O'Riley,266.0
A Distorted Reality Is Now a Necessity to Be Free,Elliott Smith,275.0
14th St. Break,Beastie Boys,214.0
For The Movies,Buckcherry,275.0
Runamoine,Korpiklaani,243.0
Heaven's Sake,Mistabishi,245.0
VHS Dream,Deerhunter,153.0
Andalusian Nights,Govi,324.0
Hands Of Time,Groove Armada,262.0
Devil's Plaything,Danzig,254.0
Climbing Up The Walls,Easy Star All-Stars,296.0
A Good Start,Maria Taylor,253.0
The Snake And The Moon (Remastered),Dead Can Dance,372.0
The Day I Died,Just Jack,216.0
Bebot,Black Eyed Peas,210.0
Requiem,Lamb of God,251.0
Some Girls Are Bigger Than Others,The Smiths,198.0
The Black Flame,Nile,201.0
Red Clay,Freddie Hubbard,729.0
Sun God,Cut Copy,907.0
End Begins,DeadLock,226.0
Patterns in the Ivy,Opeth,112.0
Attack The Doctor,Blockhead,346.0
Jag vill ha en egen måne,Ted Gärdestad,197.0
Blacken The Cursed Sun,Lamb of God,328.0
What If,Coldplay,299.0
Fannin Street,Tom Waits,256.0
Chapter IV,Estatic Fear,632.0
La Frontera,Lhasa de Sela,183.0
Kirschenessen,Pole,321.0
I Better Be Quiet Now,Elliott Smith,215.0
To the Rescue,Danny Elfman,218.0
Family Values,Johnossi,211.0
I Want Some More,Dan Auerbach,227.0
Going In Blind,P.O.D.,268.0
It's Like That,Mariah Carey,203.0
Conviction Notice,Less Than Jake,155.0
Work For Love,Ministry,284.0
Cosmos,Telemetrik,402.0
Love Kills,Robyn,267.0
Violet Hill,Coldplay,221.0
Both Blood,Fear My Thoughts,246.0
The Downfall of Us All,A Day to Remember,209.0
Pretend We're Dead,L7,208.0
Skyline,Omnium Gatherum,270.0
Crazy/Forever,Japandroids,366.0
I Don't Understand,London Elektricity,277.0
Blind To You,Collie Buddz,226.0
The Lovecats,The Cure,219.0
You're My Baby,Robin Thicke,257.0
Make Me Dream,Flying Saucer Attack,266.0
Believe Achieve,Cansei de Ser Sexy,216.0
Eyes Burst At Dawn,Darkthrone,211.0
Blind My Mind,Flunk,277.0
Don't Forget To Remember,Bee Gees,211.0
No. 6 Von Karman Street,A Sunny Day In Glasgow,256.0
Oddychaj,Mikromusic,249.0
Herzeleid,Rammstein,222.0
Activa,Deerhunter,109.0
Lit Up,The National,175.0
An Understanding,Harry Gregson-Williams,253.0
Eyes Shut,Years & Years,205.0
Jettin',Digable Planets,279.0
The Way I Are,Timbaland,228.0
The Fluke,Devin Townsend,436.0
Suicide,Kai Tracid,432.0
Old,Machine Head,246.0
Pencil Rot,Stephen Malkmus,248.0
Twin Peaks,Surfer Blood,218.0
Boy Boy Boy,Andhim,422.0
Bend Your Arms To Look Like Wings,Funeral for a Friend,261.0
Life Less Frightening,Rise Against,224.0
"Grow On, Grow Up, Grow Out",Moving Mountains,385.0
Shyness,Thieves Like Us,219.0
Damn I Wish I Was Your Lover,Sophie B. Hawkins,323.0
Wouldn't Mama Be Proud?,Elliott Smith,206.0
Clouds,Enslaved,369.0
Unleash the Bastards,Municipal Waste,117.0
Taking Chances,Sharon Van Etten,230.0
Run Run,Indila,226.0
Schwip Schwap,Black Dice,121.0
Présence,Dark Sanctuary,315.0
After Class,Atlas Sound,209.0
Devil's Path,Dimmu Borgir,367.0
Aged Dolls,...And You Will Know Us by the Trail of Dead,437.0
Wrong Side,Strapping Young Lad,214.0
Crepuscule With Nellie,Thelonious Monk,275.0
Ghost Under Rocks,Ra Ra Riot,267.0
Wolves At The Door,Senses Fail,208.0
Da Ya Think I'm Sexy?,Rod Stewart,221.0
The Legacy Of Odio,In This Moment,247.0
Haven't We Met Before,Timo Maas,154.0
The Things We Do For Love,10cc,200.0
Brothers Of Metal (Part 1),Manowar,235.0
Immer wieder,Madsen,209.0
Party Line,The Kinks,155.0
Croaking Lizard,The Upsetters,205.0
Stillness Is the Move,Dirty Projectors,320.0
Mestizaje,Ska-P,271.0
Hazardous Mutation,Municipal Waste,80.0
Reliance,Flaw,205.0
To Hell,Norther,247.0
We'll Never Know,Lifehouse,204.0
Compute,Soulwax,276.0
Menocide,Otep,292.0
I Was Never Young,of Montreal,213.0
I Got Punched in the Nose for Sticking My Face in Other People's Business,Boys Night Out,238.0
C'mon Billy,PJ Harvey,171.0
Hey Luno,The Aquabats,169.0
Polychords,Matmos,212.0
Cripple and the Starfish,Antony and the Johnsons,333.0
Toy Soldier,Britney Spears,202.0
Sakrileg,sToa,177.0
It'll Come,Belleruche,191.0
Stoney Street,Amon Tobin,353.0
A Woman's Voice,Wax Tailor,203.0
Ruska,Apocalyptica,276.0
Before Destruction,Spoon,197.0
Listen to the Math,Tokyo Police Club,176.0
Eurodisco,Bis,274.0
In The Garden Of Dispersion,Behemoth,202.0
Felt Mountain,Goldfrapp,257.0
Orestes,A Perfect Circle,286.0
Prince of Peace,School of Seven Bells,186.0
My Beautiful Leah,PJ Harvey,120.0
Vicar in a Tutu,The Smiths,142.0
I Must Belong Somewhere,Bright Eyes,379.0
It's All In My Mind,Teenage Fanclub,221.0
Crawling King Snake,The Doors,299.0
Teflon,The Mars Volta,304.0
Omegadrones,Dope Stars Inc.,409.0
Charge,Elbow,317.0
Pheurton Skeurto,Sunny Day Real Estate,153.0
Bare Your Teeth,Ashbury Heights,221.0
All For Revenge,Terror,127.0
"Someday, Right Now",Mustard Plug,206.0
We Stand,All That Remains,206.0
Within The Grove,Eluveitie,112.0
Leave the Day (Crystal Tears remix),Blutengel,322.0
Rough Hands,Alexisonfire,331.0
Messiahbolical,Whitechapel,443.0
Anyone But You,RX Bandits,183.0
Knight Rider,of Montreal,68.0
Whose Bed Have Your Boots Been Under?,Shania Twain,265.0
Time Won't Wait,Jamiroquai,302.0
Touch of Red,In Flames,253.0
Where Is Home?,Bloc Party,293.0
Oregon,The Cinematic Orchestra,235.0
More Than a Woman,Aaliyah,230.0
Chlorophyll,Boxcutter,251.0
In The Twilight,TM Juke,265.0
Chinese,Lily Allen,208.0
Of Mist and Midnight Skies,Cradle of Filth,489.0
Backlit,Isis,463.0
Behemoth,Static-X,181.0
Electric Bloom,Foals,296.0
Anywhere Is,Enya,238.0
Svanire,Ludovico Einaudi,449.0
Gobbledigook,Sigur Rós,187.0
Yellow Butterfly,Tahiti 80,274.0
A Pillar of Salt,The Thermals,164.0
Bare My Teeth,Converge,123.0
Break You,Lamb of God,215.0
Scatology Domine (Intro),Cattle Decapitation,62.0
Chic 'N' Stu,System of a Down,144.0
I Am Yours,Derek and the Dominos,217.0
Be For Real,Leonard Cohen,269.0
Bullet,Misfits,99.0
Cat People,David Bowie,403.0
Story Of My Life,Reel Big Fish,250.0
BB Good,Jonas Brothers,176.0
Demon In Veins,Soilwork,223.0
Sister Luck,The Black Crowes,381.0
New Corpse,Acid Bath,202.0
Cast It Out,10 Years,199.0
Smoking Ruins,Ensiferum,400.0
The Time We Lost Our Way,Thievery Corporation,252.0
Insatiable (two),...And You Will Know Us by the Trail of Dead,184.0
Clean Town,Mando Diao,222.0
Underbeat,Astrix,408.0
Guess I'm Doing Fine,Beck,289.0
Mind Glow,Dinosaur Jr.,244.0
Go To Hell,Megadeth,275.0
Be Forewarned,Pentagram,437.0
Full of Fire,The Knife,557.0
Cardinal Zero,Paradise Lost,268.0
Calculating Infinity,The Dillinger Escape Plan,122.0
I Climb,Thousand Foot Krutch,205.0
Carrie,Europe,270.0
Irene,Beach House,1017.0
Technologic (Vitalic Remix),Daft Punk,325.0
Pra Manha,Da Lata,373.0
Nothing (Why),Dope,240.0
Pigs Is Pigs,Every Time I Die,160.0
Guinevere,Eli Young Band,288.0
Della Brown,Queensrÿche,361.0
El Son Reggae,Les Nubians,232.0
We're Going To Be Friends,Jack Johnson,138.0
Alphabet Pony,The Kills,107.0
Story Of My Life,Reel Big Fish,250.0
Hey you,311,236.0
Underwater,Tegan and Sara,171.0
In All Honesty,Paradise Lost,243.0
The Brightest Green,Anarbor,198.0
Subsequence,Mouse on Mars,319.0
E8 Boogie,Squarepusher,493.0
Bhindi Bhagee,Joe Strummer and the Mescaleros,345.0
Me So Horny,2 Live Crew,276.0
Mind Terrorist,Public Enemy,81.0
Coffinfeeder,Cannibal Corpse,184.0
Walkin' Blues,Eric Clapton,217.0
Warlords,Vader,164.0
Vast And Vague,36 Crazyfists,256.0
Songs for the Damned,All Shall Perish,218.0
Children Of The Gun,Drowning Pool,211.0
Mathletics,Foals,191.0
The Atrocity Exhibition,Exodus,633.0
Lucky Pressure,Roni Size,314.0
Made by Maid,Laura Marling,172.0
Hard Hand To Hold,Willy Mason,256.0
Quit,Nneka,231.0
City Boy,Donkeyboy,205.0
Rabbit Heart (Raise It Up),Florence + the Machine,232.0
Come Clarity,In Flames,256.0
Ptolemy Was Wrong,The Ocean,388.0
The Sequel,St. Vincent,114.0
Deixa O Menino Jogar,Natiruts,280.0
Blue Would Still Be Blue,Guillemots,315.0
You Sent Me Flying / Cherry,Amy Winehouse,411.0
This Is Really Testing The Patience I've Never Had,Heavy Heavy Low Low,33.0
Room for the Life,Kate Bush,246.0
Porfirio Diaz,At the Drive-In,179.0
Washing Machine,Sonic Youth,574.0
Rhinosaur,Soundgarden,194.0
Penny on the Train Track,Ben Kweller,268.0
Golden Avatar,Kula Shaker,272.0
Stomach Song,Broken Social Scene,270.0
Casual Affair,Panic! at the Disco,198.0
Omaha Stylee,311,254.0
War Ensemble,Slayer,292.0
Eric's Song,12 Stones,203.0
Kissed by a kisser,Xploding Plastix,407.0
Nothing Owed,Bonobo,377.0
Blank Expression,The Specials,125.0
Birthday Boy,The Residents,162.0
Holly Wood Died,Yellowcard,279.0
Beliefs,We Came As Romans,247.0
So Here We Are (Four Tet Remix),Bloc Party,386.0
Two Sisters,The Kinks,122.0
Espero,Pato Fu,189.0
Say,John Mayer,229.0
Sleepwalk Capsules,At the Drive-In,207.0
One in Ten,UB40,275.0
Violet Hill,Coldplay,221.0
Frijôs goldene Tränen,Burzum,159.0
The Tremor,Nightrage,198.0
Aika Multaa Muistot (everything Is Nothing),Sentenced,274.0
Hybrids Of Steel,Arch Enemy,229.0
Peep Show,Sikth,251.0
Guardian,Before the Dawn,281.0
Incessant Mace,Soundgarden,382.0
Disconnect The Dots,Smash Mouth,168.0
Laughing Gas,Neon Indian,103.0
Rocket Queen,Guns N' Roses,375.0
Mamavatu,Susheela Raman,233.0
Bumper Ball Dub (Karmacoma),Massive Attack,359.0
Offshore '97,Chicane,553.0
Torn To Pieces,Death,216.0
Tattva,Kula Shaker,226.0
Backbone,Gojira,258.0
Diamente,Blue States,270.0
I Want My Shit,Insane Clown Posse,321.0
My Life's Been A Country Song,Chris Cagle,198.0
U Remind Me,Usher,267.0
Empty Lives,Star Fucking Hipsters,171.0
Radio Waves,Roger Waters,298.0
Clean My Wounds,Corrosion of Conformity,211.0
Fresh Tendrils,Soundgarden,255.0
Links 2 3 4,Rammstein,220.0
Long Distance Runner,Fugazi,262.0
Shine a Light,Wolf Parade,225.0
Destroy What Destroys You,Kreator,193.0
Bigger Than Us,White Lies,283.0
Awesome Fucker,MC Chris,169.0
Mil Millones,Gotan Project,350.0
The First Of Me,Hoobastank,324.0
feedback,school food punishment,242.0
Cairo Keller,Bohren & der Club of Gore,539.0
Catalyst,Slayer,187.0
Broken Harp,PJ Harvey,117.0
The Athlete,Erlend Øye,222.0
Penny Dreadfuls,Animal Collective,479.0
The Mass,Era,222.0
Rhyacian,The Ocean,657.0
Fainting Spells,Crystal Castles,162.0
Getting Down,The Kills,178.0
Hag,The Breeders,176.0
Orion,Metallica,503.0
Backslider,Wild Belle,203.0
Freddie's Dead,Curtis Mayfield,328.0
Your Kisses Are Wasted On Me,The Pipettes,132.0
Silver Stallion,Cat Power,174.0
If You Could See Into My Soul,Silverstein,239.0
Streets of Your Town,The Go-Betweens,219.0
Cosmic Monsters Inc.,White Zombie,314.0
Beggars,Bombay Bicycle Club,252.0
It's Amateur Night At The Apollo Creed!,Cobra Starship,189.0
Sadô-masô,Móveis Coloniais de Acaju,227.0
Whoyouknow,mclusky,233.0
Dom kommer kliva på dig igen,Håkan Hellström,227.0
Violet Skies,In This Moment,237.0
What Lies Beneath,Breaking Benjamin,215.0
Fountains And Tramways,Beirut,239.0
Remember Yesterday,HammerFall,306.0
Dead Skin Cells,The Future Sound of London,411.0
Kiss You All Over,Exile,210.0
Tuner,Mogwai,178.0
Giving In,Adema,275.0
Hanazono,Jazzanova,496.0
I'm a Cuckoo,Belle and Sebastian,326.0
Tonight The Streets Are Ours,Richard Hawley,223.0
Gave It All Away,Red,193.0
When It Flows,Great Lake Swimmers,215.0
The Curse of Millhaven,Nick Cave & The Bad Seeds,416.0
A Dangerous Woman Up To A Point,Destroyer,364.0
Close Friends,Adema,204.0
King Of New York,Fun Lovin' Criminals,228.0
Model,Balanescu Quartet,227.0
Trimm Trabb,Blur,337.0
Jesus Wept,Suffocation,218.0
Olat Ha'tamid,Orphaned Land,158.0
Maya,Susheela Raman,278.0
Gottes Tod,Das Ich,486.0
Bus Song,The Kooks,122.0
Double Dare,Bauhaus,294.0
Ein Teil von mir,Sido,213.0
Learn How,Mission of Burma,236.0
Medusa,Anthrax,283.0
Wooden Toy,Amon Tobin,145.0
I Can't Wake Up,KRS-One,214.0
Cosmo Retro Intro Outro,Amon Tobin,248.0
Missionary Man,Eurythmics,173.0
Of Legions,Whitechapel,164.0
Winter Wonder Land,Animal Collective,163.0
Lonelily,Damien Rice,195.0
Green Monster,Suicide Silence,345.0
Elle Et Moi,Lemongrass,243.0
On s'attache,Christophe Maé,191.0
Sheet Metal Girl,Pig Destroyer,69.0
Return to Hot Chicken,Yo La Tengo,100.0
To France,Mike Oldfield,277.0
Sleep Long,Operation Ivy,128.0
Southern Cross,"Crosby, Stills & Nash",310.0
Matinee,Franz Ferdinand,246.0
Moronic Colossus,The Haunted,231.0
Relate (dialogue),Borknagar,270.0
Emily,Bowling for Soup,208.0
Down For So Long,The Rapture,224.0
Bob and Bonnie,Houston Calls,225.0
Invitation to the Blues,Tom Waits,325.0
Beautiful Calm Driving,Sia,301.0
Domain,The Future Sound of London,168.0
Cover Up,Imagine Dragons,259.0
My Imaginary Friend,Reel Big Fish,205.0
File Under 'Soft Core Seizures',The Locust,54.0
All Your Bass Belongs to Us,Combichrist,284.0
Pra Manha,Da Lata,373.0
Already Died,Eagles of Death Metal,180.0
Grease Paint And Monkey Brains,White Zombie,229.0
Chloroform Perfume,From Autumn To Ashes,269.0
The Bones of an Idol,The New Pornographers,172.0
Scarlet Heavens,Katatonia,627.0
Emerald Eyes,Jimmy Page,201.0
Allegro non molto,Antonio Vivaldi,364.0
The Lightning Strike,Snow Patrol,978.0
War Pigs,Black Sabbath,474.0
Bad Stone,The Crystal Method,310.0
Forever Dead,Torture Killer,345.0
St. Andrew (This Battle Is in the Air),The White Stripes,108.0
Sailing In The Dark Isn't Smart Kid!,Emarosa,197.0
Bob Gandhi,Ratatat,241.0
Pepper,Butthole Surfers,297.0
Bring Your Whole Crew,DMX,221.0
Hands Playing Butterfly,Efterklang,271.0
Marshland,Mortiis,284.0
Get Sick Soon,Hello Saferide,173.0
Hello Good Morning,Diddy - Dirty Money,269.0
First Straw,311,180.0
The Last to Know,Faith No More,269.0
Tease Me Please Me,Scorpions,292.0
Same Old Drag,The Apples in Stereo,202.0
Behind Silence and Solitude,All That Remains,260.0
Hello Lonely (Walk Away From This),Theory of a Deadman,262.0
Recuerdos De La Alhambra,Andrés Segovia,311.0
We Run Things,Jamie Cullum,211.0
No Commands,Children of Bodom,288.0
Dream Wanderer's Tune,Deerhoof,140.0
Mano Dayak,Tinariwen,343.0
Epoxi-Lips,RX Bandits,365.0
Another Angel Down,Avantasia,341.0
Du trägst keine Liebe in dir,Echt,262.0
Black to the Blind,Vader,243.0
Hvis lyset tar oss,Burzum,485.0
Talkin',Van She,213.0
Gold Rush,Danny Byrd,387.0
Compulsive Psychosis,Hypocrisy,255.0
Golden,"Tyler, the Creator",343.0
D'Artagnan's Theme,Citizen Cope,316.0
Ignorance,Paramore,219.0
Lalita,The Love Language,192.0
Stabbing to Purge Dissimulation,All Shall Perish,156.0
Skies Over Cairo,Django Django,213.0
Stay Out Of Jail,Motörhead,181.0
Determined,Mudvayne,159.0
White Sparrows,Billy Talent,195.0
Skinned,No Age,155.0
My Own Way,Duran Duran,278.0
Harbinger (reprise),Mike Oldfield,90.0
1953,Ólafur Arnalds,486.0
Things You Can Do,Deltron 3030,300.0
Pearls Before Swine,Corrosion of Conformity,405.0
Morning Rage,UNKLE,317.0
Junk Bond Trader,Elliott Smith,230.0
Shoot Myself,Venetian Snares,232.0
In The Name Of The Father,Black Grape,262.0
Gap,The Kooks,240.0
Porc #2,Moderat,183.0
Learn To Live,Architects,241.0
All Around You (Intro),The Brian Jonestown Massacre,336.0
Only for the Weak,In Flames,295.0
James River Blues,Old Crow Medicine Show,187.0
The Video Dept.,The Radio Dept.,205.0
You Know,jj,173.0
The Two Gates,Ayreon,388.0
Turn Loose the Swans,My Dying Bride,608.0
The Inborn Lifeless,In Flames,204.0
Song of Joy,Nick Cave & The Bad Seeds,407.0
Absurd,Fluke,220.0
Left & Right in the Dark,Julian Casablancas,294.0
Velvet Cave,Silver Apples,206.0
Star of the Sea,Mediæval Bæbes,212.0
Good Texan,The Vaughan Brothers,262.0
Wax and Wane,Deftones,249.0
Bump,Belleruche,236.0
"So Long, Lonesome",Explosions in the Sky,220.0
Knuddelmaus,Ulrich Schnauss,422.0
She (For Liz),Parachute,186.0
Big Time Sensuality,Björk,237.0
Nocturnal Vision Revisited,Arcturus,316.0
Uhn Tiss Uhn Tiss Uhn Tiss,Bloodhound Gang,260.0
Heidi Bruehl,Tosca,283.0
She Cracked,The Modern Lovers,258.0
Ocean Breathes Salty,Modest Mouse,224.0
Deathwish,The Police,256.0
Everwake,Anathema,186.0
J'Ai Deux Amours,Madeleine Peyroux,177.0
Snuff Film At Eleven,Pig Destroyer,70.0
Masks,Martyn,296.0
Solve Et Coagula,Mudvayne,169.0
Aortic Dissection,Carnifex,178.0
Knights,Crystal Castles,194.0
Evil Deeds,Eminem,260.0
Erotic Love Queen,The Mount Fuji Doomjazz Corporation,395.0
Backbone,Gojira,258.0
Time Borb,Squarepusher,63.0
Jeannie's Diary,Eels,213.0
North Sea Storm,Amon Amarth,296.0
Mexico City,Balkan Beat Box,220.0
Aneuthanasia,Gorgoroth,139.0
Atlantis,Donovan,299.0
The Voice of Enigma,Enigma,141.0
"Drive Fast, Take Chances",Acid King,512.0
Russia Privjet,Basshunter,248.0
Bad Reputation,Joan Jett and the Blackhearts,167.0
Tuff Ghost,The Unicorns,177.0
An Era Of Revolution,Salt The Wound,203.0
I'm a Man,Black Strobe,274.0
Tsubasa,M83,248.0
Solitaire Unraveling,Mushroomhead,267.0
Before Too Long,Paul Kelly,203.0
Movement From Discord,The Human Abstract,247.0
Ya Man,Balkan Beat Box,215.0
Woman Left Lonely,Cat Power,248.0
Nothing Ever Happened,Deerhunter,351.0
Crown of Love,Arcade Fire,282.0
Inside the City of Glass,Katatonia,249.0
Collector,Here We Go Magic,309.0
Lovetheme,Depeche Mode,123.0
Dirge for November,Opeth,471.0
The Man Who Loves to Hurt Himself,Today Is The Day,246.0
When We Are Together,Texas,211.0
Princess Leia's Theme,John Williams,248.0
Electric Church Red House,Jimi Hendrix,373.0
Carry This Picture,Dashboard Confessional,173.0
On Your Time,Dark Tranquillity,339.0
Dropout Boogie,Captain Beefheart & His Magic Band,151.0
After The Devil Beats His Wife,Emery,271.0
Lizard Skin,Gojira,270.0
Cherry Twist,The Crystal Method,266.0
Só Por Uma Noite,Charlie Brown JR.,203.0
Self Immolation,Fear Factory,165.0
Scream & Shout,will.i.am,284.0
Sanzen,dredg,274.0
Me Lambe,Raimundos,197.0
The Flame In All Of Us,Thousand Foot Krutch,202.0
Farewell / Goodbye,M83,333.0
Nobody Does It Better,Carly Simon,212.0
Forty Days And Forty Nights,Muddy Waters,173.0
Better Things To Do,Terri Clark,189.0
Sky Blue Sky,Wilco,203.0
Broken Mirrors,Rise Against,235.0
Rusty Break,Boxcutter,313.0
Dance Of Spring,Jesse Cook,266.0
Get in the Ring,Guns N' Roses,341.0
Carry This Picture,Dashboard Confessional,173.0
Surf Solar,Fuck Buttons,635.0
Soulbitch,Yonderboi,313.0
Hard To Make A Stand,Sheryl Crow,187.0
The Fling,Michael Nyman,90.0
Silent Order,Die Form,313.0
X Ray,Sub Focus,288.0
It's Electric,Metallica,214.0
The Operation,Charlotte Gainsbourg,239.0
Trivia,Fila Brazillia,234.0
Will I Ever,Alice Deejay,208.0
Silly Boy,Eva Simons,202.0
$29.00,Tom Waits,496.0
Cyan,Kindness,273.0
Far Far,Yael Naim,261.0
I Asked When,Brett Dennen,378.0
Cook Me Into The Bowl,Buck-O-Nine,178.0
Solar System,Crystal Fighters,238.0
Every Little Step,Bobby Brown,235.0
The Worst Hangover Ever,The Offspring,178.0
Drop It Low,Ester Dean,191.0
Gush,Pharrell Williams,235.0
Hammer,Cliff Martinez,284.0
Godlovesugly,Atmosphere,232.0
Down For So Long,The Rapture,224.0
Snakes Got A Leg III,Sunset Rubdown,233.0
Where Did You Sleep Last Night,Nirvana,303.0
In The Bath,Lemon Jelly,401.0
When She Cries,Andy McKee,223.0
Hot Stuff (I Want You Back),The Pussycat Dolls,227.0
Golden Ticket,Manchester Orchestra,211.0
Most Things Haven't Worked Out,Junior Kimbrough,367.0
The Hoard,As Cities Burn,234.0
Mr Your On Fire Mr,Liars,147.0
Bowie,Flight of the Conchords,196.0
Loro,Pinback,214.0
Assess The Mess,Powerman 5000,33.0
Screaming of the Unborn,Anaal Nathrakh,168.0
Now That We've Found Love,Third World,313.0
Ibelin,Harry Gregson-Williams,126.0
I Always Knew,Tilly and the Wall,191.0
Selene,Imagine Dragons,240.0
Rain On Lake I'm Swimming In,Lightning Bolt,134.0
Warlords,Vader,164.0
Oh God,Jamie Cullum,218.0
The Stix,Jaga Jazzist,422.0
Awakening,Empire of the Sun,226.0
Embalming The Masses,Rose Funeral,279.0
"Next Year, Baby",Jamie Cullum,288.0
Chemical Warfare,Dead Kennedys,179.0
Anywhere Is,Enya,238.0
L'Amour,Rouge Rouge,249.0
Nothing's Burning,Télépopmusik,233.0
Summons,Clubroot,360.0
Sleepyhouse,Blind Melon,269.0
Happily Never After,The Pussycat Dolls,289.0
Hong Kong Express,Cyantific,334.0
Kick In The Teeth,Papa Roach,193.0
Do mesmo ar,Móveis Coloniais de Acaju,260.0
Lipsill,Dungen,166.0
Upheaval,Oathbreaker,192.0
Primitive,Real Estate,257.0
Slow Jam,Four Tet,318.0
Song For The Songs,The Concretes,230.0
Sunday Bacon,Emmure,157.0
My Diamond Star Car,Deerhoof,92.0
Feed Me To The Forest,The Blood Brothers,144.0
Sear Me,My Dying Bride,546.0
Pursuit Lets Wisdom Ride the Wind,A Skylit Drive,201.0
Woman Without Pride,The Cranberries,147.0
Future Breed Machine,Meshuggah,348.0
Exaltation,Matisyahu,305.0
"No Sacrifice, No Victory",HammerFall,212.0
Kalpol Introl,Autechre,199.0
The Fall of Math,65daysofstatic,239.0
Beast Of Honor,Auf Der Maur,207.0
Yesterday To Tomorrow,Audioslave,274.0
Milk Lizard,The Dillinger Escape Plan,235.0
The Donkey-headed Adversary of Humanity Opens the Discussion,Sleepytime Gorilla Museum,362.0
You've Passed,Neutral Milk Hotel,174.0
You Do Something To Me,Ella Fitzgerald,146.0
It Goes On And On,The Avett Brothers,177.0
Too Many Words,Sick Puppies,201.0
My Friends Over You,New Found Glory,220.0
Harmonia Mundi,Mike Oldfield,226.0
Keep Fishin',Weezer,172.0
Bad Crumbs,Animal Collective,104.0
Layers,Asobi Seksu,241.0
We Gotta Live Together,Jimi Hendrix,352.0
Dream of Mirrors,Iron Maiden,561.0
Getting Down,The Kills,178.0
"No Light, No Hope",Swallow the Sun,282.0
Ergot,Big Black,148.0
Cruel Melody,Black Light Burns,301.0
Show Me What You Got,Limp Bizkit,225.0
Down Home Girl,The Rolling Stones,252.0
Maria Lisboa,Mariza,163.0
Your Soul Today,Chris Cornell,206.0
Run for Your Life,The Beatles,145.0
I Keep Living The Same Day,United Nations,61.0
Change Is Hard,She & Him,183.0
The Green And Black,Overkill,492.0
Kicking And Screaming,The Presets,345.0
Sheepskin Tearaway,Peter Doherty,163.0
Turn Me Loose,Loverboy,337.0
Heliosphan,Aphex Twin,294.0
Amused to Death,Roger Waters,564.0
Someone Else,Miley Cyrus,288.0
Your Racist Friend,They Might Be Giants,175.0
After One Quarter Of A Revolution,Every Time I Die,126.0
La Vigüela,Gotan Project,336.0
Standing Next to Me,The Last Shadow Puppets,143.0
Werewolves of Armenia,Powerwolf,235.0
Hybrid Stigmata,Dimmu Borgir,418.0
Ali jäisten vetten,Korpiklaani,249.0
Running Through Woodland,Message To Bears,279.0
Bookends Theme,Simon & Garfunkel,80.0
I'll Let You Live,Taking Back Sunday,308.0
Blood on My Hands,Shackleton,450.0
Betraying Chino,65daysofstatic,132.0
Ciranda Do Mundo,Maria Rita,195.0
How 'Bout You,Eric Church,231.0
Redneck,Lamb of God,220.0
Whaddit I Done,Animal Collective,246.0
More Than a Woman,Aaliyah,230.0
Miracle Man,Elvis Costello,207.0
Dödens Landsväg,Lifelover,230.0
J'Adore Hardcore,Scooter,262.0
Demolition Lovers,My Chemical Romance,367.0
Graffiti,Maxïmo Park,185.0
Blood Drenched Execution,Cannibal Corpse,161.0
Thirtyfour,Cult of Luna,600.0
But I Feel Good,Groove Armada,320.0
Valse romantique,Claude Debussy,220.0
Battle Metal,Turisas,263.0
Colorado,Grizzly Bear,375.0
Lalala Love,Room Eleven,200.0
Forever Seventeen,Tim McGraw,275.0
Sadistic Embrace,Carnifex,175.0
From Where You Are,Lifehouse,181.0
Mary Melody,Mad Caddies,188.0
Across The Rainbow Bridge,Amon Amarth,289.0
LDN,Lily Allen,192.0
Switch On,Paul Oakenfold,246.0
This Sweet Love (Prins Thomas Sneaky Edit),James Yuill,431.0
Circassian,Fennesz,349.0
The World,Empire of the Sun,277.0
Lectric,Film School,251.0
Out From Under,Incubus,208.0
Hey Little World,The Hives,203.0
Vandraren,Nordman,194.0
Don't Wake Me Up,Chris Brown,220.0
Toxicity,System of a Down,219.0
Sexy Little Thing,Chickenfoot,264.0
The Wider Sun,Jon Hopkins,155.0
Cruel Summer,Bananarama,210.0
I Don't Like It Like This,The Radio Dept.,247.0
1009,Bonobo,270.0
49 Percent,Röyksopp,312.0
Hacksaw Decapitation,Cannibal Corpse,252.0
In The Mystery Time of Cold and Rain,Johnossi,202.0
Pray For Eyes,The Red Chord,273.0
Who Will?,Patrick Wolf,211.0
Awesome Fucker,MC Chris,169.0
American Slang,The Gaslight Anthem,221.0
March of the Lor,The Sword,281.0
Everything in Its Right Place,Radiohead,250.0
Pretty as a Swastika,Marilyn Manson,165.0
Bruitist Pome #5,Refused,87.0
Paper Bag,Fiona Apple,219.0
Maxine's Interlude,John Legend,110.0
Mystic Man,Peter Tosh,356.0
The Black Rider,Tom Waits,203.0
Every Time You Lie,Demi Lovato,229.0
Rituals,This Will Destroy You,572.0
In My Grave,Choking Victim,169.0
Hard Latin,Kenyon Hopkins,132.0
BBBeat,Balkan Beat Box,240.0
Any Place But Here,Anthrax,349.0
World Away,Emery,219.0
Hey Pretty,Poe,226.0
Let's Go Halvsies On A Bastard,See You Next Tuesday,80.0
Cry Now,Obie Trice,239.0
Your Darkest Hour,Evergrey,375.0
From The Rooftops,Groove Armada,289.0
My Dad's Gone Crazy,Eminem,267.0
More Justice,Damian Marley,324.0
Sunday Sunday,Blur,158.0
Det lilla livet,Familjen,250.0
Hold Me So Tight,Sally Shapiro,364.0
"Through Leaves, Over Bridges",It Dies Today,237.0
Anything Is Possible,Astral Projection,507.0
Bruised,Jack's Mannequin,267.0
Earthquake Weather,Beck,266.0
What Would I Want? Sky,Animal Collective,406.0
Live Alone,Franz Ferdinand,209.0
Learnalilgivinanlovin,Gotye,173.0
Invocation,Ihsahn,308.0
Dirty Knife,Neko Case,199.0
Girl Like That,Matchbox Twenty,225.0
Zwitter,Rammstein,257.0
Future Breed Machine,Meshuggah,348.0
Laid to Rest,Lamb of God,230.0
Mammagamma,The Alan Parsons Project,214.0
Recreation Day,Evergrey,319.0
Mess Around,Ray Charles,159.0
Glazed,J Dilla,81.0
Back On a Mission,Cirrus,218.0
This Is The Sound,The Exies,243.0
God Has a Plan for Us All,Angtoria,273.0
You Are The Universe,The Brand New Heavies,252.0
The Best Deceptions,Dashboard Confessional,255.0
Night Owl,Swan Island,221.0
What Is It About Men,Amy Winehouse,210.0
Dragula,Rob Zombie,223.0
F.V.K.,Bad Brains,58.0
Set Your Body Ablaze,Shai Hulud,200.0
To Burn The Eye,Trivium,421.0
Your Guts (I Hate 'Em),Reel Big Fish,127.0
Sowing Season (Yeah),Brand New,271.0
Walk On,U2,296.0
Hymn for the Wretched,The Black Dahlia Murder,259.0
We Came Along This Road,Nick Cave & The Bad Seeds,368.0
Dead To Rights,DevilDriver,293.0
My Truth,Cocteau Twins,272.0
The Drapery Falls,Opeth,650.0
Blooded Shore,Bathory,336.0
Victory Garden,Galaxie 500,172.0
Italian Leather Sofa,Cake,351.0
"Softer, Softest",Hole,208.0
World of Hurt,Sub Focus,265.0
Apogiffa Night,Infected Mushroom,488.0
321,Scorpions,233.0
Once Again,Girl Talk,160.0
Smoke It,The Dandy Warhols,249.0
Skyhook,Dance Gavin Dance,174.0
Fixation On Plastics,The Red Chord,165.0
Now That You're Home,Manchester Orchestra,188.0
Wet Blanket,Metric,248.0
Ambulances,Institute,275.0
Baby Carni Bird,Camille,238.0
Passive Aggressive,Placebo,324.0
The Dragons' Flight Across The Waves,Amon Amarth,274.0
The Rising Tide,The Killers,257.0
Where The Hood At,DMX,286.0
Bottom Of The Sea,The Duke Spirit,249.0
Superior,Gentleman,229.0
Do Ya Thang,Rihanna,223.0
Two-Lane Blacktop,Rob Zombie,182.0
C'mon People (We're Making It Now),Richard Ashcroft,303.0
Creature,Atreyu,179.0
Little Cream Soda,The White Stripes,224.0
Theme From...,The Hives,171.0
As I Lay Me Down,Sophie B. Hawkins,249.0
Droplets,Colbie Caillat,204.0
I Love The Bloody Beetroots,The Bloody Beetroots,328.0
Fame < Infamy,Fall Out Boy,186.0
West Bay Invitational,Jawbreaker,238.0
La La Love You,Pixies,164.0
Kicking and Screaming,Miley Cyrus,178.0
Wooly Bully,Sam The Sham & The Pharaohs,140.0
Sleepdriving,Grand Archives,320.0
Vianne Sets Up Shop,Rachel Portman,118.0
So Insane,Discovery,193.0
Testament to Youth in Verse,The New Pornographers,238.0
A Little Wrong,Pati Yang,232.0
Alive in 85,Broken Social Scene,315.0
Show Me What You Got,Limp Bizkit,225.0
My Reply,The Ataris,254.0
Raindrops,Basement Jaxx,248.0
Stand In The Spotlight,Armor for Sleep,241.0
Sketch 1,Nick Drake,61.0
A Shield With An Iron Face,Absu,202.0
Baby Got Back,Richard Cheese,167.0
It Ain't Necessarily So,Jamie Cullum,272.0
Artifacts of the Black Rain,In Flames,197.0
Clouds,Enslaved,369.0
Oxygène,C418,65.0
Best I Am,Flaw,276.0
Wir sind ja schließlich nicht Metallica,Jupiter Jones,220.0
Untitled Roadside Demo,Black Moth Super Rainbow,214.0
I Should Be So Lucky,Kylie Minogue,204.0
I Can Only Imagine,MercyMe,248.0
B.U.R.M.A.,Dirty Pretty Things,198.0
Dead Man's Chest,Parkway Drive,202.0
Music Will Not Last,Jamie Lidell,210.0
Golden Ball,Stereolab,412.0
Days Of The Old,Every Avenue,166.0
One Of A Kind (Love Affair),The Spinners,214.0
Shadow's Keeper,Black Rebel Motorcycle Club,370.0
Down In Black,Mustasch,166.0
Mathletics,Foals,191.0
Wandering Eye,Fat Freddy's Drop,581.0
Look On Down From The Bridge,Mazzy Star,288.0
Clipped,Curve,231.0
Bloodletting (The Vampire Song),Concrete Blonde,271.0
Hot Stuff (I Want You Back),The Pussycat Dolls,227.0
Feed The Gods,White Zombie,270.0
My Body's a Zombie for You,Dead Man's Bones,271.0
Pathetic,Lamb of God,271.0
Day 69,Decapitated,193.0
Lost Boys,The 69 Eyes,203.0
When All Is Said and Done,ABBA,197.0
Rock This Country!,Shania Twain,262.0
Prelude 12/21,AFI,94.0
Minuit Jacuzzi (datA remix),Tepr,262.0
The Taming of the Hands That Came Back to Life,Sunset Rubdown,367.0
INTRO,Versailles,70.0
All His Suits Are Torn,NOFX,139.0
Mourning Heart - Interlude,Ensiferum,84.0
Neuro Suspension,Suicide Commando,362.0
Any Colour You Like,Easy Star All-Stars,218.0
This Is a Call to Arms,Bandits of the Acoustic Revolution,83.0
Broderskapets ring,Dimmu Borgir,331.0
Are You Still In Vallda?,jj,154.0
The Reeling,Passion Pit,288.0
Junk Of The Hearts,The Cardigans,248.0
The Metal,Tenacious D,166.0
Like A Movie,Midtown,213.0
Bridge To Nowhere,Sam Roberts,190.0
everytime,Ariana Grande,172.0
Depending On You,Tom Petty,169.0
Double Vision,Foreigner,213.0
Precious and Grace,ZZ Top,155.0
Bleed to Death,Hatesphere,213.0
Don't Go Plastic,Squarepusher,261.0
New Moon,Swallow the Sun,300.0
Villa Rosie,Blur,235.0
Marvel Hill,The Cardigans,255.0
Let It Rock,Kevin Rudolf,233.0
In These Arms,Bon Jovi,319.0
Lightning Bulb,Dinosaur Jr.,226.0
Jet Son,Blockhead,228.0
The Ones We Left Behind,All Shall Perish,68.0
Tiger Lily,Matchbook Romance,183.0
Consensual Worlds,Delerium,608.0
Ghost Prototype II - Deus Ex Machina,Scar Symmetry,364.0
Brandenburg,Beirut,219.0
Existence,August Burns Red,234.0
A Past Beyond Memory,Into Eternity,218.0
Haitian Divorce,Steely Dan,351.0
Misguiding Your Life,Edguy,244.0
Sad Songs,Matt Nathanson,233.0
Elizabeth My Dear,The Stone Roses,55.0
Sognariket Sine Krigarar,Windir,338.0
Happily Never After,The Pussycat Dolls,289.0
Trick Pony,Charlotte Gainsbourg,172.0
Dancing Choose,TV on the Radio,165.0
I Let Love In,Nick Cave & The Bad Seeds,255.0
What If I Knew,Dinosaur Jr.,242.0
The Educated Fool,Iron Maiden,405.0
Dash And Blast,Yndi Halda,1011.0
All I Ever Wanted,Shinedown,250.0
Hollywood and Vine,Matchbook Romance,166.0
Trippin' Down the Freeway,Weezer,221.0
Join The Army,Suicidal Tendencies,217.0
Unchained (Tales of the Unexpected),Anathema,258.0
Everybody's Happy Nowadays,Buzzcocks,195.0
Slow Down!,Moonspell,40.0
Krig (intro),Finntroll,129.0
Ogeechee Hymnal,Baroness,156.0
(Used To Be A) Cha-Cha,Jaco Pastorius,537.0
Montanita,Ratatat,300.0
Waking Dreams,Ayreon,383.0
James River Blues,Old Crow Medicine Show,187.0
Being Boring,Pet Shop Boys,409.0
SS-3,Slayer,246.0
The Creep Out,The Dandy Warhols,537.0
Small Flowers Crack Concrete,Sonic Youth,313.0
Hicktown,Jason Aldean,306.0
Nasty Silence,Moderat,193.0
Wooly Bully,Sam The Sham & The Pharaohs,140.0
Countdown To Insanity,H-Blockx,230.0
Everything'll Be Alright (Will's Lullaby),Joshua Radin,160.0
Voveso In Mori,Eluveitie,249.0
I'm Gonna Make It Better,She & Him,213.0
Murdermile,The Kills,265.0
Better That We Break,Maroon 5,186.0
Angora Overdrive,Ashbury Heights,261.0
Keep Me,The Black Keys,172.0
Valse Pour Le Fin Du Temps,Harold Budd,290.0
I Don't Like You Anymore,The Last Shadow Puppets,185.0
Infinite Regression,Quantic,201.0
Forever Heavy,Black Moth Super Rainbow,256.0
Lost Verses,Sun Kil Moon,583.0
MOS 6581,Carbon Based Lifeforms,401.0
The Well,Lorn,392.0
You Sang To Me,Marc Anthony,347.0
Hand Clap,Girl Talk,114.0
Buster Voodoo,Rodrigo y Gabriela,326.0
Leslie Anne Levine,The Decemberists,253.0
Now Is the Time,Dope,170.0
There Is So Much More,Brett Dennen,305.0
My Kantele,Amorphis,410.0
April Fools and Eggmen,Fair to Midland,196.0
Veridis Quo,Daft Punk,345.0
In This Shallow Grave,Arch Enemy,294.0
The Body Says No,The New Pornographers,236.0
Rusty,"Tyler, the Creator",310.0
Return To Flesh,Cannibal Corpse,260.0
Progeny,Hans Zimmer,134.0
Duckpond,Millencolin,170.0
Long Division,Death Cab for Cutie,230.0
Stay My Baby,Miranda Cosgrove,185.0
Big,Less Than Jake,185.0
Psychogirl,Jens Lekman,328.0
Spilt Needles,The Shins,226.0
Ballad of Hollis Brown,Bob Dylan,302.0
Hand It Over,MGMT,253.0
Kirchturmkandidaten,Jan Delay,263.0
Pillars Of Serpents,Trivium,275.0
Sad Songs,Matt Nathanson,233.0
Begging You,The Stone Roses,293.0
#1 Zero,Audioslave,299.0
Mama Taught Me Better,Black Rebel Motorcycle Club,284.0
Christian Incoherent Drivel,Carpathian Forest,221.0
Death Of It All,Rob Zombie,263.0
Komm Her,Tanzwut,361.0
The Queen Of All Everything,Ott,462.0
Pineal Gland Optics,Meshuggah,312.0
I Love How You Love Me,The Paris Sisters,126.0
Seven Months,Portishead,256.0
Kick Some Ass,Stroke 9,240.0
Watch Out,Alex Gaudino,178.0
Bless You,John Lennon,278.0
Cast Off Crown,Deerhoof,167.0
Betrayal/Forgiveness,Apocalyptica,312.0
Steam Will Rise,Silverchair,318.0
Tubefed,Halou,191.0
Further On Up The Road,Johnny Cash,205.0
The Gallery,Muse,210.0
Erase/Replace,Foo Fighters,253.0
Grinderman,Grinderman,274.0
Don't Cha,The Pussycat Dolls,243.0
Something (Radio Edit),Lasgo,221.0
We've Got Commodity,Dabrye,153.0
All Equal Now,Belong,331.0
Tower Of Mammal,The Locust,70.0
Fluxgate,Squarepusher,68.0
Ghosting,Mother Mother,286.0
Culinary Hyperversity,Necrophagist,305.0
Where The Hood At,DMX,286.0
Schematics,Dying Fetus,239.0
Think About The Way,Ice MC,258.0
Take the Time,Dream Theater,501.0
Goodnight Laura,Spoon,149.0
Can't Repeat,The Offspring,207.0
Bring Em Back Alive,Audioslave,329.0
Even So,Rachael Yamagata,258.0
I <3 EC2,Emmure,165.0
Smells Like Teen Spirit,Paul Anka,163.0
Broken Stars,Silverstein,223.0
Iron Head,Rob Zombie,251.0
Big Calm,Morcheeba,361.0
Tried,Assemblage 23,384.0
Chosen Few,Kreator,270.0
Carrickfergus,Celtic Woman,226.0
SURVIVE,雅-MIYAVI-,213.0
Cool To Be A Fool,Joe Nichols,175.0
The Burning,Týr,116.0
North Sea Storm,Amon Amarth,296.0
In Sorrow We Trust,Diablo,271.0
Temazcal,Monsters of Folk,229.0
Jenny's Cryin',Dope,191.0
You Can Get It If You Really Want,Desmond Dekker,148.0
Lifer,Down,280.0
Wind And The Mountain,Liz Phair,334.0
Forkboy,Lard,234.0
Safer On The Outside,American Hi-Fi,242.0
In Another Time,Sade,304.0
My Promise,It Dies Today,207.0
Weed Demon,Wavves,159.0
Prissy Prancin',Eagles of Death Metal,220.0
Funchameleon,Infected Mushroom,415.0
This Momentary,Delphic,275.0
Red Red Wine (Edit),UB40,183.0
Heavily Medicated,The Berzerker,146.0
Bed Space,Darwin Deez,212.0
Electricityscape,The Strokes,213.0
Party In The U.S.A.,The Barden Bellas,63.0
The Marching Sane,Flowing Tears,197.0
Strange Land,Clannad,192.0
Crosseyed and Painless,Talking Heads,286.0
Ich glaube,Nachtmahr,239.0
Sentient 6,Nevermore,418.0
Pork Soda,Primus,140.0
What You Do To Me,Blakroc,306.0
Aikea-Guinea,Cocteau Twins,241.0
J Dub,Boxcutter,276.0
A New Way to Say 'Hooray!',Shpongle,512.0
Dreaming 24/7,Scar Symmetry,251.0
Floating on the Lehigh,Department of Eagles,367.0
Dauden,Windir,259.0
American Boy,Little Mix,192.0
Drown the City,A Skylit Drive,284.0
"I Put The ""Metro"" In Metronome",Cute Is What We Aim For,206.0
Anger,Vader,134.0
Flower Pot,Captain Beefheart & His Magic Band,234.0
Nothing Owed,Bonobo,377.0
Pick U Up,Adam Lambert,241.0
Sear Me III,My Dying Bride,327.0
Undress Me Now,Morcheeba,204.0
Objection Overruled,Gregory Isaacs,212.0
I Say You He Dead,Evergreen Terrace,69.0
The Look,Roxette,237.0
My Device,Ayria,300.0
Sweet,Lamb,233.0
Samantha,Hole,256.0
Way Down in the Hole,Tom Waits,211.0
Cutman,Unearth,192.0
Come Let Go,Xavier Rudd,412.0
Hurtin',Jamiroquai,256.0
Enemy of God,Kreator,366.0
The Heart Of The Matter,Don Henley,321.0
Let's Make This A Moment To Remember,Chromatics,210.0
Five Fingers,Aesop Rock,247.0
Angelicus,Delerium,311.0
Carolina Drama,The Raconteurs,355.0
People Ain't No Good,Nick Cave & The Bad Seeds,342.0
The Divided Heart,Elvenking,278.0
You're No God,Laura Marling,148.0
Thoughts Of Superiority,Heaven Shall Burn,298.0
New Skin,Incubus,231.0
Ladybird,Ladytron,278.0
Ein seltener Vogel,Einstürzende Neubauten,555.0
The Storm Still Rages Inside,Orphaned Land,560.0
Everything and Nothing,Mudvayne,195.0
& Down,Boys Noize,258.0
Woman (Mstrkrft Remix),Wolfmother,212.0
River Card,Atlas Sound,200.0
Official,Q-Tip,199.0
Like a Rolling Stone,Bob Dylan,368.0
You Deserve Nothing and I Hope You Get Less,blessthefall,217.0
Baby Lee,Teenage Fanclub,264.0
A Moment Lost,Enya,189.0
Crazy In Love,Eminem,242.0
Three Hopeful Thoughts,Rilo Kiley,170.0
In Blood We Trust,Powerwolf,183.0
Before She Does,Eric Church,223.0
You Burn First,Alexisonfire,183.0
I Of Crimson Blood,Amorphis,307.0
Finding Myself,Smile Empty Soul,210.0
Psychological Immorality,Job for a Cowboy,188.0
My Last Serenade,Killswitch Engage,255.0
Steven,Senses Fail,273.0
Sophisticated Cissy,The Meters,177.0
The Betrayal,Fleshgod Apocalypse,331.0
A Better Life,Dream Theater,279.0
Moonchild,Iron Maiden,340.0
Bulldozer Butterfly,Xploding Plastix,263.0
Kraft,Bosse,211.0
Renegade Princess,Sonic Youth,348.0
Right Where I Belong,3 Doors Down,152.0
On Our Own,The Meeting Places,217.0
Dead Quote Olympics,The Hives,119.0
King's Crossing,Elliott Smith,298.0
Love Me Down,Britney Spears,199.0
The Salad,Mr. Oizo,183.0
A War Inside,We Came As Romans,321.0
Those Magic Changes,Sha Na Na,138.0
Animal City,Shakira,195.0
Gorecki,Lamb,388.0
Hillbilly Deluxe,Brooks & Dunn,259.0
Just The Same For You,Dope Stars Inc.,273.0
Meet Me In the City,The Black Keys,218.0
Nishe,Muse,165.0
Old Town,The Corrs,225.0
Col,Morcheeba,250.0
Macbeth,Ciccone Youth,328.0
Way With Words,The Starting Line,223.0
As Madness Took Me,Dragonland,238.0
Suicide Is Painless,Ania,177.0
Sister Awake,The Tea Party,345.0
True Fine Love,Steve Miller Band,160.0
Little Bird,Imogen Heap,247.0
It's My Job to Keep Punk Rock Elite,NOFX,84.0
Can't Sleep (Original Mix),Above & Beyond,498.0
Hong Kong Express,Cyantific,334.0
Hands in the Air,Girl Talk,260.0
I Don't Feel Very Receptive Today,Underoath,222.0
A Predator's Portrait,Soilwork,271.0
Plastic Bird,Galaxie 500,200.0
Helen,Horse Feathers,260.0
Why Did We Fire The Gun?,Waldeck,299.0
Devil Eyes,Mercyful Fate,349.0
Can I Have This Dance,High School Musical,244.0
Someone Else,Miley Cyrus,288.0
Things That Scare Me,Neko Case,150.0
I Can Only Imagine,MercyMe,248.0
Withering Time,After Forever,272.0
No Fool,Doormouse,228.0
"Merge, a Vessel, a Harbour",Great Lake Swimmers,284.0
Something for the Weekend,The Divine Comedy,260.0
Flowerstand Man,Faithless,203.0
Peephole,System of a Down,244.0
Santa Fe,Beirut,254.0
The Next Messiah,Jenny Lewis,525.0
Vor dem Sturme,Haggard,36.0
Smart Dogs,Kula Shaker,197.0
This Conversation Is Over,Acceptance,195.0
Les mots,La Rue Kétanou,147.0
Hold Me Back,AC/DC,239.0
Collector,Here We Go Magic,309.0
Firewall,Common Rider,176.0
Almost Gold,The Jesus and Mary Chain,186.0
Seeplymouth,Volcano Choir,404.0
In Love,Jon Foreman,279.0
What I Miss About You,Katie Melua,228.0
Music And Wine,Blue Six,430.0
History In The Making,Darius Rucker,211.0
Oh Timbaland,Timbaland,211.0
The Dark Night Of The Soul,Loreena McKennitt,405.0
Brand New Key,Melanie,144.0
I'll Tumble 4 Ya,Culture Club,156.0
Botch Up and Die,Drumcorps,242.0
Free Fallin',Tom Petty,256.0
Party Weirdo,Moloko,421.0
Slippery When Wet,Commodores,199.0
Flashing Lights,Kanye West,238.0
Enterprise,Black Tide,270.0
Gravedancer,Pig Destroyer,181.0
Shaking Hand Incision,At the Drive-In,217.0
Black Black Heart,David Usher,208.0
The Cousin Of Death,Beastie Boys,186.0
Like Two Strangers,Trentemøller,219.0
Shattered Soul,The Herbaliser,316.0
What More Do You Want?,Plain White T's,145.0
Our Way to Fall,Yo La Tengo,258.0
Lookin' Out My Back Door,Creedence Clearwater Revival,151.0
Terra Firma,Young Knives,167.0
Never Win,Fischerspooner,240.0
Swords Of Truth,These New Puritans,193.0
Kid Charlemagne,Steely Dan,279.0
Stardrowned,At the Gates,235.0
The Spreading Disease,All Shall Perish,270.0
In A Funny Way,Mercury Rev,241.0
These Things,She Wants Revenge,313.0
Harvest Breed,Nick Drake,95.0
Wait For Something Wild,Sikth,328.0
Smalltown Boy,Bronski Beat,299.0
I'm Not Afraid,Jill Scott,206.0
When All Light Dies,Trivium,383.0
Entwined,Coal Chamber,229.0
Entwined,Coal Chamber,229.0
Kyle Quit The Band,Tenacious D,90.0
Captain Kelly's Kitchen,Dropkick Murphys,169.0
Pretty Face,Soley,280.0
If You Don't Know Me by Now,Simply Red,206.0
Que Pasa,Horace Silver,469.0
Let's Not Wrestle Mt. Heart Attack,Liars,272.0
Articulo Mortis,Whitechapel,244.0
D Song,Bonobo,320.0
Broken Open,Adam Lambert,303.0
The Nexus,Amaranthe,198.0
Hydra,Arch Enemy,57.0
Wet Blanket,Metric,248.0
Tout n'est pas si facile,Suprême NTM,291.0
Damn Rough Night,Artist vs. Poet,201.0
Billy Liar,The Decemberists,401.0
All I Wanna Do,Sheryl Crow,273.0
Losing Tomorrow,October Tide,156.0
Age Of Innocence,Iron Maiden,370.0
The Call of the Serpent,Sephiroth,382.0
Buckethead,Colonel Claypool's Bucket of Bernie Brains,357.0
Crepuscule With Nellie,Thelonious Monk,275.0
The Violet Hour,The Civil Wars,205.0
Flesh Stitched Onto a Frame,Angelspit,67.0
Chiclana,Los Delinqüentes,179.0
Solifugae (Intro),Anaal Nathrakh,65.0
Repeat Offender,Trapt,197.0
Let It Rock,Kevin Rudolf,233.0
Sexy,Black Eyed Peas,284.0
Little Fury,The Breeders,210.0
Reconquering the Throne,Kreator,254.0
Was den Himmel erhellt,Tomte,272.0
To The Death,Architects,161.0
Samba Magic,Basement Jaxx,297.0
Gourmandises,Alizée,256.0
"Ravenous, Ravenous Rhinos",I Set My Friends on Fire,163.0
Executioner Blues,Do Make Say Think,519.0
Api-vat,Enslaved,417.0
Los niños del parque,Liaisons Dangereuses,301.0
Hear It In The Cans,We Have Band,233.0
Snowball,Devo,149.0
The Devil Never Sleeps,Iron & Wine,127.0
Glacially,Asobi Seksu,259.0
Flowerstand Man,Faithless,203.0
Ironbound,Einherjer,222.0
Superbug,Sneaker Pimps,268.0
Fuck U,Archive,312.0
Flavor Of The Weak,American Hi-Fi,189.0
Reality Clash,Antimatter,465.0
I'm Still Breathing,Katy Perry,229.0
Drive There Now,The Almost,191.0
It's A Shame,The Spinners,192.0
Seven Days in Sunny June,Jamiroquai,238.0
Seven Deadly Saints,Powerwolf,210.0
Svanire,Ludovico Einaudi,449.0
Bring Down,Midlake,222.0
Covered With Sores,Cannibal Corpse,224.0
Troubled Son,Working For A Nuclear Free City,169.0
Stupid Girl,Garbage,259.0
The Scope Of Obsession,Carnifex,176.0
Existence,August Burns Red,234.0
A Sunday Smile,Beirut,216.0
I'm a Wheel,Wilco,155.0
Another Voice,Agnostic Front,122.0
Rex Regi Rebellis,Turisas,430.0
Better Be,Anna Ternheim,254.0
Les Regrets,Les Discrets,250.0
Besatt,Lifelover,216.0
Turbulence,Moving Fusion,350.0
Vacuum Garden,Squarepusher,363.0
This Scene Is Dead,We Are Scientists,224.0
A Funny Thing,Penguin Prison,276.0
Eagles Become Vultures,Converge,131.0
Evidence,Faith No More,294.0
No Government,Nicolette,333.0
Acclimation,Borknagar,270.0
Lama Sabachthani,Anaal Nathrakh,228.0
Plug In Baby,Muse,220.0
Horse Hunter,The Dillinger Escape Plan,191.0
Into Temptation,Crowded House,274.0
Mathematics,Mos Def,246.0
The Fifth Column,Photek,429.0
Dungeness,Athlete,258.0
If You Don't Know Me by Now,Simply Red,206.0
City of Delusion,Muse,288.0
Electra Made Me Blind,Everclear,224.0
Bishop's Robes,Radiohead,205.0
Makeda,Les Nubians,295.0
Long Arm Of The Law,Looptroop,319.0
Simplest Love,Edward Sharpe & The Magnetic Zeros,173.0
Super Colossal,Joe Satriani,255.0
D'Evils,Jay-Z,212.0
Rhineland (Heartland),Beirut,239.0
What I Miss About You,Katie Melua,228.0
Mon amie la rose,Françoise Hardy,137.0
Transcontinental,Pedro the Lion,166.0
New Ice Age,The Horrors,265.0
Carnt Sleep,Saint Etienne,284.0
Suspect Device,Stiff Little Fingers,219.0
Johnny,Suicide,131.0
March of the Camels,White Rabbits,270.0
Pitiful,Sick Puppies,225.0
Action Woman,The Litter,153.0
Crayon,Caribou,160.0
Electric Avenue,Skindred,190.0
No Brakes,The Bravery,184.0
Dry and Dusty,Fever Ray,225.0
Tears Running Dry,Waldeck,245.0
My Boy Builds Coffins,Florence + the Machine,177.0
Occasion Avenue,Helloween,666.0
Sketch 1,Nick Drake,61.0
Mon Meilleur Ami,Yelle,237.0
"Illuminate My Heart, My Darling!",Yndi Halda,1051.0
Girl Done Gone,Graham Coxon,237.0
Mrs. Blaileen,Primus,200.0
My Hopes and Dreams,jj,163.0
Goodnight Moon,Shivaree,245.0
Fired Up,Hush,203.0
Slum girl,Nôze,441.0
Na Na Na Na Naa,Kaiser Chiefs,180.0
Hilf mir,Rammstein,284.0
My Star,Ian Brown,314.0
A With Living,Do Make Say Think,548.0
Micael,Juana Molina,184.0
No Phone,Cake,232.0
Waste It On,Silversun Pickups,254.0
Whale & Wasp,Alice in Chains,157.0
Seeing is Believing,Scream Daisy,248.0
My Apartment,Ben Kweller,237.0
Life Burns!,Apocalyptica,187.0
The Right Man,Christina Aguilera,232.0
What If I Knew,Dinosaur Jr.,242.0
Stones in My Passway,Robert Johnson,151.0
Dreaming Of Fiji,Philip Glass,115.0
Dead to the World,Röyksopp,321.0
Mr. Freeze,Slayer,144.0
a journey to reedham (7am mix),Squarepusher,396.0
Humanitarianism,Zeigeist,201.0
Silly Crimes,The Tough Alliance,223.0
Fireweed,Patrick Watson,216.0
I Ain't Sayin,Dinosaur Jr.,150.0
Banging Camp,The Hold Steady,254.0
To Be Scared By An Owl,Alesana,190.0
Yeyo (feat. Raw Man),The Bloody Beetroots,210.0
No Human Can Drown,Clan of Xymox,203.0
Action/Reaction,Choir of Young Believers,277.0
Idle Hands,Stone Sour,237.0
An Inch Above Sand,Pelican,255.0
Get Down Make Love,Nine Inch Nails,259.0
Great American Sharpshooter,Less Than Jake,92.0
Madre Deus,In Extremo,208.0
Learning,Perfume Genius,163.0
Moon Theory,Miami Horror,265.0
California,Phantom Planet,195.0
Black Lead,Death in Vegas,253.0
Hail to Fire,Mastodon,132.0
Carl Barker,Dance Gavin Dance,313.0
Leaves,The Gathering,341.0
We Are The People (Shazam Remix),Empire of the Sun,344.0
Say It Like You Mean It,Matchbook Romance,262.0
When You Sleep,Cake,238.0
Going Steady,Death from Above 1979,170.0
Evacuee,Enya,231.0
Waking the Demon,Bullet for My Valentine,248.0
Face Pollution,Soundgarden,144.0
North Sea Storm,Amon Amarth,296.0
73-Yips,Aphex Twin,259.0
Hey Mami,Sylvan Esso,200.0
My Electricity,The Gathering,362.0
Theologians,Wilco,212.0
Runnin' With the Devil,Van Halen,216.0
Warpath,Hypocrisy,264.0
Hitch A Ride,Boston,252.0
Hear Me Scream,Muffler,390.0
Opening: Prelude to Purgatory,Powerwolf,74.0
Wildhoney,Tiamat,54.0
Lagoon,Nightwish,225.0
Overdraft,deadmau5,270.0
Jinx Removing,Jawbreaker,193.0
My Last Semester,The Wonder Years,230.0
Emitiendo,Macaco,222.0
T-R-O-U-B-L-E,Travis Tritt,180.0
Counting to 100,Matt Wertz,237.0
Malpractice,Faith No More,242.0
Tote Heldensagen,Equilibrium,551.0
Fear of Corners,Dntel,326.0
You Make Me Want To,Luke Bryan,210.0
Over It,Bullet for My Valentine,228.0
New Pony,Bob Dylan,269.0
Immaculate Heart 1,The American Analog Set,160.0
Cue the Strings,Low,210.0
Bring The Hammer Down,HammerFall,221.0
Dungeons of Darkness,Burzum,292.0
On My Own,Ulrich Schnauss,403.0
Hail The Shrine,Unearth,237.0
Clone Me,Miss Kittin,247.0
The Blend,The Herbaliser,221.0
Circlewave 2,Squarepusher,234.0
Heart Like A Wheel,Black Sabbath,396.0
All In A Day's Work,Eels,203.0
Let Your Body Decide,The Ark,196.0
Mock The Cross,Bloodbath,242.0
"Seasick, Yet Still Docked",Morrissey,307.0
Meet Ze Monsta,PJ Harvey,209.0
In Our Bedroom After the War,Stars,407.0
Rainstorming,Birdy Nam Nam,133.0
Mushaboom,Feist,223.0
Trains to Brazil,Guillemots,242.0
Lazy Day Afternoon,Plain White T's,135.0
Stellarvore,Watain,497.0
Stop Me If You Think You've Heard This One Before,The Smiths,212.0
I Hate Buffering,The Devil Wears Prada,185.0
Digital Monkey,Balkan Beat Box,229.0
Blue Eyed Fiend,Sonic Syndicate,236.0
Excess,Tricky,285.0
Sing Sang Sung,Air,188.0
Middle Distance Runner,Sea Wolf,208.0
Kids,MGMT,305.0
L.A. Girl,Adolescents,109.0
Anstromm-Feck 4,Squarepusher,210.0
Sunrise Goodbyes,Houston Calls,221.0
Let's Face It,The Mighty Mighty Bosstones,153.0
Capturing Moods,Rilo Kiley,215.0
Assouf,Tinariwen,239.0
Mono,Courtney Love,222.0
Time To Say Goodbye,Katherine Jenkins,227.0
Rat Fink,Misfits,112.0
Checkered Floor,Silversun Pickups,291.0
Prime Mover,Ghost,233.0
"You're Crashing, But You're No Wave",Fall Out Boy,222.0
Camioux,Boozoo Bajou,332.0
Love Fool,New Found Glory,179.0
Power Of Satan,Hellhammer,251.0
Guilt Is a Useless Emotion,New Order,337.0
Cape Cod Kwassa Kwassa,Vampire Weekend,212.0
Time Can Never Kill the True Heart,Stars,299.0
When the Sun Shone on Vetiver,Devendra Banhart,215.0
With A Gun,Steely Dan,139.0
Joker,Gui Boratto,356.0
Ella Guru,Captain Beefheart & His Magic Band,150.0
Milking,Deerhoof,218.0
Beautiful Delilah,Chuck Berry,130.0
Lady Jesus,The Asteroids Galaxy Tour,224.0
Franks,Infected Mushroom,485.0
Walk Into The Sun,Dirty Vegas,321.0
Dna Ts. Rednum Or F. Raf,Riverside,440.0
Anne,Santigold,209.0
Jimmy Squirrel and Co.,Alexandre Desplat,46.0
Eyes Of Horror,Amon Amarth,215.0
Heaps,Gold Panda,173.0
"Welcome, Ghosts",Explosions in the Sky,344.0
Banned from Heaven,Children of Bodom,305.0
Preacher,OneRepublic,248.0
Night Comes On,Leonard Cohen,279.0
Hesitating Beauty,Billy Bragg & Wilco,186.0
Wealth,Katatonia,288.0
Mr. Gorgeous (and Miss Curvaceous),Smoke City,262.0
The Silent Orchestra,Biosphere,473.0
Guilty Partner,New Order,288.0
Bitter Sweet Revenge,Kreator,325.0
Show Me The Money,Petey Pablo,225.0
Welcome To The Show,J Dilla,72.0
The Bachelor,Patrick Wolf,193.0
Every You Every Me (Single Mix),Placebo,214.0
Wicked Annabella,The Kinks,161.0
Vox Celeste,Deerhunter,216.0
Simple As It Should Be,Tristan Prettyman,229.0
Early Birdie,Owl City,256.0
Love Will Save You,Swans,365.0
Entrance,Washed Out,81.0
Taylor,Jack Johnson,239.0
Musica Universalis,Mike Oldfield,385.0
Baby I'm A Fool,Melody Gardot,210.0
Mista Mista,Fugees,162.0
Cloud Number Nine,Bryan Adams,226.0
Rumor Has It,Clay Walker,190.0
Mozaik,Zomby,192.0
Acid Tongue,Jenny Lewis,230.0
Wedding Song,Tracy Chapman,276.0
Getting Ahead In The Lucrative Field Of Artist Management,UNKLE,54.0
One Day I'll Fly Away,Randy Crawford,303.0
El Castillo,Lara & Reyes,277.0
Now That You're Home,Manchester Orchestra,188.0
Boys Wanna Be Her,Peaches,236.0
A Is For Apathy,Powerman 5000,253.0
The Gun Song,Ayria,208.0
State of Emergency,Skindred,242.0
From the Flagstones,Cocteau Twins,220.0
Gobbledigook,Sigur Rós,187.0
Pilgrim,Enya,193.0
Droplets,Colbie Caillat,204.0
No Hits,Black Mountain,406.0
While We Go Dancing,White Rabbits,258.0
El Conejo,Los Cojolites,149.0
Fight Song,The Appleseed Cast,254.0
Salt & pepper,Kaizers Orchestra,283.0
Orbiting,Clubroot,303.0
Wisdom Comes,Gojira,176.0
Blood Drive,Municipal Waste,73.0
The Lighthouse,Interpol,324.0
Cmyk,Smolik,285.0
Budapest,George Ezra,201.0
Signal Fire,Snow Patrol,266.0
Battery,Metallica,313.0
Sour Patch Kids,Asher Roth,270.0
Antimental,Mortiis,377.0
Can You Discover?,Discovery,142.0
Looking Outside Inside,Anathema,383.0
Ton Invitation,Louise Attaque,160.0
Love Explosion,Weezer,155.0
Radiant Strain,Scar Symmetry,256.0
L.A. Girl,Adolescents,109.0
The Man With No Skin,Great Lake Swimmers,327.0
Silent Circle,Acid King,452.0
Battle Metal,Turisas,263.0
Slob,Weezer,189.0
Catch My Disease,Ben Lee,254.0
Harder Than You Know,Escape the Fate,259.0
When Mermaids Cry,Eagle-Eye Cherry,270.0
El Pueblo Unido,Thievery Corporation,209.0
Sampsa Meets Kafka,Showbread,70.0
Coconut Skins,Damien Rice,225.0
How'd You Pin That One On Me,Dinosaur Jr.,265.0
Findaway,Silverchair,176.0
Krack,Soulwax,326.0
Svanire,Ludovico Einaudi,449.0
I Know You Are But What Am I?,Mogwai,245.0
Hall of the Dead,Isis,471.0
What About Love,Faithless,418.0
Cesspools In Eden,Dead Kennedys,357.0
Lil Mama,Jain,158.0
Lioness,Songs: Ohia,376.0
The Mother,Nick Cave & Warren Ellis,166.0
Give Yourself A Chance,Raised Fist,130.0
This Is A Forgery,Dashboard Confessional,338.0
Dig,Incubus,258.0
Iron Fist,Motörhead,248.0
Modern Meat,Animals as Leaders,127.0
Death and the Healing,Wintersun,433.0
Books From Boxes,Maxïmo Park,209.0
Dancing Mood,Delroy Wilson,217.0
Anne Arbour,The Get Up Kids,212.0
Teenage Spaceman,Booka Shade,335.0
Old Number Seven,The Devil Makes Three,225.0
Creature,Atreyu,179.0
Counting,Korn,218.0
Dig,Incubus,258.0
At Home,Crystal Fighters,308.0
That's Why You're Beautiful,Beyoncé,222.0
"Protons, Neutrons, Electrons",The Cat Empire,289.0
Ahora me da pena,Compay Segundo,186.0
Wipe that Sound,Mouse on Mars,252.0
Get Over It,OK Go,199.0
Sermon,Drowning Pool,259.0
Wake Up Pretty,A Sunny Day In Glasgow,120.0
Getting It Wrong,Sparklehorse,136.0
2113,Coheed and Cambria,587.0
White Noise,Mogwai,304.0
Hairline Fracture,Rise Against,243.0
The Magic of the Night,Enya,214.0
Jails And Bombs,Amos Lee,251.0
Lollipop (Candyman),Aqua,215.0
Where Is My Mind?,Pixies,230.0
Sun Dance,Tomahawk,182.0
Perfectly Lonely,John Mayer,268.0
"You Can't Hide, You Can't Run",Dilated Peoples,258.0
Deme Quaden Thyrane,Marduk,306.0
Hello Again,Hoobastank,182.0
Tin Man,Future Islands,194.0
Opening Credits,Hybrid,81.0
Heartbreak Warfare,John Mayer,263.0
Transmigrating Beyond Realms ov Amenti,Behemoth,208.0
New Skin,Incubus,231.0
Elk River,Six Organs of Admittance,191.0
Scissor Fuck Paper Doll,PsyOpus,216.0
Adventure Today,The Aquabats,175.0
Misery Is a Butterfly,Blonde Redhead,308.0
Rock And Roll All Nite,Kiss,168.0
Cruel Summer,Bananarama,210.0
The Nexus,Amaranthe,198.0
Disfigured,Cannibal Corpse,227.0
Pain & Panic,A Life Once Lost,246.0
To Ashes,Shadows Fall,361.0
The Red Telephone,Love,286.0
Tourist,Julian Casablancas,303.0
Pablo and Andrea,Yo La Tengo,256.0
Take You,Justin Bieber,221.0
You Are The Only One I Love,Jaymay,296.0
Nudnik Headache,Jonny Greenwood,136.0
Sine Wave,Mogwai,295.0
Spit It Out,Slipknot,161.0
Oblivion,Grimes,250.0
Victory Garden,Galaxie 500,172.0
Naila,Lila Downs,192.0
You Could Have It So Much Better,Franz Ferdinand,162.0
Come Running,Van Morrison,152.0
Inherit Obscurity,Through the Eyes of the Dead,299.0
Your Blessened,Melvins,339.0
Radio Heart,The Futureheads,181.0
Halloween II,Misfits,132.0
Broken Frames,Eyes Set to Kill,173.0
Bare My Teeth,Converge,123.0
Isis/Osiris,Xandria,230.0
Heat Miser,Massive Attack,219.0
New Music,Trüby Trio,365.0
They're Leaving Me Behind,Nick Drake,197.0
Damn Rough Night,Artist vs. Poet,201.0
Oltremare,Ludovico Einaudi,662.0
Code 1026,Agoria,349.0
Once Upon Your Dead Body,Coheed and Cambria,199.0
Wayfaring Stranger,Eva Cassidy,267.0
A Ribbon,Devendra Banhart,159.0
Wall of Gum,Black Moth Super Rainbow,60.0
Brain Cycles,Radio Moscow,203.0
Strangers In The Night,Cake,171.0
Go Motherfucker Go,Nashville Pussy,120.0
Stay Another Day,East 17,268.0
Day Nineteen: Disclosure,Ayreon,282.0
Jaded,Aerosmith,215.0
Right Here Waiting,Richard Marx,268.0
Tabloid Junkie,Michael Jackson,272.0
M.B.,Apocalyptica,239.0
What About Me,Cascada,192.0
Better Things,Massive Attack,254.0
Melancholy Mood,Ziggy Marley,271.0
Horsemen of the Invisible,Secret Chiefs 3,216.0
Juice,Lizzo,195.0
Carresses,M83,391.0
If It's Hurting You,Robbie Williams,252.0
Is It Worth It,Chase & Status,297.0
I Watched,Parkway Drive,209.0
Shame Shame,From First to Last,216.0
Chase This Light,Jimmy Eat World,207.0
Don't Even Trip (feat. Amon Tobin),Peeping Tom,347.0
Angel Of Mercy,HammerFall,340.0
Mental Shock,Municipal Waste,109.0
Lord Anthony,Belle and Sebastian,255.0
On s'attache,Christophe Maé,191.0
Apple for a Brain,Xiu Xiu,205.0
Don't Turn Your Back On Fear,The 69 Eyes,225.0
Blue Line Cretin,The Red Chord,147.0
Headlights Look Like Diamonds,Arcade Fire,266.0
Turtle Island,Beach House,240.0
The Wild Hunt,The Tallest Man on Earth,204.0
I'm Not Alone,Calvin Harris,210.0
Petrol,Orbital,380.0
Ambulance for the Ambience,Broken Social Scene,319.0
O.C.B.,Timo Maas,319.0
Lonely End,Long Beach Dub All Stars,215.0
Tomorrow Goes Away,Delta Spirit,90.0
Carries On,Edward Sharpe & The Magnetic Zeros,271.0
Fire Bomb,Rihanna,258.0
"If You Want To Blame Us For Something Wrong, Please Abuse This Song!",War from a Harlots Mouth,82.0
Death Whispered a Lullaby,Opeth,350.0
Sugar Kane,Sonic Youth,358.0
Gleypa okkur,Ólafur Arnalds,348.0
Nicodemus (The Seeker),For Today,196.0
Long Forgotten Sons,Rise Against,242.0
Bertie,Kate Bush,259.0
Combat Rock,Sleater-Kinney,287.0
Calm Before the Storm,Fall Out Boy,267.0
Starbelly,Pig Destroyer,303.0
Minor Earth Major Sky,a-ha,325.0
Girl Of My Dreams,Charles Mingus,249.0
The Call of the Serpent,Sephiroth,382.0
Rugla,Amiina,240.0
Dressed In Black,Ulver,426.0
St. Apollonia,Beirut,181.0
Save,The Rocket Summer,234.0
Out Of Time,The Rolling Stones,222.0
They Say I'm Different,Betty Davis,255.0
RX Coup,Sparta,194.0
Silence The Voices,Chris Cornell,267.0
Blind Evil,Dream Evil,264.0
Spiel mit,2raumwohnung,227.0
No One Fed Me So I Stayed,Deerhoof,47.0
Drones In The Valley,Cage the Elephant,148.0
Sinatra,Deftones,283.0
Seven Days and One Week,BBE,270.0
Climactic Degradation,The Black Dahlia Murder,159.0
Another Night Alone,SR-71,214.0
God Song,Bad Religion,99.0
What You Could've Won,Milburn,257.0
Lonelily,Damien Rice,195.0
Fall in a River,Badly Drawn Boy,138.0
Why Do I Feel So Sad,Alicia Keys,266.0
Briony,Dario Marianelli,104.0
Beep Street,Squarepusher,397.0
Live-In Skin,Foo Fighters,233.0
Os Abysmi Vel Daath,Celtic Frost,401.0
Suffused With Love,Sondre Lerche,171.0
Raum Der Zeit,Wizo,99.0
State Of Emergency,Papa Roach,307.0
Untreatable Disease,Sparta,200.0
Crazy Little Thing Called Love,Queen,164.0
mOBSCENE,Marilyn Manson,207.0
Blue Orchid,The White Stripes,160.0
B.O.B.,OutKast,304.0
Natural High,HammerFall,255.0
Human Strain,Slayer,189.0
Fix You (Live),Coldplay,363.0
Through the Red,At the Gates,209.0
The Dethbridge in Lethbridge,The Rural Alberta Advantage,133.0
Jus 1 Kiss,Basement Jaxx,217.0
The Voice of Enigma,Enigma,141.0
Herzlich Willkommen,:Wumpscut:,71.0
Nylon Smile,Portishead,197.0
The Great Deceiver,Evergrey,261.0
Bim Bom,João Gilberto,74.0
Be Gentle With Me,The Boy Least Likely To,227.0
Make Your Move,New Found Glory,242.0
So Fremd,Fotos,182.0
Continental,Alkaline Trio,208.0
Nothing Natural,Lush,354.0
Omerta,Lamb of God,286.0
When We Are Together,Texas,211.0
Owls,Cocoon,185.0
Madder Red,Yeasayer,244.0
Terra Firma,Young Knives,167.0
Cow,Melvins,271.0
Raincoat Song,The Decemberists,142.0
Over the Wall,Testament,277.0
Prayer in the Dark,Powerwolf,260.0
Star Traveller,Ferry Corsten,374.0
Bell,Swirlies,270.0
Through Hell,We Are the Fallen,221.0
Crepuscule With Nellie,Thelonious Monk,275.0
Sixties Remake,Tokyo Police Club,125.0
We Are the Dead,Ulver,221.0
The Listening,Lights,215.0
Let It Fall,Lykke Li,162.0
Lovey Dovey Stuff,Geri Halliwell,219.0
Prime,Allie X,254.0
5:15 Train,A Sunny Day In Glasgow,252.0
Head Over Heels,Tears for Fears,256.0
She's So High,Tal Bachman,225.0
Cicadas,Deerhunter,147.0
Hanging High,Lykke Li,247.0
Bare Your Teeth,Ashbury Heights,221.0
Vosstanie Roda,Arkona,345.0
Man Research (Clapper),Gorillaz,273.0
Azure Azure,Tim Hecker,634.0
Hyped-Up Plus Tax,Dabrye,217.0
Releasing Surtur's Fire,Amon Amarth,330.0
Hot Winter's Day,Prefuse 73,132.0
Safe Home,Anthrax,337.0
Fixed Income,DJ Shadow,289.0
Vodka,Korpiklaani,180.0
Rock This Country!,Shania Twain,262.0
(Do)Minion,Eluveitie,308.0
Ming Tran,Gob,154.0
Wet Hair,Japandroids,192.0
Gypsy Death & You,The Kills,130.0
The Power Is On,The Go! Team,194.0
Bohemian Grove,Emmure,203.0
Recycled Air,The Postal Service,269.0
Ham Green,Beak>,387.0
Pull Up the People,M.I.A.,225.0
Prismism,Battles,52.0
Fire In The Mountain,Long Distance Calling,448.0
Walk Away,Franz Ferdinand,216.0
Loose Change,Royal Blood,156.0
Line of Fire,Junip,339.0
Bucephalus Bouncing Ball,Aphex Twin,344.0
The Pressman,Primus,311.0
Beast Of Man,Arch Enemy,216.0
WTFWJD,I Set My Friends on Fire,188.0
Vices Like Vipers,"Oh, Sleeper",259.0
The Combine,John Maus,219.0
Velvet Touch,The 69 Eyes,278.0
Electric Avenue,Skindred,190.0
New Coke,Health,222.0
Keep You Much Longer,Akon,261.0
Letter Home,Motorama,247.0
Girl And The Ghost,KT Tunstall,254.0
Andalusian Nights,Govi,324.0
Count Five or Six,Cornelius,184.0
Black Paper Planes,Long Distance Calling,437.0
Walking In The Rain,The Ronettes,196.0
S.T.A.R.R.Z.,Booka Shade,371.0
The Reflective Property,August Burns Red,231.0
Finally Forever,Chris Cornell,217.0
Stay Another Day,East 17,268.0
Myopia,Moby,280.0
Table Tennis ft. Laura Darlington,Flying Lotus,182.0
Releasing Surtur's Fire,Amon Amarth,330.0
La Collectionneuse,Charlotte Gainsbourg,315.0
Something Diabolical,Bloodhound Gang,310.0
"10,000 Chariots",Damian Marley,266.0
In the Warm Room,Kate Bush,215.0
Billie,Pavement,224.0
And Sleep Al Mar,Au Revoir Simone,234.0
Stomach Song,Broken Social Scene,270.0
The Missing Coordinates,Scar Symmetry,277.0
Sign,Flow,236.0
Lost in Mirror,Melt-Banana,155.0
Surprise,Gnarls Barkley,230.0
The Soft Goodbye,Celtic Woman,238.0
Mornings,Portugal. The Man,279.0
Two Steps Away,Mors Principium Est,347.0
Leave the Day (Crystal Tears remix),Blutengel,322.0
Goldfish Bowl,Stereophonics,183.0
Shindo,Less Than Jake,138.0
Alcohaulin' Ass,Hellyeah,234.0
The Debt Collector,Blur,131.0
Possessed To Skate,Suicidal Tendencies,208.0
Dark Side Of My Room,Extrawelt,458.0
Hustle Rose,Metric,333.0
Instant Street,dEUS,373.0
White Trash Heroes,Archers of Loaf,467.0
Show Me Forgiveness,Björk,84.0
Angels Fall First,Nightwish,331.0
Dumb Animals,Handsome Furs,337.0
Torii,Gojira,104.0
Dazzle,Siouxsie and the Banshees,333.0
Give It Back,The Ting Tings,215.0
Maria Stacks,Thee Oh Sees,137.0
Could This Be Real (Joker Remix),Sub Focus,252.0
The Gangrenous Epitaph,Aborted,205.0
Letter From an Occupant,The New Pornographers,226.0
Antikrist,Dimmu Borgir,216.0
Carrion Sculpted Entity,Cannibal Corpse,153.0
The Food,Common,217.0
Shake Your Body (Down to the Ground),The Jacksons,225.0
Shunned Redeemer,Ion Dissonance,234.0
Vacuum Garden,Squarepusher,363.0
Galeon,Łąki Łan,327.0
Prairie Wedding,Mark Knopfler,267.0
Tio Sam,Ska-P,261.0
This Ain't Pleasure,L7,163.0
Glue of the World,Four Tet,302.0
Rolf Royce,Tosca,339.0
Dark Globe,Syd Barrett,122.0
The Ascent,The Devil Wears Prada,70.0
Staple It Together,Jack Johnson,196.0
Courage,Alien Ant Farm,210.0
Extreme Unction,Necrophagist,286.0
Get On Up,Sub Focus,359.0
I Killed You,Torture Killer,199.0
Minus Two,Broadcast,256.0
Altered Beast,We Are Scientists,237.0
Starlit,Theatre of Tragedy,247.0
Nowheres Nigh,Parts & Labor,276.0
Murder By Numbers,The Police,277.0
Sonnet of the Wretched,Chelsea Grin,256.0
Resolve,Foo Fighters,289.0
A Dying God Coming Into Human Flesh,Celtic Frost,339.0
All About U,2Pac,279.0
Sad Pony Guerrilla Girl,Xiu Xiu,198.0
Looking Back,Jim Brickman,192.0
Killing Season,Testament,293.0
Human Racing,St. Vincent,229.0
Green Arrow,Yo La Tengo,344.0
Kilometros,Sin Bandera,222.0
Death of the Anti Mother,Norma Jean,246.0
Mistake,Moby,227.0
I Need Something Stronger,UNKLE,249.0
Waidmanns Heil,Rammstein,213.0
Burial,Miike Snow,261.0
Is This It,The Strokes,151.0
Cherry,Ratatat,338.0
Our Composition Book,Wild Nothing,226.0
"Next to You, Next to Me",Shenandoah,219.0
Ronin,Hans Zimmer,113.0
He Feels Bad,Helmet,243.0
Foam Hands,Destroyer,230.0
Stripsearch,Faith No More,270.0
When The Lights Go Down,Faith Hill,246.0
Radio Future,Machinae Supremacy,280.0
Hiding On The Staircase,New Young Pony Club,212.0
Flickers,London Grammar,287.0
One of the Boys,Katy Perry,248.0
Advanced Corpse Tumor,Necrophagist,328.0
Saving Grace,The Cranberries,188.0
Bend It Like Bender!,Devin Townsend Project,215.0
The Rocket Builder (Io Pan!),Jóhann Jóhannsson,385.0
The Way to Heaven,Buckethead,350.0
The Long Way Around,Dixie Chicks,273.0
Truck Stop Blues,New Found Glory,135.0
Commercial for Levi,Placebo,141.0
You See Me Crying,Aerosmith,312.0
Coming Down The Hill,El Perro del Mar,153.0
Regenesis,Textures,297.0
On Rich and Poor,Amorphis,324.0
Þú ert jörðin,Ólafur Arnalds,274.0
English Girls Approximately,Ryan Adams,341.0
White Boots,The Vaughan Brothers,230.0
Waiting For You,Ben Harper,214.0
Moonstruck,Booka Shade,398.0
Lord Give Me a Sign,DMX,209.0
I Wanna Be Your Joey Ramone,Sleater-Kinney,157.0
The Pizza Song,The Bouncing Souls,223.0
Long Blonde,The Long Blondes,209.0
Good Morning Melody,Lullatone,301.0
Chlorophyll,Boxcutter,251.0
Paperbag Writer,Radiohead,238.0
The Photos On My Wall,Good Shoes,112.0
Rude Boy Don't Cry,Bedouin Soundclash,174.0
Choco's Guajira,Rubén González,412.0
Light Through the Veins,Jon Hopkins,565.0
"Now, Now",St. Vincent,265.0
Her Advice Cost Us A Life,Emarosa,274.0
Feel Good Inc.,Gorillaz,223.0
Empte,Skinny Puppy,251.0
Day Old Blues,Kings of Leon,213.0
Looking For Love,September,205.0
Think About You,Guns N' Roses,232.0
Pink Noise Waltz,Diablo Swing Orchestra,367.0
Detective,No Doubt,173.0
The Unbearable Filth of the Soul,Anaal Nathrakh,212.0
Two (Vaya con Dios),Ill Niño,204.0
Mirrors,Natalia Kills,197.0
Election Day,Arcadia,328.0
Mr. Blue Sky,Electric Light Orchestra,304.0
Biomechanic man,Lordi,202.0
Redneck Yacht Club,Craig Morgan,230.0
Birdbath,The Red Chord,145.0
Code of Energy,Papa Roach,244.0
One Hit,The Knife,268.0
Gutter,Otep,62.0
Plug 'N' Die,Dope Stars Inc.,375.0
Dusk You & Me,Groove Armada,338.0
Limassol,Maxïmo Park,224.0
Loose Cannon,Killing Joke,248.0
The Oscillator's Hum,Frog Eyes,148.0
Global War,Alborosie,234.0
Maniac (R.O.D.),Four Year Strong,188.0
Deconstruction,All Shall Perish,170.0
thoughts on the floor,I Love You But I've Chosen Darkness,373.0
Touch of My Hand,Britney Spears,259.0
Mayor,Mount Kimbie,241.0
The Darkest Flame,Primordial,319.0
Undeclared,The Dodos,113.0
Run To The Water,Live,266.0
The Ship of Pills and Needed Things,I Am Ghost,222.0
5 Kids Down,Big D And The Kids Table,136.0
Just an Illusion,Imagination,389.0
Wing Body Wing,Four Tet,446.0
Hands Tied,The Suicide Machines,117.0
Roadside,Rise Against,201.0
Step By Step,The Alan Parsons Project,234.0
Triple Chrome Dipped,Michna,239.0
Jewel Box,Jeff Buckley,212.0
Cumbanchero,Rubén González,272.0
The Hole in Me,Blackfield,167.0
Sharp As A Razor,Julian Marley,244.0
Honest James,Thurston Moore,230.0
The Last Goodbye,The Kills,220.0
Rejoicing in the Hands,Devendra Banhart,101.0
Oh England My Lionheart,Kate Bush,192.0
Scarlet Begonias,Sublime,212.0
Comforting Lie,No Doubt,173.0
Ruination,Job for a Cowboy,296.0
Monday Morning Apocalypse,Evergrey,190.0
The Sign,Ace of Base,191.0
No Encores,The Notwist,265.0
Know Why the Nightingale Sings,Nightwish,253.0
World On Fire,Above & Beyond,284.0
All These Years,Camila Cabello,164.0
Mana,Xavier Rudd,129.0
Remembering Sunday,All Time Low,257.0
Flute Loop,Beastie Boys,115.0
This Is Our Town,We the Kings,149.0
Railway,Boy,238.0
Servo,The Brian Jonestown Massacre,204.0
Sold Out,Yo Gotti,239.0
Para Tu Amor,Juanes,249.0
Cranley's Gonna Make It,Broken Social Scene,327.0
Neon Bible,Arcade Fire,137.0
Fire for a Dry Mouth,Between the Buried and Me,365.0
Midnite Cruiser,Steely Dan,240.0
The Last Spartan,Martin O'Donnell & Michael Salvatori,138.0
13 Fingers,Acid Bath,250.0
Cindy (Rotten Tanx),Thurston Moore,226.0
Masks,Martyn,296.0
Anorak Christmas,Sally Shapiro,262.0
InstruMETAL,Haste the Day,124.0
Seanchas,Clannad,294.0
Sketchead,Arctic Monkeys,123.0
Killing All the Flies,Mogwai,275.0
Vow of Silence,Throbbing Gristle,422.0
International You Day,No Use for a Name,175.0
Shanty for the Arethusa,The Decemberists,338.0
Celtic Rain,Mike Oldfield,280.0
Brown Eyed Handsome Man,Chuck Berry,139.0
Expecting,The White Stripes,123.0
Everything Dies,Type O Negative,277.0
Take On Me,Cap'n Jazz,183.0
In Coalesce With Filth And Faith,Carnifex,197.0
Pozytywka,Farben Lehre,208.0
Into Eternity,Jens Lekman,225.0
Luna Roja,Soda Stereo,331.0
The Outer Banks,The Album Leaf,263.0
Yesterday Never Tomorrows,The Stills,321.0
"Before There Was Atlanta, There Was Douglasville",The Chariot,137.0
Perfect Gentleman,Wyclef Jean,249.0
Gerald Did What,Evergreen Terrace,107.0
Megacorps,Dope Stars Inc.,215.0
Out Of My Hands,Caesars,218.0
A Rancid Romance,Diablo Swing Orchestra,268.0
Season of the Shark,Yo La Tengo,270.0
Fall Silent,Groove Armada,273.0
Abbesses,Birdy Nam Nam,387.0
Iron Fist,Motörhead,248.0
My Heart Is Yearning,NOFX,144.0
Gem Of A Bird,The View,212.0
Horndog,Overseer,210.0
Forthcoming Fire,Heaven Shall Burn,263.0
Nothin' Like Tomorrow,Supreme Beings of Leisure,283.0
The Casualty,Cursive,210.0
Handyfeuerzeug gratis dazu,Kettcar,173.0
Nobody's Fault But Mine,Nina Simone,178.0
Crusader of Hopelessness,Refused,173.0
Talullah,Jamiroquai,362.0
Drippy Eye,Black Moth Super Rainbow,193.0
Allt varð hljótt,Ólafur Arnalds,202.0
Janine 1,Camille,54.0
After Hours,We Are Scientists,234.0
Veronica Sawyer Smokes,AFI,164.0
I'm Housin',Rage Against the Machine,297.0
Ad Noctum,Borknagar,263.0
Volcano Girls,Veruca Salt,199.0
Arrabal,Gotan Project,238.0
Come Lay Down,Howie Day,353.0
By the Dividing Stream,Ensiferum,141.0
Devil In Disguise,J.J. Cale,121.0
My Lady Story,Antony and the Johnsons,213.0
Wall Of Arms,The Maccabees,184.0
Always Gonna Love You,Gary Moore,235.0
Undiscovered,James Morrison,208.0
Trains,Porcupine Tree,356.0
Du Löst Dich Auf,Fotos,164.0
Thickfreakness,The Black Keys,228.0
My Good Gal,Old Crow Medicine Show,259.0
Space Junk,Devo,135.0
Suck and Let Go,Peaches,389.0
Eternal Return,Locrian,171.0
A Call To Awake (the Quest),Orphaned Land,370.0
Sic Transit Gloria ... Glory Fades,Brand New,186.0
"I Put The ""Metro"" In Metronome",Cute Is What We Aim For,206.0
Desiderata,The Human Abstract,234.0
Bastards on Parade,Dropkick Murphys,231.0
Pearl,Katy Perry,248.0
Weapons of Mass Distortion,The Crystal Method,291.0
Thai Noodles,Colonel Claypool's Bucket of Bernie Brains,216.0
Effigy,Andrew Bird,304.0
Pot Sounds,Meat Beat Manifesto,127.0
Forget Me,Sally Dige,251.0
The Greater Good,Nine Inch Nails,291.0
Return to Energiser,Enter Shikari,277.0
Wide Eyes,Local Natives,267.0
Summer Wine,Ville Valo & Natalia Avelon,234.0
Worship The Sun,PANTyRAiD,361.0
I Am Legend / Out For Blood,Arch Enemy,329.0
Crystal Night,Masterplan,317.0
Radar Detector,Darwin Deez,190.0
All the Wild Horses,Ray LaMontagne,197.0
Get On Up,Sub Focus,359.0
The Reason,Hoobastank,233.0
Mushroom Compost,µ-Ziq,200.0
Weathered,Creed,330.0
Pop Art Blue,Zero 7,263.0
In Quest Of Enigmatic Dreams,Old Man's Child,52.0
The New World,In Flames,202.0
The Space They Can't Touch,Less Than Jake,174.0
Alvin Row,Animal Collective,760.0
Never Get Caught,American Head Charge,296.0
My Brother Jake,Free,177.0
What Do You Go Home To?,Explosions in the Sky,300.0
"Rest, Shame, Love",Augustana,239.0
Zambra,Ojos de Brujo,406.0
Atrum Regina,Dark Funeral,334.0
Mono Grind,The Berzerker,64.0
Acid Bells,Efdemin,349.0
100 Years,Dr. Dog,246.0
Ana's Song (Open Fire),Silverchair,222.0
Rozz Box,Boys Noize,359.0
Mouth Wooed Her,Animal Collective,265.0
The Wild Hunt,The Tallest Man on Earth,204.0
Hvis lyset tar oss,Burzum,485.0
The Cult of Romance,Fenech-Soler,226.0
Into The Valley,The Skids,191.0
You'll Be In My Heart,Phil Collins,257.0
Light My Way,Audioslave,303.0
La Frontera,Lhasa de Sela,183.0
Say Hello,P.O.D.,151.0
Dayvan Cowboy,Boards of Canada,301.0
Change Of Heart,Tom Petty and The Heartbreakers,198.0
Bring Back the Apocalypse,Sleepytime Gorilla Museum,250.0
Sun Lips,Black Moth Super Rainbow,196.0
El Cargo,Amon Tobin,264.0
Vodka Inferno,Diablo Swing Orchestra,248.0
Hitch A Ride,Boston,252.0
GodDamn,Hellyeah,201.0
Planetary,Booka Shade,248.0
Happy Pills,Norah Jones,212.0
One in Ten,UB40,275.0
British Intelligence,Jamie T,199.0
Findaway,Silverchair,176.0
Follow The Light,Travis,189.0
Gorgon,Angel Witch,213.0
My Imaginary Friend,Reel Big Fish,205.0
Hover,TRUSTcompany,219.0
Sons of the Morrigan,Primordial,426.0
The Devil Rides Out,Reverend Bizarre,371.0
Cracked Plaster Cast,Melt-Banana,134.0
SURVIVE,雅-MIYAVI-,213.0
Spirit dreams inside,L'Arc~en~Ciel,224.0
In Loss,Neaera,212.0
Dog and Pony Show,Shellac,240.0
Dragonheads,Ensiferum,319.0
The Longest Lasting Statement,Norma Jean,168.0
Neanderthal,Kaki King,268.0
Cruel Mistress,Flogging Molly,178.0
Future Days,Pearl Jam,263.0
It Don't Move Me,Peter Bjorn and John,202.0
Every Other Way,BT,667.0
Cuffed To Your Ankles,Arsonists Get All The Girls,259.0
Breakbeat Era,Breakbeat Era,323.0
Roses to No One,Edguy,343.0
198d,At the Drive-In,244.0
Bags,Clairo,261.0
Little Nut Tree,The Melodians,144.0
Assassinate Me,Jesus On Extasy,231.0
Demonium,Immortal,236.0
Abyssum,Imperia,409.0
Buried Alive in the Blues,Janis Joplin,145.0
Mouth Wooed Her,Animal Collective,265.0
Earth Story,Nicholas Gunn,228.0
Comanche,Cake,130.0
Atlanta,Stone Temple Pilots,319.0
Enclosed,Penumbra,323.0
Wooden Arms,Patrick Watson,188.0
From Out Of Nowhere,Five Finger Death Punch,203.0
Alkohol,Herbert Grönemeyer,269.0
Druganaut,Black Mountain,228.0
Eighteen Robins Road,The Evpatoria Report,1013.0
Show,Beth Gibbons & Rustin Man,266.0
Velvet Belly,This Mortal Coil,80.0
Spring Arrives,Azam Ali,318.0
Easy To Be Hard,Three Dog Night,190.0
Romeo & Rebecca,blink-182,152.0
Traveller,Borknagar,304.0
Goodbye Baby (Baby Goodbye),Van Morrison,179.0
Assouf,Tinariwen,239.0
1184,Windir,329.0
Pull My Strings,Dead Kennedys,353.0
Souled Out!!!,Conor Oberst,212.0
Exterminator,Primal Scream,350.0
43% Burnt,The Dillinger Escape Plan,271.0
Alsvartr (The Oath),Emperor,258.0
I Stand Corrected,Vampire Weekend,160.0
Geigen bei Wonderful World,Tomte,255.0
When It Flows,Great Lake Swimmers,215.0
Dreambound,Helloween,357.0
Sentient 6,Nevermore,418.0
How Near How Far,...And You Will Know Us by the Trail of Dead,234.0
The Hardest Button to Button,The White Stripes,212.0
In Every Mind,Red Sparowes,186.0
Christiansands,Tricky,234.0
Heaven Is a Truck,Pavement,150.0
Fortunate Fool,Jack Johnson,231.0
Caves,Nosaj Thing,228.0
Next Heap With,Aphex Twin,285.0
Pocketful Of Dreams,Billy Talent,200.0
Back On a Mission,Cirrus,218.0
The Next Time Around,Little Joy,157.0
Black Background,The Presets,98.0
Starfall,Dragonland,200.0
Used To,Daughtry,212.0
Opus 40,Mercury Rev,537.0
I Wish You Would,The Yardbirds,141.0
Solve Et Coagula,Mudvayne,169.0
Mal Poli,Yelle,175.0
Remember the Future (High Contrast Remix),London Elektricity,355.0
Hell On Earth (Front Lines),Mobb Deep,274.0
In Our Tears,Secret Garden,277.0
"Lists, Plans",A Sunny Day In Glasgow,294.0
Heliosphan,Aphex Twin,294.0
Ka-Ching!,Shania Twain,200.0
O I Sleep,Mogwai,56.0
Of A Might Divine,Haggard,500.0
My Humps,Black Eyed Peas,327.0
For Your Own Benefit,Philip Glass,123.0
Like the Rest of Us,Atmosphere,201.0
Early Soundz,Showtek,380.0
Need To Shout,Architecture in Helsinki,250.0
Big Black Car,Gregory Alan Isakov,217.0
Para Tu Amor,Juanes,249.0
I'll Be By Your Side,Sally Shapiro,328.0
O Papa É Pop,Engenheiros Do Hawaii,228.0
Prenzlauerberg,Beirut,227.0
Medium Unwell,Mad Caddies,184.0
Young Blood Spills Tonight,Eyes Set to Kill,268.0
Indo Silver Club,Daft Punk,275.0
A Trip Out,British Sea Power,197.0
Mama Tierra,Macaco,286.0
Cold Shoulder,Adele,192.0
Te quiero puta!,Rammstein,236.0
Sweepstakes (Feat. Mos Def and Hypnotic Brass Ensemble),Gorillaz,320.0
Catch Me When I Fall,Ashlee Simpson,240.0
Stay Tuned,Wax Tailor,35.0
I'll Fall With Your Knife,Peter Murphy,289.0
A Hail Of Bombs,Red Sparowes,262.0
Pirates,Burial,371.0
Killing For Love,José González,183.0
40 Years Back Come,Röyksopp,286.0
Hate It Here,Wilco,271.0
The Last Mile,Cinderella,227.0
Lunal,Boxcutter,298.0
I Just Want To Make Love To You,Muddy Waters,167.0
Jabuticaba,Bebel Gilberto,183.0
From the Ritz to the Rubble,Arctic Monkeys,195.0
Out Of The Wilderness,Cold War Kids,247.0
The Woodworm,9 Lazy 9,315.0
Streets of Philadelphia,Bruce Springsteen,195.0
Dance Hall,Modest Mouse,177.0
Time Capsule,Arch Enemy,69.0
Doghouse,Descendents,107.0
Enslaved By Propaganda,Terrorizer,134.0
Every Planet We Reach Is Dead,Gorillaz,293.0
What Child Is This?,Josh Groban,232.0
Wucan,Black Mountain,363.0
Written on the Sky,Max Richter,100.0
China White,He Is Legend,269.0
The Perfect Drug,Nine Inch Nails,315.0
Combat Rock,Sleater-Kinney,287.0
Sleep/Swim,múm,50.0
Bermuda Triangle,Gonzales,94.0
Welcome Back,Young Jeezy,247.0
Creepin' In,Norah Jones,181.0
Local Authority,Mogwai,256.0
MASQUERADE,Versailles,244.0
Eastern Glow,The Album Leaf,367.0
I Luv U,Dizzee Rascal,245.0
Oh La La Satan,Mustard Pimp,321.0
Nobody's Here,Devin Townsend,414.0
Temper Temper,Bullet for My Valentine,189.0
The Fourth Drink Instinct,Cute Is What We Aim For,250.0
What You Were,The Drums,195.0
Shellback,Red Snapper,343.0
Murdoc Is God,Gorillaz,146.0
All My Colours,Nouvelle Vague,237.0
Feel This Way,Zebrahead,224.0
Ache,Pharmakon,423.0
You Fail Me,Converge,337.0
Faux Semblants,Amesoeurs,261.0
One Belief,All That Remains,270.0
Tent In Your Pants,Peaches,172.0
24 Hour Party People,Happy Mondays,281.0
Four Chord Wonder,The Ataris,106.0
Victims of Love,Good Charlotte,225.0
Even Deeper,Nine Inch Nails,348.0
All Your Bass Belongs to Us,Combichrist,284.0
Bitches,Mindless Self Indulgence,166.0
Sexy Love,Ne-Yo,220.0
Hit the Plane Down,Pavement,217.0
9/15ths,Biffy Clyro,166.0
Blister In The Sun,Violent Femmes,145.0
Minus Two,Broadcast,256.0
Explosivo,Tenacious D,115.0
Dust Cloud,Bear in Heaven,358.0
I'm a Broken Heart,The Bird and the Bee,270.0
Missionary Man,Eurythmics,173.0
Please Do Not Let Me Go,Ryan Adams,216.0
Beni Beni,Niyaz,269.0
Water & Air,Cat Power,283.0
If I Could Cry (It Would Feel Like This),Jens Lekman,204.0
Arkhangelsk,Dark Tranquillity,237.0
No One Fed Me So I Stayed,Deerhoof,47.0
Standing O,Wilco,209.0
A Stranger,A Perfect Circle,192.0
Percussion Gun,White Rabbits,189.0
The Seduction,He Is Legend,230.0
Secret Valentine,We the Kings,208.0
Deserted,Blind Melon,261.0
Point Of Uncertainty,Into Eternity,226.0
Streets Lack Love,Nneka,245.0
Version City,The Clash,263.0
Never Stops,Deerhunter,184.0
A Coral Room,Kate Bush,374.0
Reign of Light,Samael,231.0
Relentless Beating,Cannibal Corpse,135.0
T.T.C.,Rank 1,257.0
Deathcar,Fightstar,266.0
Who Knew My Luck Would Change,Consequence,316.0
You Fucking Love It,Dirty Pretty Things,114.0
Mother's Daughter,Santana,265.0
Around My Smile,Hope Sandoval & The Warm Inventions,250.0
Tuxedo Hat,The Octopus Project,314.0
Muscle'n Flo,Menomena,261.0
Paper Gangsta,Lady Gaga,260.0
Du Nord Au Sud,Louise Attaque,302.0
Falling Into the Sky,Great Lake Swimmers,185.0
January 1979,mewithoutYou,206.0
Who Killed Mr. Moonlight,Bauhaus,298.0
Paradigm Shift,Liquid Tension Experiment,535.0
Seein' Red,Unwritten Law,228.0
Glenn Tipton,Sun Kil Moon,257.0
A New Sky,The Presets,274.0
Over It,Bullet for My Valentine,228.0
To The Light,Newton Faulkner,159.0
Possessing The Angels,Soilwork,236.0
Shock Wave,Black Sabbath,316.0
Into Battle,Ensiferum,353.0
Lonely As Can Be,The Concretes,212.0
Horrorshow,The Libertines,155.0
Satin Chic,Goldfrapp,206.0
Nata,Eluveitie,242.0
Pocketful Of Dreams,Billy Talent,200.0
Devil's Path,Dimmu Borgir,367.0
With the Sickness,Leftöver Crack,71.0
Jackie Cane,Hooverphonic,260.0
Widars Hallen,Equilibrium,497.0
De La Musique Et Du Bruit,Babylon Circus,265.0
Live Bed Show,Pulp,210.0
The Earthling,Cattle Decapitation,207.0
Quasar Waves,Samael,218.0
Potion Approaching,Arctic Monkeys,212.0
Nathan's Phase,The Chameleons,207.0
The Wrist,Mushroomhead,332.0
Shit Song,Kate Nash,185.0
Leaving Eden,Antimatter,344.0
Always Fade,Low,238.0
Die Schönheit der Chance,Tomte,288.0
Beautiful Delilah,Chuck Berry,130.0
Preaching The End Of The World,Chris Cornell,279.0
Let It Take You,Goldfrapp,269.0
Jane Became Insane,Beatsteaks,372.0
Chapter I: Tales Of Ithiria,Haggard,487.0
What You Do To Me,Blakroc,306.0
The Last Spartan,Martin O'Donnell & Michael Salvatori,138.0
Fannin Street,Tom Waits,256.0
Love Song For No One,John Mayer,202.0
These New Knights,Ou Est Le Swimming Pool,205.0
Sunburn,Muse,1.0
Going Going Gone,Exodus,299.0
Miss Murder,AFI,207.0
"Red, Yellow & Blue",Born Ruffians,152.0
Egypt,Mercyful Fate,293.0
The Dirt Whispered,Rise Against,189.0
Mogwai Fear Satan,Mogwai,980.0
You and Us,Miss Kittin & The Hacker,377.0
The Last Something That Meant Anything,Mayday Parade,294.0
Angel in the Snow,Elliott Smith,155.0
Virginia Plain,Roxy Music,178.0
Wildcat!,Be Your Own Pet,84.0
Fireproof,The National,178.0
Lightning Is My Girl,Auf Der Maur,249.0
Webers,Caribou,333.0
Shpongolese Spoken Here,Shpongle,398.0
Pilot Can at the Queer of God,The Flaming Lips,257.0
Too Mixed Up,NOFX,146.0
Comes & Goes,Les Savy Fav,181.0
Our World Is Grey,As Cities Burn,358.0
Outbreak of Evil,Sodom,214.0
Krigsmjöd,Finntroll,189.0
Raining Dead Angels,Tiamat,258.0
Mr Blue Sky,Lily Allen,222.0
Homebird,Foy Vance,231.0
Henry,Peace Orchestra,366.0
Coming Down Gently,Morcheeba,260.0
Singled Out,New Found Glory,200.0
Brain Burner,No Age,112.0
Gold Day,Sparklehorse,255.0
I Can't Be With You,The Cranberries,188.0
At Arms Length,Mouth of the Architect,424.0
Pocketful Of Dreams,Billy Talent,200.0
Forever My Friend,Ray LaMontagne,347.0
Riddle of Steel / Riders of Doom,Basil Poledouris,340.0
2nd Foot Stomp,Clinic,175.0
One Headlight,The Wallflowers,313.0
Fire In The Mountain,Long Distance Calling,448.0
I'm Deranged,David Bowie,271.0
Jak Aniola Glos,Feel,207.0
Middle Distance Runner,Sea Wolf,208.0
Climactic Degradation,The Black Dahlia Murder,159.0
Kabuki Girl,Descendents,71.0
Great Expectations,Elbow,305.0
Understatement,New Found Glory,191.0
Switch Opens,Soundgarden,233.0
Don't You Know Who I Think I Am?,Fall Out Boy,172.0
Russian Courier,Moderat,376.0
Lovely Creature,Nick Cave & The Bad Seeds,254.0
I'm Housin',Rage Against the Machine,297.0
Speech Impediment,August Burns Red,241.0
The Night I Lost My Head,Maxïmo Park,112.0
The Harvest Floor,Cattle Decapitation,187.0
Traffic Lights,Lena,166.0
This Sweet Love (Prins Thomas Sneaky Edit),James Yuill,431.0
Hopkins (The Witchfinder General),Cathedral,319.0
Club Bizarre,U96,300.0
A Strange Arrangement,Mayer Hawthorne,257.0
1972,Josh Rouse,229.0
To Fix the Gash In Your Head,A Place to Bury Strangers,231.0
Gibber,Mortiis,259.0
Dancing On Glass,St. Lucia,246.0
Ride Me High,J.J. Cale,214.0
Ridiculoid,Cannibal Ox,287.0
Eyes Of Horror,Amon Amarth,215.0
This Orient,Foals,243.0
In Death - Is Life,Meshuggah,122.0
Titelheld,Extrawelt,486.0
Lost Someone,Cat Power,171.0
Wealthy Man,Cat Power,309.0
Diamonds and Rust,Judas Priest,211.0
World Town,M.I.A.,234.0
Computer Eyes,Ayreon,437.0
She's Like Heroin to Me,The Gun Club,155.0
World on Fire,Sarah McLachlan,263.0
Danza di fuoco e ghiaccio,Rhapsody of Fire,385.0
Grape Juice City,Ratatat,236.0
Luminescence,Jean-Claude Chapuis,182.0
When Everything Falls,Haste the Day,252.0
Glazed,J Dilla,81.0
Car,Built to Spill,188.0
Tack Ska Ni Ha,Dungen,32.0
Amelia Desert Morning,Gustavo Santaolalla,83.0
All That I Need Is Love,Melody Gardot,156.0
The Ludlows,James Horner,369.0
Crossing the Deadline,Guano Apes,204.0
Skin & Bones,The Sundays,259.0
You Could Easily Have Me,Metronomy,187.0
Your Friends Are Scary,Younger Brother,401.0
Interstate 8,Modest Mouse,279.0
Perfume-V,Pavement,130.0
On & On & On,Catch 22,193.0
Carry This Picture,Dashboard Confessional,173.0
Perverse Party,Amduscia,306.0
Bloscid,Boxcutter,203.0
See You In The Shallows,Thrice,155.0
Get This,Slipknot,123.0
Navajo,Black Lips,161.0
Never...Again,All Shall Perish,193.0
That's It That's All,Beastie Boys,149.0
Jag är en vampyr,Markus Krunegård,257.0
Romborama (feat. All Leather),The Bloody Beetroots,222.0
Race : Out,Battles,210.0
Arkhangelsk,Dark Tranquillity,237.0
Cynosure,Borknagar,175.0
"Yes Love, My Soul Is Black",Venetian Snares,76.0
As Horizons End,Paradise Lost,329.0
Tripled Manic State,CKY,203.0
The Second Part,The Dears,342.0
Stop Don't Panic,Jamiroquai,272.0
Real World,Matchbox Twenty,232.0
Don't U,Era,232.0
Jack of All Trades,Hot Water Music,164.0
Eugene's Lament,Beastie Boys,132.0
Inside,Moby,289.0
La Russe,Malajube,105.0
White Storm,Ensiferum,293.0
Laguna Sunrise,Black Sabbath,170.0
City of Isabel,Vangelis,136.0
Sunset Girl,ATB,412.0
I Capture Castles,And So I Watch You From Afar,438.0
Eazy-Duz-It,Eazy-E,259.0
You May Know Him,Cat Power,166.0
Heart Cooks Brain,Modest Mouse,243.0
The Laurels of Erotomania,Cold Cave,173.0
Pretty Bad,Thurston Moore,239.0
As We Speak,Soilwork,223.0
Paris Nights/New York Mornings,Corinne Bailey Rae,231.0
Wolkenbruch,Extrawelt,441.0
Post Houmous,Morcheeba,309.0
Hay Un Son,Orishas,190.0
Grey,Yellowcard,180.0
Handshake Meet Pokerface,Less Than Jake,162.0
Leftovers,No Doubt,269.0
Opera Singer,Cake,246.0
Kiss On My List,Hall & Oates,260.0
Cissy Strut,The Meters,185.0
Half-State,Black Rebel Motorcycle Club,619.0
L.A. Girl,Adolescents,109.0
Heartfixer,De-Phazz,212.0
Them Eyes,The Black Keys,143.0
Actor Out of Work,St. Vincent,135.0
Won't You Come Home,Devendra Banhart,212.0
Friday I'll Be Over U,Allison Iraheta,196.0
Lucretia My Reflection,The Sisters of Mercy,523.0
The Final Hour,Molotov Solution,246.0
Wall of Gum,Black Moth Super Rainbow,60.0
Nothing Dreadful Ever Happens,Every Time I Die,221.0
The Lost Song,The Cat Empire,200.0
Ant Farm,Eels,132.0
Periscopes of Consciousness,Shpongle,114.0
Lights Go Down,Basement Jaxx,313.0
In The Presence Of Enemies Pt. 2,Dream Theater,998.0
Flute Fruit,Shpongle,129.0
Boogie 2Nite,Tweet,250.0
North Country Boy,The Charlatans,245.0
I Could Never Take the Place of Your Man,Prince,204.0
Holy Symphony of War,Kalmah,285.0
American Flag,Cat Power,211.0
Visioner på isen,Månegarm,533.0
Kafir!,Nile,410.0
Nothing Special,Boris,138.0
Papercut Skin,The Matches,205.0
Bleed Me an Ocean,Acid Bath,380.0
Behemoth,Static-X,181.0
Big Black Coffin,Peter Bjorn and John,393.0
Don't Ever Think (Too Much),The Zutons,162.0
No One Wins,The Berzerker,110.0
Such Great Heights,The Postal Service,267.0
Me and a Gun,Tori Amos,304.0
Until You Came Along,Golden Smog,300.0
Love Me Tender,Elvis Presley,166.0
For Wanda,A Silver Mt. Zion,398.0
When the Water Breaks,Liquid Tension Experiment,1018.0
Moments with Oliver,Rachael Yamagata,62.0
I'm Above,Mad Season,345.0
The Best Of Times,Styx,260.0
Diana Ross,The Concretes,225.0
Doctor Finkelstein/In the Forest,Amiina,198.0
A Constant Reminder,It Dies Today,211.0
Shroud (Exordium),Fields of the Nephilim,343.0
Void Of Conscience,Ion Dissonance,219.0
Big Black Car,Gregory Alan Isakov,217.0
Big Six,Judge Dread,164.0
Sudden Rush,Erlend Øye,207.0
Umm Hmm,Erykah Badu,226.0
Touch It,Busta Rhymes,217.0
OX4,Ride,423.0
Northern Girls,Belleruche,224.0
Gourmandises,Alizée,256.0
Let It Be Sung,Jack Johnson,248.0
My Heart Is Broken,Evanescence,269.0
Running From The Rain,Thursday,240.0
Encircled,Dark Tranquillity,212.0
If I Ever Fall In Love,Shai,290.0
More Time,NEEDTOBREATHE,264.0
Ole (Remix),Moritz von Oswald,628.0
Andei Só,Natiruts,273.0
Serial Killer,Terminal Choice,301.0
Solitary Shell,Dream Theater,251.0
Insanity's Crescendo,Dark Tranquillity,316.0
Party Started,The Cat Empire,227.0
You Can't Be Missed If You Never Go Away,Cobra Starship,201.0
Stabat mater dolorosa,Anorexia Nervosa,475.0
Trümmerfeld,Extrawelt,424.0
Arms Of A Woman,Amos Lee,252.0
Winter Vacation,Atlas Sound,241.0
The Vanishing,Stars,277.0
Don't Wait,Bonobo,318.0
Unbound,Jeremy Soule,93.0
Right Right Now Now,Beastie Boys,167.0
Stone Dead Forever,Metallica,292.0
Live It Out,Metric,226.0
born to Run,K-OS,290.0
Clear Channel (Fuck Off!),Leftöver Crack,173.0
Busy Being Fabulous,Eagles,261.0
Talking to Mary,Elliott Smith,222.0
Don't Get Lost In Heaven (Original Demo Version),Gorillaz,149.0
The Black River,The Sword,352.0
Smoking Ruins,Ensiferum,400.0
Touch It,Busta Rhymes,217.0
Poet,Sly & The Family Stone,179.0
F.A.N.,New Young Pony Club,210.0
Grand Failure Anthem,Soilwork,321.0
Battle Song,Ensiferum,195.0
Flume,Bon Iver,212.0
Herbert The Pervert,Infected Mushroom,437.0
Amy in the White Coat,Bright Eyes,325.0
Ganja Babe,Michael Franti & Spearhead,214.0
Bye Bye,Mariah Carey,267.0
Tune Down,Chris Joss,281.0
Londinium,Archive,320.0
Raincoat Song,The Decemberists,142.0
Time,Cute Is What We Aim For,239.0
To Talk To You,PJ Harvey,241.0
eyeTunes,Benga,390.0
Crystal Blue Persuasion,Tommy James & The Shondells,242.0
First Time,Helloween,330.0
Waiting Just For You,Blackmore's Night,193.0
Canards Sauvages,Camille,223.0
Polyester Khakis,Mad Caddies,140.0
Pogo (Shinichi Osawa Remix),Digitalism,367.0
A Tender History In Rust,Do Make Say Think,307.0
The Sundering,The Sword,125.0
Premonition (Reprise),Conjure One,186.0
Nouveau Nova,Daedelus,217.0
The Funeral Portrait,Opeth,525.0
Waiting For Somebody,Paul Westerberg,205.0
Count of Casualty,Patrick Wolf,303.0
BBBeat,Balkan Beat Box,240.0
Nyana,Tiësto,402.0
Threesome,Fenix TX,154.0
Fayre Thee Well,Blackmore's Night,128.0
Precious,Depeche Mode,252.0
Tuesday Afternoon,The Moody Blues,244.0
Bloodline,Ariana Grande,217.0
El Ciervo Vulnerado,The Mars Volta,530.0
The Venom Inside,Chimaira,282.0
Devil In The Belfry,Avantasia,282.0
The Ballad of Michael Valentine,The Killers,232.0
Falling Through the Roof,Horse Feathers,163.0
Nearer,Apoptygma Berzerk,396.0
We Like Sportz,The Lonely Island,124.0
Free Country,Witchfinder General,191.0
Fly Me to the Moon,Frank Sinatra,151.0
Left To Rot,Rose Funeral,268.0
Private Eyes,Hall & Oates,208.0
Mutants Of War,Municipal Waste,61.0
Epona,Eluveitie,228.0
Last Broadcast,Doves,202.0
Forgot About Dre,Dr. Dre,222.0
Tourist,Julian Casablancas,303.0
Give Me Your Love,Curtis Mayfield,258.0
Resurrection Of The Rotten,Six Feet Under,175.0
Feel Me Heaven,Enigma,290.0
"Before There Was Atlanta, There Was Douglasville",The Chariot,137.0
Old Number Seven,The Devil Makes Three,225.0
Sam Stone,John Prine,280.0
Early Mornin' Rain,Gordon Lightfoot,188.0
Eenie Meenie,Justin Bieber,203.0
An Inch Above Sand,Pelican,255.0
Why Took Your Advice,Grandaddy,248.0
Always A Relief,The Radio Dept.,201.0
Does This Mean You're Moving On?,The Airborne Toxic Event,134.0
Just Sixteen,Velvet Revolver,239.0
Sunshine Of Your Love,Ella Fitzgerald,198.0
Betrayal/Forgiveness,Apocalyptica,312.0
Hilli,Amiina,189.0
Nocturnal Vision Revisited,Arcturus,316.0
Black Baby,Kruder & Dorfmeister,340.0
Last Light,Converge,215.0
Citizen XT99,Dope Stars Inc.,266.0
A Simple Restriction,God Module,235.0
Over The River,Justin Hinds & The Dominoes,142.0
Der Tod Wuotans,Burzum,403.0
Curve of the Earth,Matt Nathanson,209.0
Blind Little Rain,Asobi Seksu,160.0
Mountain Man,Dinosaur Jr.,209.0
CRAZY-FLAG,ギルガメッシュ,219.0
The Violet Hour,The Civil Wars,205.0
Girl I Love You,Massive Attack,324.0
Old Old Fashioned,Frightened Rabbit,229.0
Death Take Your Fiddle,Spiritualized,192.0
Bishop's Robes,Radiohead,205.0
Over Over,Xiu Xiu,258.0
Oh My God,Kaiser Chiefs,215.0
Anderson Mesa,Jimmy Eat World,316.0
Turn Loose the Swans,My Dying Bride,608.0
Feed Them To The Pigs,Parkway Drive,155.0
Mornington Crescent,Belle and Sebastian,340.0
Goth Girls,Wavves,193.0
Flugufrelsarinn,Sigur Rós,468.0
Setlon,Eluveitie,157.0
Demonium,Immortal,236.0
Sean Flynn,The Clash,272.0
Demon Woman,Flight of the Conchords,120.0
Tissue Shoulders,The Maccabees,149.0
Hustler,Simian Mobile Disco,399.0
Plastic Beach (Feat. Mick Jones and Paul Simonon),Gorillaz,227.0
Puddin' Taine,Primus,217.0
Boomtown,Less Than Jake,154.0
3326,Ólafur Arnalds,218.0
Crying Blue Rain,Jimi Hendrix,297.0
Melanie,Alix Perez,306.0
Up So Close,Cake,194.0
Mossbraker,Broken Social Scene,333.0
Not One Truth,Hatebreed,122.0
Verbal Abuse/Leeches,Slayer,118.0
Why Won't You Talk About It?,The Radio Dept.,191.0
Rich Kid Blues,The Raconteurs,274.0
Strung Up From the Sky,Pelican,313.0
Fresh Tendrils,Soundgarden,255.0
Sorry Son,The Cranberries,206.0
Saboteur,Amon Tobin,318.0
Me and the Devil,Gil Scott-Heron,211.0
My Ships,Devendra Banhart,98.0
Inaudible Melodies,Jack Johnson,217.0
Crayon,Caribou,160.0
Loud Pipes,Ratatat,227.0
See a Little Light,Belinda,245.0
Valkyrie in the Roller Disco,The New Pornographers,212.0
Wandering Eye,Fat Freddy's Drop,581.0
Poison,Alice Cooper,267.0
Mädchen Und Rabauken,Pohlmann.,201.0
Fuck You Aurora,Alkaline Trio,290.0
Bury It Down Low,RX Bandits,216.0
Smart Dogs,Kula Shaker,197.0
Sin Cadenas,Los Pericos,272.0
Paradox,Hans Zimmer,205.0
Laid In Earth,Ane Brun,249.0
Hanazono,Jazzanova,496.0
The Drowners,Suede,251.0
Been There All The Time,Dinosaur Jr.,221.0
Galeon,Łąki Łan,327.0
Weathered,Creed,330.0
Hands in the Air,Girl Talk,260.0
Morning Light,Anna Calvi,254.0
Jeff Wears Birkenstocks,NOFX,87.0
Mass Nerder,Descendents,168.0
Accolade II,Symphony X,474.0
The Great Debate,Dream Theater,826.0
Opus Eclipse,Therion,220.0
Skjend Hans Lik,Carpathian Forest,320.0
You Belong With Me,For All Those Sleeping,231.0
World of Shit,Eels,209.0
Throw Away Your Television,Red Hot Chili Peppers,225.0
China White,He Is Legend,269.0
The Asian Detective,Badmarsh & Shri,429.0
Stratosphere Serenade,Diablo Swing Orchestra,505.0
Miss Alissa,Eagles of Death Metal,159.0
Blue Alert,Madeleine Peyroux,250.0
Disko,Jan Delay,275.0
Psychopath's Lair,Swallow the Sun,351.0
Underground Vibes,DJ Cam,274.0
When You Don't See Me,The Sisters of Mercy,293.0
Counting to 100,Matt Wertz,237.0
Smoke,Ben Folds Five,292.0
Going Nowhere Slow,Bloodhound Gang,261.0
Olives,Devin Townsend,201.0
Thorns On My Grave,Emperor,356.0
Little Toy Brain,Gov't Mule,314.0
Handshake Meet Pokerface,Less Than Jake,162.0
Let The Games Begin,Anarbor,200.0
Knife Fight,Municipal Waste,51.0
Saturday,Fall Out Boy,218.0
sweet harmony,Danny Byrd,918.0
White Sparrows,Billy Talent,195.0
Sunshine and Clouds (and Everything Proud),Clap Your Hands Say Yeah,62.0
Dragon Wagon,The Red Chord,181.0
No Sssweat,Enter Shikari,200.0
Mermaid,Sade,264.0
Words of Tranquility,Koop,314.0
Iconography,Max Richter,219.0
Zealots,Fugees,261.0
The Ostrich,Steppenwolf,342.0
The Master's Call,Marty Robbins,190.0
Bucktown,Smif-n-Wessun,248.0
Que Pasa,Horace Silver,469.0
"Here, Take This Pill",See You Next Tuesday,107.0
Creosote,Desert Sessions,153.0
"Truly, Madly, Deeply",Ray LaMontagne,113.0
Love Revolution,Lenny Kravitz,195.0
Heaven's Gonna Burn Your Eyes,Thievery Corporation,250.0
Hello Alone,Anberlin,241.0
Luka,Suzanne Vega,232.0
I'm Crying,The Animals,169.0
Talamak,Toro y Moi,148.0
Von der Armut,Das Ich,423.0
eyeTunes,Benga,390.0
Chewing Gum,Annie,236.0
Dead Things,Emilíana Torrini,264.0
Another Sad Love Song,Toni Braxton,230.0
Edible Autopsy,Cannibal Corpse,271.0
Big Attack,Beatsteaks,144.0
No One's Gonna Love You,Band of Horses,217.0
Run For Your Life,Jack Peñate,216.0
We Are Not Going to Make It,The Presidents of the United States of America,112.0
Blow Away,A Fine Frenzy,250.0
Kick,INXS,194.0
Money Don't Matter 2 Night,Prince,287.0
Grow Up,Paramore,231.0
Lafayette Blues,The White Stripes,136.0
As I Destruct,Threat Signal,249.0
914,Liquid Tension Experiment,241.0
Pool Swimmers,Real Estate,196.0
Vices Like Vipers,"Oh, Sleeper",259.0
To Be Continued...,Set Your Goals,235.0
Texas Cries,Element Eighty,182.0
Exit Music (For A Film),Christopher O'Riley,266.0
Assassin of the Light,Candlemass,389.0
Lying Awake,Our Lady Peace,243.0
Watch The World,Box Car Racer,232.0
Is It Luck?,Primus,208.0
Alpha Centauri,At the Drive-In,193.0
Feel Me Heaven,Enigma,290.0
Bleeding Heart,Jimi Hendrix,381.0
Devourer,A Plea for Purging,270.0
Rest My Chemistry,Interpol,301.0
Life Is Too Short,Kai Tracid,221.0
Summerlong,Kathleen Edwards,246.0
"Me, Me, Me",Kids in Glass Houses,202.0
Edge of the Ocean,Ivy,266.0
The Dragons' Flight Across The Waves,Amon Amarth,274.0
All That She Wants,Ace of Base,210.0
Stereo Sanctity,Sonic Youth,230.0
We're Not Alone,Dinosaur Jr.,275.0
Fantasies,Silver Apples,357.0
Cuando Pase El Temblor,Soda Stereo,229.0
The North,Dirty Pretty Things,209.0
Cool Monsoon (Weather Storm),Massive Attack,431.0
Wearing My Rolex,Wiley,168.0
My Star,Ian Brown,314.0
Dungeness,Athlete,258.0
Rip This!,Evergreen Terrace,162.0
You Have My Attention,Copeland,241.0
The Escape Artist,OSI,353.0
Dirty Trip,Air,373.0
On The Edge Of Honour,HammerFall,289.0
Left & Right in the Dark,Julian Casablancas,294.0
Gone With The Wind,Architects,226.0
Land of a Thousand Words,Scissor Sisters,230.0
Disaster,The Besnard Lakes,342.0
Multiply,Xzibit,248.0
Name Taken,Massive Attack,469.0
Divorce Song,Liz Phair,200.0
Repressed,Apocalyptica,267.0
Childhood Dream,Anathema,131.0
Trailblazers,HammerFall,279.0
The Last Ammunition,Deathstars,249.0
Love Jones,J Dilla,62.0
Fueled,Anthrax,266.0
I Would Die 4 U,Prince,179.0
Body M/F Count,Body Count,135.0
Sigh Your Children,...And You Will Know Us by the Trail of Dead,323.0
Son of Three,The Breeders,113.0
I Don't Care If the Sun Don't Shine,Elvis Presley,148.0
Shooting Stars,Bag Raiders,236.0
Love Confusion,Kat DeLuna,243.0
She (For Liz),Parachute,186.0
Asking why,ギルガメッシュ,185.0
Intelligence Has Been Compromised,The Red Chord,163.0
Hazel,Lloyd,231.0
Pastime Paradise,Stevie Wonder,208.0
Meccamputechture,The Mars Volta,663.0
For Her Pleasure,Tiamat,227.0
Flash Delirium,MGMT,256.0
Wasted State Of Mind,...And You Will Know Us by the Trail of Dead,326.0
Worms of the Senses / Faculties of the Skull,Refused,428.0
Hold Music,Architecture in Helsinki,234.0
The Shore,Woodkid,254.0
Jique,Brazilian Girls,255.0
Acid Bells,Efdemin,349.0
Afternoon Love In,Prefuse 73,241.0
Commercial for Levi,Placebo,141.0
Seeing Things,Zero 7,310.0
Skjend Hans Lik,Carpathian Forest,320.0
Walter & Gail,Tomte,298.0
Chameleon Halo,Entwine,215.0
Too Much Too Young (Live),The Specials,116.0
I Don't Want U,Blonde Redhead,303.0
The Fake Headlines,The New Pornographers,166.0
She Was Great,Beatsteaks,166.0
Genetic Engineering,Orchestral Manoeuvres in the Dark,217.0
The Clone,Project Pitchfork,247.0
Car Eats Town,De-Phazz,272.0
Dead Presidents II,Jay-Z,266.0
A Burning Arrow,Thyrfing,171.0
Golden Pendulum,The Big Pink,278.0
You See Me Crying,Aerosmith,312.0
Solitaire Unraveling,Mushroomhead,267.0
Try Harder,Blood Red Shoes,230.0
Burning Down the Nicotine Armoire,Dance Gavin Dance,212.0
Here Come The Rome Plows,Drive Like Jehu,343.0
Sweet and Dandy,Toots and The Maytals,170.0
The Body Says No,The New Pornographers,236.0
The Twisted Nails of Faith,Cradle of Filth,426.0
Friday I'll Be Over U,Allison Iraheta,196.0
Draw Your Swords,Angus & Julia Stone,396.0
Ashtray Monument,Jawbreaker,185.0
Zzzonked,Enter Shikari,207.0
Crystalline,Björk,308.0
Winding Road,Bonnie Somerville,207.0
Song for No One,Miike Snow,249.0
I Turned You Down,Riverside,275.0
Race Against Myself,The Offspring,212.0
Cheval,Sexy Sushi,205.0
Up To No Good,Rancid,160.0
Graveland,In Flames,167.0
Disintegration,The Cure,500.0
From Hell They Came,Misfits,136.0
Must Be Dreaming,Frou Frou,242.0
What Did I Ever Give You?,Kaiser Chiefs,249.0
I'm a Cuckoo,Belle and Sebastian,326.0
Ragtopskodacarchase,Bentley Rhythm Ace,502.0
Eating Spiders,Psapp,256.0
The Best Deceptions,Dashboard Confessional,255.0
Central and Remote,Grizzly Bear,294.0
Somebody Else's Guy,Jocelyn Brown,256.0
Relieved Beyond Repair,Xploding Plastix,105.0
Black Sabbath Medley,Candlemass,375.0
Horsefish,Amon Tobin,306.0
Dig,Incubus,258.0
Blood Bank,Bon Iver,285.0
The Rescue Blues,Ryan Adams,218.0
Sad Transmission,The Raveonettes,188.0
I've Been Around,The Animals,97.0
Sunnshine Green,Bongzilla,261.0
Claustrophobic Sting,The Prodigy,432.0
Skiff For The Suits,Arsonists Get All The Girls,219.0
"I Like It, I Love It",Tim McGraw,207.0
She's My Winona,Fall Out Boy,231.0
Louder Than Thunder,The Devil Wears Prada,157.0
Saturday,Fall Out Boy,218.0
Killing For Love,José González,183.0
Aquarian,Sleep,338.0
Psychic Suicide,Sonic Syndicate,231.0
Time Capsule,Arch Enemy,69.0
A Stranger,A Perfect Circle,192.0
Ladybird,Ladytron,278.0
Silent Wars,Arch Enemy,255.0
Kill a Commie,Gang Green,69.0
Tragic Vision,Lagwagon,153.0
Infested,Choking Victim,166.0
Loathsome,Pig Destroyer,244.0
Choctaw Hayride,Alison Krauss & Union Station,191.0
Technologic (Vitalic Remix),Daft Punk,325.0
Hollow Man,Parkway Drive,143.0
Everyone I Went to High School With Is Dead,Mr. Bungle,165.0
Young Modern Station,Silverchair,191.0
What I Wouldn't Do,A Fine Frenzy,176.0
All That We Perceive,Thievery Corporation,226.0
Bohemian Forest,Pantha du Prince,444.0
Les Mémoires Blessées,Dark Sanctuary,302.0
Thousands Are Sailing,The Pogues,327.0
Cue the Strings,Low,210.0
Breather,Emarosa,123.0
When the Darkest Night Falls,Eternal Tears of Sorrow,152.0
Burning Pile,Mother Mother,264.0
I've Been Thinking About You,Londonbeat,229.0
All American Badass,Mad Caddies,161.0
You Remind Me Of Home,Ben Gibbard,136.0
Hill Sighed,Emancipator,216.0
Black History Month,Saul Williams,195.0
The Curtain Falls,Riverside,480.0
No Commands,Children of Bodom,288.0
Drukne I Taarer,Panzer AG,414.0
It's Not Your Fault,New Found Glory,215.0
INTRO,Versailles,70.0
The Kids Are All Wrong,London After Midnight,236.0
82588,The Dillinger Escape Plan,117.0
Opening Credits,Hybrid,81.0
Killing The Beast,Chimaira,228.0
Vampires Don't Die,Powerwolf,189.0
Whistle,Flo Rida,224.0
Slowly Comes My Night,Deine Lakaien,306.0
On Rich and Poor,Amorphis,324.0
Six Feet Up,The Octopus Project,233.0
Standing on the Edge,Feeder,193.0
Autonomy Boy,The Long Blondes,211.0
Emigrate,Emigrate,247.0
S'Brent,Oi Va Voi,236.0
Don't Speak,No Doubt,263.0
Prince of Peace,School of Seven Bells,186.0
Ford Transit,Dzihan & Kamien,296.0
Song for Bob,Nick Cave & Warren Ellis,363.0
Lips Are Unhappy,Lucky Soul,190.0
An Island,Devendra Banhart,125.0
All It Takes for Your Dreams to Come True,A Skylit Drive,195.0
Everything Is Wrong,Interpol,213.0
Como Me Pongo,Ska-P,165.0
Black Jack,The Hives,166.0
Ocean and Atlantic,Mayday Parade,210.0
I'll Read You a Story,Colleen,411.0
Is It Luck?,Primus,208.0
Magnolia Mountain,Ryan Adams & The Cardinals,352.0
My Reply,The Ataris,254.0
Stickwitu,The Pussycat Dolls,208.0
Scatman (Ski-Ba-Bop-Ba-Dop-Bop),Scatman John,204.0
Space Travel,Yellowcard,227.0
Even Deeper,Nine Inch Nails,348.0
Heimat,Hauschka,221.0
Waiting Phase One,Porcupine Tree,267.0
When I'm Alone,Lissie,223.0
Speak,Godsmack,237.0
The Coast,Paul Simon,305.0
First Class,Henry Jackman,200.0
Like Fire,Bloodbath,302.0
Mescaline,1200 Micrograms,392.0
Love Is Noise,The Verve,328.0
God Send Death,Slayer,226.0
Je Veux Te Voir (Disco D Remix),Yelle,233.0
Da den kristne satte livet til,Dimmu Borgir,183.0
The Bed's Too Big Without You,The Police,266.0
Ambrosia,Alesana,185.0
Night Falls Fast,Arch Enemy,217.0
Prisoners of Today,Billy Talent,233.0
Sit Down. Stand Up,Radiohead,260.0
Hushabye,Korn,232.0
Cousin Cleotis,Capdown,256.0
Senhor F,Os Mutantes,156.0
Is This Love?,Clap Your Hands Say Yeah,192.0
Visual Aggression,Celtic Frost,253.0
The Loco-Motion,Grand Funk Railroad,176.0
Almost Cut My Hair,"Crosby, Stills, Nash & Young",269.0
Angelic,Antimatter,273.0
Nu händer det igen,Familjen,262.0
People Together,Bachelors of Science,338.0
Freeze Up,Operation Ivy,140.0
See You,Depeche Mode,236.0
Execration Text,Nile,167.0
I Believe,Simian Mobile Disco,199.0
Capeside Rock,From Autumn To Ashes,245.0
I Got A Feelin',Billy Currington,194.0
Song for Bob,Nick Cave & Warren Ellis,363.0
About to Crash,Dream Theater,351.0
Step Down,Sick of It All,208.0
Paris Streatham,Cujo,297.0
Patent Pending,Daedelus,155.0
Something for the Weekend,The Divine Comedy,260.0
Big Black Coffin,Peter Bjorn and John,393.0
Arguru,deadmau5,430.0
You Only Live Twice,Nancy Sinatra,165.0
Deathcard,Underneath the Gun,68.0
Abominations,Morbid Angel,267.0
Alexithymia,Anberlin,202.0
Silver Stallion,Cat Power,174.0
Be Thankful for What You've Got,Massive Attack,377.0
Love Sensation,Loleatta Holloway,366.0
Funny How Love Is,Queen,168.0
Love Rhymes With Hideous Car Wreck,The Blood Brothers,195.0
A.D. 2000,Erykah Badu,292.0
Harvester Of Hearts,Rufus Wainwright,215.0
Apologies to Insect Life,British Sea Power,171.0
Tops,The Rolling Stones,225.0
Murder For The Money,Morphine,217.0
Ticket Man,The Kills,170.0
The Bed,Lou Reed,212.0
Treasure Hiding,Cocteau Twins,295.0
Soul Evisceration,Bloodbath,268.0
Losing Sight,As I Lay Dying,203.0
Golden Age,Beach Fossils,286.0
Blodssvik,Windir,347.0
Del Fuego,Fat Freddy's Drop,325.0
Kill Theme for American Apeshit,Agoraphobic Nosebleed,63.0
Fix Me,Rise Against,55.0
Liquid Sun,Astral Projection,660.0
Floating in the Forth,Frightened Rabbit,243.0
Je veux,Zaz,215.0
Avant Garden,Aerosmith,292.0
Myriad Harbour,The New Pornographers,242.0
Virgin Suicide,Van She,250.0
Tell You Something (Nana's Reprise),Alicia Keys,268.0
Where Damage Isn't Already Done,The Radio Dept.,166.0
Don't Stop Me Now,Queen,268.0
Uska,London Elektricity,342.0
Compliments,Bloc Party,781.0
In God's Hands,Nelly Furtado,252.0
Goofy Goober Rock,Spongebob Squarepants,174.0
Renaissance Superman,1200 Micrograms,482.0
Delphium,Aphex Twin,329.0
Endless Reverie,Azam Ali,347.0
Dedicated Loop,Squarepusher,228.0
Pozytywka,Farben Lehre,208.0
Holy Symphony of War,Kalmah,285.0
Trespassing The Shores Of Your World,Heaven Shall Burn,318.0
The Classical,The Fall,316.0
Back in the Game,Jamie T,149.0
Bloodfrozen,Dark Funeral,216.0
Cautioners,Jimmy Eat World,321.0
Permanent,Acceptance,202.0
Crematorium,Repulsion,89.0
Throw Some D's Remix,Rich Boy,351.0
Black Horsemen,King Diamond,483.0
Winterborn 77,Sirenia,333.0
"Neither of Us, Uncertainly",Deerhunter,325.0
Oil Of Angels,Cocteau Twins,278.0
Your Best Nightmare,London After Midnight,332.0
The Grouch,Green Day,132.0
Efilnikufesin (N.F.L.),Anthrax,295.0
Hungry,Sepultura,269.0
On the Other Side,The Strokes,279.0
Scar On The Sky,Chris Cornell,220.0
Wolves Against the World,Powerwolf,365.0
Feel Up,Grace Jones,244.0
Where Is My Mind?,Pixies,230.0
Black Jack Davey,The White Stripes,306.0
Zirzop,Fatima Spar und Die Freedom Fries,311.0
Jack and Sally Montage,Vitamin String Quartet,343.0
Eons,311,194.0
Tapestry,Protest the Hero,274.0
Take You Away,Angus & Julia Stone,229.0
Sexy In Latin,Little Man Tate,203.0
Ptolemy,Aphex Twin,434.0
Message From Io,Enigma,190.0
Home Life,John Mayer,254.0
Black Sunshine,White Zombie,289.0
En Papier,These New Puritans,296.0
Solace,Vanessa-Mae,274.0
Jet Age,Ladytron,190.0
Carnivores Unite,Blockhead,286.0
Open Your Eyes,Snow Patrol,339.0
You Are My Face,Wilco,278.0
Like to Thank My Buddies,Combichrist,379.0
Celebrity Skin,Hole,163.0
A Lion's Heart,The Tallest Man on Earth,195.0
Weow,Funki Porcini,362.0
Equals,Set Your Goals,203.0
Metallic Rain,Vangelis,369.0
Cut! Print It,The Starting Line,225.0
Globe Alone,Blur,144.0
Crusher Destroyer,Mastodon,120.0
The Drowners,Suede,251.0
Vacuum Garden,Squarepusher,363.0
Insect Royalty,Primal Scream,213.0
The Harrowing Years,Insomnium,400.0
House Of Broken Love,Great White,358.0
The Wicker Man,Iron Maiden,276.0
Electric Avenue,Skindred,190.0
Ka-Ching!,Shania Twain,200.0
Blue Eyed Fiend,Sonic Syndicate,236.0
Pioneer to the Falls,Interpol,342.0
Life Is a Perception of Your Own Reality,Chiodos,226.0
Forgotten Worlds,Delerium,453.0
Rock N' Roll Suicide,Seu Jorge,189.0
Who Let You Go?,The Killers,223.0
I Don't Care If the Sun Don't Shine,Elvis Presley,148.0
Six Ways 'Til Sunday,Rise Against,156.0
Agony Of Fallen Grace,Old Man's Child,268.0
Rebelles,Irie Révoltés,197.0
The Wild Hunt,The Tallest Man on Earth,204.0
Thorn Within,Metallica,352.0
Aldrig ensam,Jonathan Johansson,287.0
Celebration,Madonna,215.0
Kill Robok,Squarepusher,214.0
Red Hot,Mötley Crüe,201.0
Rock the Night,Europe,244.0
"Kill the Old, Torture Their Young",Biffy Clyro,373.0
Pressure on Julian,Blur,212.0
Lost Boys,The 69 Eyes,203.0
Grizelda,Yeasayer,161.0
Ludlow St.,Julian Casablancas,343.0
Who Will?,Patrick Wolf,211.0
One Last Shot,Klaus Badelt,286.0
Meu Fado Meu,Mariza,204.0
Astounded,Bran Van 3000,357.0
A&E (Gui Boratto Remix),Goldfrapp,423.0
Hash Driven,Timo Maas,178.0
Abuse Me,Silverchair,242.0
A Hymn to the Morning Star,Sleepytime Gorilla Museum,340.0
Face The Truth,Unsun,305.0
Five Fingers,Aesop Rock,247.0
Next To Be Lowered,Mando Diao,224.0
Mombasstic,Talvin Singh,345.0
Burn Fetish,Eyedea & Abilities,175.0
Simple As...,Kid Cudi,151.0
The Neden Game,Insane Clown Posse,242.0
Lover's Spit (Redux),Broken Social Scene,453.0
False Idols,Unearth,223.0
Taiwanese Troft Trouble,Arsonists Get All The Girls,210.0
Retaliation Suite,Thievery Corporation,174.0
Do I,Luke Bryan,239.0
Poison Godmachine,Nevermore,274.0
No Time to Cry,Cradle of Filth,260.0
I Miss You Now,Stereophonics,291.0
Dracula's Castle,New Order,338.0
Words Of Love,Hyde,269.0
The Truth of Accountants,Tim Hecker,141.0
Cheree,Suicide,222.0
When Keeping It Real Goes Wrong,Emmure,197.0
Nella Fantasia,Sarah Brightman,219.0
Over Our Heads,Zero 7,264.0
Where We Went Wrong,The Hush Sound,211.0
Get What You Deserve,Spiritualized,407.0
Fool For Your Loving,Whitesnake,252.0
She Couldn't Change Me,Montgomery Gentry,261.0
Writes Of Winter,Jimmy Page,208.0
Feel Like A Rocket,Voicst,144.0
Sugar and Spice,The Searchers,135.0
Unlaced,Emilie Autumn,206.0
Gran Torino,Jamie Cullum,272.0
Saint Jacques,Lightning Bolt,253.0
Walking Song,Meredith Monk,176.0
The Antidote,Story of the Year,240.0
Lone Sal Bug,Buckethead,332.0
Always & Never,Norther,274.0
These New Knights,Ou Est Le Swimming Pool,205.0
Structure,VNV Nation,248.0
Scientist,The Dandy Warhols,193.0
The Animator,The War on Drugs,137.0
Recovery,Frank Turner,208.0
Grace Is Gone,Dave Matthews Band,278.0
Barfly,Ray LaMontagne,235.0
Booze Cruise,Mad Caddies,145.0
Because We Can,Fatboy Slim,207.0
Finnish Medley,Ensiferum,310.0
Korg Rhythm Afro,Holy Fuck,409.0
Absent Elements,Finger Eleven,241.0
Rusty,"Tyler, the Creator",310.0
Get Up Again,Flaw,176.0
My Head,Goldfinger,184.0
Alps,Ratatat,261.0
Bra,Cymande,306.0
Providence,Foals,248.0
Solo Flights,Eagles of Death Metal,206.0
Lived in Bars,Cat Power,224.0
X-Ray,The Maccabees,196.0
Formula,Aphex Twin,347.0
Elizabeth,Team Sleep,227.0
Bleib geschmeidig,2raumwohnung,296.0
Anecdote,Ambulance Ltd,195.0
Antique Toy,The Future Sound of London,344.0
Something In The Way,4hero,299.0
(Let Me Be Your) Teddy Bear,Elvis Presley,106.0
Am I Evil?,Metallica,470.0
The Dead Walk,The Acacia Strain,228.0
Play For Blood,Megadeth,229.0
All Your Bass Belongs to Us,Combichrist,284.0
the Love Song,K-OS,257.0
Barber's Adagio For Strings,William Orbit,258.0
Solo Dolo (Nightmare),Kid Cudi,266.0
Between Generations,Enigma,271.0
In remembrance,Arcana,172.0
No More Runnin,Animal Collective,263.0
Oh Boy,Cam'ron,208.0
Cat People (Putting Out Fire),David Bowie,402.0
I Can't Help It,Michael Jackson,269.0
Hillbilly Deluxe,Brooks & Dunn,259.0
"Convex, Concave",Biffy Clyro,269.0
Foxy,Boxcutter,302.0
Flying Whales,Gojira,464.0
Moan,Cute Is What We Aim For,190.0
Of Darkness Spawned,The Black Dahlia Murder,202.0
Sermon,Drowning Pool,259.0
True Love Will Find You in the End,Beck,203.0
Hey Light,Animal Collective,341.0
Nyana,Tiësto,402.0
"If I Don't Write This Song, Someone I love Will Die",Hello Saferide,164.0
Denkmal,Wir sind Helden,197.0
What's the Use?,Mac Miller,289.0
They're Red Hot,Red Hot Chili Peppers,72.0
All My Colours,Nouvelle Vague,237.0
"Raise Your Fist, Evangelist",Powerwolf,240.0
Undo It,Carrie Underwood,178.0
On Our Own,The Meeting Places,217.0
Dead Cities,The Future Sound of London,397.0
The Grandest Accusation,Dark Tranquillity,295.0
She Don't Tell Me To,Montgomery Gentry,192.0
Living Dead Girl,Rob Zombie,201.0
The Victim,Memphis May Fire,239.0
Alejandro,Lady Gaga,275.0
The Bleeding Heart Show,The New Pornographers,267.0
Chain Keeper,Melt-Banana,94.0
Mind of the Wonderful,Blank & Jones,253.0
Big Up,Babylon System,302.0
Don't Save Me,HAIM,231.0
Fuck U,Archive,312.0
Conveyer,Machinae Supremacy,232.0
It's Not Too Beautiful,The Beta Band,510.0
Smiling Off,Black Dice,262.0
Fake Fur,Calexico,156.0
Just Abuse Me,Air Traffic,153.0
Du Löst Dich Auf,Fotos,164.0
The Great Skua,British Sea Power,275.0
Bad Trash,Switchblade Symphony,228.0
More Than Real,Junior Boys,399.0
The Season,The Dodos,375.0
Stay Now,Jem,224.0
Bird Dream of the Olympus Mons,Pixies,181.0
Slanias Song,Eluveitie,341.0
I Can Only Imagine,MercyMe,248.0
Way Up High,Galaxie 500,247.0
First Lesson,Novika,252.0
Great American Sharpshooter,Less Than Jake,92.0
Hello Sunshine,Super Furry Animals,215.0
Spirit in a Vacuum,Mortiis,295.0
Soundso,Wir sind Helden,254.0
Strange Feelin',Tim Buckley,340.0
Cathar Rhythm,Era,199.0
This I Promise You,*NSYNC,284.0
Selfish Girl,Rihanna,217.0
Let It Roll,Velvet Revolver,152.0
The Siren's Song,Parkway Drive,185.0
We Will Overcome,Thursday,220.0
Now You've Got Something To Die For,Lamb of God,220.0
Dream Oblivion,Dark Tranquillity,229.0
Tempting Time,Animals as Leaders,324.0
The O-Men,Butthole Surfers,208.0
Gone In The Morning,Newton Faulkner,141.0
Not Pretty Enough,Kasey Chambers,199.0
The Boys Are Leaving Town,Japandroids,239.0
Touch of My Hand,Britney Spears,259.0
Svanire,Ludovico Einaudi,449.0
Radiosong,Alice in Videoland,215.0
Nervous In The Alley,Smash Mouth,150.0
She Wants To Play Hearts,Ryan Adams,241.0
A Place for Parks,Mogwai,134.0
White Shadows,Coldplay,328.0
Pajaritos y pajarracos,Hidrogenesse,144.0
Night Bus,Burial,140.0
Sandstorm (JS16 Remix),Darude,442.0
Convalescent,dredg,212.0
Marla,Grizzly Bear,296.0
Get Loose,Benny Benassi,310.0
Season of the Shark,Yo La Tengo,270.0
No Difference,Everything But the Girl,266.0
New Flowers,Tanlines,247.0
We've Got A Big Mess On Our Hands,The Academy Is...,206.0
Lipsill,Dungen,166.0
Silly Girl,Descendents,145.0
Untrust Us,Crystal Castles,189.0
For Wanda,A Silver Mt. Zion,398.0
Kiss Off,Violent Femmes,177.0
Midnight Souls Still Remain,M83,668.0
Last Chance to Lose Your Keys,Brand New,211.0
Gore Motel,Bohren & der Club of Gore,405.0
Jesus Or A Gun,Fuel,239.0
Did You Ever Get a Feeling of Dread?,The Suicide Machines,100.0
Samba Saravah,Stacey Kent,230.0
Dna Ts. Rednum Or F. Raf,Riverside,440.0
The Concussion Machine Process,Eyehategod,140.0
Find Me A Man,Emilie Autumn,308.0
When It's Over,Sugar Ray,215.0
The Young Crazed Peeling,The Distillers,196.0
MFC,Pearl Jam,148.0
Still Remains,Stone Temple Pilots,213.0
Carpe Diem Baby,Metallica,372.0
Dubrock,Alix Perez,350.0
Introduktion,Koop,107.0
Jah Ina Yuh Life,Gentleman,222.0
Patty Lee,Les Savy Fav,232.0
Jói & Karen,Jóhann Jóhannsson,205.0
Worry About You,Ivy,238.0
Stephanie Says,The Velvet Underground,169.0
Oily Water,Blur,301.0
My Superman,Santigold,181.0
Swimmer,Four Tet,524.0
Dying Breed,Five Finger Death Punch,175.0
Song For Guy,Elton John,271.0
La Tentation,Keren Ann,55.0
Fantasy Girl,Man Overboard,177.0
Coils,Robert Rich,365.0
We Tigers,Animal Collective,163.0
Left Coast Envy,The Starting Line,265.0
Letter to Memphis,Pixies,154.0
Sons & Daughters,The Decemberists,314.0
Evil Devolution,Ayreon,391.0
Nada Es Para Siempre,Luis Fonsi,240.0
Aren't We All Running?,65daysofstatic,292.0
Bad Apples,Guns N' Roses,268.0
In the Dark,Flyleaf,227.0
I Die,The Magnetic Fields,135.0
Hey Pretty (Drive-By 2001 Mix),Poe,226.0
Seven Seals,Primal Fear,235.0
No Dice,Beirut,324.0
Broken Heart,Motion City Soundtrack,182.0
The Crash,Kavinsky,109.0
True Love Will Find You In The End,Daniel Johnston,108.0
The Inertia,Aborted,215.0
feedback,school food punishment,242.0
Sympathique,Pink Martini,171.0
21 Days,blink-182,242.0
Go Complex,65daysofstatic,245.0
We're All In This Together,High School Musical,231.0
Why's Everybody Always Pickin' on Me?,Bloodhound Gang,202.0
Cause a Rockslide,Badly Drawn Boy,356.0
Sonnet of the Wretched,Chelsea Grin,256.0
Doll,Foo Fighters,84.0
Saboteur,Amon Tobin,318.0
Shalom/Saalam,Matisyahu,64.0
Helicopter,Bloc Party,220.0
Paralyzed,The Used,240.0
Brothers on a Hotel Bed,Death Cab for Cutie,271.0
The Mirrors Of My Soul,Naglfar,298.0
Old Number Seven,The Devil Makes Three,225.0
Nocturnal Fear,Celtic Frost,218.0
I'm Goin' Down,Bruce Springsteen,209.0
Rain Wizard,Black Stone Cherry,205.0
Shall We Take a Turn?,Korpiklaani,208.0
Pardon Me,Incubus,224.0
I'll Be By Your Side,Sally Shapiro,328.0
A Pillar of Salt,The Thermals,164.0
Sathington Waltz,Primus,100.0
While Everything Dies,Mortal Love,216.0
Canvey Island,British Sea Power,221.0
Some Kinda Fatigue,Yo La Tengo,274.0
"Raise Your Fist, Evangelist",Powerwolf,240.0
Marla,Grizzly Bear,296.0
World News,Local Natives,272.0
A Postcard to Nina,Jens Lekman,301.0
America Is Not The World,Morrissey,244.0
Ono Soul,Thurston Moore,208.0
Find Me A Man,Emilie Autumn,308.0
Weapon of Vanity,Soilwork,243.0
Headlights Look Like Diamonds,Arcade Fire,266.0
The Great Debate,Dream Theater,826.0
The Grave And The Constant,Fun Lovin' Criminals,287.0
Moving for the Sake of Motion,Underoath,195.0
Girls Just Wanna Have Fun,Miley Cyrus,186.0
Frog Machine,Infected Mushroom,371.0
Orgelblut,Bohren & der Club of Gore,373.0
One To Blame,Anna Ternheim,222.0
Amazing Flight,Ayreon,615.0
Inoculate The Innocuous,The Unicorns,318.0
You DJ Parents,Hella,92.0
The Flying Nun,9 Lazy 9,183.0
Polyethylene (Parts 1 & 2),Radiohead,263.0
Forgotten Love,Elis,263.0
Things Only I Can See,A Sunny Day In Glasgow,306.0
A Grand Scene For A Color Film,Norma Jean,204.0
Something So Strong,Crowded House,172.0
It's Not My Cross To Bear,The Allman Brothers Band,297.0
All About U,2Pac,279.0
Outcast,Ektomorf,247.0
It Was Mine,AFI,234.0
Something Happened on the Way to Heaven,Phil Collins,299.0
Inner Flight,Primal Scream,302.0
Shyness,Thieves Like Us,219.0
In Another Time,Sade,304.0
Life Ain't So Shitty,Blind Melon,110.0
Vodka,Korpiklaani,180.0
Paths of Victory,Cat Power,202.0
Learn to Lose,Hockey,223.0
Old,Machine Head,246.0
Where We Went Wrong,The Hush Sound,211.0
Reflections of the Marionette,Two Gallants,342.0
La Cadena De Oro,Cabas,226.0
Soledad,Mano Negra,156.0
Normal,Porcupine Tree,428.0
Big Cat,Moondog,110.0
Brian Eno,MGMT,272.0
Smoke It,The Dandy Warhols,249.0
The Dress Looks Nice on You,Sufjan Stevens,152.0
Slow Chemical,Finger Eleven,220.0
Pillars,Sunny Day Real Estate,301.0
After Me,Saliva,233.0
This Isn't It,Giant Drag,178.0
Wolves At The Door,Senses Fail,208.0
"To Hold You, Drum",Liars,244.0
Incomplete And Insecure,The Avett Brothers,156.0
Whistleblower,Veil of Maya,208.0
Going In Blind,P.O.D.,268.0
Photosynthesis,Frank Turner,243.0
It Don't Have to Change,John Legend,203.0
My Revenge on the World,Ayria,414.0
Never Say Goodbye,Bon Jovi,291.0
The Warrior,Orphaned Land,431.0
Baghdad,High on Fire,315.0
We Need A War,Fischerspooner,221.0
Invisible Man,Theory of a Deadman,162.0
Einstein,Gabriella Cilmi,218.0
Love Vs. Porn,Kevin Drew,237.0
Gonna Tell Everybody,Christina Milian,261.0
Texas Dolly,The Number Twelve Looks Like You,182.0
Petrol & Chlorine,Silverchair,239.0
I'm So Glad,Cream,238.0
Vesaisen Sota,Korpiklaani,220.0
Angel of Babylon,Avantasia,329.0
Skald av Satans sol,Darkthrone,257.0
Jennifer's Body,Hole,221.0
The Word Hurricane,Air,153.0
Sweet Demure,Beats Antique,307.0
False Jesii Part 2,Pissed Jeans,154.0
Drawing Flies,Soundgarden,145.0
Fragen,Pole,407.0
Arcana,Edgard Varèse,967.0
White Shadows,Coldplay,328.0
Orphan Girl,Emmylou Harris,195.0
Can't Be Love,Pink Turns Blue,254.0
Doctor?,Orbital,331.0
The Negotiation Limerick File,Beastie Boys,166.0
Jah War,The Bug,181.0
Mockingbird Song,Katie Melua,184.0
Ezio's Family,Jesper Kyd,238.0
Ich Bin Für Dich Da,Fotos,196.0
Space Shanty,Leftfield,434.0
Mary Of Silence,Mazzy Star,362.0
After Afterall,William Fitzsimmons,167.0
Better not to Tell,Kalmah,239.0
City Boy,Donkeyboy,205.0
Nice Weather For Ducks,Lemon Jelly,238.0
Sex-o-matic Venus Freak,Macy Gray,237.0
Pleasant Valley Sunday,The Monkees,187.0
Turn It Out,Death from Above 1979,158.0
Nothing Nowhere,Jakalope,299.0
Through The Dark,Alexi Murdoch,330.0
Open Till Midnight,Adema,223.0
Jizzlobber,Faith No More,399.0
The Science Of Love,Foxy Shazam,184.0
Blackmail The Universe,Megadeth,273.0
Dead Fingers Talking,Working For A Nuclear Free City,218.0
Cherry Lips,Archie Bronson Outfit,257.0
King Of Insects,Assemblage 23,308.0
Barock Am Ring,DJ Koze,209.0
Das Licht,Frittenbude,156.0
Folk Death 95,Mogwai,214.0
Kublai Khan,Cusco,265.0
Another Brick in the Wall (Part 2),Pink Floyd,239.0
He Who Breeds Pestilence,Behemoth,341.0
Red Right Ankle,The Decemberists,209.0
Different,Pendulum,352.0
Give Me A Chance,Black Tide,214.0
Naive Song,Mirwais,264.0
Dark Cell,DeadLock,265.0
For The Babies,Damian Marley,294.0
U Missing,Smolik,233.0
Rosemary Had an Accident,The Devil Wears Prada,310.0
Court to Love,Clannad,230.0
Sundome,9mm Parabellum Bullet,217.0
Journeyman,Iron Maiden,427.0
Reclamation,Lamb of God,425.0
Arcana,Edgard Varèse,967.0
Laichzeit,Rammstein,260.0
Through Gardens of Grief,At the Gates,243.0
Last of Days,A Fine Frenzy,253.0
Let Men Burn Stars,M83,116.0
"Oh, Sweetheart",Shout Out Louds,201.0
Bebot,Black Eyed Peas,210.0
Bad Blood,Bastille,213.0
Only the Truth,The Last Shadow Puppets,166.0
I Love Me Some Him,Toni Braxton,306.0
Trains and Winter Rains,Enya,224.0
This Heaven,David Gilmour,265.0
Pincushion,Every Time I Die,196.0
"In Case of Emergency, Dial 411",Sleeping with Sirens,164.0
"I Am A Cybernetic Organism, Living Tissue Over (Metal) Endoskeleton",Austrian Death Machine,214.0
I'll Be Doggone,Marvin Gaye,210.0
Your Embrace,Shakira,213.0
Cardigan Weather,Meg & Dia,179.0
Sister Luck,The Black Crowes,381.0
The Hoard,As Cities Burn,234.0
World to Come,Gojira,413.0
The Fling,Michael Nyman,90.0
In the Eyes of God,Today Is The Day,191.0
Live Again,Sevendust,251.0
Hey You (Batch Of Lies),Black Label Society,231.0
gr8 story,Sug,212.0
Inside My Mind (Blue Skies),Groove Armada,480.0
The Neighbors,St. Vincent,211.0
Sheepdog,Mando Diao,216.0
This Devil's Workday,Modest Mouse,139.0
Die meisten meiner Feinde,Fettes Brot,320.0
Generation Of Love,Rocco,338.0
Changing Opinion,Philip Glass,601.0
My Mind Is a Muffler,Arab on Radar,246.0
Faun,Ólafur Arnalds,167.0
The Noise of Carpet,Stereolab,185.0
The Building,Looptroop Rockers,213.0
Ist Das So?,Wir sind Helden,185.0
Scatology Homework,Pig Destroyer,49.0
Snow Bound,Arch Enemy,134.0
Cico Buff,Cocteau Twins,226.0
The Sundering,The Sword,125.0
Gracie,Ben Folds,158.0
All His Suits Are Torn,NOFX,139.0
The Ice Dance,Bachelors of Science,332.0
Summer Haze,Manual,306.0
Footnotes,James Blake,287.0
Affection,Crystal Castles,157.0
On Falling,Stina Nordenstam,249.0
The Road,Tenacious D,139.0
The Hoard,As Cities Burn,234.0
Intergalactic,Boom Boom Satellites,290.0
Don't Try Suicide,Queen,233.0
Take Me Back Then,Days of the New,258.0
Lovesick Mistake,Erin McCarley,255.0
Close to Home,The Get Up Kids,231.0
Little Bit of Rain,Karen Dalton,157.0
A last dance with Léon,Doctor Flake,223.0
Zage,Junkie XL,294.0
You Lied,Green Day,146.0
Before She Does,Eric Church,223.0
How To Survive A Vicious Cock Fight,See You Next Tuesday,86.0
My Descent Into Madness,Eels,235.0
Iron Tusk,Mastodon,183.0
Relate (dialogue),Borknagar,270.0
Electric Bear,The Notwist,268.0
What About...,Dope,203.0
Sunnshine Green,Bongzilla,261.0
Nazi Punks Fuck Off,Dead Kennedys,64.0
All The Worst,Flaw,237.0
Be-In,The Dandy Warhols,420.0
Switchback,Celldweller,303.0
Is It Any Wonder,Sophie Ellis-Bextor,265.0
Getting Down,The Kills,178.0
Down To Earth,Bungle,379.0
Cult,Slayer,280.0
Ticket Man,The Kills,170.0
Tranquilize,The Killers,225.0
My Angel Lonely,Wild Nothing,178.0
I'm Dying Tomorrow,Alkaline Trio,139.0
Cover My Eyes,La Roux,272.0
"Lost, Picking Flowers In the Woods",Black Moth Super Rainbow,202.0
Set Down Your Glass,Snow Patrol,223.0
We Are But Falling Leaves,Sentenced,268.0
Fine Young Cannibals,Wolf Parade,392.0
Let's Do It Again,J Boog,191.0
Life Is a Perception of Your Own Reality,Chiodos,226.0
"No, You Don't",Nine Inch Nails,216.0
Robot Theme Song,The Aquabats,65.0
The Nest,José González,144.0
Maddening Shroud,Frou Frou,218.0
The Listening,Lights,215.0
Brother Bleed Brother,Finch,221.0
Econoline,Mad Caddies,135.0
Yankee Bayonet (I Will Be Home Then),The Decemberists,259.0
Mabool (the Flood),Orphaned Land,420.0
Up To No Good,Rancid,160.0
Crosseyed and Painless,Talking Heads,286.0
In Her Blood,Converge,247.0
Birds,Crystal Castles,151.0
Blood Insanity,Hellhammer,262.0
In The Moonlight,Pearl Jam,186.0
My First Lover,Gillian Welch,228.0
Impaler,Exodus,325.0
Cleaning My Gun,Mark Knopfler,283.0
Advert,Blur,225.0
My Favourite Book,Stars,245.0
These Good People,The Gathering,355.0
Look After Me,Hot Chip,290.0
No Rest for the Obsessed,Lightning Bolt,130.0
We Won't Need Legs to Stand,Sufjan Stevens,136.0
Strange Feelin',Tim Buckley,340.0
Bring Back the Apocalypse,Sleepytime Gorilla Museum,250.0
Midnight At The Oasis,Maria Muldaur,216.0
Some Are White Light,Caspian,326.0
Hustle and Cuss,The Dead Weather,226.0
Act Of Contrition,Shadows Fall,221.0
Frances The Mute,The Mars Volta,875.0
Fireball,Deep Purple,206.0
Hijo De La Luna,Sarah Brightman,268.0
The Masquerader and Phoenix,Theatre of Tragedy,455.0
Red Mist VIP,Danny Byrd,363.0
Skylarking,Horace Andy,180.0
Never Get Old,David Bowie,265.0
My Promise,It Dies Today,207.0
Star Bodies,The New Pornographers,247.0
The Dress Looks Nice on You,Sufjan Stevens,152.0
See Dem Coming,Gentleman,231.0
100 Years,Dr. Dog,246.0
Belated,New Found Glory,186.0
Hopeless Host,Finch,259.0
Perfect 10,The Beautiful South,218.0
You Can See,Deerhoof,200.0
Bear Music,Commix,371.0
Beheaded,The Offspring,172.0
Moon Baby,Godsmack,293.0
Bad Apples,Guns N' Roses,268.0
Martyrdom Unsealed,Job for a Cowboy,156.0
Lucky Pressure,Roni Size,314.0
Ugín,Cult of Luna,164.0
Hand of the Host,Isis,602.0
Deeply Disturbed,Infected Mushroom,502.0
feedback,school food punishment,242.0
Strategic Warheads,Terrorizer,98.0
Last Letter,One Day as a Lion,238.0
Gallery,Mario Vazquez,224.0
Polygyne,Efterklang,418.0
The Shadow Of Seattle,Marcy Playground,164.0
Table Tennis ft. Laura Darlington,Flying Lotus,182.0
Against Widows,Amorphis,259.0
Older,Slightly Stoopid,335.0
Where Is Home?,Bloc Party,293.0
Corpses of Liberty,Kreator,56.0
Africa Bamba,Santana,280.0
The Nephilim Rising,Behemoth,261.0
Banging Camp,The Hold Steady,254.0
The Fallen...,Set Your Goals,204.0
Tengo,Macaco,230.0
Skeleton Jar,Youth Group,236.0
The Feeling,La Roux,246.0
Dietro Casa,Ludovico Einaudi,262.0
Hand on Your Heart,José González,229.0
Out Of My Hands,Caesars,218.0
Pra Manha,Da Lata,373.0
Downbeat Clique,Napalm Death,268.0
Florida,Modest Mouse,178.0
"Alright, I Admit It... It Was A Whore House",The Number Twelve Looks Like You,216.0
The Dirge,Mad Caddies,114.0
Ho's,Pepper,208.0
Brandenburg,Beirut,219.0
Implore The Darken Sky,Heaven Shall Burn,308.0
The Promise You Made,Cock Robin,227.0
Business Woman,Minitel Rose,216.0
Summer Storm,Nest,322.0
Through Gardens of Grief,At the Gates,243.0
I Will Always,The Cranberries,162.0
Gates to the Garden,Nick Cave & The Bad Seeds,249.0
Pod Mechami,Arkona,307.0
Lazy Eye,Silversun Pickups,354.0
Mayfly,Belle and Sebastian,222.0
Toca Me,Fragma,215.0
Bring Me Your Cup,UB40,249.0
She Got Me Twisted,Seeed,192.0
Rules Of The Game,Brazilian Girls,283.0
Makes Me Wanna Die,Tricky,242.0
Warriors Of Time,Black Tide,353.0
Me!,Nightmares on Wax,357.0
I Can't Be With You,The Cranberries,188.0
The Winner Takes It All,ABBA,295.0
Autosleeper,Chapterhouse,287.0
Bury The Difference,Dead Poetic,213.0
(There's) Always Something There To Remind Me,Sandie Shaw,163.0
Mid-Life Krysis,Travis,218.0
Eple,Röyksopp,219.0
Female Cop,Thurston Moore,324.0
I Stand Corrected,Vampire Weekend,160.0
Differences,Ginuwine,266.0
Gone Going,Black Eyed Peas,194.0
Star Shaped,Blur,207.0
A Slight Burning Sensation,Salt The Wound,149.0
Get Him Back,Fiona Apple,325.0
It's A Shame,The Spinners,192.0
A Coin Perfectly Spinning,Contemporary Noise Quintet,262.0
Maria Stacks,Thee Oh Sees,137.0
Forget Me Nots,Patrice Rushen,283.0
Miaaaw,Mr. Oizo,263.0
Is This Love?,Clap Your Hands Say Yeah,192.0
God Bless,Lamb,355.0
Piece of My Heart,Janis Joplin,157.0
I Must Have Been Blind,This Mortal Coil,210.0
Alejandro,Lady Gaga,275.0
Everybody Here is a Cloud,Cloud Cult,196.0
Choctaw Hayride,Alison Krauss & Union Station,191.0
From Out Of Nowhere,Five Finger Death Punch,203.0
Live In Dreams,Wild Nothing,208.0
Fucker,Strapping Young Lad,234.0
The Dirty Glass,Dropkick Murphys,234.0
Killing Birds,Chris Cornell,219.0
The Girl and the Robot,Röyksopp,191.0
Let Me In,Beatsteaks,209.0
Dead God in Me,In Flames,256.0
Brain Burner,No Age,112.0
Who Needs Enemies?,The Cooper Temple Clause,290.0
Gravedigging,The Classic Crime,225.0
La Ferrassie,Tokyo Police Club,163.0
Fly Me To The Moon,Astrud Gilberto,143.0
The Lebanon,The Human League,305.0
From the Heaven of My Heart,Amorphis,320.0
Temper,Attila,191.0
Lamb,Lower Dens,222.0
Everything I Said,The Cranberries,233.0
St. Edith,Ayria,361.0
Drown Me Slowly,Audioslave,234.0
Anthems for a Seventeen Year-Old Girl,Broken Social Scene,276.0
In the Rain,The Dramatics,207.0
Modern World,Wolf Parade,172.0
Sandstorm (JS16 Remix),Darude,442.0
Oscillation Point,Scar Symmetry,244.0
I Speed At Night,Dio,203.0
She's Nirvana,Xandria,202.0
I Don't Want to Grow Up,Descendents,81.0
Magic America,Blur,218.0
Du Löst Dich Auf,Fotos,164.0
Valkyries Ride,Amon Amarth,297.0
Chapter II: The Final Victory,Haggard,216.0
Shesmovedon,Porcupine Tree,314.0
Cores,Da Lata,210.0
Redemption Song,Bob Marley & The Wailers,229.0
Live In Dreams,Wild Nothing,208.0
Murray,Pete Yorn,226.0
Turn the Tables,Flaw,193.0
Toxicity,System of a Down,219.0
It's Over,Tom Waits,280.0
Don't Be One,Emmure,176.0
The Beginning and the End,Isis,482.0
Hectic,Enter Shikari,197.0
Long May You Run,Neil Young,322.0
Alpha Beta Parking Lot,Cake,210.0
Cleo's Mood,Jr. Walker & The All Stars,162.0
What Lies Beneath,Breaking Benjamin,215.0
Weird Fishes/Arpeggi,Radiohead,317.0
I Love How You Love Me,The Paris Sisters,126.0
Disko,Jan Delay,275.0
Buoy,The Joy Formidable,292.0
Glenn,Slint,371.0
Hong Kong Express,Cyantific,334.0
Southbound,The Allman Brothers Band,311.0
Highwayman,The Highwaymen,182.0
The Spirit Of Giving,The New Pornographers,242.0
The Coming Of Spring,The Rapture,163.0
Sefardim,In Extremo,245.0
True Adventures,British Sea Power,473.0
Israel,Miles Davis,138.0
7 Stars,The Apples in Stereo,227.0
Sweet Avenue,Jets to Brazil,315.0
Ultimate Satisfaction,Bear in Heaven,266.0
An Era Of Revolution,Salt The Wound,203.0
Skin After Skin,Soilwork,208.0
Hang Them All,Tapes 'n Tapes,180.0
Bridge Burning,Foo Fighters,286.0
Children Of The Gun,Drowning Pool,211.0
La Paix,Amadou & Mariam,258.0
Feel Me Heaven,Enigma,290.0
Come Let Go,Xavier Rudd,412.0
Whoyouknow,mclusky,233.0
Show Me Forgiveness,Björk,84.0
Heal Over,KT Tunstall,264.0
The Back Harlow Road,36 Crazyfists,253.0
U Missing,Smolik,233.0
Ground,Celtic Frost,235.0
John Deux Trois,Of Mice & Men,196.0
Pepper,Butthole Surfers,297.0
Ibelin,Harry Gregson-Williams,126.0
Textbook,We Are Scientists,241.0
Ascension Chamber,Scar Symmetry,229.0
All Fires,Swan Lake,194.0
Death Rides A Horse,Russian Circles,346.0
Robert De Niro's Waiting,Bananarama,218.0
Dès Que J'Te Vois,Vanessa Paradis,204.0
Cavanaugh Park,Something Corporate,265.0
To the Bobmobile,BoBmo,224.0
Human Hands,Bowerbirds,200.0
Expendable Youth,Slayer,250.0
Cynosure,Borknagar,175.0
Filthgrinder,Satyricon,399.0
Dinner Party,White Rabbits,228.0
Future Reflections,MGMT,238.0
"Oh, I Buried You Today",The Raveonettes,82.0
Stop This Train,John Mayer,285.0
Your Magic Is Working,of Montreal,223.0
Getting Grumpy,Vibesquad,255.0
I Won't Let Me,Descendents,187.0
Hazey Jane I,Nick Drake,269.0
It Won't Be Like This For Long,Darius Rucker,216.0
Third Eye Surfer,Porcupine Tree,168.0
Da Graveyard,Big L,324.0
Everything You're Not,Demi Lovato,223.0
Derek,Animal Collective,181.0
Norden on Fire,Immortal,376.0
Jump Over,De-Phazz,274.0
New Death Sensation,Acid Bath,404.0
The Departure,Michael Nyman,152.0
Imaginary Bars,Great Lake Swimmers,143.0
Microcastle,Deerhunter,220.0
Goodbye Heartbreak,Lighthouse Family,249.0
Paradise Circus (Breakage's Tight Rope Remix),Massive Attack,285.0
Hum Hallelujah,Fall Out Boy,231.0
How Great Is Our God,Chris Tomlin,305.0
Jabuticaba,Bebel Gilberto,183.0
Shack Up,Nouvelle Vague,226.0
Soldiers of the Wasteland,DragonForce,586.0
Back to Your Heart,Dinosaur Jr.,271.0
Unsaid,Little People,230.0
Forgiveness Is Murder,I Killed the Prom Queen,256.0
Upper Decker,The Red Chord,318.0
Predetermined Sky,Unearth,245.0
Feel No Pain,Sade,308.0
Little Willy,Sweet,188.0
Sorrow Has No Home,Markus Schulz,437.0
Before Today,Everything But the Girl,258.0
Thick N' Thin,The Black Crowes,163.0
This Long Silence,Porcupine Tree,301.0
Hall of the Dead,Isis,471.0
While Everything Dies,Mortal Love,216.0
Mrs. Blaileen,Primus,200.0
Compulsive Psychosis,Hypocrisy,255.0
Scarface,Upon a Burning Body,168.0
Yawning Zeitgeist Intro (Freestyle),Busdriver,90.0
Cold December,Matt Costa,256.0
Distorted Love,Enigma,251.0
Fear the Sea,The Gathering,350.0
Day Twelve: Trauma,Ayreon,540.0
Towards Babylon,Behemoth,204.0
Ragged Wood,Fleet Foxes,305.0
Jumpers,Sleater-Kinney,265.0
Our Way to Fall,Yo La Tengo,258.0
Waiting For Somebody,Paul Westerberg,205.0
Wanna Be,Nine Days,363.0
Intimate Slavery,Pig Destroyer,66.0
Radical Friends,Head Wound City,101.0
Tangle,Four Tet,224.0
Heart Cooks Brain,Modest Mouse,243.0
Meet Ze Monsta,PJ Harvey,209.0
The Athlete,Erlend Øye,222.0
Bloodlands,Cannibal Corpse,261.0
The Ruminant Band,Fruit Bats,201.0
Out All Night,The Pietasters,197.0
How Do You Sleep?,Sam Smith,202.0
Rino's Prayer,Leftfield,415.0
Misfit Love,Queens of the Stone Age,340.0
I Get Along,The Libertines,172.0
Rammstein,Rammstein,265.0
Scarlet Hourglass,Pig Destroyer,57.0
Cloud Pleaser,Black Dice,104.0
Dark Halls,Au Revoir Simone,207.0
The Sounder (Edit),Gorillaz,270.0
Something Less,Comeback Kid,118.0
Half Moon,Janis Joplin,232.0
Brahminy Kite,Caribou,322.0
Cenotaph,Bolt Thrower,245.0
Blue Shoes,Katie Melua,279.0
The Operation,Charlotte Gainsbourg,239.0
Ne Regv Na,Eluveitie,307.0
Aren't We All Running?,65daysofstatic,292.0
Apply Some Pressure,Maxïmo Park,200.0
Unintended,Muse,235.0
These Good People,The Gathering,355.0
Mass,Virtual Boy,451.0
Coffee & TV,Blur,359.0
Death of the Anti Mother,Norma Jean,246.0
Rapid Hope Loss,Dashboard Confessional,220.0
This Ain't Pleasure,L7,163.0
Forever Can Be,ASHES dIVIDE,289.0
Map Two,TM Juke,209.0
Rainwater Cassette Exchange,Deerhunter,145.0
Mathletics,Foals,191.0
Sketch on Glass,Mount Kimbie,260.0
Who Gave Her The Roses,Eyehategod,120.0
Rusty,"Tyler, the Creator",310.0
Doing Fine,The Heavy,268.0
Rehumanize Yourself,The Police,190.0
慟哭と去りぬ,DIR EN GREY,229.0
My Mannequin Can Dance,Matchbook Romance,235.0
Right You Are,Napalm Death,53.0
Abuse Me,Silverchair,242.0
Great Indoors,John Mayer,216.0
Applied Human Defragmentation,Cattle Decapitation,319.0
Lovelife,Atmosphere,214.0
Ziq Zaq,Modeselektor,327.0
Karen Koltrane,Sonic Youth,558.0
The Enemy Are The Future,Late of the Pier,363.0
Tulsa,Rufus Wainwright,138.0
It Ain't Like That,Alice in Chains,277.0
Winter Is All Over You,First Aid Kit,220.0
Reception Fades,Rise Against,130.0
When I Left The Room,Dan Auerbach,242.0
Jetzt,:Wumpscut:,200.0
Opus #17,Dustin O'Halloran,122.0
Dom andra,Kent,226.0
Fixed Income,DJ Shadow,289.0
Half the World Away,Oasis,255.0
Heavenhell,Neaera,347.0
Punch Me I Bleed,Children of Bodom,291.0
A Past Beyond Memory,Into Eternity,218.0
Trying To Stop Your Leaving,Dierks Bentley,223.0
Deixa O Menino Jogar,Natiruts,280.0
Sugarcube,Yo La Tengo,201.0
"Next to You, Next to Me",Shenandoah,219.0
Paper Hanger,mewithoutYou,252.0
Photography,The Starting Line,364.0
Hypersonic,Jane's Addiction,213.0
Hell Is Chrome,Wilco,296.0
Hungarian,Bond,180.0
Time Will,Hercules and Love Affair,273.0
The One I'm Waiting For,Relient K,182.0
10 A.M. Automatic,The Black Keys,178.0
Elizabeth My Dear,The Stone Roses,55.0
The Logic Of Crocodiles,Every Time I Die,228.0
Sun Dance,Tomahawk,182.0
Rock On,David Essex,203.0
Pachad,Yael Naim,268.0
T.T.C.,Rank 1,257.0
Lay All Your Love on Me,ABBA,274.0
March of the Lor,The Sword,281.0
Let's Make Out,"Does It Offend You, Yeah?",242.0
Close,Télépopmusik,198.0
Stupid Grin,Dragonette,225.0
The Chariot,The Cat Empire,334.0
Old Days,Chicago,209.0
La Banlieue,Beirut,118.0
Arc of a Journey,Broadcast,317.0
La Rock 01,Vitalic,326.0
Custodian Discount,AFX,271.0
Friction,Morcheeba,255.0
Sad Robot,Stars,131.0
Flight Of The Eagle,Om,1047.0
Float On,Modest Mouse,208.0
Love and War,Drowning Pool,218.0
West Coast Smoker,Fall Out Boy,166.0
Tire Me,Rage Against the Machine,178.0
Carpe Diem Baby,Metallica,372.0
Per Te,Josh Groban,255.0
Digital World,Amaranthe,198.0
Electric Bird,Sia,266.0
Heaven Is a Truck,Pavement,150.0
Angelskingarden,Cryptopsy,428.0
Only Inhuman,Sonic Syndicate,253.0
Hitten,Those Dancing Days,213.0
Golden Avatar,Kula Shaker,272.0
Time for Heroes,The Libertines,161.0
Boys Better,The Dandy Warhols,271.0
Heartbeat Song,Kelly Clarkson,199.0
Bernadette,The Four Tops,182.0
You Don't Have To Be A Prostitute,Flight of the Conchords,170.0
1234,Feist,184.0
Inviting Eyes,The Word Alive,202.0
Shell Shock,Manowar,248.0
Fun World,Mission of Burma,221.0
Both Hands,Ani DiFranco,202.0
Absolute Space,Koop,306.0
Love On The Concrete,The Red Chord,178.0
Death By Disco,Zebrahead,203.0
Wives And Lovers,Jack Jones,149.0
I Wonder,Blind Melon,333.0
Bless You,John Lennon,278.0
Creepshow,Kerli,191.0
Bad Town,Operation Ivy,155.0
Molina,Creedence Clearwater Revival,163.0
I Stay Away,Alice in Chains,254.0
Captain Shiner,Primus,75.0
Napoleon Says,Phoenix,194.0
Here Before,Fever Ray,196.0
Stolen Documents,The Future Sound of London,313.0
Let's Reggae All Night,Cansei de Ser Sexy,234.0
Ativan,Atlas Sound,171.0
L.A.tely,Booka Shade,188.0
Give Me A Chance,Black Tide,214.0
Before Destruction,Spoon,197.0
First of the Gang to Die,Morrissey,218.0
Start a Band,And So I Watch You From Afar,294.0
In Our Blood,Horse Feathers,201.0
"Holy Blood, Holy Grail",Marduk,148.0
Hip Albatross,Gorillaz,163.0
Vandraren,Nordman,194.0
Sandstorm (JS16 Remix),Darude,442.0
Tuff Ghost,The Unicorns,177.0
Felt Tip,Teebs,182.0
Walter & Gail,Tomte,298.0
Is It You,:Wumpscut:,315.0
Creepy Crawler (KMFDM Remix),Zombie Girl,219.0
Safer,Gabriella Cilmi,203.0
I Wanna Make It Wit Chu,Desert Sessions,222.0
Round,Sunny Day Real Estate,249.0
Losing Touch,The Killers,254.0
Summer Romance (Anti-Gravity Love Song),Incubus,266.0
The Walls Of Babylon,Symphony X,496.0
XR2,M.I.A.,261.0
Bulldozer Butterfly,Xploding Plastix,263.0
"I Am A Cybernetic Organism, Living Tissue Over (Metal) Endoskeleton",Austrian Death Machine,214.0
Clone,Gojira,289.0
In God's Country,U2,177.0
King Volcano,Bauhaus,212.0
"Whorehoppin' (Shit, Goddam)",Eagles of Death Metal,214.0
Silence Is Golden But Duct Tape Is Silver,Against All Authority,226.0
Pure Gold,Calyx & TeeBee,332.0
End Of The Line,DevilDriver,302.0
My Secret,Anna Ternheim,298.0
Lovely Allen,Holy Fuck,273.0
Chasing After Deer,Midlake,162.0
Celestial Deconstruction,1349,466.0
Dance the Dance,Jazzanova,503.0
Seaside,The Kooks,99.0
No More Violence,Pnau,294.0
Jocko Homo,Devo,219.0
Van Damsel,The Dillinger Escape Plan,179.0
Pretty Visitors,Arctic Monkeys,221.0
The Rape and Pillage of Spisville,Salt The Wound,200.0
Api-vat,Enslaved,417.0
Trul,Therion,312.0
Crunked Up,Benga,219.0
Soulburn,Masterplan,376.0
Tuxedo Hat,The Octopus Project,314.0
Heirate mich,Rammstein,377.0
Weathered,Creed,330.0
Highroyds,Kaiser Chiefs,199.0
Electric Machine,Acid King,385.0
Stop Coming to My House,Mogwai,282.0
Aidû,Eluveitie,190.0
Left Outside Alone,Anastacia,232.0
Back Burner,August Burns Red,223.0
Grand Failure Anthem,Soilwork,321.0
Dura,Ratatat,188.0
Artillery,Infected Mushroom,269.0
The Goldrush,Coldplay,149.0
Rise Above,Black Flag,147.0
Celebration,Madonna,215.0
Dead To Rights,DevilDriver,293.0
The First Song,Band of Horses,223.0
Fading,Rihanna,207.0
Deathzone,Apocalyptica,278.0
Hemorrhage (In My Hands),Fuel,237.0
The Simple Man,Orphaned Land,294.0
Right Brigade,Bad Brains,151.0
Ogeechee Hymnal,Baroness,156.0
Photosynthesis,Frank Turner,243.0
Hall of the Dead,Isis,471.0
"Save The Castle, Screw The Princess",Arsonists Get All The Girls,312.0
Diamond Rings 2007,Deer Tick,280.0
Canadian Metal,Darkthrone,285.0
The Clock and the Storm,The Appleseed Cast,354.0
I Really Hope,The Cranberries,223.0
Sutrix,Talvin Singh,354.0
Tenebrae,John Maus,320.0
Steady As She Goes,Shellac,247.0
Scavenger of Human Sorrow,Death,417.0
The Neighbors,St. Vincent,211.0
Il Pleut,Émilie Simon,209.0
Now I Fall,Wolfsheim,212.0
Waves Breaking,Muffler,311.0
Window,The Album Leaf,224.0
Dream Catch Me,Newton Faulkner,237.0
"You're Crashing, But You're No Wave",Fall Out Boy,222.0
Välkommen Till Pulvercity,Lifelover,222.0
See Dem Coming,Gentleman,231.0
Don't You Forget,Era,222.0
Orange Appled,Cocteau Twins,170.0
Limassol,Maxïmo Park,224.0
Le Petit Cochon Sordide,Mortiis,273.0
Million Dollar Question,Radiohead,198.0
The Shaggy Show,Insane Clown Posse,392.0
Trust Your Mechanic,Dead Kennedys,176.0
Consfearacy,Slayer,186.0
Dark Wave,Stephen Malkmus and the Jicks,146.0
Beat It,Michael Jackson,258.0
Look Me in the Eye Sister,Groove Armada,247.0
B.M.I.,Modeselektor,270.0
Summer Hair = Forever Young,The Academy Is...,218.0
Slow Swords,Deerhunter,205.0
Fluorescent Grey,Deerhunter,303.0
It's Over Now,112,265.0
Fix the Sky a Little,65daysofstatic,330.0
The Depravity Waltz,It Dies Today,191.0
Lucky Strike,Maroon 5,185.0
Don't Lose Your Head,Queen,278.0
Spectrum,Florence + the Machine,312.0
If She Only Knew,Greeley Estates,289.0
Salt & pepper,Kaizers Orchestra,283.0
Private Hell,Alice in Chains,338.0
Always Fade,Low,238.0
Dog and Pony Show,Shellac,240.0
Jói & Karen,Jóhann Jóhannsson,205.0
Been Down,Blue October,259.0
Long Nights,Eddie Vedder,152.0
I Ei Krystallnatt,Windir,317.0
Sign,Flow,236.0
Give It To Someone Else,The Residents,66.0
Storm In A Teacup,Milburn,213.0
Ain't My Bitch,Metallica,304.0
Picture This,Blondie,176.0
April and the Phantom,Animal Collective,353.0
Architects,Rise Against,223.0
Kfir,Camille,224.0
Man In The Hills,Burning Spear,240.0
Tighter & Tighter,Soundgarden,366.0
She's My Winona,Fall Out Boy,231.0
Dead To The World,Bullet for My Valentine,316.0
Live To Tell The Tale,Passion Pit,316.0
Fifteen Minutes Old,Snow Patrol,187.0
Techno Dread,2562,332.0
"The Devil, You + Me",The Notwist,219.0
How Much Is The Fish?,Scooter,226.0
Window,The Album Leaf,224.0
Happiness & The Fish,Our Lady Peace,215.0
Powershifter,Fear Factory,232.0
Sabbra Cadabra,Black Sabbath,353.0
You're Not Alone,Olive,260.0
Glasgow Mega-Snake,Mogwai,215.0
Does It Matter Now?,Peter Bjorn and John,273.0
I'll Throw The First Rock,Sentenced,206.0
You Fly Me,Fingathing,192.0
I Don't Like It Like This,The Radio Dept.,247.0
Bad Meets Evil,Eminem,254.0
The Few Upright,Heaven Shall Burn,138.0
The Sun Rising,The Beloved,271.0
Watch the Tapes,LCD Soundsystem,235.0
Não Deixe O Mar Te Engolir,Charlie Brown JR.,350.0
Sonata VIII,John Cage,181.0
Baptize Me,The Exies,218.0
This Scene Is Dead,We Are Scientists,224.0
Half Asleep,School of Seven Bells,261.0
Seemed Like a Good Idea at the Time,The Darkness,215.0
Together We Will Live Forever,Clint Mansell,305.0
Without A Fight,Hoobastank,201.0
Actionist Respoke,Mouse on Mars,297.0
Nic's Groove,The Foreign Exchange,338.0
Human Behaviour,Björk,252.0
A Funeral For The Masses,Torture Killer,188.0
Translator,Tim Armstrong,254.0
Space Time,Gojira,322.0
Be Thankful for What You've Got,Massive Attack,377.0
The Caitiff Choir: Revelations,It Dies Today,193.0
Left & Right in the Dark,Julian Casablancas,294.0
Paschendale,Iron Maiden,507.0
Human Piles,Kap Bambino,137.0
Fly Me To The Moon,Astrud Gilberto,143.0
Four Fingered Fisherman,Sun Kil Moon,162.0
It Don't Move Me,Peter Bjorn and John,202.0
Twist,Korn,51.0
Now That I Miss Her,Elefant,157.0
Da Frame 2R,Arctic Monkeys,143.0
Bootstrap's Bootstraps,Klaus Badelt,159.0
Brown Medal 2003,Hella,130.0
Washington School,Atlas Sound,205.0
Your Decision,Alice in Chains,283.0
Simple As It Should Be,Tristan Prettyman,229.0
Boiled Frogs,Alexisonfire,238.0
Blood of Kingu,Vader,273.0
Over the Counter Culture,The Ordinary Boys,196.0
Don't Stop Dancing,Creed,271.0
Down the Railroad,De-Phazz,170.0
Rollerdisco,Black Moth Super Rainbow,155.0
Early Mornin' Rain,Gordon Lightfoot,188.0
Brainstopper,Boris Brejcha,402.0
Shadow Walker,Bleeding Through,122.0
Beauty Contest,No Doubt,254.0
Sad Mood,Sam Cooke,160.0
Casio Bossa Nova,Holy Fuck,386.0
Laid to Rest,Lamb of God,230.0
Feel It All Around,Washed Out,192.0
Stanky Legg,GS Boyz,230.0
Queen Of The Air,Everclear,180.0
Bittersweet Memories,Bullet for My Valentine,309.0
Around My Smile,Hope Sandoval & The Warm Inventions,250.0
Millimillenary,Cocteau Twins,220.0
Undertow,Tool,322.0
Empty Opening,Amorphis,460.0
Mama Kin,Aerosmith,266.0
Burning Earth,Firewind,243.0
Tie My Rope,Children of Bodom,254.0
Seen How Things Are Hard,Elliott Smith,201.0
The Robot with Human Hair Pt. 3,Dance Gavin Dance,226.0
Hold Heart,Emilíana Torrini,124.0
Deadhead,The Devin Townsend Band,485.0
Radical Resistance,Kreator,223.0
Rain On Lake I'm Swimming In,Lightning Bolt,134.0
How Say,Metronomy,270.0
En Papier,These New Puritans,296.0
Prayer,Disturbed,219.0
Amid the Falling Snow,Enya,218.0
Doo Wop (That Thing),Ms. Lauryn Hill,241.0
Papua New Guinea (dub mix),The Future Sound of London,81.0
Girlfriend,Avril Lavigne,215.0
Bellies Are Full,Portugal. The Man,248.0
Gold Key,Chew Lips,360.0
Dreambound,Helloween,357.0
A Cauldron Of Hate,Cannibal Corpse,299.0
Alucard,Gentle Giant,361.0
La Guerra,Che Sudaka,184.0
Hemorrhage (In My Hands),Fuel,237.0
Rhineland (Heartland),Beirut,239.0
Scatology Homework,Pig Destroyer,49.0
Lies And Deceit,Hatesphere,196.0
Daisy Lane,Stereophonics,218.0
Bondage Goat Zombie,Belphegor,241.0
Pop Song For Us Rejects,Silverchair,191.0
My Sweet Dog,Hi-Standard,95.0
What Kinda Gone,Chris Cagle,183.0
By Your Side,Sade,258.0
Pack Up,Eliza Doolittle,189.0
Beauty Mark,Charlotte Gainsbourg,187.0
Strollin',Matty G,297.0
I Really Hope,The Cranberries,223.0
World of Shit,Eels,209.0
Safer,Gabriella Cilmi,203.0
Make Yourself,Incubus,183.0
Knot Comes Loose,My Morning Jacket,243.0
Let The Funk Flow,EPMD,255.0
Mind Killer,Freeland,208.0
A Man Called Sun,The Verve,344.0
Cha Cha,Balkan Beat Box,251.0
The Night Masquerade,Dimmu Borgir,265.0
Roller Girl,Anna Karina,147.0
Atlanta,Stone Temple Pilots,319.0
Kids With Guns,Gorillaz,226.0
Amylase,Cajun Dance Party,222.0
Future Reflections,MGMT,238.0
Magnifishit,Skinny Puppy,271.0
Olympic Airways,Foals,252.0
Rainbow in the Sky,Ziggy Marley,186.0
Omen,The Prodigy,216.0
Bye Bye Bayou,LCD Soundsystem,429.0
Barrett's Privateers,Alestorm,280.0
Decency Defied,Cannibal Corpse,180.0
Butterfly Fly Away,Miley Cyrus,285.0
Lay in a Shimmer,Pantha du Prince,395.0
Corso,Beanfield,407.0
No Depression,Uncle Tupelo,140.0
City Boy,Donkeyboy,205.0
"Out Of Sight, Out Of Mind",Anthrax,314.0
Lost In You,Three Days Grace,233.0
Parakit,Suburban Kids with Biblical Names,176.0
You Told a Lie,Camera Obscura,225.0
Acolyte,Delphic,531.0
Unbreakable Heart,Three Days Grace,206.0
Let's Not Wrestle Mt. Heart Attack,Liars,272.0
Fake Empire,The National,205.0
The Offbeat,FLYamSAM,141.0
Whirring,The Joy Formidable,215.0
Nao Vou Fugir,Ive Mendes,316.0
Morning Sun,Before the Dawn,292.0
Doesn't Make It Alright,The Specials,195.0
Good Neighbor,The Dillinger Escape Plan,150.0
Boys Who Rape (Should All Be Destroyed),The Raveonettes,184.0
Here It Comes,Doves,289.0
Tape Song,The Kills,216.0
Come to Daddy,The Dillinger Escape Plan,263.0
Balu,Kettcar,271.0
Until You're Reformed,Chevelle,240.0
A Festa,Trüby Trio,411.0
The Alchemist's Dream,Behemoth,340.0
Figures,The Whitest Boy Alive,236.0
Bitter Taste,Three Days Grace,241.0
Perception,Kylesa,223.0
Memories of a Glass Sanctuary,All Shall Perish,163.0
North Pole Transmission,FC/Kahuna,297.0
Norilor,Negură Bunget,201.0
Finally Free,Dream Theater,720.0
Sun God,Cut Copy,907.0
Woman Left Lonely,Cat Power,248.0
Q-Chord,Sunset Rubdown,81.0
Discotraxx,Ladytron,231.0
Evil Angel,Breaking Benjamin,221.0
Guernican Perspectives,The Kilimanjaro Darkjazz Ensemble,288.0
Pocketful Of Dreams,Billy Talent,200.0
Void Of Conscience,Ion Dissonance,219.0
"Frank, AB",The Rural Alberta Advantage,205.0
Qawwali,Pinch,319.0
May It Be,Enya,212.0
You DJ Parents,Hella,92.0
I Love You Anyways,Travis,331.0
Massaker,Suicide Commando,382.0
A Long March,As I Lay Dying,116.0
Para no Olvidar,Los Rodríguez,235.0
The Suburbs Breed Showmen,My Bitter End,245.0
Celebrity Sanctum,Dogs Die in Hot Cars,286.0
Midnight Bottle,Colbie Caillat,220.0
Bury Your Head (Acoustic),Saosin,254.0
Hitch A Ride,Boston,252.0
The Light's Really Bad,Mistabishi,361.0
Tapha Niang,Toumani Diabaté's Symmetric Orchestra,411.0
Inside My Mind (Blue Skies),Groove Armada,480.0
My Fantasy,Miles Kane,200.0
Don't Marry Her,The Beautiful South,202.0
In The Halls Of Awaiting,Insomnium,655.0
I Was on a Mountain,Hot Water Music,220.0
thoughts on the floor,I Love You But I've Chosen Darkness,373.0
Fibre De Verre,Paris Combo,221.0
Godeatgod,Marilyn Manson,156.0
Take My Hand,Dido,403.0
Shovel Headed Kill Machine,Exodus,176.0
Ocean Rain,Echo & the Bunnymen,313.0
Spoken,Hidden Orchestra,345.0
Vianne Sets Up Shop,Rachel Portman,118.0
The Next Messiah,Jenny Lewis,525.0
Patterns in the Ivy,Opeth,112.0
Love In The First Degree,Bananarama,209.0
Twist,Korn,51.0
Hollywood and Vine,Matchbook Romance,166.0
Tides of Time,Epica,333.0
Dungeness,Athlete,258.0
Instant Repeater '99,The Soundtrack of Our Lives,282.0
My Chariot,The Depreciation Guild,284.0
Adaptation of the Koto Song,The Kilimanjaro Darkjazz Ensemble,239.0
Sweet Lew,Pearl Jam,130.0
She's My Pusher,The Crystal Method,341.0
Returner,Liturgy,215.0
Labor,Aesop Rock,153.0
With The Notes In My Ears,Peter Broderick,160.0
Chasm,Flyleaf,174.0
Mother Tongue,White Lies,204.0
Isis And Osiris,Alice Coltrane,690.0
Biscuits,Method Man,170.0
Way Down Now,World Party,229.0
Hypnotic Tango,Master Blaster,174.0
Mista Mista,Fugees,162.0
Little Face,La Phaze,192.0
Let Them Hate,Hatesphere,320.0
New York Was Great,The Raveonettes,168.0
Better Off This Way,A Day to Remember,206.0
No Lie,2 Chainz,238.0
Beep it,Cornelius,243.0
Ave!,Samael,258.0
God's Money V,Gang Gang Dance,219.0
Trampled Under Hoof,Mastodon,181.0
God,Tori Amos,234.0
Ungodly Hour,The Fray,305.0
When the Last Grave Has Emptied,The Black Dahlia Murder,191.0
Mybestfriends.com,Heaven Shall Burn,292.0
Casual Goodbye,Bear in Heaven,251.0
Rise Again,Kamelot,247.0
I Love Paris,Ella Fitzgerald,190.0
Unleash Hell,Norther,253.0
Away From Me,Puddle of Mudd,238.0
Monday Morning,Fleetwood Mac,168.0
Eight Days a Week,The Beatles,165.0
Resurrection,Chimaira,277.0
Happy Fcuking Birthday,Combichrist,288.0
The Ghost Of You and I,Story of the Year,235.0
What's Been Going On,Amos Lee,254.0
Rusted Wheel,Silversun Pickups,361.0
Predator,Vader,313.0
White Wall,Mando Diao,230.0
I Am a Vampire,Vast,177.0
I've Committed Murder,Macy Gray,254.0
I'm Not Alone,Calvin Harris,210.0
My Rollercoaster [Juno Film Version],Kimya Dawson,53.0
Long Slow Goodbye,Queens of the Stone Age,414.0
Parade Acoustique,Babylon Circus,53.0
Never Named,Soundgarden,148.0
Malpractice,Faith No More,242.0
Mer du Japon,Air,185.0
Dubrock,Alix Perez,350.0
Could Be Anything,The Eames Era,225.0
Create Desire,Angelspit,255.0
Love Is My Disease,Alicia Keys,242.0
Nuolet nomalan,Korpiklaani,182.0
Barcarole,Jacques Offenbach,200.0
I Can't Breathe,Krypteria,202.0
Deserted,Blind Melon,261.0
Try,The xx,195.0
Ride the Sky,Helloween,356.0
Get To Know Ya,Maxwell,261.0
Servo,The Brian Jonestown Massacre,204.0
Human Sacrifice,Gorgoroth,226.0
Perennial Dreams,Edenbridge,313.0
To Get Eaten By The Rats,Arsonists Get All The Girls,48.0
Into the Groove,Madonna,242.0
This Ain't Pleasure,L7,163.0
Skip To The End,The Futureheads,175.0
How to Disappear Completely,Radiohead,356.0
Respira,Ojos de Brujo,202.0
Tougher Than It Is,Cake,180.0
Province,TV on the Radio,277.0
Me So Horny,2 Live Crew,276.0
For All Have Sinned,Impending Doom,163.0
I Stand Corrected,Vampire Weekend,160.0
My Malakai,Angus & Julia Stone,186.0
For Each Remembered Name,Beneath The Sky,258.0
Do You Wanna Know?,Alkaline Trio,217.0
Un Dernier Verre (Pour La Route),Beirut,171.0
The Clone,Project Pitchfork,247.0
Haze of Love,Cake,188.0
Der weinende Hadnur,Burzum,76.0
3000 Miles,Valencia,166.0
Little Fury,The Breeders,210.0
Boneyard,Impetigo,174.0
The Nothing Changes,The Kilimanjaro Darkjazz Ensemble,298.0
Misconstruction,Apocalyptica,240.0
We Flood Empty Lakes,Yndi Halda,701.0
Muscoviet Musquito,Clan of Xymox,273.0
Electric Light,PJ Harvey,185.0
Umbilical,Mazzy Star,299.0
I Trädens Sång,Finntroll,225.0
In Keeping Secrets Of Silent Earth: 3,Coheed and Cambria,492.0
Fast Car,Tracy Chapman,297.0
Slipping Through My Fingers,ABBA,234.0
Mustan Valtikan Aika,Kivimetsän Druidi,420.0
I Hear You Calling,Gob,191.0
Player's Prayer,Lloyd,251.0
Transatlanticism,Death Cab for Cutie,475.0
The Curse of Millhaven,Nick Cave & The Bad Seeds,416.0
Bags,Clairo,261.0
J'aime pas l'art,Data,224.0
Do You Know Me,John Mayer,150.0
Moongate,Samael,211.0
No Association,Silverchair,231.0
59,Amatory,208.0
Espero,Pato Fu,189.0
Golden Porsche,Mogwai,168.0
Mommy,Selah Sue,218.0
Different But the Same,Ben Kweller,302.0
Mother May I,Coheed and Cambria,272.0
My Life for Hire,A Day to Remember,214.0
Servant in Heaven - King in Hell,Kreator,309.0
Lady Day,Lou Reed,218.0
Decency Defied,Cannibal Corpse,180.0
Sanctus Perversum,Belphegor,303.0
Ride It On,Mazzy Star,181.0
Sweetheart Come,Nick Cave & The Bad Seeds,298.0
Ecstasy,ATB,261.0
Exit Wounds,Placebo,348.0
Kylän päässä,Moonsorrow,458.0
Travelling Without Moving,Jamiroquai,218.0
If I Could Be Where You Are,Enya,241.0
Heartshaped Abyss,Moonspell,248.0
Fix Me Now,Garbage,283.0
City,Sara Bareilles,276.0
I Don't Care About You,Guns N' Roses,292.0
Palumbo,Watch TV,163.0
Stars,The xx,263.0
Battle Axe,From The Shallows,203.0
Raspberry Fields,Cannibal Ox,242.0
(If You're Wondering If I Want You To) I Want You To,Weezer,209.0
Good Good Things,Descendents,141.0
Kansas,The Devil Wears Prada,221.0
Wild Frontier,Gary Moore,254.0
Mock The Cross,Bloodbath,242.0
"Keep It Loose, Keep It Tight",Amos Lee,188.0
Hangin' 'Round,Lou Reed,213.0
Goin' Down,The Pretty Reckless,216.0
Your Revolution Is A Joke,Funeral for a Friend,165.0
Corpse Pose,Unwound,185.0
...Pir Threontai,Rotting Christ,288.0
Mandylion,The Gathering,302.0
Jajaja,Veronica Maggio,198.0
The Second Part,The Dears,342.0
Turn On The Lights,Future,249.0
Headlights,Eminem,343.0
Black Winter Day,Amorphis,235.0
The Giant of Illinois,Andrew Bird,285.0
Olympian,She Makes War,199.0
Consign to Oblivion,Epica,726.0
Compliment,Collective Soul,181.0
Suitcases,Dara Maclean,214.0
Who Knows Who Cares,Local Natives,233.0
Grumpus,Lambchop,259.0
Between the Wolf and the Dog,Electrelane,246.0
Road Back Home,Zakk Wylde,346.0
King's Crossing,Elliott Smith,298.0
Patio Song,Gorky's Zygotic Mynci,163.0
Come On Over,Institute,238.0
Paper Lace,Sunset Rubdown,228.0
Muim,Murcof,412.0
Feeling This,blink-182,174.0
Under 21,Save Ferris,157.0
Gimme Half,The Devil Wears Prada,262.0
Tenant,Siouxsie and the Banshees,222.0
Figure 8,Ellie Goulding,247.0
Katrien,Mogwai,324.0
B.U.R.M.A.,Dirty Pretty Things,198.0
Planet Gear,Squarepusher,242.0
Articulo Mortis,Whitechapel,244.0
You Hid,Toro y Moi,205.0
I Need Something Stronger,UNKLE,249.0
Little Round Mirrors,Harvey Danger,315.0
Lewis Takes Action,Owen Pallett,174.0
Born That Way,Anja Garbarek,60.0
Glacially,Asobi Seksu,259.0
Cross The Fader,Jamaica,199.0
It Ain't You,Tom McRae,247.0
We Will Fall Together,Streetlight Manifesto,289.0
Saw It On the Radio,De-Phazz,112.0
The Constant,I Blame Coco,212.0
She's Evil,The Beautiful Girls,288.0
Miaaaw,Mr. Oizo,263.0
Gonna Get Caught,Demi Lovato,191.0
We're From America,Marilyn Manson,304.0
Southernplayalisticadillacmuzik,OutKast,245.0
Gypsy Rose Lee,The Distillers,234.0
Disco Dynamite,Mr. Flash,188.0
Love & Pride,King,200.0
Collides with Beauty,ATB,349.0
Sister Ray,The Velvet Underground,1049.0
Awful,Hole,196.0
Nothing From Nothing,Billy Preston,155.0
Birds Of Prey,Rome,276.0
You're So Great,Blur,216.0
Dubplate Murder Sound,Shitmat,281.0
You'll Be In My Heart,Phil Collins,257.0
Nathan's Phase,The Chameleons,207.0
Still Remains,Stone Temple Pilots,213.0
Flare Gun,Owen Pallett,141.0
Dumptruck,Blind Melon,221.0
Like Herod (live),Mogwai,473.0
Prayer in the Dark,Powerwolf,260.0
Grow Up and Blow Away,Metric,253.0
The Downfall of Us All,A Day to Remember,209.0
100°,Shout Out Louds,229.0
Dance Hall,Modest Mouse,177.0
Type: Ecco System,Melt-Banana,238.0
The Downward Spiral,Nine Inch Nails,237.0
Better Than Sunday,Ladyhawke,205.0
L.A. X,Big D And The Kids Table,293.0
MASQUERADE,Versailles,244.0
All Star,Smash Mouth,199.0
She'd Rather Be With Me,The Turtles,140.0
Mossbraker,Broken Social Scene,333.0
Let's Trade Skins,Great Lake Swimmers,324.0
Black Heroes,Ratatat,249.0
Lucky Love,Ace of Base,172.0
I Worship Only What You Bleed,The Black Dahlia Murder,120.0
No Way Back,Foo Fighters,197.0
Oregon Girl,Someone Still Loves You Boris Yeltsin,146.0
Sassafras,The Devil Wears Prada,196.0
You Are What You Are (Beautiful),Christina Aguilera,284.0
Extremity Retained,Napalm Death,122.0
Rabbit Heart (Raise It Up),Florence + the Machine,232.0
In Loss,Neaera,212.0
Last Song,Before the Dawn,173.0
Cry Little Sister,Marilyn Manson,275.0
Ember To Inferno,Trivium,251.0
Watching the Wheels,John Lennon,213.0
Two Ways Out,Darker My Love,203.0
Meu Destino,Thievery Corporation,206.0
Nothing Ever Happened,Deerhunter,351.0
Oh Messy Life,Cap'n Jazz,123.0
A Ribbon,Devendra Banhart,159.0
Real World,Matchbox Twenty,232.0
Next Generation,Culcha Candela,265.0
False Idols,Unearth,223.0
Beep it,Cornelius,243.0
April 5th,Talk Talk,352.0
Terrapin,Bonobo,278.0
My Girlfriend's Boyfriend,Her Space Holiday,271.0
The Triumph Of The Lazer Viking,An Albatross,84.0
Primary Colours,The Horrors,182.0
Step To Me,Thousand Foot Krutch,181.0
Capricorn At Her Feet,Moonspell,365.0
Liquid Sun,Astral Projection,660.0
The Scorpion Deathlock,The Devil Wears Prada,233.0
Light It Up,Rev Theory,254.0
Caught in a Wave,Junior Boys,219.0
acid eyes,Kap Bambino,147.0
Gitana,Los Fabulosos Cadillacs,191.0
Bermuda Triangle,Gonzales,94.0
If Lovin' You Is Wrong,Faithless,260.0
The Story I Heard,Blind Pilot,273.0
Cae El Sol,Soda Stereo,291.0
Dead Archetype,Carnifex,151.0
Song for No One,Miike Snow,249.0
Nowhere Warm,Kate Havnevik,297.0
Time Will Come,Shaman,333.0
I've Got It All (Most),Modest Mouse,190.0
Brief Interviews With Hideous Men,I Set My Friends on Fire,98.0
Send More Money,Johnossi,187.0
I Am A Freak,Younger Brother,540.0
Anodyne Sea,As I Lay Dying,275.0
What Did I Ever Give You?,Kaiser Chiefs,249.0
Counterbalance,Threat Signal,339.0
Done 4 Me,Cassidy,209.0
Scheinwerfer,Beginner,294.0
Please,Nine Inch Nails,211.0
Skin After Skin,Soilwork,208.0
Late Lounge Lover,Hacienda,290.0
No Saving Me,Walls of Jericho,249.0
Ausgetrunken,Kettcar,235.0
Fayre Thee Well,Blackmore's Night,128.0
Two Silver Trees,Calexico,230.0
The Tune,Helloween,337.0
Forsaker,Katatonia,246.0
Knives,Colony 5,280.0
Love Me Till The Sun Shines,The Kinks,197.0
Memories (Someone We'll Never Know),Clint Mansell,293.0
The Yellow King,Anaal Nathrakh,294.0
It's That Time Again,The Dodos,89.0
Mobility,Moby,371.0
"Hello, Brooklyn",All Time Low,210.0
Tune Down,Chris Joss,281.0
Without A Fight,Hoobastank,201.0
Nothing Stays,Cyberaktif,329.0
According to Columbus,A Skylit Drive,269.0
Swords Of Truth,These New Puritans,193.0
I Can See You,Black Flag,201.0
Hammer Down The Nails,Vital Remains,370.0
My Very Best,Elbow,334.0
Dead Dreams,Parkway Drive,201.0
Soluble In Air,Mystery Jets,193.0
Banana Splits,The Dickies,115.0
In Snakes I Bathe,Annotations of an Autopsy,232.0
Someone's Missing,MGMT,150.0
To Where The Skies Are Blue,DeadLock,235.0
Summer Shudder,AFI,187.0
All You Do Is Talk,Black Rebel Motorcycle Club,341.0
Hi Scores,Boards of Canada,297.0
Turn The Radio Off,Reel Big Fish,159.0
Agua De Rosas,Lila Downs,263.0
Make You Feel That Way,Blackalicious,206.0
Nein,Otep,254.0
My God,Jethro Tull,431.0
My Antichrist,Norther,205.0
Blue Would Still Be Blue,Guillemots,315.0
Crematorium,Repulsion,89.0
The American Way,Sacred Reich,222.0
Going to Your Funeral Part II,Eels,90.0
Inis Mona,Eluveitie,249.0
Omen,The Prodigy,216.0
Nothing Left 1,Orbital,469.0
Looking Back,Jim Brickman,192.0
Oh to Be in Love,Kate Bush,198.0
Sola Sistim,Underworld,385.0
World in Motion,New Order,271.0
Plasticities,Andrew Bird,265.0
Vain Glory Opera,Edguy,370.0
Try Harder,Blood Red Shoes,230.0
Sic Transit Gloria ... Glory Fades,Brand New,186.0
Hello It's Me,Todd Rundgren,266.0
Sound Of The Republic,Raised Fist,172.0
Organum,Max Richter,193.0
Alejandro,Lady Gaga,275.0
Hell Chose Me,Carnifex,212.0
Dog And His Master,Marcy Playground,132.0
Madre Deus,In Extremo,208.0
Little Bird,Imogen Heap,247.0
Can't Be Caught,Big D And The Kids Table,176.0
Cry Little Sister,Marilyn Manson,275.0
The Serpent's Chalice,Watain,402.0
Stoner-Hate,Scars on Broadway,121.0
Will Is My Friend,Devendra Banhart,185.0
Strut Hear,Kid Koala,59.0
Waiting Phase One,Porcupine Tree,267.0
68 Moves,The Underwolves,222.0
Cool To Be A Fool,Joe Nichols,175.0
The Dress Looks Nice on You,Sufjan Stevens,152.0
Louder Than Boom,Tiësto,250.0
True Fine Love,Steve Miller Band,160.0
Charmless Man,Blur,214.0
Rattlesnake,St. Vincent,215.0
Bohema,Wilki,232.0
Salamander,ELLEGARDEN,227.0
Newspaper,88 Fingers Louie,93.0
Pancho And Lefty,Townes Van Zandt,221.0
Crystal Skull,Mastodon,205.0
Some Kinda Fatigue,Yo La Tengo,274.0
My Kinda Country,Randy Houser,175.0
I Of Crimson Blood,Amorphis,307.0
Bees,Caribou,324.0
Sexy Love,Ne-Yo,220.0
Delusion,Apocalyptica,251.0
Ritz 107,Fischerspooner,276.0
Survivalism,Nine Inch Nails,262.0
Moments with Oliver,Rachael Yamagata,62.0
Shake It Out,Manchester Orchestra,311.0
Dirtbox,Harmonic 313,269.0
Put You Down,Alice in Chains,203.0
Woman In Chains,Tears for Fears,389.0
Old Habits Die Hard,Mick Jagger,264.0
Everything In Moderation (Especially Moderation),NOFX,84.0
Du Löst Dich Auf,Fotos,164.0
As He Creates So He Destroys,Nile,276.0
I'm Still Waiting,Diana Ross,225.0
Beautiful You,Devil's Gift,174.0
9 Crimes,Damien Rice,219.0
Black Christmas,MDC,271.0
XO,Beyoncé,216.0
Who Me?,Buckethead,128.0
Heaven's Sake,Mistabishi,245.0
Saye Mogo Bana,Issa Bagayogo,315.0
Ad Noctum,Borknagar,263.0
Awakenings,Symphony X,502.0
The Human Condition,Chelsea Grin,243.0
Eastern Glow,The Album Leaf,367.0
Avian Lung,The Kilimanjaro Darkjazz Ensemble,336.0
Streets of Your Town,The Go-Betweens,219.0
The Regality Dance,Elvenking,347.0
L'eau à la bouche,Serge Gainsbourg,151.0
Bruitist Pome #5,Refused,87.0
Old Stone,Laura Marling,179.0
I Wish You Would,The Yardbirds,141.0
Holy Symphony of War,Kalmah,285.0
Escape (The Bloody Beetroots Remix),The Toxic Avenger,280.0
Burundanga,Celia Cruz,161.0
End Theme,Zero 7,219.0
Room for the Life,Kate Bush,246.0
What We All Want,Gang of Four,294.0
Trophy Scars,Converge,299.0
All About U,2Pac,279.0
Farewell / Goodbye,M83,333.0
Suspended Time,Samael,226.0
You Can Never Hold Back Spring,Tom Waits,147.0
Flying,Secret Machines,236.0
She's Got You High,Mumm-Ra,205.0
In the Dark,Flyleaf,227.0
Silly Girl,Descendents,145.0
Randale,Richard Devine,346.0
Turtle Island,Beach House,240.0
Let Them Hate,Hatesphere,320.0
When The Lights Go Down,Faith Hill,246.0
Like It Too Much,Kaiser Chiefs,202.0
Tarot Woman,Rainbow,360.0
Erotomania,Dream Theater,404.0
Like You to Me,Set Your Goals,266.0
I.D.G.A.F.,Breathe Carolina,194.0
Shattered Pieces,Otep,250.0
Immanuel (The Redeemer),For Today,154.0
Hoy toca ser feliz,Mägo de Oz,260.0
Bohema,Wilki,232.0
On The Breath Of Poseidon,Symphony X,310.0
Die Sonne scheint,Die Apokalyptischen Reiter,189.0
To The Light,Newton Faulkner,159.0
Dirty Thirty,The Crystal Method,324.0
Through Her Eyes,Dream Theater,329.0
Head Full Of Doubt/Road Full Of Promise,The Avett Brothers,288.0
Counting the Days,Guano Apes,217.0
The Warrior,Orphaned Land,431.0
Selfish Girl,Rihanna,217.0
Phantom Other,Department of Eagles,281.0
Costume Makes the Clown,Shakira,192.0
Fotzepolitic,Cocteau Twins,214.0
Englefjes,DumDum Boys,197.0
Cough/Cool,Misfits,137.0
Let the Drums Speak,Mighty Dub Katz,509.0
Lovetones,The Duke Spirit,241.0
The Deadly Rhythm,Refused,216.0
End This Day,Despised Icon,213.0
Final Say,Sambassadeur,342.0
D.O.A.,The Haunted,262.0
You Fight Me,Breaking Benjamin,191.0
New,No Doubt,267.0
Dear Catastrophe Waitress,Belle and Sebastian,143.0
No One Knows I'm Gone,Tom Waits,102.0
Colombia,Local Natives,290.0
Gimme Half,The Devil Wears Prada,262.0
Knot Comes Loose,My Morning Jacket,243.0
Airport Taxi Reception,Sondre Lerche,148.0
Don't Save Me,HAIM,231.0
Day Seven: Hope,Ayreon,167.0
The Compromise,The Format,208.0
Old World,The Modern Lovers,241.0
Hands in the Air,Girl Talk,260.0
Rammlied,Rammstein,319.0
"White Flag (Feat. Bashy, Kano and The National Orchestra For Arabic Music)",Gorillaz,223.0
El Pueblo Unido,Thievery Corporation,209.0
Cross My Heart,The Rocket Summer,288.0
Yes! Yes! Yes!,Foxy Shazam,175.0
All of the Champs That Ever Lived,The Octopus Project,251.0
Be-Headed (Marathon Man),From First to Last,224.0
Change of Ideas,Bad Religion,60.0
Sold Heart,Katatonia,276.0
Hanging on the Telephone,Blondie,142.0
Fourteen Autumns and Fifteen Winters,The Twilight Sad,246.0
Mountainhead,65daysofstatic,334.0
Skip Divided (Modeselektor Remix),Thom Yorke,335.0
Ruination,Job for a Cowboy,296.0
Tango Square,Gotan Project,226.0
Love Everybody,The Presidents of the United States of America,158.0
Germany,Bleeding Through,202.0
Schrapnell,Isolée,262.0
Rush Apart,The Rural Alberta Advantage,114.0
Don't Fall Asleep at the Helm,Sleeping with Sirens,134.0
No One's Gonna Love You,Band of Horses,217.0
Anywhere I Lay My Head,Tom Waits,168.0
Shameless,All Time Low,222.0
Black Sunglasses,Mount Sims,291.0
Witch Hunt,Wayne Shorter,491.0
Weak,Skunk Anansie,210.0
Where Are You Now,Mumford & Sons,220.0
Unrecorded,M83,252.0
If You Knew,Neko Case,151.0
Sweet Ride,Mando Diao,124.0
Sun in an Empty Room,The Weakerthans,235.0
Kicking And Screaming,The Presets,345.0
Keep Your Dreams,Primal Scream,323.0
Welcome to the Suicide (Intro),Blutengel,172.0
Milan,Karsh Kale,534.0
Cobwebs,Animal Collective,176.0
Emotional Winter,Anathema,354.0
Head,Prince,284.0
Wings of Gabriel,Arcana,240.0
Counterfeit God,Black Label Society,260.0
Everybody Here is a Cloud,Cloud Cult,196.0
Broken Doll,Paloma Faith,248.0
Need Ur Lovin',Zomby,144.0
You Can Make Me Feel Bad,Arthur Russell,89.0
Soul Evisceration,Bloodbath,268.0
Whoever She Is,The Maine,221.0
Golden Hair,Syd Barrett,104.0
Revolution Rock,Los Fabulosos Cadillacs,296.0
Day of the Dead,Hollywood Undead,235.0
Eagles Become Vultures,Converge,131.0
Tamra,Sonic Youth,515.0
Pon De River Pon De Bank,Elephant Man,200.0
Let Me In!,Siriusmo,187.0
I Quit Girls,Japandroids,295.0
Beneath A Bronze Sky,Primordial,207.0
Imperials,Ratatat,214.0
Werewolves of Armenia,Powerwolf,235.0
Long Distance Call,Phoenix,185.0
Girl Of My Dreams,Charles Mingus,249.0
Down There...,Beherit,155.0
I Go I Go I Go,Wave Machines,196.0
Straumnes,Sigur Rós,121.0
I Think It Is Beautiful That You Are 256 Colors Too,Black Moth Super Rainbow,186.0
Watercolour,Pendulum,207.0
Hitch A Ride,Boston,252.0
Seventeen,Ladytron,278.0
Wind And The Mountain,Liz Phair,334.0
Recreant,Chelsea Grin,267.0
These Filthy Hands,Mushroomhead,323.0
Extraordinary Way,Conjure One,279.0
I Can't Breathe,Krypteria,202.0
Insoluble,Dave Gahan,297.0
Word Play,Young Jeezy,195.0
Love Is Blue,Paul Mauriat,157.0
"I Like It, I Love It",Tim McGraw,207.0
Getting Ahead In The Lucrative Field Of Artist Management,UNKLE,54.0
667,Soundgarden,56.0
Exterminate Annihilate Destroy,Rotersand,317.0
Satellite Snyper,Pantha du Prince,329.0
The Passage,Arcana,121.0
"As It Was, As It Soon Shall Be",Exodus,316.0
Alpha Beta Gaga,Air,280.0
Who Makes Your Money,Spoon,225.0
Hermetico,Balkan Beat Box,309.0
Neither Can I,Slash's Snakepit,403.0
Chris Michaels,The Fiery Furnaces,417.0
Harmonia Mundi,Mike Oldfield,226.0
Wippsteert,Extrawelt,467.0
Blues Power,Eric Clapton,189.0
Leila Came Around And We Watched A Video,Four Tet,99.0
Islands in the Stream,Bee Gees,259.0
Sword of the Samurai,Lisa Gerrard,96.0
Again Someday,Blackmore's Night,99.0
Snowball,Devo,149.0
"Aretha, Sing One for Me",Cat Power,193.0
A Pistol To My Temple,Scary Kids Scaring Kids,237.0
Mary The Ice Cube,Primus,278.0
Kindly Unspoken,Kate Voegele,244.0
Sabrosa,Beastie Boys,212.0
L'Imposture,Louise Attaque,144.0
Double Down Under,The Crystal Method,349.0
Det vet du,Familjen,278.0
All At Once,Jack Johnson,218.0
The Rockafeller Skank,Fatboy Slim,414.0
On The Roof Again,EVE 6,186.0
A Place Among The Stones,Davy Spillane,423.0
Take Care,Copeland,250.0
Red Meets Blue,Matt Wertz,224.0
The Sky And The Dawn And The Sun,Celtic Woman,319.0
Bring It (Snakes On A Plane),Cobra Starship,195.0
Esquilo não samba,Móveis Coloniais de Acaju,272.0
Theme De Yoyo,The Cinematic Orchestra,140.0
Ahoy There!,Mr. Scruff,265.0
Love Is Stronger Than Pride,Sade,258.0
The cost of resistance,Xploding Plastix,327.0
Bra,Cymande,306.0
The Gun Song,Ayria,208.0
All His Suits Are Torn,NOFX,139.0
Disengage,Suicide Silence,245.0
Door of Celestial Peace,Samael,246.0
What We Had,Handsome Furs,237.0
I Touch Myself,Divinyls,223.0
"Heartbroken, In Disrepair",Dan Auerbach,201.0
Tired Of Hanging Around,The Zutons,215.0
Japanese to English,Red House Painters,279.0
Consolation Prizes,Phoenix,196.0
Darkness Surrounding,Avenged Sevenfold,289.0
Youlogy,Volcano Choir,217.0
Know Your Rights,The Clash,219.0
Butterfly Fly Away,Miley Cyrus,285.0
Deep Within The Corners Of My Mind,Melody Gardot,202.0
Every Planet We Reach Is Dead,Gorillaz,293.0
The Booker Tease,The Residents,67.0
Acclimation,Borknagar,270.0
Ask Me Anything,The Strokes,190.0
Sometimes When It Rains,Secret Garden,272.0
Orphans,The Gaslight Anthem,205.0
Winter Kills,Yazoo,246.0
Firewall,Common Rider,176.0
Molfsee,Ulrich Schnauss,487.0
In the Warm Room,Kate Bush,215.0
Coin-Operated Boy,The Dresden Dolls,286.0
Spare-Ohs,Andrew Bird,247.0
Hands in the Air,Girl Talk,260.0
In The Dragon's Den,Symphony X,239.0
Sherbet Head,Boards of Canada,162.0
The Headless Game,Edguy,331.0
"Jumpin', Jumpin'",Destiny's Child,228.0
You Don't Have To Be A Prostitute,Flight of the Conchords,170.0
Love You to Death,Type O Negative,429.0
Stir,múm,161.0
Instant Repeater '99,The Soundtrack of Our Lives,282.0
As Serious as Your Life,Four Tet,289.0
The Sweetest Curse,Baroness,271.0
Ghost Towns,Radical Face,234.0
Rock Wit U,Alicia Keys,337.0
End of the World Party,"Medeski, Martin and Wood",310.0
Ships Passing Through The Night,Jimi Hendrix,352.0
Almost Cut My Hair,"Crosby, Stills, Nash & Young",269.0
Look What The Cat Dragged In,The Rolling Stones,237.0
Negra Presentuosa,Susana Baca,256.0
Second & Sebring,Of Mice & Men,229.0
Flugufrelsarinn,Sigur Rós,468.0
There Is a Light That Never Goes Out,The Smiths,244.0
The Sulphur Man,Doves,277.0
Foreign Country,The Concretes,105.0
Worlds Away,From First to Last,242.0
Long Way Down,Tom Odell,150.0
The Twisted Nails of Faith,Cradle of Filth,426.0
Baby Day,Animal Collective,272.0
The Phoenix,Fall Out Boy,246.0
Playing The Part,Comeback Kid,101.0
Sworn to the Dark,Watain,303.0
Play My Music,Jonas Brothers,198.0
Flying Upside Down,Cold War Kids,258.0
Done With You,The Whitest Boy Alive,323.0
The Wicker Man,Iron Maiden,276.0
Sister Morphine,The Rolling Stones,335.0
Homebase,Dzihan & Kamien,443.0
Black History Month (Josh Homme Remix),Death from Above 1979,279.0
Global Love,High Contrast,379.0
Poor Places,Wilco,332.0
The Gangrenous Epitaph,Aborted,205.0
Never Named,Soundgarden,148.0
Such a Twat,The Streets,228.0
Opposition,Thee Oh Sees,99.0
Time Won't Let Me Go,The Bravery,251.0
Bear Music,Commix,371.0
Nothing Nowhere,Jakalope,299.0
Gypsy Rhapsody,Bond,215.0
Weenie Beenie,Foo Fighters,165.0
The Return Of Sathington Willoughby,Primus,306.0
Road to Joy,Bright Eyes,234.0
Outremer,Kalmah,280.0
Angel Of Death,Angel Witch,292.0
I Believe to My Soul,Donny Hathaway,228.0
Pensando En Ti,Mägo de Oz,268.0
Transmission 2,DJ Shadow,89.0
Na Laetha Geal M'oige,Enya,237.0
Parasol,Tori Amos,234.0
She Puts The Ho In Homewrecker,Lovehatehero,225.0
Madrid Song,Julian Plenti,128.0
Mindsaver,Mnemic,253.0
From Now To Never,Sparta,520.0
Desperate Times Call for Desperate Housewives,Greeley Estates,188.0
Wormboy,Marilyn Manson,236.0
Open Your Heart,Madonna,231.0
Fixation On Plastics,The Red Chord,165.0
Below & Above,Low,152.0
Ghostwriter,RJD2,273.0
This Is How It Goes,Billy Talent,207.0
A Window,The Radio Dept.,208.0
Reverend Black Grape,Black Grape,312.0
Prelude 12/21,AFI,94.0
I'm Sorry I Failed You,Venetian Snares,129.0
Snow White Queen,Evanescence,261.0
Wait for Your Heart,ATB,316.0
Torch Song,AFI,225.0
Flagellation,Samael,222.0
Palace Station,Melody Club,196.0
Bible Belt,Dry the River,284.0
Slaget vid Blodsälv,Finntroll,218.0
Up in Flames,Coldplay,193.0
Defocus,Amon Tobin,310.0
Just Like You Imagined,Nine Inch Nails,230.0
Mumuki,Astor Piazzolla,306.0
I Got You Dancing,Lady Sovereign,212.0
Gunpowder & Lead,Miranda Lambert,189.0
2 Bad,Michael Jackson,289.0
From the Heaven of My Heart,Amorphis,320.0
Multiple Counts Of Murder,Torture Killer,220.0
The Damnation Game,Symphony X,272.0
Chaos Breed,Entombed,293.0
Song to Hall Up High,Bathory,153.0
Eaten,Bloodbath,261.0
Transparence,Asobi Seksu,229.0
Blueprint,Fugazi,233.0
So Damn Clever,Plain White T's,183.0
Abigail,King Diamond,292.0
Guilt And The Like,Mouth of the Architect,459.0
The Mermaid,Yanni,227.0
Yesterday's Colours,High Contrast,350.0
Miniamba,Future Prophecies,360.0
You Have Just Been Erased,Austrian Death Machine,142.0
The Funeral Party,The Cure,255.0
Glyphic,Boxcutter,470.0
Passion And The Opera,Nightwish,291.0
Like Swimming,Foals,121.0
One By One,Alter Bridge,260.0
Brown Metal,Hella,225.0
Highway Star,Deep Purple,415.0
Only,Nine Inch Nails,263.0
Rusty Nails (Shackleton remix),Moderat,575.0
Ziltoidia Attaxx!!!,Devin Townsend,223.0
Burn This Disco Out,Michael Jackson,221.0
Fire Eye'd Boy,Broken Social Scene,239.0
Fuck tha Police,N.W.A,344.0
Deireadh An Tuath,Enya,105.0
Cloudy Sky,The Cardigans,247.0
Call My Name,Cheryl,205.0
I've Got You Under My Skin,Diana Krall,370.0
I Still Can See An Outside World,Liars,194.0
Elephant And Castle,Houston Calls,211.0
Locked Up,Akon,235.0
Shoes 'N' Hats,Smash Mouth,169.0
Foley Room,Amon Tobin,217.0
Blank Expression,The Specials,125.0
Acolyte,Delphic,531.0
Smokestack Lightning,The Yardbirds,332.0
Any Minute Now,Soulwax,189.0
We All Wanna Be Prince,Felix da Housecat,213.0
Sheet Metal Girl,Pig Destroyer,69.0
Hit Em Up,Lil' Wayne,247.0
Coming Too Close,No Use for a Name,185.0
Danza di fuoco e ghiaccio,Rhapsody of Fire,385.0
Eternity Is Within,Shadows Fall,248.0
Heroines,Diablo Swing Orchestra,323.0
To My Dead And Dark Dreams,Carnifex,191.0
Jimmy Tango's Method,Every Time I Die,219.0
"Stay Gold, Ponyboy",The Get Up Kids,175.0
Death Comes Ripping,Cradle of Filth,117.0
Sleazy,Ke$ha,206.0
Glory Box,Portishead,305.0
Triangle,BADBADNOTGOOD,228.0
One In A Million,Bosson,214.0
God Of Deception,Amorphis,219.0
Dead Christmas,Monster Magnet,235.0
Never Before,Deep Purple,242.0
Marching Orders,Kosheen,301.0
Welcome To My Nightmare,Alice Cooper,155.0
Rugla,Amiina,240.0
Converting Vegetarians,Infected Mushroom,340.0
Quart in Session,NOFX,98.0
As He Creates So He Destroys,Nile,276.0
Leopard-Skin Pill-Box Hat,Bob Dylan,236.0
Dubplate Murder Sound,Shitmat,281.0
Speak Now,Taylor Swift,241.0
Reconsider Everything,311,168.0
Copycat,Lacrimosa,296.0
Anji,Simon & Garfunkel,135.0
Shadow's Keeper,Black Rebel Motorcycle Club,370.0
Would You...?,Touch and Go,190.0
Spirit in a Vacuum,Mortiis,295.0
Happy Home,Garbage,361.0
Suck Out The Poison,He Is Legend,203.0
Sons of the Morrigan,Primordial,426.0
Pink Stones,Memory Tapes,232.0
Avenue B,Gogol Bordello,188.0
New World Widows,Diablo Swing Orchestra,356.0
Sunshine Of Your Love,Ella Fitzgerald,198.0
D-Scape,Aphex Twin,419.0
I Can See The Pines Are Dancing,A.A. Bondy,222.0
Never Go Back,Evanescence,267.0
This Mortal Soil,Mastodon,301.0
Derek,Animal Collective,181.0
Until We Fall,Audioslave,231.0
Schmaltz Herring,Shpongle,141.0
Security,Joss Stone,272.0
Wires And The Concept Of Breathing,A Skylit Drive,151.0
Lady '95,Styx,185.0
Espero,Pato Fu,189.0
Snakecharmer,Rage Against the Machine,235.0
My Fair Lady,The Bird and the Bee,217.0
The Stamen Of The Shamen,Shpongle,251.0
Mooore,RJD2,289.0
The Chondrin Enigma,Aborted,260.0
Everything You're Not,Demi Lovato,223.0
How 'Bout Us,Champaign,274.0
Watching Lara,Yann Tiersen,88.0
Forcasa 3,Bola,324.0
Vacuum Boogie,Floating Points,369.0
Dessumiis Luge,Eluveitie,208.0
Birthday Cake,Rihanna,78.0
I Am Legend / Out For Blood,Arch Enemy,329.0
Fake Empire,The National,205.0
Paris Streatham,Cujo,297.0
Peas and Carrots,Salt The Wound,250.0
Stop The Dams,Gorillaz,339.0
Must Be Dreaming,Frou Frou,242.0
My Hopes and Dreams,jj,163.0
Loyal.com,Greeley Estates,186.0
Love Revolution,Lenny Kravitz,195.0
I Got Nothin',Darius Rucker,204.0
Hollywood (Africa),Red Hot Chili Peppers,303.0
Per Aspera Ad Astra,Haggard,399.0
Robot Chicken,Les Claypool,41.0
Triveni,Rodrigo y Gabriela,234.0
Dance Till Dawn,Heartsrevolution,212.0
Everything To Gain,Fischerspooner,253.0
Ian Curtis,Thursday,223.0
The Renovation,My Bitter End,252.0
Nothing to Remember,Neko Case,179.0
The Southern Deathstyle,Moonspell,247.0
Automatic Schmuck,The Hives,137.0
Threshold of Transformation,Isis,614.0
Ask You,Lusine,367.0
Thorns On My Grave,Emperor,356.0
Malaria Codes,The Octopus Project,224.0
Hips Don't Lie,Shakira,217.0
G-Force,Ciccone Youth,220.0
Kate Moss,Organek,165.0
Radio Future,Machinae Supremacy,280.0
A Portage To The Unknown,Turisas,290.0
The Night All Angels Cry,Krypteria,406.0
Crosshairs,DANGERDOOM,147.0
Old White Lincoln,The Gaslight Anthem,210.0
Cler Achel,Tinariwen,268.0
The Suburbs Breed Showmen,My Bitter End,245.0
Stephanie Says,The Velvet Underground,169.0
Should've Said No,Taylor Swift,244.0
Destroying Angel,Sneaker Pimps,267.0
Dying Race Apocalypse,Kreator,281.0
Building a Man,Gorgoroth,203.0
My Star,Ian Brown,314.0
The Egg,Autechre,454.0
Freefalling,Ferry Corsten,328.0
Catatonic,Slayer,293.0
You Make Me Feel Like A Whore,Everclear,167.0
Hendrix With Ko,Caribou,239.0
"Piazza, New York Catcher",Belle and Sebastian,183.0
Dragonheads,Ensiferum,319.0
Killing For Love,José González,183.0
Space Time,Gojira,322.0
Room Without a Window,Operation Ivy,92.0
Game Show,Mad Caddies,200.0
In The Bath,Lemon Jelly,401.0
So Much More,Supreme Beings of Leisure,355.0
Bellum Omnium Contra Omnes,Anaal Nathrakh,196.0
Jazda,T.Love,264.0
Party Started,The Cat Empire,227.0
The Loss And Curse Of Reverence,Emperor,289.0
Baby Day,Animal Collective,272.0
Planet Telex,Radiohead,259.0
Out Of Time,The Rolling Stones,222.0
Last Stand Of Humanity,Bolt Thrower,191.0
The One I Love,R.E.M.,198.0
Half-Truism,The Offspring,206.0
May Be A Price To Pay,The Alan Parsons Project,296.0
The Crane Dance,Ludovico Einaudi,185.0
Snakes Of Christ,Danzig,274.0
Skip Tracer,Sonic Youth,253.0
Yellow Brick Road,Angus & Julia Stone,457.0
True Skool,Coldcut,214.0
Hyperdrive,Devin Townsend,284.0
The Nest,José González,144.0
If I Leave You,Mando Diao,171.0
Meeting Place,The Last Shadow Puppets,236.0
Sheep,Pink Floyd,619.0
Into Hiding,Amorphis,233.0
Pink Orange Red,Cocteau Twins,278.0
Break Out! Break Out!,All Time Low,184.0
Steam Engenius,Modest Mouse,266.0
Suitcases,Dara Maclean,214.0
Honestly OK,Dido,278.0
Slipping Away,Moby,219.0
Sathington Waltz,Primus,100.0
Our Town,James Taylor,248.0
What If,Coldplay,299.0
Apartment 5F,The Bouncing Souls,130.0
Love Vs. Porn,Kevin Drew,237.0
The Melee,Beastie Boys,191.0
Mother We Just Can't Get Enough,New Radicals,348.0
Clockwork Tin Soldiers,Jonny Greenwood,229.0
Meet Your Master,Nine Inch Nails,249.0
J'Arrive,Jacques Brel,284.0
Cico Buff,Cocteau Twins,226.0
Waking Every God,Pain of Salvation,320.0
My Weakness,Moby,219.0
Antihero,God Forbid,238.0
Blood Ritual,Klaus Badelt,212.0
Got No Love,The Kooks,218.0
Street Map,Athlete,279.0
City Song,Daughters,356.0
Mahalo,Ratatat,122.0
Cthulhu,The Acacia Strain,207.0
Hope in the Air,Laura Marling,272.0
Godeye,Kalmah,266.0
Best Of Me,Chrisette Michele,233.0
School Spirit Skit 1,Kanye West,79.0
Welcome to the World of the Plastic Beach,Gorillaz,216.0
Shoot Me Again,Metallica,430.0
Beautiful Day Without You,Röyksopp,329.0
Love Letter to Japan,The Bird and the Bee,247.0
Her Eyes Are Underneath the Ground,Antony and the Johnsons,264.0
In Those Jeans,Ginuwine,243.0
There Is No Business to Be Done on a Dead Planet,All Shall Perish,184.0
Dearth,Deathspell Omega,225.0
Party All Day,Steel Panther,183.0
Terror Zone,Kreator,357.0
Waves Breaking,Muffler,311.0
Mercedes-Dance Intro,Jan Delay,263.0
Maritime,Isis,184.0
A Ghost Before The Wall,Asaf Avidan & The Mojos,191.0
I'm So Glad,Cream,238.0
1.36,Coldplay,126.0
Waking the Demon,Bullet for My Valentine,248.0
Setlon,Eluveitie,157.0
Ultra Blue,Thrice,182.0
Thor,Therion,287.0
He Knows I'd Love To See Him,Morrissey,188.0
Timeless Winter,Into Eternity,205.0
Liquid Sun,Astral Projection,660.0
Afrika Shox,Leftfield,225.0
How We Became Fire,Moonspell,348.0
Mexico,Incubus,258.0
The Jezebel Spirit,Brian Eno & David Byrne,295.0
En Lo Puro No Hay Futuro,Jarabe de Palo,205.0
London Dungeon,Misfits,154.0
Smoke It,The Dandy Warhols,249.0
Last Girl on Earth,Supreme Beings of Leisure,256.0
To Know Our Enemies,Hate Eternal,255.0
Face of Melinda,Opeth,479.0
Contagious Chemistry,You Me at Six,210.0
Old Habits Die Hard,Mick Jagger,264.0
Pulled Under at 2000 Metres a Second,Anathema,323.0
Lie To Me,Depeche Mode,304.0
Call Back When I'm Honest,The Almost,204.0
Fu-Gee-La,Fugees,256.0
Food In The Belly,Xavier Rudd,160.0
914,Liquid Tension Experiment,241.0
Saint Veronika,Billy Talent,250.0
Red,Taylor Swift,221.0
Dance Little Sister,Terence Trent D'Arby,235.0
A Gothic Love Song (For N.),Current 93,247.0
Forget Me Not,Thieves Like Us,210.0
Around My Smile,Hope Sandoval & The Warm Inventions,250.0
Apocalypse Now and Then,Every Time I Die,154.0
Floaty,Foo Fighters,269.0
"You, You're Awesome",Do Make Say Think,217.0
Let's Go to Bed,The Cure,213.0
Tearjerker,Red Hot Chili Peppers,260.0
"I, The Swan",The Sound of Animals Fighting,254.0
The Divine Falsehood,Job for a Cowboy,264.0
"High, Low, In",Paris Combo,212.0
Atom And Evil,Heaven & Hell,315.0
Dead Archetype,Carnifex,151.0
Jique,Brazilian Girls,255.0
Hip Albatross,Gorillaz,163.0
The Twistinside,Everclear,277.0
Noisy Man,Booka Shade,203.0
When I'm Not Around,Junior Boys,322.0
This Celluloid Dream,AFI,250.0
Gallery,Mario Vazquez,224.0
Everybody Dance,Chic,410.0
She's My Baby,Mazzy Star,265.0
Daten Raten,Extrawelt,390.0
"Road, River and Rail",Cocteau Twins,199.0
Five Minutes To Midnight,Boys Like Girls,227.0
Chloroform Perfume,From Autumn To Ashes,269.0
IM the Supervisor,Infected Mushroom,514.0
Decontamination,Insect Warfare,70.0
Teacher's Pet,Venom,283.0
In Fiction,Isis,672.0
Keule,Paul Kalkbrenner,468.0
(Far From) Home,Tiga,163.0
Forsaker,Katatonia,246.0
Paraphilia,See You Next Tuesday,122.0
Artcore,Astrix,425.0
Farther Away,Evanescence,303.0
Dance Tonight,Paul McCartney,175.0
Bees Bein' Strugglin',The Octopus Project,228.0
Swingin Party,Lorde,222.0
Yours Alone,Dum Dum Girls,136.0
Mable,Goldfinger,139.0
Dead and Buried,Alien Sex Fiend,242.0
John Allyn Smith Sails,Okkervil River,273.0
An American Draft Dodger In Thunder Bay,Sam Roberts,194.0
Returner,Liturgy,215.0
The Thanks I Get,Coconut Records,144.0
Baby Won't You Let Me Rock 'N' Roll You,Ten Years After,137.0
Somebody That I Used To Know,Elliott Smith,129.0
I Better Be Quiet Now,Elliott Smith,215.0
Smells Like Nirvana,"""Weird Al"" Yankovic",222.0
King for a Day,Faith No More,395.0
Soukora,Ali Farka Touré and Ry Cooder,363.0
Houstatlantavegas,Drake,290.0
Romantic Comedy,Stars,260.0
"Disease, Injury, Madness",Between the Buried and Me,663.0
Goin' Down,The Pretty Reckless,216.0
Spare-Ohs,Andrew Bird,247.0
Funny Time of Year,Beth Gibbons & Rustin Man,408.0
Fuck tha Police,N.W.A,344.0
Needles In My Eyes,The Beta Band,272.0
Abschied,Sopor Aeternus & The Ensemble of Shadows,422.0
Here It Goes,Jimmy Eat World,203.0
Lugdūnon,Eluveitie,241.0
One in a Million,Aaliyah,271.0
Killing For Love,José González,183.0
Pause 4 Porno,Dr. Dre,93.0
When We Get By,D'Angelo,345.0
Ruling Dub,Groundation,426.0
The Suffering,Coheed and Cambria,224.0
Kaili,Caribou,282.0
Silver Stallion,Cat Power,174.0
Childhood Dreams,Jazzamor,247.0
Raised Eyebrows,The Feelies,180.0
Common People,Pulp,351.0
It's a Miracle,Culture Club,204.0
Crazy About You,Whiskeytown,166.0
Beast Of Man,Arch Enemy,216.0
Top Expert,Cat Power,198.0
Black Paper Planes,Long Distance Calling,437.0
Oh My,Ladyhawke,205.0
Queer Fellow,Paul Kalkbrenner,213.0
Love Boat Captain,Pearl Jam,276.0
Runamoine,Korpiklaani,243.0
Liar in the Glass,Eyes Set to Kill,238.0
Fluorescent Grey,Deerhunter,303.0
Tyler,Toadies,241.0
Where Nobody Knows,Kings of Leon,145.0
Table Tennis ft. Laura Darlington,Flying Lotus,182.0
Holdin' It Down for the Underground,A Day to Remember,204.0
One Man Army,Ensiferum,266.0
Guntruck,Element Eighty,203.0
The Gun Song,Ayria,208.0
Powershifter,Fear Factory,232.0
Beautiful Disgrace,Orgy,253.0
Eu Sei,Papas Da Língua,233.0
Blues Deluxe,Joe Bonamassa,440.0
Tides (Peshay & Flytronix Remix),A Forest Mighty Black,422.0
Swing Pool,Blonde Redhead,255.0
Perennial Dreams,Edenbridge,313.0
Everything I Cannot See,Charlotte Gainsbourg,346.0
Made in Hong Kong,Fennesz,264.0
Poor Cow,Peter Bjorn and John,286.0
Nerdy,Poison the Well,164.0
To The Lighthouse,Patrick Wolf,246.0
We're All in Love,Black Rebel Motorcycle Club,218.0
Through The Horned Gate,3 Inches of Blood,127.0
Les Nuits Parisiennes,Louise Attaque,152.0
Timebomb,The Whitest Boy Alive,224.0
Virgin Suicide,Van She,250.0
Collision,As I Lay Dying,191.0
What Ever Happened,The Strokes,169.0
Smoking Gun,Robert Cray,247.0
Tomber La Chemise,Zebda,264.0
All Around You (Intro),The Brian Jonestown Massacre,336.0
Forever Sleep,Silentium,199.0
Metal Invasion,Freedom Call,409.0
Mandylion,The Gathering,302.0
För sent för edelweiss,Håkan Hellström,241.0
Year 2000 Non-Compliant Cardia,Mogwai,206.0
The Fall of Math,65daysofstatic,239.0
The Spreading Disease,All Shall Perish,270.0
White Noise,Mogwai,304.0
The Child In Me,Clan of Xymox,272.0
Pavlov's Bell,Aimee Mann,275.0
Time To Stop Talking,The Rakes,218.0
Sorrowspell,Carnifex,217.0
You Fail Me,Converge,337.0
The Rape and Pillage of Spisville,Salt The Wound,200.0
Ease,Whirr,207.0
Love Is The Queen,Seeed,313.0
I'll Hold My Breath,Ellie Goulding,225.0
Radiant Strain,Scar Symmetry,256.0
Amber Changing,Rise Against,176.0
One Hand Holding,The Maccabees,181.0
"Yesterday, Today, Tomorrow",Black Label Society,223.0
Poverty For All,Ignite,134.0
History Repeats,We Are Scientists,237.0
Bloodletting (The Vampire Song),Concrete Blonde,271.0
Kicks Or Consumption,Dirty Pretty Things,212.0
We All Die,Cat Power,301.0
Second Flute,Zbigniew Preisner,78.0
Teflon,The Mars Volta,304.0
Green Tambourine,The Lemon Pipers,146.0
Tides Of The Moon,Mercury Rev,405.0
What About...,Dope,203.0
Torn To Pieces,Death,216.0
Bye Bye Bayou,LCD Soundsystem,429.0
Source of Light,Arcana,145.0
Phenomenon,Thousand Foot Krutch,179.0
Wake Up and Go Berserk,Mogwai,288.0
White Cluster,Opeth,605.0
Down Inside Of You,Fuel,248.0
Underpass Tutorial,From Autumn To Ashes,198.0
Sleeping In,The Postal Service,261.0
1963,New Order,338.0
Sweet Illusions,Ryan Adams & The Cardinals,302.0
Please Be With Me,Eric Clapton,206.0
Sullivan's Social Slub,The Fiery Furnaces,392.0
Blame It,Jamie Foxx,290.0
Malpractice,Faith No More,242.0
Taivas Palaa,Ruoska,260.0
Slanias Song,Eluveitie,341.0
Sons of the Morrigan,Primordial,426.0
Dig,Incubus,258.0
The What,The Notorious B.I.G.,239.0
Hotdog,Simian Mobile Disco,196.0
Staying Power,Queen,252.0
Mountain,Good Charlotte,274.0
The Hermit,Steve Hackett,289.0
Love Of A Woman,Travis Tritt,218.0
Antwerpen,Enter Shikari,195.0
Christmas Song,Mogwai,207.0
Holding Back The Years,Simply Red,264.0
The Devil In Miss Jones,Mike Ness,231.0
Everything Reminds Me Of Her,Elliott Smith,158.0
The Way I Feel Inside,The Zombies,112.0
Coma Complacency,Japandroids,185.0
Crown Of Storms,Lightning Bolt,309.0
Within The Grove,Eluveitie,112.0
Minuet,Luigi Boccherini,214.0
Combat Rock,Sleater-Kinney,287.0
Salt Skin,Ellie Goulding,256.0
Crying Lightning,Arctic Monkeys,223.0
It's Over Now,112,265.0
Music Takes You Back,Modjo,254.0
We Don't Celebrate Sundays,Hardcore Superstar,230.0
Platinum Girl,Dope Stars Inc.,217.0
It's You,Zayn,230.0
Pijak,Habakuk,267.0
Early Till Late,Cantoma,286.0
Western Eyes,Portishead,239.0
Write This Down,George Strait,214.0
Soulbitch,Yonderboi,313.0
Funky Cold Medina,Tone-Lōc,248.0
Storm In A Teacup,Milburn,213.0
Gem Of A Bird,The View,212.0
Cleo's Mood,Jr. Walker & The All Stars,162.0
Salmarnir,Underoath,177.0
Scarecrows On A Killer Slant,Liars,255.0
I've Been Let Down,Mazzy Star,198.0
Na Na Na Na Naa,Kaiser Chiefs,180.0
Wasn't Born To Follow,The Byrds,123.0
The Spectacular Commodity,Glenn Branca,759.0
Placebo Effect,Siouxsie and the Banshees,277.0
Bad Connection,Yazoo,200.0
Act Of Contrition,Shadows Fall,221.0
Leave the Planet,Galaxie 500,162.0
Cursing Akhenaten,After the Burial,244.0
Drifts,After the Burial,250.0
What Lies Beneath,Breaking Benjamin,215.0
The Northern Silence,Katatonia,242.0
Raein,Ólafur Arnalds,187.0
Bugman,Blur,291.0
Back Into Your System,Saliva,271.0
Brown Eyed Girl,Van Morrison,181.0
Na Zawsze i Na Wiecznosc,Wilki,194.0
$29.00,Tom Waits,496.0
Twist And Shout,Chaka Demus & Pliers,238.0
Devour,Shinedown,230.0
Elusive Reaches,Ensiferum,206.0
The Feeling,La Roux,246.0
Ghost Key,Isis,509.0
Shroud of False,Anathema,97.0
Decrystallizing Reason,Emperor,383.0
News From A Bird,Deerhoof,83.0
Deathtime,Turbonegro,140.0
It's Not Over Yet,Klaxons,215.0
Husbands,Savages,170.0
Go Places,The New Pornographers,273.0
Treehouse,I'm from Barcelona,303.0
Clone,Gojira,289.0
Where You End,Moby,202.0
Nunca,Karamelo Santo,271.0
Strung Up From the Sky,Pelican,313.0
Endless Sleeper,The Raveonettes,175.0
Rumors,Sepultura,184.0
That's Good,Devo,205.0
Price to Pay,Element Eighty,223.0
I Chose Horses,Mogwai,315.0
Harlem River Drive,Bobbi Humphrey,468.0
I Still Ain't Over You,Augustana,211.0
Kid Klimax,Atlas Sound,180.0
who the fuck taught you snaps?,Carpathian,151.0
Before I Go,Yanni,270.0
Kill Rock 'n Roll,System of a Down,148.0
Regression to the Mean,Anaal Nathrakh,193.0
Under the Westway,Blur,257.0
Send in the Clowns,Barbra Streisand,282.0
Walk Between the Lines,Witchcraft,204.0
Vuvuvu,MSTRKRFT,233.0
Swing hum e meio,Móveis Coloniais de Acaju,216.0
O'er Hell and Hide,Baroness,262.0
Gannon,Salt The Wound,159.0
Catastrophic Hybridization,Annotations of an Autopsy,352.0
In League With Satan,Venom,209.0
Ugly Truth,Soundgarden,326.0
Devil's Spoke,Laura Marling,218.0
Mizu Asobi,Asobi Seksu,166.0
Some Things Last a Long Time,Daniel Johnston,293.0
Easy To Be Hard,Three Dog Night,190.0
U Remind Me,Usher,267.0
Prayer,Disturbed,219.0
Cool Monsoon (Weather Storm),Massive Attack,431.0
Ice Cube,Juno Reactor,423.0
The Wedding Toccata Theme,Modeselektor,233.0
Baby,Justin Bieber,214.0
Seneca Falls,The Distillers,182.0
Might Tell You Tonight,Scissor Sisters,200.0
East Bay Night,Rancid,126.0
Sunday Night Fever,Anoraak,274.0
Jeff Wears Birkenstocks,NOFX,87.0
Martyrdom Unsealed,Job for a Cowboy,156.0
Exit Music (For A Film),Christopher O'Riley,266.0
No Sleeves,Les Savy Fav,252.0
Just Sixteen,Velvet Revolver,239.0
Melt,Leftfield,306.0
Sonata II,John Cage,122.0
Complaint Department,Lykke Li,272.0
Lost and Found,The Radio Dept.,249.0
The Disease,Suicide Silence,263.0
Schiss,Beginner,255.0
New Soul,Yael Naim,223.0
You Part the Waters,Cake,170.0
We Must Bury You,Katatonia,171.0
Hey Mami,Sylvan Esso,200.0
Unbelievable,EMF,209.0
Prinzesschen,Lafee,257.0
Old Stone,Laura Marling,179.0
Newman,Vitalic,291.0
Northstar,Cujo,370.0
Dance The Way I Feel,Ou Est Le Swimming Pool,207.0
The Battery,Boys Noize,322.0
Chipmunk,Mr. Scruff,367.0
"Wake Dead Man, Wake",As Cities Burn,219.0
No More Tears,Ozzy Osbourne,443.0
Cue the Strings,Low,210.0
Overlord,Skinless,246.0
Rats in the Cellar,Aerosmith,246.0
Wrapping Paper,Cream,142.0
Different But the Same,Ben Kweller,302.0
Double Feature,Camera Obscura,352.0
Eris and Dysnomia,A Skylit Drive,128.0
Skew It on the Bar-B,OutKast,195.0
M Train to Brooklyn,Loco Dice,398.0
Fundamentally Loathsome,Marilyn Manson,290.0
Baharim (Outro),Balkan Beat Box,115.0
12 Points Off Your Licence,Funki Porcini,413.0
Grandiflora,Biosphere,48.0
South Is Only a Home,The Fiery Furnaces,164.0
Wonderland Woods,Chris Vrenna,239.0
Summer of '98,The Secret Handshake,197.0
You Don't Know How Lucky You Are,Keaton Henson,228.0
Change,Taylor Swift,281.0
She's Crafty,Beastie Boys,215.0
Wish Fulfillment,Sonic Youth,207.0
Desire Lines,Deerhunter,404.0
Forhekset,Satyricon,272.0
Bare Feet on Wet Griptape,Chad VanGaalen,153.0
Greed,Fugazi,107.0
Crystal Skull,Mastodon,205.0
The Spiritlord,Windir,371.0
The Drama Summer,The Starting Line,172.0
Abominable Dr. Phibes,Misfits,102.0
Bright Sunny South,Alison Krauss & Union Station,188.0
We Got The Whip,Audioslave,245.0
Shy Boy,Katie Melua,209.0
Everything Evil,Coheed and Cambria,351.0
Pictures of Me,Elliott Smith,227.0
Let Me Break,Emigrate,215.0
We Gonna Rock,The Prodigy,278.0
Ready for Love,Mindless Self Indulgence,123.0
Bury Me Alive,We Are the Fallen,286.0
Satin Chic,Goldfrapp,206.0
Child Of Dust,Thrice,190.0
Aquitane,Audio Lotion,327.0
Lady Labyrinth,Ludovico Einaudi,299.0
Real Desire,Dan Auerbach,263.0
The Well,Lorn,392.0
Land of Sunshine,Faith No More,225.0
Mono,Courtney Love,222.0
Gegen den Rest,Karpatenhund,210.0
Retribution,The Berzerker,161.0
Out of Tears,Krypteria,237.0
I Should Have Known Better,She & Him,221.0
Flashback,Calvin Harris,229.0
Triste Bahia,Caetano Veloso,584.0
The Day I Died,Just Jack,216.0
When You Say You Love Me,Josh Groban,272.0
Assise,Camille,137.0
Bomb the Twist,The 5.6.7.8's,142.0
Sic Transit Gloria ... Glory Fades,Brand New,186.0
Piano Song,Meiko,168.0
Descent,Fear Factory,277.0
Introibo ad Alatare Satanas,Gorgoroth,53.0
Chapter IV,Estatic Fear,632.0
Ants of the Sky,Between the Buried and Me,790.0
Four Kicks,Kings of Leon,129.0
Chapter III: Awaking The Centuries,Haggard,574.0
I Want Her She Wants Me,The Zombies,173.0
Spin The Context,Anja Garbarek,289.0
Never Get Caught,American Head Charge,296.0
24 Hour Charleston,Jonny Greenwood,159.0
What Cool Breezes Do,Digable Planets,212.0
Seerosenteich,Philipp Poisel,260.0
The Black Flame,Nile,201.0
Boars,Element Eighty,147.0
Taken,Hans Zimmer,216.0
Rather Be,Jasmine Thompson,248.0
Sacrapos - At First Glance,Eluveitie,121.0
Crossing The Rubicon,The Human Abstract,305.0
Brokenheartsville,Joe Nichols,231.0
Steel That Sleeps the Eye,Baroness,158.0
Tough,Craig Morgan,196.0
Rat Fink,Misfits,112.0
Sunrise at the Ganges,Karunesh,359.0
Cloud Connected,In Flames,221.0
Your Wall's Too High,Steppenwolf,343.0
Distortions,Clinic,244.0
What I See,Black Flag,116.0
Informal Gluttony,Between the Buried and Me,408.0
Parisian Goldfish,Flying Lotus,181.0
Den Frusna Munnen,Finntroll,245.0
Go Sadness,Shout Out Louds,244.0
Edge of the World,Faith No More,251.0
Dubplate Murder Sound,Shitmat,281.0
Il Pleut,Émilie Simon,209.0
On the Mountain of Goats,Windir,325.0
So Easy,Röyksopp,249.0
Hundred Mile High City,Ocean Colour Scene,238.0
Klin,Dusty Kid,447.0
La La La Lies,The Who,146.0
Skate or Die,Teenage Bottlerocket,111.0
Brother Bleed Brother,Finch,221.0
Cella,Distance,335.0
Les mots,La Rue Kétanou,147.0
Mcmxcii,Graveworm,275.0
Sacrapos - At First Glance,Eluveitie,121.0
I Was Never Young,of Montreal,213.0
Blackdown,Patrick Wolf,321.0
Boy Boy Boy,Andhim,422.0
I Am A Man Of Constant Sorrow,The Soggy Bottom Boys,254.0
Greatest Story Ever Told,Grateful Dead,245.0
Sickening Metamorphosis,Cannibal Corpse,204.0
Weak Aside,Bloodbath,255.0
Beautiful Worlds,ATB,310.0
U + Me =,Dan Black,189.0
Headlights,Eminem,343.0
Feeling Redundant,Napalm Death,203.0
Barber's Adagio For Strings,William Orbit,258.0
Shade,Portugal. The Man,239.0
Festival Song,Good Charlotte,180.0
Thinktank,Airiel,262.0
River Below,Billy Talent,179.0
City Hall,Upon a Burning Body,397.0
Paul Revere's Midnight Ride,Four Year Strong,234.0
I Hate Camera,The Bird and the Bee,185.0
Don't Be Stupid (You Know I Love You),Shania Twain,214.0
Bad Education,Tilly and the Wall,271.0
Feel That Fire,Dierks Bentley,202.0
Henry Lee,Nick Cave & The Bad Seeds,238.0
Baby Won't You Let Me Rock 'N' Roll You,Ten Years After,137.0
England,The National,340.0
Recycled Air,The Postal Service,269.0
When Will You Come Home,Galaxie 500,324.0
She Takes Me High,We the Kings,246.0
Predator; Never Prey,The Acacia Strain,212.0
Lissoms,Toro y Moi,134.0
In The Garden Of Dispersion,Behemoth,202.0
The Neighborhood Is Bleeding,Manchester Orchestra,169.0
Colourless Colour,La Roux,208.0
Post Acid Youth,Amplifier,360.0
Ocean Planet,Gojira,333.0
The Long Way Around,Dixie Chicks,273.0
K.O.,Brodka,298.0
Night Time Is the Right Time,The Sonics,176.0
Never Named,Soundgarden,148.0
I'll Be Yours,Placebo,212.0
Reflections Are Protection,La Roux,259.0
Pick A Fight,Goldfinger,205.0
I Sit On Acid (Soulwax remix),Lords of Acid,180.0
Heimfard,Bathory,126.0
Lie To Me,Depeche Mode,304.0
Umbra,Subway to Sally,240.0
Ackrite,Dr. Dre,220.0
Which Will,Nick Drake,177.0
Pod Mechami,Arkona,307.0
Breaking Into Cars,The Raveonettes,188.0
Life Ain't So Shitty,Blind Melon,110.0
Make Her Mine,Mayer Hawthorne,161.0
You're Never Alone,Hatebreed,202.0
Sean Flynn,The Clash,272.0
Do You Right,311,262.0
Girl With One Eye (Bayou Percussion Version),Florence + the Machine,235.0
Host Disorder,Every Time I Die,149.0
Become What You Hate,Midtown,170.0
Together We Will Live Forever,Clint Mansell,305.0
"Kill the Old, Torture Their Young",Biffy Clyro,373.0
Halt Mich,Philipp Poisel,242.0
Unleashing the Bloodthirsty,Cannibal Corpse,231.0
The Final Absolution,Anaal Nathrakh,236.0
Two Sisters,The Kinks,122.0
Chapter III: Awaking The Centuries,Haggard,574.0
I Wish I Knew (How It Would Feel To Be Free),The Derek Trucks Band,247.0
I'm a Man,Black Strobe,274.0
Tweaky,Astrix,414.0
The Scoop,Beastie Boys,216.0
Kissed by a kisser,Xploding Plastix,407.0
Devil On My Shoulder,Billy Talent,230.0
You're Crazy,Guns N' Roses,197.0
Wotan's Fire,Thyrfing,272.0
Super Taranta!,Gogol Bordello,405.0
Motorway to Roswell,Pixies,284.0
Where Silent Gods Stand Guard,Amon Amarth,347.0
Ask for Answers,Placebo,320.0
Estampida,Ska-P,203.0
Set Down Your Glass,Snow Patrol,223.0
Everybody Here is a Cloud,Cloud Cult,196.0
A Voice To Calm You Down,Anna Ternheim,169.0
Flowers In December,Mazzy Star,298.0
Nothing Is Everything,Death,199.0
A Sunday,Jimmy Eat World,272.0
Kleptomane,Stereo Total,180.0
Say This Sooner,The Almost,194.0
Tarot Woman,Rainbow,360.0
The Stranger,Billy Joel,311.0
My Goodbyes,Saliva,390.0
Feelin' Way Too Damn Good,Nickelback,257.0
Fly,Nicki Minaj,213.0
Betrayal Is A Symptom,Thrice,170.0
Double Shadow,Junior Boys,261.0
Re-Hash,Gorillaz,221.0
Somewhere Around Nothing,Apocalyptica,248.0
Perhaps Vampires Is a Bit Strong But...,Arctic Monkeys,271.0
Left Hand Path,Entombed,399.0
Milan,Karsh Kale,534.0
"But Julian, I'm A Little Bit Older Than You",Courtney Love,168.0
Rip Off,T. Rex,219.0
Need for Steve,Machinae Supremacy,251.0
Soun Tha Mi Primer Amor,Kinky,191.0
New Rubbers,Psapp,222.0
Slaves & Bulldozers,Soundgarden,418.0
No Hits,Black Mountain,406.0
Strut Hear,Kid Koala,59.0
Scimitar,Concord Dawn,404.0
Pyramid Scheme,Mad Caddies,148.0
Taking Tiger Mountain,Brian Eno,321.0
She Changes Your Mind,Copeland,228.0
Life Burns!,Apocalyptica,187.0
Korobeiniki (Traditional Russian Folk Song),OZMA,139.0
Hundred Mile High City,Ocean Colour Scene,238.0
Kiss That Grrrl,Kate Nash,224.0
Faith Works,Soldiers of Jah Army,304.0
Save Your Day,José González,150.0
Hail to the King,Avenged Sevenfold,305.0
August 8th,NOFX,96.0
Mitt Gullbergs kaj paradis,Håkan Hellström,262.0
Liquid Dreams,Liquid Tension Experiment,650.0
A Girl in Port,Okkervil River,397.0
Years of Disgust,Annotations of an Autopsy,348.0
Shadows That Move,Mastodon,234.0
The Crimson Void,Neaera,305.0
Gunpowder,Black Joe Lewis & The Honeybears,129.0
Girl's Not Grey,AFI,191.0
Storm of the Antichrist,Watain,254.0
O'er Hell and Hide,Baroness,262.0
The Sun Rising,The Beloved,271.0
The Sense,Hot Water Music,158.0
Samba Vexillographica,Devendra Banhart,289.0
Vamp,Trentemøller,292.0
The Last Remaining Light,Audioslave,317.0
The Returning,Dragonland,282.0
Geppetto,Novembre,415.0
Bohemian Rhapsody,Queen,356.0
Trash Flavored Trash,The Blood Brothers,158.0
Autonomy,Buzzcocks,224.0
Dash And Blast,Yndi Halda,1011.0
The City In The Sea,The Ocean,453.0
You Do You,Bear in Heaven,224.0
Crypts of Eternity,Slayer,400.0
Bill Murray,Gorillaz,232.0
Weak,Skunk Anansie,210.0
Lost Wisdom,Burzum,278.0
Dream At Tempo 119,Silversun Pickups,292.0
I Hate This Part,The Pussycat Dolls,219.0
Forever Angel,Axel Rudi Pell,362.0
Ringer,Four Tet,603.0
"Pry, To",Pearl Jam,60.0
a journey to reedham (7am mix),Squarepusher,396.0
Tired Bones,Mad Caddies,174.0
Stompbox,The Qemists,270.0
"Island, IS",Volcano Choir,249.0
Liar in the Glass,Eyes Set to Kill,238.0
Demon Days,Gorillaz,268.0
"Surf Solar (7"" Edit)",Fuck Buttons,222.0
Well Paid Scientist,Dead Kennedys,142.0
You To Thank,Ben Folds,214.0
O Tu O Ninguna,Luis Miguel,196.0
Maria Lisboa,Mariza,163.0
Survival of the Fittest,Utah Jazz,358.0
Last Light,Converge,215.0
Seven Months,Portishead,256.0
Keeper of the Plaguelands,Annotations of an Autopsy,216.0
The Men Are Called Horsemen There,Sunset Rubdown,425.0
Wanna Be Loved,Buju Banton,245.0
The Age Of Pamparius,Turbonegro,360.0
Bioactive,Sybreed,385.0
The Wild Cry,Clannad,281.0
Lil' Bloodred Ridin' Hood,Children of Bodom,205.0
Be Bop Kid,Suicide,133.0
Nineteen With Neck Tatz,Four Year Strong,204.0
Hellhound On My Trail,Robert Johnson,158.0
Piano & I,Alicia Keys,111.0
Witchfinder General,Witchfinder General,232.0
Ancient Lullaby,Matisyahu,258.0
Bring Your Whole Crew,DMX,221.0
"Raise Your Fist, Evangelist",Powerwolf,240.0
Tomorrow's Just Another Day,Madness,194.0
Sebastian,Reptar,265.0
Yours Alone,Dum Dum Girls,136.0
6-Hours Starlight,Xploding Plastix,202.0
Rough Hands,Alexisonfire,331.0
Dirt And Blood,Antibalas Afrobeat Orchestra,536.0
Careful What You Wish For,Testament,210.0
The Choice Is Yours,Black Sheep,243.0
No Association,Silverchair,231.0
Put The Freaks Up Front,dEUS,313.0
"No You Didn't, No You Don't",The Courteeners,239.0
Aldhissla,Finntroll,387.0
914,Liquid Tension Experiment,241.0
Them Bones,Alice in Chains,150.0
672,The Dresden Dolls,85.0
Hudson Line,Mercury Rev,182.0
Rebel Without Applause,Every Time I Die,203.0
Death Of A Nation,Anti-Flag,116.0
Hall of the Mountain King,Apocalyptica,209.0
Uncertain Times,The Raveonettes,238.0
Movie (Never Made),A Silver Mt. Zion,203.0
All For Swinging You Around,The New Pornographers,222.0
It's Working,MGMT,247.0
Greenthumb,Bongzilla,247.0
I Will Not Reap Destruction,We Came As Romans,238.0
Superpopstar,Waldeck,273.0
While Everything Dies,Mortal Love,216.0
Sailing In The Dark Isn't Smart Kid!,Emarosa,197.0
A Ghost Town For A Graveyard,Here I Come Falling,189.0
The Conformist,Salt The Wound,176.0
Buttercup,Brad,254.0
Our God the Drugs,Deathstars,269.0
Miss Delaney,Jack's Mannequin,224.0
Bury Your Dead,The Haunted,197.0
Bottle Up And Explode!,Elliott Smith,178.0
Iron Fist,Motörhead,248.0
Hey Good Lookin',Johnny Cash,102.0
New Math,Drive Like Jehu,246.0
Lot Of Leavin' Left To Do,Dierks Bentley,274.0
Hearing Voices,Suicidal Tendencies,253.0
In the Mausoleum,Beirut,193.0
Punisher,Veil of Maya,152.0
Endless Song,Aaron,257.0
Crab,Weezer,155.0
Falling Fast,Avril Lavigne,194.0
Wash Away the Poison,Edguy,280.0
Faking My Own Suicide,Relient K,204.0
Raining Blood,Slayer,254.0
Love Can Sing,Pauline London,268.0
Tripping,Robbie Williams,242.0
Could You Be The One?,Hüsker Dü,155.0
Don Gon Do It,The Rapture,275.0
Hallelujah USA,Booka Shade,126.0
Double The Pain,Heaven & Hell,324.0
Extraordinary Way,Conjure One,279.0
Bummed Out City,Joe Strummer and the Mescaleros,333.0
Soukora,Ali Farka Touré and Ry Cooder,363.0
High Come Down,Junior Boys,270.0
I Will Hide Myself Away,Cartel,380.0
Siraxta,Eluveitie,339.0
Requiem: Lacrimosa,Wolfgang Amadeus Mozart,203.0
Priests of Sodom,Cannibal Corpse,212.0
I Hate This Part,The Pussycat Dolls,219.0
No Depression,Uncle Tupelo,140.0
The Cauldron Of Renascence,Eluveitie,125.0
Breakout,Foo Fighters,201.0
Bleed Alone,Haste the Day,134.0
Obstacles,Syd Matters,209.0
Dog and Pony Show,Shellac,240.0
Whoever Brings the Night,Nightwish,258.0
Theolonius (King Voodoo),The Bloody Beetroots,290.0
Goodbye Sunshine,Colleen,169.0
Broken Levee Blues,DJ Shadow,128.0
Dogs They Make Up the Dark,Devendra Banhart,80.0
I Will (Los Angeles Version),Radiohead,143.0
Older Chests,Damien Rice,286.0
You Don't Care About Us,Placebo,238.0
I Am A Man Of Constant Sorrow,The Soggy Bottom Boys,254.0
Thor Arise,Amon Amarth,391.0
Cherry Cola,Eagles of Death Metal,198.0
Ahoy There!,Mr. Scruff,265.0
3 Speed,Eels,164.0
Evolution (the Grand Design),Symphony X,318.0
Running From The Rain,Thursday,240.0
Pferd,Pole,249.0
Bermuda Triangle,Gonzales,94.0
You're the Good Things,Modest Mouse,214.0
Muranyi,Pryda,482.0
I Just Don't Know,Radio Moscow,300.0
Feel,Robbie Williams,220.0
The Sharing Song,Jack Johnson,165.0
Sweet Illness of Mine,Lifelover,192.0
Inizio,Ludovico Einaudi,207.0
Mossy,Boxcutter,321.0
Power Shift,Sonic Syndicate,212.0
Preaching The End Of The World,Chris Cornell,279.0
The Enemy Are The Future,Late of the Pier,363.0
I Wouldn't If You Didn't,The Dillinger Escape Plan,254.0
Cappo,No Age,165.0
Two Weeks In Hawaii,Hellogoodbye,291.0
Dying,Hole,225.0
Consensual Worlds,Delerium,608.0
Big Day,Tahiti 80,196.0
All Things Must Pass,George Harrison,277.0
The Wild Hunt,The Tallest Man on Earth,204.0
Knot,CHON,183.0
Step Down,Sick of It All,208.0
T.I.A.,K'naan,218.0
Glow Worms,Vashti Bunyan,136.0
Roots Train,Junior Murvin,224.0
Sternenhimmel,Hubert Kah,185.0
Round The Bend,The Beta Band,297.0
Abbaon Fat Tracks,Tricky,267.0
You Are The Universe,The Brand New Heavies,252.0
Ages of Power,Freedom Call,281.0
Scorn Haven,Ion Dissonance,255.0
Funchameleon,Infected Mushroom,415.0
Me and a Gun,Tori Amos,304.0
Your Kisses Are Wasted On Me,The Pipettes,132.0
Goth Girls,Wavves,193.0
I Wanna Be Your Man,The Rolling Stones,103.0
Thai Noodles,Colonel Claypool's Bucket of Bernie Brains,216.0
Up From The Skies,Jimi Hendrix,176.0
A Little Soul,Pete Rock,341.0
The girl in Byakkoya,平沢進,290.0
Buzzards of Green Hill,Les Claypool's Frog Brigade,243.0
I Always Knew,Tilly and the Wall,191.0
Rubicon,VNV Nation,381.0
Big Crash,Less Than Jake,163.0
This Is How We Roll,Florida Georgia Line,221.0
Ghetto War,Kreator,305.0
Becoming Cold (216),Mushroomhead,265.0
Penelope,Pinback,285.0
Fantasies,Silver Apples,357.0
Omen,The Prodigy,216.0
Skyforger,Amorphis,316.0
Nada Es Para Siempre,Luis Fonsi,240.0
Sheet Metal Girl,Pig Destroyer,69.0
Ami Kita Bay,Orchestra Baobab,326.0
Son Of Neckbone,Beastie Boys,203.0
"How Many Times, How Many Lies",The Pussycat Dolls,236.0
"Next to You, Next to Me",Shenandoah,219.0
Crusher Destroyer,Mastodon,120.0
Now Is the Time,Dope,170.0
Guilty Pleasure,Cobra Starship,203.0
The Moma Dance,Phish,268.0
Red Hands,The Dear Hunter,368.0
Mr. Gorgeous (and Miss Curvaceous),Smoke City,262.0
Firdous E Bareen,Isis,471.0
The Seventh Trumpet,August Burns Red,492.0
Real Estate,Cypress Hill,225.0
Last Train to Wherever,Télépopmusik,303.0
Indra,Thievery Corporation,323.0
Twist And Shout,Chaka Demus & Pliers,238.0
New,No Doubt,267.0
You Set the Scene,Love,410.0
Learn You Inside Out,Lifehouse,266.0
The Shit Sisters,These Arms Are Snakes,214.0
We Have a Map of the Piano,múm,320.0
(I Just) Died in Your Arms,Cutting Crew,246.0
A.D. 2000,Erykah Badu,292.0
When It's Over,Sugar Ray,215.0
White Slave,Funki Porcini,165.0
Hired Goons,Evil Nine,344.0
The Rockafeller Skank,Fatboy Slim,414.0
Mr. Smiley,Mustard Plug,165.0
From the Flagstones,Cocteau Twins,220.0
Yeah,Usher,251.0
I Don't Know What I Can Save You From,Kings of Convenience,278.0
Razor Tongue,Martina Topley-Bird,234.0
Man Of Golden Words,Mother Love Bone,222.0
Flesh And Blood,Johnny Cash,183.0
Youngblood,Russian Circles,455.0
Lost in the Woods,Taproot,254.0
Chant of a Poor Man,Leftfield,356.0
Lost Song,Ólafur Arnalds,221.0
Self Bias Resistor,Fear Factory,313.0
Forma,Supervielle,235.0
Public Displays of Affection,Morcheeba,189.0
Third Stone From The Sun,Jimi Hendrix,405.0
Pretty Persuasion,R.E.M.,233.0
Sorrow Throughout The Nine Worlds,Amon Amarth,231.0
Do Not Fire!,Madvillain,53.0
The Mystery Zone,Spoon,299.0
Ice Cube,Juno Reactor,423.0
Ask the Mountains,Vangelis,473.0
We Have Love,Hot Chip,265.0
Na Svarogovoi Doroge,Arkona,309.0
Pistola Hub Club,Xploding Plastix,198.0
Don't Stay Home,311,165.0
Get Born Again,Alice in Chains,327.0
Ear to Ear,Whitechapel,211.0
Frijôs goldene Tränen,Burzum,159.0
To Fix the Gash In Your Head,A Place to Bury Strangers,231.0
Opus Eclipse,Therion,220.0
Naturmystikk,Ulver,176.0
Loud Pipes,Ratatat,227.0
"Yesterday, Today, Tomorrow",Black Label Society,223.0
Sullen Girl,Fiona Apple,235.0
America Is Not The World,Morrissey,244.0
Secrets of the Dead,Chimaira,265.0
Holiday Song,She Wants Revenge,232.0
Little Lover's So Polite,Silversun Pickups,299.0
Without Feathers,Blonde Redhead,238.0
The Burden Is Mine... Alone,Green Carnation,195.0
Grendel,Sunny Day Real Estate,293.0
Leaders,Katatonia,314.0
Mixtape,Jamie Cullum,298.0
Sundialing,Caribou,278.0
Another Cup of Coffee,Mike & The Mechanics,258.0
Wasn't Born To Follow,The Byrds,123.0
I've Tried Everything,The Cribs,167.0
Song For Lovers,The Dø,144.0
Born That Way,Anja Garbarek,60.0
Look-Ka Py Py,The Meters,198.0
Jigsaw Puzzle,The Rolling Stones,365.0
Sing Me Sweet,Matt Nathanson,247.0
Fragments,Thievery Corporation,251.0
I Adore You,Queen Adreena,205.0
Consequence of Sounds,Regina Spektor,308.0
The Moor,Opeth,686.0
Early Soundz,Showtek,380.0
Welcome To This World,Primus,221.0
Walking Away,Craig David,203.0
Life After Sundown,Glass Candy,377.0
Ruptured Heart Theory,Eyehategod,214.0
Universal Traveler,Air,262.0
Five Minutes To Midnight,Boys Like Girls,227.0
Columbia,Oasis,377.0
Hoo-Bangin' (WSCG Style),Westside Connection,238.0
Zambra,Ojos de Brujo,406.0
April Grove,Martina Topley-Bird,212.0
Normal Like You,Everclear,193.0
Didn't I,Darondo,208.0
La plus que lente,Claude Debussy,250.0
Saw Red,Sublime,119.0
"Sweet Talk, Sweet Talk",The New Pornographers,220.0
Signal and Sign,Maxïmo Park,146.0
Multiple Counts Of Murder,Torture Killer,220.0
Any How,Llorca,340.0
Fermented Offal Discharge,Necrophagist,289.0
Bargain of a Century,"Albert Hammond, Jr.",190.0
Cannabis,Ska-P,265.0
Chloroform Perfume,From Autumn To Ashes,269.0
Queen of Light,Imperia,298.0
Yummy,Justin Bieber,209.0
Schematics,Dying Fetus,239.0
Another Side Of You,Joe Nichols,178.0
Cleaning My Gun,Mark Knopfler,283.0
Mistake,Moby,227.0
The Longer I Lay Here,Pedro the Lion,183.0
M/S Salmonella,Lifelover,300.0
Pointless,Dinosaur Jr.,167.0
The Feel Good Drag,Anberlin,206.0
Piano Song,Meiko,168.0
Threshold of Transformation,Isis,614.0
the Love Song,K-OS,257.0
Rotten Soil,Entombed,205.0
En Lo Puro No Hay Futuro,Jarabe de Palo,205.0
24 Hour Party People,Happy Mondays,281.0
Silly Crimes,The Tough Alliance,223.0
Reebok Commercial,blink-182,156.0
Connected,Stereo MC's,242.0
The Pizza Song,The Bouncing Souls,223.0
Going To A Town,Rufus Wainwright,244.0
The Piper,ABBA,207.0
That's My DJ,Girl Talk,128.0
Wake Up and Go Berserk,Mogwai,288.0
Shady Lane,Pavement,231.0
Voodoo Chile Blues,Jimi Hendrix,528.0
Dream Girl,Basshunter,267.0
Lovely 2 C U,Goldfrapp,205.0
Everyone Looks So Good From Here,Underoath,176.0
I <3 EC2,Emmure,165.0
Can't Hold Back,Amber Pacific,214.0
Guinevere,Eli Young Band,288.0
Nearer,Apoptygma Berzerk,396.0
L.A. X,Big D And The Kids Table,293.0
Drown In Ashes,Celtic Frost,264.0
Sugar In The Sacrament,Thursday,315.0
Free Country,Witchfinder General,191.0
Boom Box,Institute,277.0
The Brainwasher,Daft Punk,248.0
Christmas Eve,Billy Eckstine,192.0
She Don't Tell Me To,Montgomery Gentry,192.0
Los Angeles Waltz,Razorlight,280.0
In The Ground,Midlake,253.0
No Way Out,Theory of a Deadman,209.0
Mockingbirds,Mark Lanegan,150.0
The Stops,Elbow,303.0
I Want You So Hard (Boy's Bad News),Eagles of Death Metal,142.0
B.M.I.,Modeselektor,270.0
InstruMETAL,Haste the Day,124.0
Ebolarama,Every Time I Die,180.0
Bodom Beach Terror,Children of Bodom,275.0
Bawsey,Nathan Fake,59.0
Cutting Ice to Snow,Efterklang,393.0
Being Alright,Tsunami Bomb,184.0
I Stand Corrected,Vampire Weekend,160.0
Thinking of a Dream I Had,The Walkmen,268.0
O Green World,Gorillaz,275.0
Pay Per View,Orbital,311.0
Future Reminiscence,Borknagar,325.0
Victory Garden,Galaxie 500,172.0
Too Funky,George Michael,225.0
Iron Fist,Motörhead,248.0
Hidden Houses,Dave Gahan,301.0
Diva Satanica,Arch Enemy,225.0
I'm Goin' Down,Bruce Springsteen,209.0
Glenn,Slint,371.0
A Shower Of Sparks,Ott,540.0
Hidden Houses,Dave Gahan,301.0
Empty Memories,After Forever,296.0
No Regrets,The Von Bondies,155.0
One Horse Town,The Thrills,197.0
Black Waters,Insomnium,300.0
I've Got Friends,Manchester Orchestra,298.0
I'm Taking You With Me,Relient K,209.0
Infiltrating My Way Through the System,Ayria,329.0
Until the Morning,Thievery Corporation,237.0
Midnight Feast,Mr. Scruff,216.0
Bait & Switch,Faith and the Muse,76.0
The Heavens,The Raveonettes,235.0
Forecast Fascist Future,of Montreal,263.0
Badass,Saliva,184.0
In the Rain,The Dramatics,207.0
Grendel,Sunny Day Real Estate,293.0
We Don't Celebrate Sundays,Hardcore Superstar,230.0
Jimmy James,Beastie Boys,195.0
Uncle Sam,Madness,256.0
Pick A Fight,Goldfinger,205.0
Asator,Amon Amarth,184.0
Beyond Within,Nevermore,312.0
Stray With Me,Long Beach Shortbus,216.0
Rude Boy Don't Cry,Bedouin Soundclash,174.0
Global War,Alborosie,234.0
Passing Bells,Amberian Dawn,242.0
Egypt,Mercyful Fate,293.0
Adamedge,Nathan Fake,557.0
Wondrous Place,The Last Shadow Puppets,168.0
Some Way Through This (Plastician & Skream Remix),The Black Ghosts,352.0
Modlitwa,Breakout,453.0
Weil Weil Weil,Einstürzende Neubauten,298.0
Jealous Guy,Roxy Music,283.0
Change Of Heart,Tom Petty and The Heartbreakers,198.0
Last Year's Snow,The Cribs,215.0
Man Of Golden Words,Mother Love Bone,222.0
Exitlude,The Killers,147.0
Puke + Cry,Dinosaur Jr.,267.0
Lightning Song,Anathema,325.0
Sexy Little Thing,Chickenfoot,264.0
A Stranger,A Perfect Circle,192.0
Write This Down,George Strait,214.0
Hasta Mi Final,Il Divo,218.0
MIA,Chevelle,142.0
Tribal Connection,Gogol Bordello,305.0
The Divine Falsehood,Job for a Cowboy,264.0
Motorhead,Motörhead,190.0
War on War,Wilco,228.0
Rock Music,Pixies,112.0
With My Own Eyes,Sash!,396.0
Foreign Policy,Megadeth,148.0
Streets of Fire,The New Pornographers,162.0
Down By The River,Milky Chance,235.0
Robot Factory,Swell Maps,145.0
Infernal Eternal,Marduk,276.0
To Rid the Disease,Opeth,381.0
Dark Shadows,Caliban,93.0
The Human Condition,Chelsea Grin,243.0
Drive All Over Town,Elliott Smith,156.0
U Got The Look,Prince,228.0
Bring Your Whole Crew,DMX,221.0
Une nuit en Hilvern,Artesia,262.0
Ayo Technology,Milow,212.0
Dissident Aggressor,Slayer,155.0
Happiness Is Overrated,The Airborne Toxic Event,192.0
Till The Clouds Clear,Lamb,271.0
Arizona,Kings of Leon,290.0
Mestizaje,Ska-P,271.0
Retribution,The Berzerker,161.0
Break Up Girls!,The Raveonettes,240.0
Darker Days Ahead,Terrorizer,227.0
Storm 3000,Leftfield,344.0
Substitute Creature,Municipal Waste,62.0
Blood And Tears,Danzig,260.0
Nesso,Vladislav Delay,192.0
City,Sara Bareilles,276.0
Cat & The Eye,Van She,242.0
Lotta Love,Neil Young,158.0
Tears Of The Dead,Arch Enemy,356.0
Hands Of A Killer,Suicide Silence,254.0
Jeff Wears Birkenstocks,NOFX,87.0
Satin in a Coffin,Modest Mouse,155.0
Me and My Hand,Broken Social Scene,125.0
"Frank, AB",The Rural Alberta Advantage,205.0
Your Lips Are Red,St. Vincent,282.0
Man On Your Mind,Little River Band,358.0
Friends Don't Let Friends Dial Drunk,Plain White T's,202.0
Nocturnal Emission,Anathema,260.0
Never Even Told Me Her Name,Air Traffic,162.0
No Subtle Men,Anna Ternheim,189.0
Deserted Cities Of The Heart,Cream,218.0
You Learn,Alanis Morissette,240.0
The Alternative,IAMX,254.0
The Building,Looptroop Rockers,213.0
Devil In Disguise,J.J. Cale,121.0
Down Poison,3 Doors Down,262.0
We Must Bury You,Katatonia,171.0
Your Own Reality,Paradise Lost,245.0
Zina-Marina,Gogol Bordello,259.0
Racecars,Allister,159.0
Joe's Head,Kings of Leon,201.0
Fuck You All,Ektomorf,190.0
Specialist,Interpol,400.0
Exit Music (For A Dub),Easy Star All-Stars,280.0
Sogg,Amiina,171.0
Enuma Elish,Rotting Christ,297.0
Opened Once,Jeff Buckley,208.0
Fatman,G. Love & Special Sauce,253.0
Nothing Dreadful Ever Happens,Every Time I Die,221.0
What Will You Do When Your Suntan Fades?,Beulah,245.0
Fireside Favourite,Groove Armada,257.0
Transfer Complete,Dargaard,128.0
I Hung My Head,Johnny Cash,233.0
Lies And Deceit,Hatesphere,196.0
Nectar,Opeth,609.0
Miles and Miles,The Flashbulb,184.0
Battery,Metallica,313.0
Nach Haus,Bosse,227.0
Main Ingredient (SKC remix),London Elektricity,313.0
Coffinfeeder,Cannibal Corpse,184.0
New Gods,Meat Puppets,134.0
Aren't We All Running?,65daysofstatic,292.0
Learn to Lose,Hockey,223.0
Swallowing Razorblades,Parkway Drive,254.0
Simon,Lifehouse,361.0
Shade,Portugal. The Man,239.0
Undone,All That Remains,192.0
Painter in Your Pocket,Destroyer,250.0
Last Night Over Norway,Funki Porcini,98.0
The Cry of Mankind,My Dying Bride,368.0
Amours,Louise Attaque,118.0
Forcefield,Lightning Bolt,242.0
Rise Above,Black Flag,147.0
Determined,Mudvayne,159.0
Ocean Land (the Revelation),Orphaned Land,284.0
Bullet Theory,Funeral for a Friend,235.0
Combat for the Angel,Secret Chiefs 3,363.0
A With Living,Do Make Say Think,548.0
Terror Zone,Kreator,357.0
New Born,Muse,365.0
"The Gymnast, High Above the Ground",The Decemberists,433.0
Sinatra,Deftones,283.0
Destroyed,Hypocrisy,245.0
Already Died,Eagles of Death Metal,180.0
Papalon,Squarepusher,490.0
Bluebird of Happiness,Mojave 3,556.0
Hey There Delilah,Plain White T's,247.0
Tainted Wheat,RX Bandits,210.0
Satellite Type 2,Commix,339.0
Tragic Vision,Lagwagon,153.0
Miserlou,Dick Dale,136.0
Isku Pitkästä Ilosta,Korpiklaani,251.0
Tripped And Fell In Portland,Breathe Carolina,235.0
Lua,Bright Eyes,272.0
Bereit,Panzer AG,233.0
Andalusian Nights,Govi,324.0
Juneau,Funeral for a Friend,217.0
Falling Up,Dillon Francis,244.0
Last Letter,One Day as a Lion,238.0
Totale Luftherrschaft,Panzer AG,226.0
For the Pier (and Dead Shimmering),Sunset Rubdown,314.0
House by the Sea,Iron & Wine,262.0
Sinners Like Me,Eric Church,233.0
Spider's Web,Katie Melua,238.0
The Passenger,Iggy Pop,285.0
Absinthe,Blood Axis,446.0
Slow Light,Fila Brazillia,260.0
Closed for the Season,The Hives,154.0
Vicious World,Rufus Wainwright,170.0
Heaven Here,Dashboard Confessional,248.0
This Magnificent Bird Will Rise,Deerhoof,213.0
In My Grave,Choking Victim,169.0
Cyco Vision,Suicidal Tendencies,109.0
College,Animal Collective,53.0
When We Escape,Minus the Bear,244.0
Just One Thing,My Morning Jacket,194.0
Rosemary,Deftones,413.0
Dedicated,Sweet Trip,351.0
Ghost Prototype II - Deus Ex Machina,Scar Symmetry,364.0
The Ones We Left Behind,All Shall Perish,68.0
Skyline,Omnium Gatherum,270.0
Biggest & The Best,Clawfinger,232.0
Something Invisible,Suicide Silence,178.0
Rockin' in the Free World,Neil Young,282.0
Everything For You,Entwine,366.0
Endless Armageddon,Toxic Holocaust,195.0
Before We Talked,Gold Panda,320.0
End of the Movie,Cake,110.0
We're So Far Away,MAE,230.0
Harder Than You Know,Escape the Fate,259.0
Tripping,Robbie Williams,242.0
Tears and Rain,James Blunt,244.0
Collection Of Stamps,I'm from Barcelona,191.0
Glory Of The World,Stratovarius,292.0
Autumnal,Arcana,269.0
The Knife (2004 Remix),Genesis,533.0
"Touch, Peel And Stand",Days of the New,297.0
Before I Leave,Fennesz,249.0
She Hangs Brightly,Mazzy Star,384.0
A 2nd Glance,A Day to Remember,174.0
Hong Kong Express,Cyantific,334.0
Arms Tonite,Mother Mother,217.0
Young Bride,Midlake,292.0
Sing Me Sweet,Matt Nathanson,247.0
Moongate,Samael,211.0
Roommates,"Now, Now",184.0
I.D.I.O.T.,Mudvayne,218.0
Surfer Calavera,Los Fabulosos Cadillacs,184.0
Force Fed Trauma,Through the Eyes of the Dead,325.0
Contagious Chemistry,You Me at Six,210.0
Exitlude,The Killers,147.0
The Taming of the Hands That Came Back to Life,Sunset Rubdown,367.0
Advanced Corpse Tumor,Necrophagist,328.0
Hate Yer State,Choking Victim,170.0
Exit Wounds,Placebo,348.0
Með suð í eyrum,Sigur Rós,295.0
Electric Mainline,Spiritualized,420.0
Catcher Song,Great Lake Swimmers,251.0
Receio do remorso,Móveis Coloniais de Acaju,234.0
Brainwashed,Iced Earth,323.0
Buckethead,Colonel Claypool's Bucket of Bernie Brains,357.0
All the Same,Orgy,246.0
Dangerous Mindz,Gravediggaz,295.0
Relate (dialogue),Borknagar,270.0
Farewell My Hell,Millencolin,172.0
The Sunset Will Never Charm Us,Despised Icon,184.0
Swords Crossed,Klaus Badelt,196.0
3 Play It Cool,Crazy Penis,382.0
Pink Fluffy Dinosaurs,Hooverphonic,231.0
Disregard,The Berzerker,81.0
Welcome to Savannah,Breathe Carolina,216.0
Sinequanon,Hybrid,439.0
Lie to Purify,Unearth,221.0
Abstracted,Scar Symmetry,205.0
Clouds Up,Air,90.0
Via Sin Dios,Leftöver Crack,135.0
Three Peaches,Neutral Milk Hotel,241.0
Brain Dead,Exodus,322.0
Costume Party,Two Door Cinema Club,207.0
INTRO,Versailles,70.0
Well All Right!,The Hives,209.0
Heretics & Killers,Protest the Hero,189.0
200 Bars,Spiritualized,376.0
Edith and the Kingpin,Joni Mitchell,216.0
Our World Is Grey,As Cities Burn,358.0
Whitewater,Kyuss,538.0
Ghost Town,The Vaccines,141.0
A Well Deserved Break,Morcheeba,133.0
7 Baboker,Yael Naim,213.0
Stolen Life,Arch Enemy,179.0
Belief File,Luke Vibert,300.0
Valley of the Queens,Ayreon,145.0
Heavenhell,Neaera,347.0
Is This Love?,Clap Your Hands Say Yeah,192.0
Cliquot,Beirut,234.0
Abandoned Ship Bells,múm,303.0
Hard To Make A Stand,Sheryl Crow,187.0
Cold December,Matt Costa,256.0
The Lord Is My Weapon,Otep,220.0
Birdie,Millencolin,152.0
Newborn,Elbow,454.0
Kitchen,This Will Destroy You,390.0
The Abolition Of Man,Thrice,166.0
Kettle's On,The Feeling,247.0
Nothing Nowhere,Jakalope,299.0
Two Dots,Lusine,278.0
Filler/I Don't Want To Hear It,Slayer,148.0
Kid A,Radiohead,285.0
The Man You Love,Il Divo,234.0
Beautiful Reason,Zach Gill,261.0
Dance Hall,Modest Mouse,177.0
Her Voice Resides,Bullet for My Valentine,258.0
Lowside of the Road,Tom Waits,179.0
Tenant,Siouxsie and the Banshees,222.0
Pozytywka,Farben Lehre,208.0
Hellgate: Worcester,Sonic Syndicate,204.0
Swallow My Pride,Green River,180.0
Whirlwind Struggle,Terrorizer,136.0
Bathtub,Snoop Dogg,110.0
Fazers,King Geedorah,197.0
Stationary Stationery,Anberlin,181.0
Beer,Reel Big Fish,211.0
A Secret Life,Brian Eno & David Byrne,151.0
These Stones Will Shout,The Raconteurs,233.0
When Susannah Cries,Espen Lind,217.0
The Well,Lorn,392.0
Dialogue With A Question Mark,The Chariot,134.0
Victims of Love,Good Charlotte,225.0
Sos,Stratovarius,254.0
The Perfect Design,The Dillinger Escape Plan,230.0
Gylfaginning,Enslaved,332.0
Pax Deorum,Enya,300.0
I'm Gonna Be Alright,Jennifer Lopez,224.0
Follow The Leaders,Killing Joke,246.0
Sunset Beach,The Teenagers,235.0
Let It Rock,Kevin Rudolf,233.0
"Brackett, WI",Bon Iver,243.0
Half a Canyon,Pavement,370.0
Save Up All Your Tears,Cher,240.0
Summerlong,Kathleen Edwards,246.0
Trimm Trabb,Blur,337.0
Long Agos And Worlds Apart,Small Faces,154.0
Intifada,Ska-P,214.0
To The Death,Architects,161.0
Fireworks At Dawn,Senses Fail,130.0
Worlds Collide,Apocalyptica,268.0
"Outro: ""Communion"" (excerpt)",Enslaved,57.0
I Slept With Bonhomme at the CBC,Broken Social Scene,326.0
Could've Moved Mountains...,A Silver Mt. Zion,660.0
All Your Bass Belongs to Us,Combichrist,284.0
A Mutiny,Red Sparowes,332.0
Romo-Goth,Department of Eagles,161.0
Bright Lights,Gary Clark Jr.,325.0
Surgery,Jack Off Jill,274.0
Have to Explode,The Mountain Goats,202.0
(Go To) California,Rob Zombie,205.0
Super Honeymoon,Owl City,201.0
Power To The People,Black Eyed Peas,213.0
Wow,Kylie Minogue,191.0
Buried Alive in the Blues,Janis Joplin,145.0
I Can See My House From Here,Evergreen Terrace,180.0
Black Sunglasses,Mount Sims,291.0
Violent World,Misfits,107.0
Energy Song,Xavier Rudd,304.0
I Get Along,The Libertines,172.0
Forgotten Thoughts,Laurent Garnier,402.0
Sumiregusa (Wild Violet),Enya,283.0
Love of Strings,Moby,370.0
Black Plant,The Last Shadow Puppets,242.0
Get Down Moses,Joe Strummer and the Mescaleros,305.0
Malaria Codes,The Octopus Project,224.0
Music Is Everything,High Contrast,456.0
Hello Alone,Anberlin,241.0
In Every Mind,Red Sparowes,186.0
Emily's Heart,Jamie T,248.0
XR2,M.I.A.,261.0
Rhymes Of An Hour,Mazzy Star,253.0
Seventeen Ain't So Sweet,The Red Jumpsuit Apparatus,202.0
Sweetness In Starlight,Matt Wertz,288.0
Infinity Farm,Lightning Bolt,167.0
Distortions,Clinic,244.0
Be-In,The Dandy Warhols,420.0
Thanatophobia,Funker Vogt,314.0
Music In Me,Roksonix,307.0
Lurgee,Radiohead,188.0
Bring it Back,Limp Bizkit,138.0
Dance Halls Turn to Ghost Towns,The Audition,199.0
Walter Reed,Michael Penn,222.0
Duty,浜崎あゆみ,314.0
Newman,Vitalic,291.0
Safe in the Steep Cliffs,Emancipator,289.0
Scatman (Ski-Ba-Bop-Ba-Dop-Bop),Scatman John,204.0
A Warm Place,Nine Inch Nails,202.0
Atrum Regina,Dark Funeral,334.0
La Vacuna,Orishas,246.0
Stuck Between,Riverside,236.0
Webers,Caribou,333.0
La Ballade Du Georges,Sébastien Tellier,260.0
Giving It All Away,Ashlee Simpson,177.0
Drugstore,Stabbing Westward,298.0
Soul Evisceration,Bloodbath,268.0
Harajuku Girls,Gwen Stefani,291.0
Say So,Doja Cat,238.0
Endings Without Stories,Alesana,241.0
Harmonic Necklace,Penguin Cafe Orchestra,73.0
Travelling With Charley,The Cardigans,250.0
Give And Take,Comeback Kid,100.0
Egypt,Mercyful Fate,293.0
La Paix,Amadou & Mariam,258.0
The World Is Our ___,This Will Destroy You,432.0
A Lion's Heart,The Tallest Man on Earth,195.0
Trail Of Sevens,Pendulum,265.0
A Fool No More,Peter Green,465.0
Mostly Translucent,Telefon Tel Aviv,256.0
Regarde,IAM,236.0
Denial,Sevendust,258.0
Meaning In Tragedy,As I Lay Dying,193.0
Harold of the Rocks,Primus,377.0
Love It or Left It,From Autumn To Ashes,194.0
Brain Leech,Alex Gopher,225.0
The Power Is On,The Go! Team,194.0
Hips Don't Lie,Shakira,217.0
Little House,The Fray,150.0
Johnny Got A Boom Boom,Imelda May,180.0
Kilimandjaro,Era,273.0
Baptized by the Blood of Angels,Eternal Tears of Sorrow,261.0
Blacklist,Exodus,377.0
Do You Wear The Mark,Danzig,287.0
A Different City,Modest Mouse,188.0
Black Heart,Stooshe,208.0
$29.00,Tom Waits,496.0
Never Grow Old,The Cranberries,155.0
I Will Deny,Dwarves,100.0
Entombed Monarch,Carnifex,225.0
Child of Curiosity and the Old Man of Knowledge,Mortiis,333.0
The Passage,Arcana,121.0
Dura,Ratatat,188.0
Pavane Pour Une Infante Defunte (Pavane For A Dead Princess),Maurice Ravel,339.0
Atom,Nari & Milani,334.0
Shadow Of A Soul,Godsmack,282.0
Miss Gradenko,The Police,120.0
The Big Sea,Funki Porcini,471.0
Here He Comes,Brian Eno,338.0
Asleep At A Party,Memory Cassette,256.0
Funeral in Carpathia,Cradle of Filth,504.0
Drips//Auntie's Harp,Flying Lotus,130.0
Spectrum,Florence + the Machine,312.0
Înarborat,Negură Bunget,382.0
Whitewash,Buckethead,284.0
Wreath,Opeth,671.0
D Is for Dangerous,Arctic Monkeys,136.0
Walk Idiot Walk,The Hives,211.0
Fantasies,Silver Apples,357.0
Backwell,Beak>,375.0
Drowning Lessons,My Chemical Romance,264.0
Halt Mich,Philipp Poisel,242.0
Clairvoyant Disease,Avenged Sevenfold,300.0
Night Walks,Black Mountain,237.0
For Broken Ears,Chuck Ragan,224.0
What The World Needs Now Is Love,Jackie DeShannon,195.0
Everything To Gain,Fischerspooner,253.0
Jaher,Skinny Puppy,314.0
GMF,John Grant,314.0
Speak Now,Taylor Swift,241.0
Alienation,Lali Puna,242.0
Walk Idiot Walk,The Hives,211.0
Equals,Set Your Goals,203.0
White Wall,Mando Diao,230.0
Goddess of Sodomy,Dark Funeral,254.0
Left Hand Suzuki Method,Gorillaz,193.0
Song For The Rich,Tristan Prettyman,223.0
Stop Your Crying,Spiritualized,314.0
Avant Garden,Aerosmith,292.0
Acid for Nothing,1200 Micrograms,481.0
The White Flash,Modeselektor,286.0
No City,Aesop Rock,269.0
Catapult,R.E.M.,236.0
Moon Witch Cartridge,Deerhunter,93.0
Where I Wanna Be,Donell Jones,249.0
How To Survive A Vicious Cock Fight,See You Next Tuesday,86.0
Here I Dreamt I Was an Architect,The Decemberists,269.0
Moonlight Fantasy,The Golden Filter,268.0
Bandit Queen,Looptroop,292.0
Stem,Static-X,175.0
Mishale,Andru Donalds,241.0
Citrus,The Hold Steady,164.0
Local Boy Makes God,Amusement Parks On Fire,321.0
Evil Devolution,Ayreon,391.0
Haven't We Met Before,Timo Maas,154.0
Shard,Solar Fields,437.0
Desperate Graves,The Mars Volta,297.0
Ring The Alarm,Tenor Saw,188.0
Designing the Enemy,Fear Factory,293.0
Vulgar Necrolatry,Amorphis,262.0
March of the Swine,The Kilimanjaro Darkjazz Ensemble,1200.0
Omegadrones,Dope Stars Inc.,409.0
Keep Fishin',Weezer,172.0
Scatman's World,Scatman John,225.0
Familiar Light,Asobi Seksu,202.0
Evey Reborn,Dario Marianelli,231.0
American Slang,The Gaslight Anthem,221.0
Cast Down the Heretic,Nile,345.0
Aerial Bright Dark Round,Jaga Jazzist,310.0
How Am I Different,Aimee Mann,303.0
You Part the Waters,Cake,170.0
1716,Deep Forest,63.0
LDN,Lily Allen,192.0
Le Territoire,Brazilian Girls,298.0
Dead Man's Chest,Parkway Drive,202.0
Next of Kin,Surkin,242.0
EM Ocean,Modeselektor,115.0
Scratchy Noise,The Herbaliser,438.0
Can't Stay The Same,Saves the Day,168.0
Woman of the World,Aerosmith,348.0
Slave Machinery,Kreator,238.0
Disconnection Notice,Sonic Youth,384.0
If She Only Knew,Greeley Estates,289.0
Beautiful Drug,Thievery Corporation,208.0
Bioactive,Sybreed,385.0
Murphy Was An Optimist,Norma Jean,258.0
I Love Me Some Him,Toni Braxton,306.0
See You,Depeche Mode,236.0
Disbeliever,Darkseed,238.0
Mu-Tron,Ladytron,179.0
Call It a Ritual,Wolf Parade,165.0
Hey Sexy Lady,Shaggy,201.0
Stand Ablaze,In Flames,275.0
Dance The Way I Feel,Ou Est Le Swimming Pool,207.0
Acquiesce,Oasis,265.0
Bookends Theme,Simon & Garfunkel,80.0
Flying High Again,Ozzy Osbourne,291.0
Just Like Jesse James,Cher,246.0
Out the Window,Yo La Tengo,240.0
One in a Million,Aaliyah,271.0
(A Shimmering Radiance) Diadem of 12 Stars,Wolves in the Throne Room,1223.0
O Holy Night,Il Divo,240.0
Collaborating Like Killers,Carnifex,234.0
I Believe In Miracles,Ramones,199.0
Polka Power!,"""Weird Al"" Yankovic",261.0
Have You Ever Felt?,Ill Niño,198.0
Pink Dress,Ayria,302.0
Enforcers,2562,350.0
"Piazza, New York Catcher",Belle and Sebastian,183.0
A&E (Gui Boratto Remix),Goldfrapp,423.0
Saved by Old Times,Deerhunter,230.0
Her Man,Gary Allan,165.0
Acetone,The Crystal Method,316.0
Till the Sun Turns Black,Ray LaMontagne,269.0
You Know What You Are?,Nine Inch Nails,222.0
Know You Now,Amy Winehouse,183.0
I'm Sleeping in a Submarine,Arcade Fire,167.0
Crackhead,H.O.S.H.,380.0
Crazy He Calls Me,Billie Holiday,186.0
Gottes Tod,Das Ich,486.0
Head On,The Jesus and Mary Chain,251.0
The Fling,Michael Nyman,90.0
Woman Like a Man,Damien Rice,287.0
Looking Over My Shoulder,Elliott Smith,220.0
Man On Your Mind,Little River Band,358.0
I'm Still Your Fag,Broken Social Scene,264.0
Where Did You Sleep Last Night,Nirvana,303.0
Resurrection of the Wild,Windir,353.0
Superstar II,Saliva,201.0
A Subtle Dagger,Thrice,108.0
Nur Ihr Allein,In Extremo,232.0
Help Me Mary,Liz Phair,134.0
Entertain Me,Blur,260.0
Sharp As A Razor,Julian Marley,244.0
I Hope You Dance,Lee Ann Womack,294.0
M.B.,Apocalyptica,239.0
Taking Control,Aphex Twin,434.0
Candle,Sonic Youth,299.0
Bait & Switch,Faith and the Muse,76.0
Sweet Illusions,Ryan Adams & The Cardinals,302.0
Without You Here,Finch,250.0
Open Your Life,Helloween,270.0
Dreamer in My Dreams,Wilco,404.0
You Done Lost Your Good Thing Now,B.B. King,313.0
Scars of Sorrow,Graveworm,236.0
Illuminant,Efterklang,273.0
We'll Never Know,Lifehouse,204.0
Blank and White,Marilyn Manson,267.0
Coastal Brake,Tycho,334.0
Zombie Inc.,In Flames,305.0
Square One Here I Come,The Hives,190.0
Now It's On,Grandaddy,248.0
Radio Ladio,Metronomy,215.0
Pretty In Casts,Pig Destroyer,76.0
Emergency Broadcast Syndrome,Every Time I Die,119.0
Strawberry Swing,Coldplay,250.0
Der weinende Hadnur,Burzum,76.0
A Man Alone,Finch,256.0
Spiral,Godsmack,335.0
End of the World,Armor for Sleep,251.0
Space Transmission,Porcupine Tree,179.0
In My Time of Need,Opeth,350.0
High And Low,Greg Laswell,239.0
The Outsider,A Perfect Circle,246.0
Lady of the Moon,2002,291.0
Blood of Kingu,Vader,273.0
Day Five: Voices,Ayreon,430.0
Tu Me Acostumbraste,Chavela Vargas,162.0
Good Fucking Bye,Matt Skiba,152.0
Take You There,Sean Kingston,236.0
Brandenburg,Beirut,219.0
A Man Without Love,Engelbert Humperdinck,205.0
Skullfuck Crescendo,Aborted,268.0
Sommartider,Gyllene Tider,198.0
Disguising Mistakes With Goodbyes,Emery,200.0
Loving The Alien,Velvet Revolver,348.0
Family Values,Johnossi,211.0
Wordy Rappinghood,Tom Tom Club,387.0
Boneless,The Notwist,175.0
Jimmi Diggin Cats,Digable Planets,222.0
Get Fucked Stud,Biffy Clyro,219.0
Who Can Say,The Horrors,221.0
Me And The Moon,The Drums,192.0
Bigger Stronger,Coldplay,289.0
On My Way Back Home,Band of Horses,209.0
Kielbasa,Tenacious D,180.0
Holy Night Fever,Deerhoof,78.0
Det lilla livet,Familjen,250.0
I Will Come To You,Hanson,251.0
Let Me,Black Tide,209.0
You're Never Alone,Hatebreed,202.0
Nebuchadnezzar's Dream,Sleep,287.0
Providence,Foals,248.0
Start-Stop,"Medeski, Martin and Wood",398.0
Jah Ina Yuh Life,Gentleman,222.0
Can't Stay The Same,Saves the Day,168.0
Trench,Jonny Greenwood,158.0
Lonely As Can Be,The Concretes,212.0
Armia,Heaven Shall Burn,350.0
Ridiculous Thoughts,The Cranberries,271.0
Fundamental,Sasha,554.0
The Three Shadows Part 2,Bauhaus,190.0
Everybody's Fool,Evanescence,196.0
Totalimmortal,AFI,164.0
Evil Eyes,Dio,224.0
The Crystal Ship,The Doors,152.0
Lorelei,Cocteau Twins,223.0
Recent Bedroom,Atlas Sound,228.0
Break It Off,Rihanna,212.0
Dead Alone,In Flames,223.0
Shadow On The Sun,Audioslave,343.0
Silent Hedges,Bauhaus,192.0
Say I,Christina Milian,212.0
Exterminator,Primal Scream,350.0
Biscuits,Method Man,170.0
